id,season,week,seasonType,startDate,startTimeTBD,completed,neutralSite,conferenceGame,attendance,venueId,venue,homeId,homeTeam,homeClassification,homeConference,homePoints,homeLineScores,homePostgameWinProbability,homePregameElo,homePostgameElo,awayId,awayTeam,awayClassification,awayConference,awayPoints,awayLineScores,awayPostgameWinProbability,awayPregameElo,awayPostgameElo,excitementIndex,stadium,capacity,latitude,longitude,capacity_listed,turnout_rate,awayElo_missing
401520145,2023,1,regular,2023-08-26 21:30:00+00:00,False,True,False,True,17982.0,3662.0,AmFirst Stadium,55,Jacksonville State,fbs,Conference USA,17.0,"[3, 7, 7, 0]",0.8074830770492554,1500.0,1499.0,2638,UTEP,fbs,Conference USA,14.0,"[0, 7, 0, 7]",0.1925169229507446,1369.0,1370.0,4.604489649314535,JSU Stadium,24000.0,33.82031030570401,-85.76646566390991,24000.0,0.74925,0
401525450,2023,1,regular,2023-08-26 23:00:00+00:00,False,True,False,False,15356.0,3601.0,Aggie Memorial Stadium,166,New Mexico State,fbs,Conference USA,30.0,"[0, 10, 0, 20]",0.1175093129277229,1322.0,1274.0,113,Massachusetts,fbs,FBS Independents,41.0,"[7, 3, 3, 28]",0.8824906870722771,1074.0,1122.0,5.430057635222613,Aggie Memorial Stadium,30343.0,32.27974938226407,-106.74113631248474,30343.0,0.5060804798470817,0
401520147,2023,1,regular,2023-08-26 23:30:00+00:00,False,True,False,False,21407.0,3973.0,FirstBank Stadium,238,Vanderbilt,fbs,SEC,35.0,"[14, 7, 7, 7]",0.3170259594917297,1322.0,1327.0,62,Hawai'i,fbs,Mountain West,28.0,"[7, 7, 0, 14]",0.6829740405082703,1246.0,1241.0,4.0057227822225805,Vanderbilt Stadium,40350.0,36.14355849696379,-86.80877208709717,40350.0,0.5305328376703842,0
401523986,2023,1,regular,2023-08-27 00:00:00+00:00,False,True,False,False,63411.0,477.0,Los Angeles Memorial Coliseum,30,USC,fbs,Pac-12,56.0,"[7, 14, 21, 14]",0.9233670830726624,1663.0,1713.0,23,San José State,fbs,Mountain West,28.0,"[0, 14, 7, 7]",0.0766329169273376,1462.0,1412.0,3.430252536771744,Los Angeles Memorial Coliseum,93607.0,34.01400974062912,-118.28789591789246,93607.0,0.6774172871686946,0
401520146,2023,1,regular,2023-08-27 01:00:00+00:00,False,True,False,True,16299.0,3776.0,Joe Aillet Stadium,2348,Louisiana Tech,fbs,Conference USA,22.0,"[0, 13, 0, 9]",0.9391083121299744,1251.0,1249.0,2229,Florida International,fbs,Conference USA,17.0,"[14, 3, 0, 0]",0.0608916878700256,1072.0,1074.0,5.388823302392496,Joe Aillet Stadium,30600.0,32.53223809915824,-92.6560188758494,30600.0,0.5326470588235294,0
401532393,2023,1,regular,2023-08-31 23:00:00+00:00,False,True,False,False,19432.0,3980.0,Waldo Stadium,2711,Western Michigan,fbs,Mid-American,35.0,"[7, 14, 7, 7]",0.957788348197937,1367.0,1367.0,2598,Saint Francis,fcs,NEC,17.0,"[0, 10, 7, 0]",0.0422116518020629,735.0,748.0,3.411162173406661,Waldo Stadium,30200.0,42.285755487470176,-85.60100421309471,30200.0,0.6434437086092715,1
401525461,2023,1,regular,2023-08-31 23:00:00+00:00,False,True,False,False,30028.0,3630.0,Allegacy Federal Credit Union Stadium,154,Wake Forest,fbs,ACC,37.0,"[10, 14, 6, 7]",1.0,1608.0,1608.0,2210,Elon,fcs,Coastal Athletic,17.0,"[0, 0, 14, 3]",0.0,735.0,748.0,2.293933281529059,BB&T Field,31500.0,36.09183481061275,-80.25534152984619,31500.0,0.9532698412698413,1
401525816,2023,1,regular,2023-08-31 23:00:00+00:00,False,True,False,False,44088.0,3652.0,FBC Mortgage Stadium,2116,UCF,fbs,Big 12,56.0,"[14, 14, 14, 14]",0.9949033856391908,1534.0,1668.0,2309,Kent State,fbs,Mid-American,6.0,"[3, 0, 3, 0]",0.0050966143608093,1396.0,1262.0,5.4815593103650375,Bright House Networks Stadium,45323.0,28.607958859227068,-81.1929988861084,45323.0,0.9727511418043819,0
401520174,2023,1,regular,2023-08-31 23:30:00+00:00,False,True,False,False,36526.0,3892.0,Pratt & Whitney Stadium,41,UConn,fbs,FBS Independents,14.0,"[7, 0, 7, 0]",0.3113931119441986,1260.0,1264.0,152,NC State,fbs,ACC,24.0,"[7, 3, 14, 0]",0.6886068880558014,1557.0,1553.0,4.350008436699794,Rentschler Field,40000.0,41.75988427820291,-72.61894226074219,40000.0,0.91315,0
401520165,2023,1,regular,2023-09-01 00:00:00+00:00,False,True,False,False,50434.0,3838.0,Memorial Stadium,142,Missouri,fbs,SEC,35.0,"[14, 14, 0, 7]",0.9934393763542176,1480.0,1480.0,233,South Dakota,fcs,MVFC,10.0,"[0, 3, 0, 7]",0.0065606236457824,735.0,748.0,2.073197633665416,Faurot Field,71168.0,38.93589529672232,-92.33311414718628,71168.0,0.7086611960431655,1
401531337,2023,1,regular,2023-09-01 00:00:00+00:00,False,True,False,False,17529.0,3674.0,Chapman Stadium,202,Tulsa,fbs,American Athletic,42.0,"[0, 28, 7, 7]",0.9862125515937804,1418.0,1418.0,2029,Arkansas-Pine Bluff,fcs,SWAC,7.0,"[7, 0, 0, 0]",0.0137874484062194,735.0,748.0,4.05006904987319,Skelly Field at H. A. Chapman Stadium,35542.0,36.14886067519205,-95.943603515625,35542.0,0.49319115412751113,1
401520176,2023,1,regular,2023-09-01 00:00:00+00:00,False,True,False,False,53644.0,587.0,Rice-Eccles Stadium,254,Utah,fbs,Pac-12,24.0,"[7, 10, 7, 0]",0.9870097637176514,1776.0,1784.0,57,Florida,fbs,SEC,11.0,"[3, 0, 0, 8]",0.0129902362823486,1554.0,1546.0,2.6993799294899743,Rice-Eccles Stadium,54383.0,40.75994782004573,-111.84882402420044,45017.0,0.9864111946748064,0
401520148,2023,1,regular,2023-09-01 00:00:00+00:00,False,True,False,True,53629.0,3953.0,Huntington Bank Stadium,135,Minnesota,fbs,Big Ten,13.0,"[0, 3, 0, 10]",0.3283639252185821,1672.0,1671.0,158,Nebraska,fbs,Big Ten,10.0,"[0, 0, 7, 3]",0.6716360747814178,1521.0,1522.0,5.859107066644544,TCF Bank Stadium,52525.0,44.97652496911191,-93.224575817585,52525.0,1.0,0
401523987,2023,1,regular,2023-09-01 02:00:00+00:00,False,True,False,False,47773.0,3947.0,Mountain America Stadium,9,Arizona State,fbs,Pac-12,24.0,"[7, 14, 0, 3]",0.8446309628185182,1464.0,1464.0,253,Southern Utah,fcs,UAC,21.0,"[0, 7, 7, 7]",0.1553690371814817,735.0,748.0,6.1818221504,Sun Devil Stadium Frank Kush Field,71706.0,33.426364,-111.932616,71706.0,0.6662343458009092,1
401532394,2023,1,regular,2023-09-01 22:30:00+00:00,False,True,False,False,18065.0,3912.0,Rynearson Stadium,2199,Eastern Michigan,fbs,Mid-American,33.0,"[16, 14, 0, 3]",0.8579922318458557,1433.0,1433.0,47,Howard,fcs,MEAC,23.0,"[0, 9, 14, 0]",0.1420077681541443,735.0,748.0,3.0958467316268306,Rynearson Stadium,30200.0,42.2557607087688,-83.64775657653809,30200.0,0.5981788079470198,1
401525463,2023,1,regular,2023-09-01 23:00:00+00:00,False,True,False,False,49024.0,3948.0,Hard Rock Stadium,2390,Miami,fbs,ACC,38.0,"[10, 6, 8, 14]",0.9931799173355104,1377.0,1481.0,193,Miami (OH),fbs,Mid-American,3.0,"[0, 3, 0, 0]",0.0068200826644897,1420.0,1316.0,1.9951117020266813,Sun Life Stadium,65326.0,25.957933739028963,-80.23884057998657,65326.0,0.7504515812999418,0
401525815,2023,1,regular,2023-09-02 00:00:00+00:00,False,True,False,False,41091.0,3833.0,Memorial Stadium,2305,Kansas,fbs,Big 12,48.0,"[7, 10, 10, 21]",0.9784412384033204,1415.0,1415.0,2623,Missouri State,fcs,MVFC,17.0,"[7, 3, 0, 7]",0.0215587615966796,735.0,748.0,3.730725600666583,Memorial Stadium,50071.0,38.96294598898537,-95.2463150024414,50071.0,0.8206546703680774,1
401523994,2023,1,regular,2023-09-02 16:00:00+00:00,False,True,False,False,53294.0,3616.0,Amon G. Carter Stadium,2628,TCU,fbs,Big 12,42.0,"[0, 14, 14, 14]",0.3228017091751098,1652.0,1613.0,38,Colorado,fbs,Pac-12,45.0,"[7, 10, 14, 14]",0.6771982908248901,1157.0,1196.0,10.277529007460286,Amon G. Carter Stadium,45000.0,32.70991596942349,-97.36799597740172,45000.0,1.0,0
401525822,2023,1,regular,2023-09-02 16:00:00+00:00,False,True,False,False,83221.0,3835.0,"Memorial Stadium (Norman, OK)",201,Oklahoma,fbs,Big 12,73.0,"[28, 17, 21, 7]",0.9919655919075012,1608.0,1793.0,2032,Arkansas State,fbs,Sun Belt,0.0,"[0, 0, 0, 0]",0.0080344080924987,1256.0,1071.0,1.888097348552917,Gaylord Family Oklahoma Memorial Stadium,82112.0,35.20589959488508,-97.44255065917967,82112.0,1.0,0
401520170,2023,1,regular,2023-09-02 16:00:00+00:00,False,True,False,False,54898.0,3907.0,Ross-Ade Stadium,2509,Purdue,fbs,Big Ten,35.0,"[7, 14, 7, 7]",0.0627643391489982,1473.0,1479.0,278,Fresno State,fbs,Mountain West,39.0,"[7, 10, 8, 14]",0.9372356608510016,1677.0,1671.0,6.545679013960952,Ross–Ade Stadium,56400.0,40.434323,-86.918485,56400.0,0.9733687943262411,0
401520162,2023,1,regular,2023-09-02 16:00:00+00:00,False,True,False,False,109480.0,3558.0,Michigan Stadium,130,Michigan,fbs,Big Ten,30.0,"[7, 16, 7, 0]",0.9838669896125792,1916.0,1941.0,151,East Carolina,fbs,American Athletic,3.0,"[0, 0, 0, 3]",0.0161330103874206,1506.0,1481.0,1.9907809851504557,Michigan Stadium,107601.0,42.26586873251738,-83.7487256526947,107601.0,1.0,0
401520172,2023,1,regular,2023-09-02 16:00:00+00:00,False,True,False,False,21490.0,3735.0,Gerald J. Ford Stadium,2567,SMU,fbs,American Athletic,38.0,"[14, 17, 0, 7]",0.99502032995224,1502.0,1535.0,2348,Louisiana Tech,fbs,Conference USA,14.0,"[0, 0, 7, 7]",0.00497967004776,1249.0,1216.0,2.512494140014819,Gerald J. Ford Stadium,32000.0,32.83771580994254,-96.782705783844,32000.0,0.6715625,0
401525464,2023,1,regular,2023-09-02 16:00:00+00:00,False,True,False,False,30122.0,3615.0,"Alumni Stadium (Chestnut Hill, MA)",103,Boston College,fbs,ACC,24.0,"[0, 0, 7, 14, 3]",0.321573406457901,1314.0,1309.0,2459,Northern Illinois,fbs,Mid-American,27.0,"[0, 7, 7, 7, 6]",0.678426593542099,1304.0,1309.0,6.054022167957001,Alumni Stadium,44500.0,42.33510834895851,-71.16647243499756,44500.0,0.6768988764044944,0
401520157,2023,1,regular,2023-09-02 16:00:00+00:00,False,True,False,False,69250.0,3793.0,Kinnick Stadium,2294,Iowa,fbs,Big Ten,24.0,"[14, 3, 0, 7]",1.0,1665.0,1664.0,328,Utah State,fbs,Mountain West,14.0,"[0, 3, 3, 8]",0.0,1395.0,1396.0,3.116227445666645,Kinnick Stadium,70585.0,41.65838893680983,-91.55147552490234,70585.0,0.9810866331373521,0
401520160,2023,1,regular,2023-09-02 16:00:00+00:00,False,True,False,False,18811.0,3992.0,Williams Stadium (VA),2335,Liberty,fbs,Conference USA,34.0,"[7, 17, 7, 3]",0.9466548562049866,1442.0,1446.0,189,Bowling Green,fbs,Mid-American,24.0,"[0, 14, 10, 0]",0.0533451437950134,1250.0,1246.0,3.414625854504111,Williams Stadium,19200.0,37.354414,-79.175047,19200.0,0.9797395833333333,0
401520159,2023,1,regular,2023-09-02 16:00:00+00:00,False,True,False,False,58286.0,3683.0,Kroger Field,96,Kentucky,fbs,SEC,44.0,"[3, 20, 14, 7]",0.8427433967590332,1570.0,1625.0,2050,Ball State,fbs,Mid-American,14.0,"[7, 0, 7, 0]",0.1572566032409668,1360.0,1305.0,2.93496709628458,Commonwealth Stadium,62093.0,38.02262168129363,-84.50520515441895,62093.0,0.9386887410819255,0
401532570,2023,1,regular,2023-09-02 17:00:00+00:00,False,True,False,False,30142.0,3713.0,Falcon Stadium,2005,Air Force,fbs,Mountain West,42.0,"[14, 14, 7, 7]",0.9977195858955384,1678.0,1678.0,2523,Robert Morris,fcs,Big South,7.0,"[0, 0, 0, 7]",0.0022804141044616,735.0,748.0,1.8056256916361573,Falcon Stadium,46692.0,38.99690743122685,-104.84368801116943,46692.0,0.6455495588109312,1
401531387,2023,1,regular,2023-09-02 18:00:00+00:00,False,True,False,False,12456.0,3806.0,Lincoln Financial Field,218,Temple,fbs,American Athletic,24.0,"[0, 10, 6, 8]",0.7588973641395569,1262.0,1263.0,2006,Akron,fbs,Mid-American,21.0,"[7, 14, 0, 0]",0.2411026358604431,1269.0,1268.0,5.370081153886473,Lincoln Financial Field,68532.0,39.900748900488125,-75.16749143600464,68532.0,0.18175450884258448,0
401520158,2023,1,regular,2023-09-02 18:00:00+00:00,False,True,False,False,21276.0,3662.0,AmFirst Stadium,55,Jacksonville State,fbs,Conference USA,49.0,"[14, 7, 21, 7]",0.9969823360443116,1300.0,1300.0,2193,East Tennessee State,fcs,Southern,3.0,"[3, 0, 0, 0]",0.0030176639556884,735.0,748.0,2.676814135374266,JSU Stadium,24000.0,33.82031030570401,-85.76646566390991,24000.0,0.8865,1
401525820,2023,1,regular,2023-09-02 18:00:00+00:00,False,True,False,False,58248.0,3772.0,Jack Trice Stadium,66,Iowa State,fbs,Big 12,30.0,"[14, 9, 7, 0]",0.9787548184394836,1536.0,1536.0,2460,Northern Iowa,fcs,MVFC,9.0,"[0, 0, 3, 6]",0.0212451815605163,735.0,748.0,2.141596995588124,Jack Trice Stadium,61500.0,42.01400541108485,-93.6358094215393,61500.0,0.9471219512195121,1
401520168,2023,1,regular,2023-09-02 18:00:00+00:00,False,True,False,False,60097.0,3974.0,Vaught-Hemingway Stadium,145,Ole Miss,fbs,SEC,73.0,"[28, 10, 28, 7]",0.9938141703605652,1589.0,1589.0,2382,Mercer,fcs,Southern,7.0,"[7, 0, 0, 0]",0.0061858296394348,735.0,748.0,2.1484603850557518,Vaught–Hemingway Stadium,60580.0,34.362154302992906,-89.53414626020904,60580.0,0.9920270716408055,1
401532395,2023,1,regular,2023-09-02 18:00:00+00:00,False,True,False,False,18453.0,3876.0,Peden Stadium,195,Ohio,fbs,Mid-American,27.0,"[3, 14, 10, 0]",0.9781262278556824,1366.0,1366.0,2341,Long Island University,fcs,NEC,10.0,"[0, 3, 0, 7]",0.0218737721443176,735.0,748.0,2.099950145424942,Peden Stadium,24000.0,39.32130908459409,-82.10343944652357,24000.0,0.768875,1
401523992,2023,1,regular,2023-09-02 19:00:00+00:00,False,True,False,False,45723.0,3626.0,Autzen Stadium,2483,Oregon,fbs,Pac-12,81.0,"[22, 28, 17, 14]",0.9863391518592834,1649.0,1649.0,2502,Portland State,fcs,Big Sky,7.0,"[7, 0, 0, 0]",0.0136608481407165,735.0,748.0,2.57343171853696,Autzen Stadium,54000.0,44.058272724266615,-123.0685043334961,54000.0,0.8467222222222223,1
401520156,2023,1,regular,2023-09-02 19:30:00+00:00,False,True,False,True,50050.0,3830.0,"Memorial Stadium (Bloomington, IN)",84,Indiana,fbs,Big Ten,3.0,"[0, 3, 0, 0]",0.0105864629149436,1388.0,1389.0,194,Ohio State,fbs,Big Ten,23.0,"[7, 3, 10, 3]",0.9894135370850564,1904.0,1903.0,3.4682708474998702,Memorial Stadium,52959.0,39.18090913372923,-86.52557373046875,52959.0,0.9450707150814781,0
401523997,2023,1,regular,2023-09-02 19:30:00+00:00,False,True,False,False,67475.0,3765.0,Husky Stadium,264,Washington,fbs,Pac-12,56.0,"[0, 28, 7, 21]",0.9772403836250304,1673.0,1774.0,68,Boise State,fbs,Mountain West,19.0,"[6, 6, 7, 0]",0.0227596163749694,1641.0,1540.0,4.937829787608468,Husky Stadium,70500.0,47.65043054401222,-122.30291984739304,70500.0,0.9570921985815602,0
401525824,2023,1,regular,2023-09-02 19:30:00+00:00,False,True,False,False,98017.0,3910.0,DKR-Texas Memorial Stadium,251,Texas,fbs,Big 12,37.0,"[7, 9, 21, 0]",0.8952619433403015,1766.0,1776.0,242,Rice,fbs,American Athletic,10.0,"[3, 0, 0, 7]",0.1047380566596984,1204.0,1194.0,4.979278887264756,Darrell K Royal–Texas Memorial Stadium,100119.0,30.28360340206824,-97.73233652114868,100119.0,0.979004984068958,0
401520151,2023,1,regular,2023-09-02 19:30:00+00:00,False,True,False,False,88043.0,3785.0,Jordan-Hare Stadium,2,Auburn,fbs,SEC,59.0,"[10, 21, 21, 7]",0.9751526117324828,1564.0,1638.0,113,Massachusetts,fbs,FBS Independents,14.0,"[7, 0, 0, 7]",0.024847388267517,1122.0,1048.0,2.386898191743815,Jordan–Hare Stadium,87451.0,32.602361666817515,-85.48891067504883,87451.0,1.0,0
401520181,2023,1,regular,2023-09-02 19:30:00+00:00,False,True,False,False,15438.0,3796.0,Houchens Industries-L.T. Smith Stadium,98,Western Kentucky,fbs,Conference USA,41.0,"[7, 10, 14, 10]",0.6653074622154236,1628.0,1632.0,58,South Florida,fbs,American Athletic,24.0,"[14, 3, 7, 0]",0.3346925377845764,1253.0,1249.0,6.594833601345576,Houchens Industries–L. T. Smith Stadium,22113.0,36.98487662989466,-86.459013971646,22113.0,0.6981413648080315,0
401525435,2023,1,regular,2023-09-02 19:30:00+00:00,False,True,False,False,77622.0,3855.0,Notre Dame Stadium,87,Notre Dame,fbs,FBS Independents,56.0,"[7, 28, 14, 7]",0.994299590587616,1909.0,1909.0,2634,Tennessee State,fcs,Big South-OVC,3.0,"[3, 0, 0, 0]",0.005700409412384,735.0,748.0,2.7575790533739424,Notre Dame Stadium,80795.0,41.69842312158612,-86.23382449150085,80795.0,0.9607277678074139,1
401520161,2023,1,regular,2023-09-02 19:30:00+00:00,False,True,False,False,37241.0,3665.0,SECU Stadium,120,Maryland,fbs,Big Ten,38.0,"[21, 7, 7, 3]",0.9802643656730652,1596.0,1596.0,119,Towson,fcs,Coastal Athletic,6.0,"[0, 3, 3, 0]",0.0197356343269348,735.0,748.0,1.933916512032438,Byrd Stadium,51802.0,38.99120275144426,-76.94731173248788,51802.0,0.7189104667773445,1
401525465,2023,1,regular,2023-09-02 19:30:00+00:00,False,True,False,False,45096.0,3752.0,Acrisure Stadium,221,Pittsburgh,fbs,ACC,45.0,"[7, 21, 10, 7]",0.9827632308006288,1624.0,1624.0,2747,Wofford,fcs,Southern,7.0,"[0, 0, 0, 7]",0.0172367691993713,735.0,748.0,2.223807816923607,Heinz Field,68400.0,40.44678376501633,-80.01575589179993,68400.0,0.659298245614035,1
401531835,2023,1,regular,2023-09-02 19:30:00+00:00,False,True,False,False,36075.0,3792.0,Kidd Brewer Stadium,2026,App State,fbs,Sun Belt,45.0,"[7, 7, 17, 14]",1.0,1562.0,1562.0,2241,Gardner-Webb,fcs,Big South-OVC,24.0,"[0, 10, 14, 0]",0.0,735.0,748.0,7.0281804320403065,Kidd Brewer Stadium,40168.0,36.21151530169309,-81.68550610542297,24050.0,0.8981029675363473,1
401525818,2023,1,regular,2023-09-02 19:30:00+00:00,False,True,False,False,38193.0,3854.0,Nippert Stadium,2132,Cincinnati,fbs,Big 12,66.0,"[21, 21, 10, 14]",0.834674060344696,1626.0,1626.0,2198,Eastern Kentucky,fcs,UAC,13.0,"[0, 7, 3, 3]",0.1653259396553039,735.0,748.0,1.9986175755891704,Nippert Stadium,40000.0,39.13128425273405,-84.51626143741578,40000.0,0.954825,1
401520180,2023,1,regular,2023-09-02 19:30:00+00:00,False,True,False,False,76224.0,347.0,Camp Randall Stadium,275,Wisconsin,fbs,Big Ten,38.0,"[7, 7, 14, 10]",0.9111250638961792,1637.0,1665.0,2084,Buffalo,fbs,Mid-American,17.0,"[7, 3, 0, 7]",0.0888749361038208,1424.0,1396.0,4.698211099140965,Camp Randall Stadium,80321.0,43.06993802646878,-89.41274642944336,80321.0,0.9489921689221996,0
401520164,2023,1,regular,2023-09-02 20:00:00+00:00,False,True,False,False,50041.0,3693.0,Davis Wade Stadium,344,Mississippi State,fbs,SEC,48.0,"[3, 17, 7, 21]",0.9907048344612122,1629.0,1629.0,2545,SE Louisiana,fcs,Southland,7.0,"[0, 7, 0, 0]",0.0092951655387878,735.0,748.0,2.855565854234147,Davis Wade Stadium,61337.0,33.456230599072065,-88.79342436790466,61337.0,0.8158370966953062,1
401523991,2023,1,regular,2023-09-02 20:00:00+00:00,False,True,False,False,21350.0,3825.0,DATCU Stadium,249,North Texas,fbs,American Athletic,21.0,"[7, 14, 0, 0]",0.0038135340437293,1472.0,1357.0,25,California,fbs,Pac-12,58.0,"[14, 19, 15, 10]",0.9961864659562708,1437.0,1552.0,5.170966636718318,Apogee Stadium,30850.0,33.20393508408917,-97.15922355651855,30850.0,0.6920583468395461,0
401525466,2023,1,regular,2023-09-02 20:00:00+00:00,False,True,False,False,32465.0,1964.0,JMA Wireless Dome,183,Syracuse,fbs,ACC,65.0,"[23, 14, 28, 0]",0.9923641681671144,1476.0,1476.0,2142,Colgate,fcs,Patriot,0.0,"[0, 0, 0, 0]",0.0076358318328857,735.0,748.0,1.926755444524458,Carrier Dome,49250.0,43.036132820423234,-76.13651990890503,49250.0,0.6591878172588832,1
401531836,2023,1,regular,2023-09-02 22:00:00+00:00,False,True,False,False,17803.0,3608.0,Allen E. Paulson Stadium,290,Georgia Southern,fbs,Sun Belt,34.0,"[14, 10, 7, 3]",0.9823840856552124,1418.0,1418.0,2643,The Citadel,fcs,Southern,0.0,"[0, 0, 0, 0]",0.0176159143447875,735.0,748.0,1.734004262021962,Paulson Stadium,24300.0,32.41221167634779,-81.78317070007324,24300.0,0.7326337448559671,1
401531838,2023,1,regular,2023-09-02 22:00:00+00:00,False,True,False,False,25101.0,3775.0,Joan C. Edwards Stadium,276,Marshall,fbs,Sun Belt,21.0,"[0, 0, 14, 7]",0.9758934378623962,1542.0,1542.0,399,UAlbany,fcs,Coastal Athletic,17.0,"[0, 3, 14, 0]",0.0241065621376037,735.0,748.0,6.105910531566252,Joan C. Edwards Stadium,38019.0,38.42486536179161,-82.42185831069946,38019.0,0.6602225203187879,1
401531402,2023,1,regular,2023-09-02 22:00:00+00:00,False,True,False,False,15622.0,4418.0,Jerry Richardson Stadium,2429,Charlotte,fbs,American Athletic,24.0,"[0, 17, 0, 7]",0.9499205946922302,1220.0,1220.0,2569,South Carolina State,fcs,MEAC,3.0,"[0, 3, 0, 0]",0.0500794053077697,735.0,748.0,2.923392826568455,Jerry Richardson Stadium,15314.0,35.31028067616406,-80.74049377106525,15314.0,1.0,1
401531837,2023,1,regular,2023-09-02 22:00:00+00:00,False,True,False,False,23756.0,3651.0,Bridgeforth Stadium,256,James Madison,fbs,Sun Belt,38.0,"[3, 14, 7, 14]",0.9949913024902344,1606.0,1606.0,2083,Bucknell,fcs,Patriot,3.0,"[0, 3, 0, 0]",0.0050086975097656,735.0,748.0,2.900313256058039,Bridgeforth Stadium,24878.0,38.43508893585215,-78.87340330403673,24878.0,0.9548999115684541,1
401520154,2023,1,regular,2023-09-02 22:00:00+00:00,False,True,False,False,92746.0,3917.0,Sanford Stadium,61,Georgia,fbs,SEC,48.0,"[7, 10, 14, 17]",0.9988458144967924,2033.0,2033.0,2630,UT Martin,fcs,Big South-OVC,7.0,"[0, 0, 0, 7]",0.0011541855032076,735.0,748.0,3.7616657728,Sanford Stadium,92746.0,33.949821489498824,-83.37344169616699,92746.0,1.0,1
401531418,2023,1,regular,2023-09-02 22:00:00+00:00,False,True,False,False,20893.0,3715.0,FAU Stadium,2226,Florida Atlantic,fbs,American Athletic,42.0,"[14, 14, 14, 0]",0.9930822253227234,1424.0,1424.0,2405,Monmouth,fcs,Coastal Athletic,20.0,"[7, 7, 0, 6]",0.0069177746772766,735.0,748.0,3.250158768907151,FAU Stadium,30000.0,26.3754535636523,-80.10168313980103,30000.0,0.6964333333333333,1
401523996,2023,1,regular,2023-09-02 22:30:00+00:00,False,True,False,False,62916.0,477.0,Los Angeles Memorial Coliseum,30,USC,fbs,Pac-12,66.0,"[21, 14, 7, 24]",0.9887723922729492,1713.0,1817.0,2440,Nevada,fbs,Mountain West,14.0,"[7, 0, 0, 7]",0.0112276077270507,1324.0,1220.0,2.783765464931324,Los Angeles Memorial Coliseum,93607.0,34.01400974062912,-118.28789591789246,93607.0,0.6721292211052592,0
401520153,2023,1,regular,2023-09-02 22:30:00+00:00,False,True,False,False,16878.0,218.0,FIU Stadium,2229,Florida International,fbs,Conference USA,14.0,"[7, 7, 0, 0]",0.3786768317222595,1083.0,1083.0,311,Maine,fcs,Coastal Athletic,12.0,"[3, 3, 6, 0]",0.6213231682777405,735.0,748.0,5.782670334008009,FIU Stadium,23500.0,25.75249278747405,-80.37786483764648,23500.0,0.7182127659574468,1
401520173,2023,1,regular,2023-09-02 23:00:00+00:00,False,True,False,False,97560.0,3795.0,Kyle Field,245,Texas A&M,fbs,SEC,52.0,"[7, 28, 7, 10]",0.9874218702316284,1586.0,1656.0,167,New Mexico,fbs,Mountain West,10.0,"[0, 7, 3, 0]",0.0125781297683715,1187.0,1117.0,2.602985661203573,Kyle Field,102733.0,30.61009757817476,-96.34072922859283,102733.0,0.9496461701692738,0
401531841,2023,1,regular,2023-09-02 23:00:00+00:00,False,True,False,False,28179.0,3975.0,Veterans Memorial Stadium (AL),2653,Troy,fbs,Sun Belt,48.0,"[21, 10, 10, 7]",0.9556145668029784,1556.0,1556.0,2617,Stephen F. Austin,fcs,UAC,30.0,"[3, 17, 0, 10]",0.0443854331970214,735.0,748.0,2.288388141473649,Veterans Memorial Stadium,30000.0,31.799527415252125,-85.95217691586194,30000.0,0.9393,1
401520178,2023,1,regular,2023-09-02 23:00:00+00:00,False,True,False,False,22035.0,3973.0,FirstBank Stadium,238,Vanderbilt,fbs,SEC,47.0,"[5, 7, 14, 21]",0.9946593046188354,1238.0,1238.0,2010,Alabama A&M,fcs,SWAC,13.0,"[3, 0, 7, 3]",0.0053406953811645,735.0,748.0,3.5328270430175164,Vanderbilt Stadium,40350.0,36.14355849696379,-86.80877208709717,40350.0,0.5460966542750929,1
401520175,2023,1,regular,2023-09-02 23:00:00+00:00,False,True,False,False,18914.0,3817.0,Malone Stadium,2433,UL Monroe,fbs,Sun Belt,17.0,"[0, 3, 0, 14]",0.6060640215873718,1244.0,1255.0,349,Army,fbs,FBS Independents,13.0,"[0, 10, 0, 3]",0.3939359784126282,1499.0,1488.0,5.044788206882499,Malone Stadium,30427.0,32.53106869451547,-92.06644075067642,30427.0,0.6216189568475368,0
401525823,2023,1,regular,2023-09-02 23:00:00+00:00,False,True,False,False,53855.0,3646.0,Boone Pickens Stadium,197,Oklahoma State,fbs,Big 12,27.0,"[7, 6, 0, 14]",0.3112408220767975,1530.0,1530.0,2110,Central Arkansas,fcs,UAC,13.0,"[0, 0, 7, 6]",0.6887591779232025,735.0,748.0,4.829482342953834,Boone Pickens Stadium,60218.0,36.12570866235855,-97.06650495529176,60218.0,0.8943339200903384,1
401525817,2023,1,regular,2023-09-02 23:00:00+00:00,False,True,False,False,44945.0,4727.0,McLane Stadium,239,Baylor,fbs,Big 12,31.0,"[6, 7, 11, 7]",0.3475347757339477,1614.0,1559.0,326,Texas State,fbs,Sun Belt,42.0,"[14, 14, 7, 7]",0.6524652242660522,1294.0,1349.0,5.49233425269929,McLane Stadium,45140.0,31.55866263551169,-97.11560010910034,45140.0,0.995680106335844,0
401525819,2023,1,regular,2023-09-02 23:00:00+00:00,False,True,False,False,37862.0,4728.0,TDECU Stadium,248,Houston,fbs,Big 12,17.0,"[7, 3, 7, 0]",0.3011744320392608,1579.0,1580.0,2636,UTSA,fbs,American Athletic,14.0,"[7, 0, 0, 7]",0.6988255679607391,1605.0,1604.0,5.371627042279809,TDECU Stadium,40000.0,29.721767963293527,-95.34909841095214,40000.0,0.94655,0
401531840,2023,1,regular,2023-09-02 23:00:00+00:00,False,True,False,False,30335.0,3815.0,M. M. Roberts Stadium,2572,Southern Miss,fbs,Sun Belt,40.0,"[17, 10, 10, 3]",0.9930764436721802,1370.0,1370.0,2016,Alcorn State,fcs,SWAC,14.0,"[7, 0, 0, 7]",0.0069235563278198,735.0,748.0,2.891628822111913,M. M. Roberts Stadium,36000.0,31.32897842661232,-89.33133065700531,36000.0,0.8426388888888889,1
401531426,2023,1,regular,2023-09-02 23:00:00+00:00,False,True,False,False,26632.0,3805.0,Simmons Bank Liberty Stadium,235,Memphis,fbs,American Athletic,56.0,"[10, 18, 21, 7]",0.96327805519104,1545.0,1545.0,2065,Bethune-Cookman,fcs,SWAC,14.0,"[7, 0, 0, 7]",0.0367219448089599,735.0,748.0,2.4904156952967806,Liberty Bowl Memorial Stadium,62380.0,35.120856917268995,-89.97805741128388,62380.0,0.42693170888105164,1
401525821,2023,1,regular,2023-09-02 23:00:00+00:00,False,True,False,False,52066.0,3636.0,Bill Snyder Family Stadium,2306,Kansas State,fbs,Big 12,45.0,"[7, 28, 3, 7]",0.9903022646903992,1740.0,1740.0,2546,Southeast Missouri State,fcs,Big South-OVC,0.0,"[0, 0, 0, 0]",0.0096977353096008,735.0,748.0,2.847111792390177,Bill Snyder Family Football Stadium,50000.0,39.20186361814248,-96.59379243850708,50000.0,1.0,1
401531839,2023,1,regular,2023-09-02 23:30:00+00:00,False,True,False,False,18186.0,3666.0,Cajun Field,309,Louisiana,fbs,Sun Belt,38.0,"[7, 14, 7, 10]",0.7218964695930481,1537.0,1537.0,2466,Northwestern State,fcs,Southland,13.0,"[3, 3, 0, 7]",0.2781035304069519,735.0,748.0,3.5851659539029708,Cajun Field,36900.0,30.21579609675613,-92.01626413552384,36900.0,0.49284552845528456,1
401525825,2023,1,regular,2023-09-02 23:30:00+00:00,False,True,False,False,26450.0,3984.0,War Memorial Stadium,2751,Wyoming,fbs,Mountain West,35.0,"[0, 10, 7, 3, 7, 8]",0.2320875525474548,1409.0,1412.0,2641,Texas Tech,fbs,Big 12,33.0,"[17, 0, 0, 3, 7, 6]",0.7679124474525452,1588.0,1585.0,9.582191487540864,War Memorial Stadium,29181.0,41.31193599299248,-105.56906461715698,29181.0,0.9064117062472157,0
401520169,2023,1,regular,2023-09-02 23:30:00+00:00,False,True,False,False,110747.0,3632.0,Beaver Stadium,213,Penn State,fbs,Big Ten,38.0,"[7, 7, 7, 17]",0.9905338287353516,1833.0,1849.0,277,West Virginia,fbs,Big 12,15.0,"[0, 7, 0, 8]",0.0094661712646484,1438.0,1422.0,2.87098135255312,Beaver Stadium,106572.0,40.81215273275043,-77.85620212554932,106572.0,1.0,0
401520155,2023,1,regular,2023-09-02 23:30:00+00:00,False,True,False,False,48898.0,3832.0,"Memorial Stadium (Champaign, IL)",356,Illinois,fbs,Big Ten,30.0,"[7, 0, 13, 10]",0.7823557257652283,1666.0,1664.0,2649,Toledo,fbs,Mid-American,28.0,"[3, 9, 7, 9]",0.2176442742347717,1496.0,1498.0,6.8169559074549815,Memorial Stadium,60670.0,40.09930573133053,-88.23598623275757,60670.0,0.8059667051260919,0
401520149,2023,1,regular,2023-09-02 23:30:00+00:00,False,True,False,False,100077.0,3657.0,Bryant-Denny Stadium,333,Alabama,fbs,SEC,56.0,"[14, 14, 14, 14]",0.9931087493896484,1954.0,2029.0,2393,Middle Tennessee,fbs,Conference USA,7.0,"[0, 0, 7, 0]",0.0068912506103515,1415.0,1340.0,2.3660010380675867,Bryant–Denny Stadium,101821.0,33.2074899449518,-87.5503921508789,101821.0,0.9828719026526944,0
401531347,2023,1,regular,2023-09-03 00:00:00+00:00,False,True,False,False,26973.0,4729.0,Yulman Stadium,2655,Tulane,fbs,American Athletic,37.0,"[10, 14, 7, 6]",1.0,1640.0,1671.0,6,South Alabama,fbs,Sun Belt,17.0,"[0, 10, 7, 0]",0.0,1490.0,1459.0,2.724953099764708,Benson Field at Yulman Stadium,30000.0,29.945898112528432,-90.11519112306328,30000.0,0.8991,0
401525467,2023,1,regular,2023-09-03 00:00:00+00:00,False,True,False,False,65632.0,3799.0,Lane Stadium,259,Virginia Tech,fbs,ACC,36.0,"[2, 14, 14, 6]",1.0,1378.0,1421.0,295,Old Dominion,fbs,Sun Belt,17.0,"[0, 10, 7, 0]",0.0,1376.0,1333.0,3.7103890690048047,Lane Stadium,66233.0,37.2199742830054,-80.41805505752563,66233.0,0.99092597345734,0
401520166,2023,1,regular,2023-09-03 01:00:00+00:00,False,True,False,False,17943.0,3601.0,Aggie Memorial Stadium,166,New Mexico State,fbs,Conference USA,58.0,"[6, 14, 17, 21]",0.9987412929294822,1150.0,1150.0,2710,Western Illinois,fcs,MVFC,21.0,"[0, 14, 7, 0]",0.0012587070705177,735.0,748.0,4.2584005045,Aggie Memorial Stadium,30343.0,32.27974938226407,-106.74113631248474,30343.0,0.5913390238275714,1
401520177,2023,1,regular,2023-09-03 01:00:00+00:00,False,True,False,False,30738.0,3946.0,Sun Bowl,2638,UTEP,fbs,Conference USA,28.0,"[7, 7, 7, 7]",0.9086390137672424,1369.0,1369.0,2916,Incarnate Word,fcs,Southland,14.0,"[7, 7, 0, 0]",0.0913609862327575,735.0,748.0,4.2888874367910335,Sun Bowl Stadium,51500.0,31.77334530512776,-106.50789678096773,51500.0,0.5968543689320388,1
401523989,2023,1,regular,2023-09-03 02:00:00+00:00,False,True,False,False,48159.0,3619.0,Arizona Stadium,12,Arizona,fbs,Pac-12,38.0,"[7, 7, 21, 3]",0.9946882724761964,1416.0,1416.0,2464,Northern Arizona,fcs,Big Sky,3.0,"[0, 3, 0, 0]",0.0053117275238037,735.0,748.0,1.9818435365331863,Arizona Stadium,51811.0,32.228340232071496,-110.94903945922852,51811.0,0.9295130377719018,1
401520152,2023,1,regular,2023-09-03 02:15:00+00:00,False,True,False,False,59006.0,3801.0,LaVell Edwards Stadium,252,BYU,fbs,Big 12,14.0,"[7, 0, 0, 7]",0.5310500264167786,1517.0,1544.0,2534,Sam Houston,fbs,Conference USA,0.0,"[0, 0, 0, 0]",0.4689499735832214,1500.0,1473.0,3.050989742208725,LaVell Edwards Stadium,63725.0,40.25748799746312,-111.65443897247314,63725.0,0.925947430364849,0
401523995,2023,1,regular,2023-09-03 02:30:00+00:00,False,True,False,False,43705.0,1056.0,Rose Bowl,26,UCLA,fbs,Pac-12,27.0,"[7, 7, 0, 13]",0.947193443775177,1622.0,1631.0,324,Coastal Carolina,fbs,Sun Belt,13.0,"[0, 6, 7, 0]",0.052806556224823,1396.0,1387.0,3.844163635894997,Rose Bowl,92542.0,34.16156958726264,-118.1676149368286,92542.0,0.4722720494478183,0
401520171,2023,1,regular,2023-09-03 16:00:00+00:00,False,True,False,True,53026.0,6577.0,SHI Stadium,164,Rutgers,fbs,Big Ten,24.0,"[7, 10, 7, 0]",1.0,1288.0,1330.0,77,Northwestern,fbs,Big Ten,7.0,"[0, 0, 0, 7]",0.0,1338.0,1296.0,2.9152843064394487,High Point Solutions Stadium,52454.0,40.51378289308872,-74.46504457087282,52454.0,1.0,0
401532573,2023,1,regular,2023-09-03 19:30:00+00:00,False,True,False,False,20337.0,3935.0,CEFCU Stadium,23,San José State,fbs,Mountain West,17.0,"[0, 3, 0, 14]",0.0100890276953578,1412.0,1378.0,204,Oregon State,fbs,Pac-12,42.0,"[7, 14, 7, 14]",0.9899109723046422,1695.0,1729.0,2.9344199087752654,Spartan Stadium,30456.0,37.320105186690846,-121.86811613079064,30456.0,0.6677501970055162,0
401525468,2023,1,regular,2023-09-05 00:00:00+00:00,False,True,False,True,31638.0,3982.0,Wallace Wade Stadium,150,Duke,fbs,ACC,28.0,"[3, 3, 7, 15]",0.9592434763908386,1518.0,1592.0,228,Clemson,fbs,ACC,7.0,"[0, 7, 0, 0]",0.0407565236091613,1728.0,1654.0,4.493072556196654,Wallace Wade Stadium,33941.0,35.9953166502013,-78.94172430038452,33941.0,0.932146960902743,0
401525469,2023,2,regular,2023-09-07 23:30:00+00:00,False,True,False,False,45273.0,3873.0,L&N Federal Credit Union Stadium,97,Louisville,fbs,ACC,56.0,"[7, 21, 14, 14]",0.990254819393158,1567.0,1567.0,93,Murray State,fcs,MVFC,0.0,"[0, 0, 0, 0]",0.009745180606842,735.0,748.0,2.221167067597703,Papa John's Cardinal Stadium,55000.0,38.20542168521144,-85.75810561566809,55000.0,0.8231454545454545,1
401520193,2023,2,regular,2023-09-08 23:00:00+00:00,False,True,False,False,42775.0,3830.0,"Memorial Stadium (Bloomington, IN)",84,Indiana,fbs,Big Ten,41.0,"[21, 3, 7, 10]",0.9906283020973206,1307.0,1307.0,282,Indiana State,fcs,MVFC,7.0,"[0, 7, 0, 0]",0.0093716979026794,735.0,748.0,1.756985516649738,Memorial Stadium,52959.0,39.18090913372923,-86.52557373046875,52959.0,0.8077002964557488,1
401520195,2023,2,regular,2023-09-08 23:30:00+00:00,False,True,False,False,45809.0,3833.0,Memorial Stadium,2305,Kansas,fbs,Big 12,34.0,"[14, 14, 6, 0]",0.9638253450393676,1415.0,1455.0,356,Illinois,fbs,Big Ten,23.0,"[0, 7, 8, 8]",0.0361746549606323,1664.0,1624.0,2.7229450650389606,Memorial Stadium,50071.0,38.96294598898537,-95.2463150024414,50071.0,0.9148808691657846,0
401520216,2023,2,regular,2023-09-09 15:00:00+00:00,False,True,False,False,28363.0,3630.0,Allegacy Federal Credit Union Stadium,154,Wake Forest,fbs,ACC,36.0,"[3, 21, 3, 9]",0.9654063582420348,1608.0,1618.0,238,Vanderbilt,fbs,SEC,20.0,"[0, 14, 0, 6]",0.034593641757965,1327.0,1317.0,3.50847359074145,BB&T Field,31500.0,36.09183481061275,-80.25534152984619,31500.0,0.9004126984126984,0
401525436,2023,2,regular,2023-09-09 16:00:00+00:00,False,True,False,False,56919.0,3670.0,Carter-Finley Stadium,152,NC State,fbs,ACC,24.0,"[0, 7, 10, 7]",0.0076944571919739,1553.0,1528.0,87,Notre Dame,fbs,FBS Independents,45.0,"[3, 14, 7, 21]",0.992305542808026,1819.0,1844.0,5.061704016616875,Carter–Finley Stadium,57583.0,35.80075968207897,-78.71948719024658,57583.0,0.9884688189222514,0
401520185,2023,2,regular,2023-09-09 16:00:00+00:00,False,True,False,False,25153.0,3841.0,Michie Stadium,349,Army,fbs,FBS Independents,57.0,"[15, 21, 7, 14]",0.9930661916732788,1530.0,1530.0,2169,Delaware State,fcs,MEAC,0.0,"[0, 0, 0, 0]",0.0069338083267211,735.0,748.0,1.8950136069116328,Michie Stadium,38000.0,41.38708043477422,-73.96408081054688,38000.0,0.661921052631579,1
401525829,2023,2,regular,2023-09-09 16:00:00+00:00,False,True,False,False,51940.0,3636.0,Bill Snyder Family Stadium,2306,Kansas State,fbs,Big 12,42.0,"[7, 14, 7, 14]",0.988589882850647,1740.0,1795.0,2653,Troy,fbs,Sun Belt,13.0,"[0, 10, 0, 3]",0.011410117149353,1556.0,1501.0,2.916182517296636,Bill Snyder Family Football Stadium,50000.0,39.20186361814248,-96.59379243850708,50000.0,1.0,0
401520209,2023,2,regular,2023-09-09 16:00:00+00:00,False,True,False,False,108575.0,3632.0,Beaver Stadium,213,Penn State,fbs,Big Ten,63.0,"[14, 21, 21, 7]",0.993723452091217,1713.0,1713.0,48,Delaware,fcs,CAA,7.0,"[7, 0, 0, 0]",0.0062765479087829,735.0,748.0,2.2167764246881028,Beaver Stadium,106572.0,40.81215273275043,-77.85620212554932,106572.0,1.0,1
401523999,2023,2,regular,2023-09-09 16:00:00+00:00,False,True,False,False,43732.0,4727.0,McLane Stadium,239,Baylor,fbs,Big 12,13.0,"[0, 10, 3, 0]",0.1357081085443496,1559.0,1563.0,254,Utah,fbs,Pac-12,20.0,"[0, 3, 3, 14]",0.8642918914556503,1784.0,1780.0,5.081381480144591,McLane Stadium,45140.0,31.55866263551169,-97.11560010910034,45140.0,0.9688081524147097,0
401520188,2023,2,regular,2023-09-09 16:00:00+00:00,False,True,False,False,53241.0,3726.0,Folsom Field,38,Colorado,fbs,Pac-12,36.0,"[0, 13, 10, 13]",0.9692598581314088,1196.0,1288.0,158,Nebraska,fbs,Big Ten,14.0,"[0, 0, 7, 7]",0.0307401418685913,1522.0,1430.0,5.342257842289211,Folsom Field,50183.0,40.00939837446321,-105.26688694953918,50183.0,1.0,0
401525490,2023,2,regular,2023-09-09 16:00:00+00:00,False,True,False,False,40122.0,3615.0,"Alumni Stadium (Chestnut Hill, MA)",103,Boston College,fbs,ACC,31.0,"[7, 17, 0, 7]",0.5238125324249268,1434.0,1434.0,107,Holy Cross,fcs,Patriot,28.0,"[0, 14, 7, 7]",0.4761874675750732,735.0,748.0,4.896293223213847,Alumni Stadium,44500.0,42.33510834895851,-71.16647243499756,44500.0,0.9016179775280899,1
401520191,2023,2,regular,2023-09-09 16:00:00+00:00,False,True,False,False,92746.0,3917.0,Sanford Stadium,61,Georgia,fbs,SEC,45.0,"[0, 31, 14, 0]",0.9893914461135864,2033.0,2065.0,2050,Ball State,fbs,Mid-American,3.0,"[0, 0, 0, 3]",0.0106085538864135,1305.0,1273.0,2.67585382293765,Sanford Stadium,92746.0,33.949821489498824,-83.37344169616699,92746.0,1.0,0
401520215,2023,2,regular,2023-09-09 16:00:00+00:00,False,True,False,False,65632.0,3799.0,Lane Stadium,259,Virginia Tech,fbs,ACC,17.0,"[0, 17, 0, 0]",0.0072840312495827,1421.0,1412.0,2509,Purdue,fbs,Big Ten,24.0,"[7, 10, 0, 7]",0.9927159687504172,1479.0,1488.0,5.639437122018666,Lane Stadium,66233.0,37.2199742830054,-80.41805505752563,66233.0,0.99092597345734,0
401520208,2023,2,regular,2023-09-09 16:00:00+00:00,False,True,False,False,102897.0,3861.0,Ohio Stadium,194,Ohio State,fbs,Big Ten,35.0,"[14, 14, 7, 0]",0.9419934153556824,1955.0,1955.0,2754,Youngstown State,fcs,MVFC,7.0,"[7, 0, 0, 0]",0.0580065846443176,735.0,748.0,2.612593916586522,Ohio Stadium,104944.0,40.0016856893694,-83.01972806453705,104944.0,0.9804943588961732,1
401525498,2023,2,regular,2023-09-09 16:00:00+00:00,False,True,False,False,56508.0,3923.0,Scott Stadium,258,Virginia,fbs,ACC,35.0,"[7, 7, 21, 0]",0.5936965346336365,1339.0,1350.0,256,James Madison,fbs,Sun Belt,36.0,"[17, 0, 7, 12]",0.4063034653663635,1606.0,1595.0,6.4228781142792615,Scott Stadium,61500.0,38.03112372855688,-78.51370811462402,61500.0,0.918829268292683,0
401525494,2023,2,regular,2023-09-09 17:00:00+00:00,False,True,False,False,31452.0,721.0,Bobby Dodd Stadium,59,Georgia Tech,fbs,ACC,48.0,"[14, 14, 17, 3]",0.9777213335037231,1347.0,1347.0,2569,South Carolina State,fcs,MEAC,13.0,"[0, 6, 7, 0]",0.0222786664962768,735.0,748.0,1.770689753227612,Bobby Dodd Stadium at Historic Grant Field,55000.0,33.772556921319435,-84.39285278320312,55000.0,0.5718545454545455,1
401532396,2023,2,regular,2023-09-09 17:30:00+00:00,False,True,False,False,17302.0,3786.0,Kelly/Shorts Stadium,2117,Central Michigan,fbs,Mid-American,45.0,"[7, 21, 7, 10]",0.8631073832511902,1482.0,1482.0,160,New Hampshire,fcs,Coastal Athletic,42.0,"[7, 14, 7, 14]",0.1368926167488098,735.0,748.0,6.444685936709556,Kelly/Shorts Stadium,32885.0,43.577612282574535,-84.77082967758179,32885.0,0.5261365364147788,1
401532400,2023,2,regular,2023-09-09 18:00:00+00:00,False,True,False,False,12312.0,3700.0,Doyt L. Perry Stadium,189,Bowling Green,fbs,Mid-American,38.0,"[7, 14, 10, 7]",0.9933909177780152,1210.0,1210.0,2197,Eastern Illinois,fcs,Big South-OVC,15.0,"[6, 6, 0, 3]",0.0066090822219848,735.0,748.0,3.149139702224016,Doyt Perry Stadium,23724.0,41.37805439803228,-83.62248212099075,23724.0,0.5189681335356601,1
401525491,2023,2,regular,2023-09-09 18:15:00+00:00,False,True,False,False,81500.0,3836.0,"Memorial Stadium (Clemson, SC)",228,Clemson,fbs,ACC,66.0,"[14, 10, 28, 14]",0.9943992495536804,1684.0,1684.0,2127,Charleston Southern,fcs,Big South-OVC,17.0,"[14, 3, 0, 0]",0.0056007504463195,735.0,748.0,3.4552008510948897,Memorial Stadium,81500.0,34.67874665741346,-82.84317970275879,81500.0,1.0,1
401525828,2023,2,regular,2023-09-09 19:00:00+00:00,False,True,False,False,60834.0,3801.0,LaVell Edwards Stadium,252,BYU,fbs,Big 12,41.0,"[6, 21, 7, 7]",0.8784937858581543,1544.0,1544.0,253,Southern Utah,fcs,UAC,16.0,"[3, 0, 7, 6]",0.1215062141418457,735.0,748.0,2.9249428827581103,LaVell Edwards Stadium,63725.0,40.25748799746312,-111.65443897247314,63725.0,0.954633189486073,1
401520196,2023,2,regular,2023-09-09 19:00:00+00:00,False,True,False,False,61876.0,3683.0,Kroger Field,96,Kentucky,fbs,SEC,28.0,"[0, 7, 14, 7]",0.9494829773902892,1730.0,1730.0,2198,Eastern Kentucky,fcs,UAC,17.0,"[7, 0, 3, 7]",0.0505170226097106,735.0,748.0,5.0669307818770974,Commonwealth Stadium,62093.0,38.02262168129363,-84.50520515441895,62093.0,0.9965052421367948,1
401520201,2023,2,regular,2023-09-09 19:30:00+00:00,False,True,False,False,48792.0,3948.0,Hard Rock Stadium,2390,Miami,fbs,ACC,48.0,"[7, 14, 10, 17]",0.8877696394920349,1481.0,1529.0,245,Texas A&M,fbs,SEC,33.0,"[10, 7, 9, 7]",0.112230360507965,1656.0,1608.0,5.897074471841576,Sun Life Stadium,65326.0,25.957933739028963,-80.23884057998657,65326.0,0.7469001622631112,0
401526833,2023,2,regular,2023-09-09 19:30:00+00:00,False,True,False,False,9207.0,3985.0,Warren McGuirk Alumni Stadium,113,Massachusetts,fbs,FBS Independents,28.0,"[0, 7, 14, 7]",0.0243962910026311,1048.0,1043.0,193,Miami (OH),fbs,Mid-American,41.0,"[21, 7, 3, 10]",0.9756037089973688,1316.0,1321.0,4.858931718460043,Warren McGuirk Alumni Stadium,17000.0,42.377513236004525,-72.53562686052412,17000.0,0.5415882352941176,0
401520194,2023,2,regular,2023-09-09 19:30:00+00:00,False,True,False,False,61500.0,3772.0,Jack Trice Stadium,66,Iowa State,fbs,Big 12,13.0,"[0, 3, 0, 10]",0.132504865527153,1536.0,1533.0,2294,Iowa,fbs,Big Ten,20.0,"[3, 14, 3, 0]",0.867495134472847,1664.0,1667.0,3.788388518171521,Jack Trice Stadium,61500.0,42.01400541108485,-93.6358094215393,61500.0,1.0,0
401520202,2023,2,regular,2023-09-09 19:30:00+00:00,False,True,False,False,109482.0,3558.0,Michigan Stadium,130,Michigan,fbs,Big Ten,35.0,"[7, 14, 14, 0]",0.9916186332702636,1941.0,1951.0,2439,UNLV,fbs,Mountain West,7.0,"[0, 0, 0, 7]",0.0083813667297363,1350.0,1340.0,2.108362012216072,Michigan Stadium,107601.0,42.26586873251738,-83.7487256526947,107601.0,1.0,0
401520214,2023,2,regular,2023-09-09 19:30:00+00:00,False,True,False,False,30000.0,4729.0,Yulman Stadium,2655,Tulane,fbs,American Athletic,20.0,"[7, 10, 0, 3]",0.0572722852230072,1671.0,1621.0,145,Ole Miss,fbs,SEC,37.0,"[7, 3, 7, 20]",0.9427277147769928,1589.0,1639.0,6.275807393230487,Benson Field at Yulman Stadium,30000.0,29.945898112528432,-90.11519112306328,30000.0,1.0,0
401532397,2023,2,regular,2023-09-09 19:30:00+00:00,False,True,False,False,13114.0,3764.0,Huskie Stadium,2459,Northern Illinois,fbs,Mid-American,11.0,"[0, 0, 3, 8]",0.7286332845687866,1385.0,1385.0,79,Southern Illinois,fcs,MVFC,14.0,"[7, 0, 7, 0]",0.2713667154312134,735.0,748.0,6.045096501110325,Huskie Stadium,25500.0,41.934014,-88.778222,25500.0,0.5142745098039215,1
401531432,2023,2,regular,2023-09-09 19:30:00+00:00,False,True,False,False,29789.0,3852.0,Navy-Marine Corps Memorial Stadium,2426,Navy,fbs,American Athletic,24.0,"[7, 10, 0, 7]",0.9970902800559998,1320.0,1320.0,2681,Wagner,fcs,NEC,0.0,"[0, 0, 0, 0]",0.0029097199440002,735.0,748.0,2.4604583329864647,Navy–Marine Corps Memorial Stadium,34000.0,38.98483263543365,-76.5071153640747,34000.0,0.8761470588235294,1
401520207,2023,2,regular,2023-09-09 19:30:00+00:00,False,True,False,False,14851.0,3911.0,Ryan Field,77,Northwestern,fbs,Big Ten,38.0,"[7, 0, 21, 10]",0.9808356761932372,1296.0,1390.0,2638,UTEP,fbs,Conference USA,7.0,"[7, 0, 0, 0]",0.0191643238067626,1370.0,1276.0,3.761837621352031,Ryan Field,47130.0,42.06539966752991,-87.69249558448792,47130.0,0.3151071504349671,0
401531395,2023,2,regular,2023-09-09 19:30:00+00:00,False,True,False,False,49342.0,3604.0,Alamodome,2636,UTSA,fbs,American Athletic,20.0,"[3, 7, 7, 3]",0.5523667931556702,1604.0,1600.0,326,Texas State,fbs,Sun Belt,13.0,"[0, 10, 0, 3]",0.4476332068443298,1349.0,1353.0,4.867882196353528,Alamodome,65000.0,29.41693712868156,-98.47890257835388,65000.0,0.7591076923076923,0
401525497,2023,2,regular,2023-09-09 19:30:00+00:00,False,True,False,False,32637.0,1964.0,JMA Wireless Dome,183,Syracuse,fbs,ACC,48.0,"[17, 28, 3, 0]",0.9816874265670776,1476.0,1581.0,2711,Western Michigan,fbs,Mid-American,7.0,"[7, 0, 0, 0]",0.0183125734329223,1367.0,1262.0,2.930572727911226,Carrier Dome,49250.0,43.036132820423234,-76.13651990890503,49250.0,0.6626802030456853,0
401532398,2023,2,regular,2023-09-09 19:30:00+00:00,False,True,False,False,22742.0,3739.0,Glass Bowl,2649,Toledo,fbs,Mid-American,71.0,"[22, 28, 7, 14]",0.9930822253227234,1531.0,1531.0,2640,Texas Southern,fcs,SWAC,3.0,"[0, 3, 0, 0]",0.0069177746772766,735.0,748.0,2.3440811553784524,Glass Bowl,26248.0,41.65739077895321,-83.61401719150295,26248.0,0.8664279183175861,1
401520184,2023,2,regular,2023-09-09 20:00:00+00:00,False,True,False,False,73173.0,3887.0,Razorback Stadium,8,Arkansas,fbs,SEC,28.0,"[7, 7, 7, 7]",0.9987026109024985,1624.0,1641.0,2309,Kent State,fbs,Mid-American,6.0,"[3, 3, 0, 0]",0.0012973890975015,1262.0,1245.0,6.4974422908,Donald W. Reynolds Razorback Stadium,72000.0,36.067850785167344,-94.17879581451416,72000.0,1.0,0
401531411,2023,2,regular,2023-09-09 20:00:00+00:00,False,True,False,False,38211.0,3699.0,Dowdy-Ficklen Stadium,151,East Carolina,fbs,American Athletic,13.0,"[0, 10, 3, 0]",0.1143635064363479,1481.0,1443.0,276,Marshall,fbs,Sun Belt,31.0,"[0, 10, 0, 21]",0.885636493563652,1542.0,1580.0,5.793817700828294,Dowdy–Ficklen Stadium,50000.0,35.59642579698931,-77.36522912979126,50000.0,0.76422,0
401532580,2023,2,regular,2023-09-09 20:00:00+00:00,False,True,False,False,22121.0,3984.0,War Memorial Stadium,2751,Wyoming,fbs,Mountain West,31.0,"[14, 7, 10, 0]",0.9321340918540956,1500.0,1500.0,2502,Portland State,fcs,Big Sky,17.0,"[0, 10, 0, 7]",0.0678659081459045,735.0,748.0,3.2845852652056715,War Memorial Stadium,29181.0,41.31193599299248,-105.56906461715698,29181.0,0.758061752510195,1
401532578,2023,2,regular,2023-09-09 20:00:00+00:00,False,True,False,False,14224.0,3935.0,CEFCU Stadium,23,San José State,fbs,Mountain West,59.0,"[17, 21, 21, 0]",1.0,1223.0,1223.0,13,Cal Poly,fcs,Big Sky,3.0,"[0, 3, 0, 0]",0.0,735.0,748.0,2.1411440027374646,Spartan Stadium,30456.0,37.320105186690846,-121.86811613079064,30456.0,0.46703441029682163,1
401520213,2023,2,regular,2023-09-09 21:00:00+00:00,False,True,False,False,101915.0,3853.0,Neyland Stadium,2633,Tennessee,fbs,SEC,30.0,"[3, 10, 10, 7]",0.9913535714149476,1735.0,1735.0,2046,Austin Peay,fcs,UAC,13.0,"[3, 3, 0, 7]",0.0086464285850524,735.0,748.0,4.550903749976354,Neyland Stadium,102455.0,35.95473437262258,-83.92533302307129,102455.0,0.994729393392221,1
401524004,2023,2,regular,2023-09-09 21:00:00+00:00,False,True,False,False,63128.0,3765.0,Husky Stadium,264,Washington,fbs,Pac-12,43.0,"[14, 8, 14, 7]",0.9606115818023682,1774.0,1822.0,202,Tulsa,fbs,American Athletic,10.0,"[3, 0, 0, 7]",0.0393884181976318,1418.0,1370.0,2.06887493996115,Husky Stadium,70500.0,47.65043054401222,-122.30291984739304,70500.0,0.8954326241134751,0
401525495,2023,2,regular,2023-09-09 21:15:00+00:00,False,True,False,False,50500.0,3787.0,Kenan Stadium,153,North Carolina,fbs,ACC,40.0,"[0, 10, 10, 7, 7, 6]",0.6574476361274719,1579.0,1585.0,2026,App State,fbs,Sun Belt,34.0,"[0, 10, 7, 10, 7, 0]",0.3425523638725281,1562.0,1556.0,7.532889309140544,Kenan Memorial Stadium,62980.0,35.90698834747853,-79.04791831970215,62980.0,0.8018418545570022,0
401531842,2023,2,regular,2023-09-09 22:00:00+00:00,False,True,False,True,18154.0,3918.0,S.B. Ballard Stadium,295,Old Dominion,fbs,Sun Belt,38.0,"[7, 10, 14, 7]",0.3462165594100952,1333.0,1355.0,309,Louisiana,fbs,Sun Belt,31.0,"[10, 7, 0, 14]",0.6537834405899048,1537.0,1515.0,4.966798925274547,Foreman Field,20118.0,36.88878131523489,-76.30567610263824,20118.0,0.9023759817079232,0
401520198,2023,2,regular,2023-09-09 22:00:00+00:00,False,True,False,True,20123.0,3992.0,Williams Stadium (VA),2335,Liberty,fbs,Conference USA,33.0,"[7, 16, 10, 0]",0.9744338989257812,1446.0,1465.0,166,New Mexico State,fbs,Conference USA,17.0,"[7, 10, 0, 0]",0.0255661010742187,1274.0,1255.0,4.615991568421244,Williams Stadium,19200.0,37.354414,-79.175047,19200.0,1.0,0
401532401,2023,2,regular,2023-09-09 22:00:00+00:00,False,True,False,False,15854.0,3965.0,UB Stadium,2084,Buffalo,fbs,Mid-American,37.0,"[14, 7, 9, 7]",0.7999584417618355,1354.0,1354.0,2230,Fordham,fcs,Patriot,40.0,"[3, 17, 6, 14]",0.2000415582381645,735.0,748.0,9.3628657898,UB Stadium,29013.0,42.99906838239644,-78.7775194644928,29013.0,0.5464446972047013,1
401525492,2023,2,regular,2023-09-09 22:00:00+00:00,False,True,False,False,17481.0,3982.0,Wallace Wade Stadium,150,Duke,fbs,ACC,42.0,"[7, 14, 14, 7]",0.9962701201438904,1250.0,1250.0,322,Lafayette,fcs,Patriot,7.0,"[7, 0, 0, 0]",0.0037298798561096,735.0,748.0,2.556892645645402,Wallace Wade Stadium,33941.0,35.9953166502013,-78.94172430038452,33941.0,0.5150408061047111,1
401531419,2023,2,regular,2023-09-09 22:00:00+00:00,False,True,False,False,17934.0,3715.0,FAU Stadium,2226,Florida Atlantic,fbs,American Athletic,10.0,"[0, 10, 0, 0]",0.4269009530544281,1424.0,1415.0,195,Ohio,fbs,Mid-American,17.0,"[0, 7, 7, 3]",0.5730990469455719,1473.0,1482.0,5.432443199529335,FAU Stadium,30000.0,26.3754535636523,-80.10168313980103,30000.0,0.5978,0
401532399,2023,2,regular,2023-09-09 22:00:00+00:00,False,True,False,False,8213.0,3768.0,InfoCision Stadium,2006,Akron,fbs,Mid-American,24.0,"[3, 14, 0, 7]",0.5802868604660034,1094.0,1094.0,2415,Morgan State,fcs,MEAC,21.0,"[0, 7, 14, 0]",0.4197131395339966,735.0,748.0,10.09801289360701,Summa Field at InfoCision Stadium,30000.0,41.07256951528711,-81.50838375091553,30000.0,0.27376666666666666,1
401525833,2023,2,regular,2023-09-09 22:00:00+00:00,False,True,False,False,50037.0,3842.0,Milan Puskar Stadium,277,West Virginia,fbs,Big 12,56.0,"[7, 28, 7, 14]",0.9928979873657228,1447.0,1447.0,2184,Duquesne,fcs,NEC,17.0,"[7, 3, 7, 0]",0.0071020126342773,735.0,748.0,3.8880469023594784,Mountaineer Field at Milan Puskar Stadium,60000.0,39.65221992482815,-79.9551753012939,60000.0,0.83395,1
401525830,2023,2,regular,2023-09-09 22:00:00+00:00,False,True,False,False,84186.0,3835.0,"Memorial Stadium (Norman, OK)",201,Oklahoma,fbs,Big 12,28.0,"[7, 7, 0, 14]",1.0,1793.0,1807.0,2567,SMU,fbs,American Athletic,11.0,"[3, 0, 0, 8]",0.0,1535.0,1521.0,4.755072357236241,Gaylord Family Oklahoma Memorial Stadium,82112.0,35.20589959488508,-97.44255065917967,82112.0,1.0,0
401531378,2023,2,regular,2023-09-09 22:00:00+00:00,False,True,False,False,20103.0,3608.0,Allen E. Paulson Stadium,290,Georgia Southern,fbs,Sun Belt,49.0,"[14, 14, 7, 14]",0.6782563924789429,1418.0,1455.0,5,UAB,fbs,American Athletic,35.0,"[0, 22, 7, 6]",0.3217436075210571,1510.0,1473.0,5.396108810187713,Paulson Stadium,24300.0,32.41221167634779,-81.78317070007324,24300.0,0.827283950617284,0
401520189,2023,2,regular,2023-09-09 22:30:00+00:00,False,True,False,False,15754.0,218.0,FIU Stadium,2229,Florida International,fbs,Conference USA,46.0,"[7, 10, 21, 8]",0.9662132859230042,1074.0,1101.0,249,North Texas,fbs,American Athletic,39.0,"[10, 10, 7, 12]",0.0337867140769958,1357.0,1330.0,11.096244129794472,FIU Stadium,23500.0,25.75249278747405,-80.37786483764648,23500.0,0.6703829787234042,0
401525496,2023,2,regular,2023-09-09 22:30:00+00:00,False,True,False,False,49398.0,3752.0,Acrisure Stadium,221,Pittsburgh,fbs,ACC,21.0,"[7, 0, 0, 14]",0.0,1624.0,1613.0,2132,Cincinnati,fbs,Big 12,27.0,"[10, 10, 7, 0]",1.0,1626.0,1637.0,5.11923347856058,Heinz Field,68400.0,40.44678376501633,-80.01575589179993,68400.0,0.7221929824561404,0
401524002,2023,2,regular,2023-09-09 23:00:00+00:00,False,True,False,False,56200.0,3784.0,Jones AT&T Stadium,2641,Texas Tech,fbs,Big 12,30.0,"[7, 6, 14, 3]",0.039211381226778,1585.0,1575.0,2483,Oregon,fbs,Pac-12,38.0,"[15, 3, 0, 20]",0.960788618773222,1649.0,1659.0,8.512608128625141,Jones AT&T Stadium,60862.0,33.59102829801104,-101.87293767929076,60862.0,0.9234004797739147,0
401520206,2023,2,regular,2023-09-09 23:00:00+00:00,False,True,False,False,57645.0,3838.0,Memorial Stadium,142,Missouri,fbs,SEC,23.0,"[3, 7, 6, 7]",0.8048872351646423,1480.0,1479.0,2393,Middle Tennessee,fbs,Conference USA,19.0,"[0, 7, 3, 9]",0.1951127648353576,1340.0,1341.0,4.585190162152191,Faurot Field,71168.0,38.93589529672232,-92.33311414718628,71168.0,0.8099848246402878,0
401520183,2023,2,regular,2023-09-09 23:00:00+00:00,False,True,False,False,100077.0,3657.0,Bryant-Denny Stadium,333,Alabama,fbs,SEC,24.0,"[0, 6, 10, 8]",0.0357795283198356,2029.0,1984.0,251,Texas,fbs,Big 12,34.0,"[3, 10, 0, 21]",0.9642204716801644,1776.0,1821.0,6.574196239443171,Bryant–Denny Stadium,101821.0,33.2074899449518,-87.5503921508789,101821.0,0.9828719026526944,0
401525831,2023,2,regular,2023-09-09 23:00:00+00:00,False,True,False,False,23425.0,3895.0,Rice Stadium,242,Rice,fbs,American Athletic,43.0,"[21, 7, 0, 0, 7, 8]",0.9734036922454834,1194.0,1199.0,248,Houston,fbs,Big 12,41.0,"[0, 7, 0, 21, 7, 6]",0.0265963077545166,1580.0,1575.0,4.838451928161532,Rice Stadium,47000.0,29.71623402909437,-95.40926456451416,47000.0,0.49840425531914895,0
401532576,2023,2,regular,2023-09-09 23:00:00+00:00,False,True,False,False,19852.0,3816.0,Mackay Stadium,2440,Nevada,fbs,Mountain West,6.0,"[3, 3, 0, 0]",0.0178355388343334,1405.0,1405.0,70,Idaho,fcs,Big Sky,33.0,"[14, 3, 10, 6]",0.9821644611656666,735.0,748.0,3.3504080244065046,Mackay Stadium,30000.0,39.54692485017159,-119.8175597190857,30000.0,0.6617333333333333,1
401531427,2023,2,regular,2023-09-09 23:00:00+00:00,False,True,False,False,18724.0,3625.0,Centennial Bank Stadium,2032,Arkansas State,fbs,Sun Belt,3.0,"[0, 3, 0, 0]",0.0073828976601362,1071.0,1032.0,235,Memphis,fbs,American Athletic,37.0,"[3, 21, 7, 6]",0.9926171023398638,1545.0,1584.0,4.001809512997599,Centennial Bank Stadium,30964.0,35.84899009532366,-90.66769494362912,30964.0,0.6047022348533782,0
401531422,2023,2,regular,2023-09-09 23:00:00+00:00,False,True,False,False,36495.0,3886.0,Raymond James Stadium,58,South Florida,fbs,American Athletic,38.0,"[14, 10, 7, 7]",0.8421956896781921,1268.0,1268.0,50,Florida A&M,fcs,SWAC,24.0,"[7, 7, 3, 7]",0.1578043103218078,735.0,748.0,4.2368160090014895,Raymond James Stadium,65857.0,27.975994470037183,-82.50334918498993,65857.0,0.5541552150872344,1
401520187,2023,2,regular,2023-09-09 23:00:00+00:00,False,True,False,False,16006.0,3654.0,Brooks Stadium (SC),324,Coastal Carolina,fbs,Sun Belt,30.0,"[7, 3, 13, 7]",0.8348190784454346,1387.0,1425.0,55,Jacksonville State,fbs,Conference USA,16.0,"[6, 3, 0, 7]",0.1651809215545654,1499.0,1461.0,4.367462371946549,Brooks Stadium,22217.0,33.792838175224496,-79.01702282805255,9214.0,0.7204393032362605,0
401520197,2023,2,regular,2023-09-09 23:00:00+00:00,False,True,False,False,19152.0,3776.0,Joe Aillet Stadium,2348,Louisiana Tech,fbs,Conference USA,51.0,"[10, 21, 20, 0]",0.9893025159835817,1257.0,1257.0,2466,Northwestern State,fcs,Southland,21.0,"[7, 7, 7, 0]",0.0106974840164184,735.0,748.0,3.782435312581761,Joe Aillet Stadium,30600.0,32.53223809915824,-92.6560188758494,30600.0,0.6258823529411764,1
401525827,2023,2,regular,2023-09-09 23:00:00+00:00,False,True,False,False,36447.0,3653.0,Albertsons Stadium,68,Boise State,fbs,Mountain West,16.0,"[7, 3, 0, 6]",0.1509566754102707,1540.0,1544.0,2116,UCF,fbs,Big 12,18.0,"[3, 6, 0, 9]",0.8490433245897293,1668.0,1664.0,5.813919467286331,Albertsons Stadium,37000.0,43.6027080538683,-116.19591236114502,37000.0,0.9850540540540541,0
401520218,2023,2,regular,2023-09-09 23:00:00+00:00,False,True,False,False,20712.0,3796.0,Houchens Industries-L.T. Smith Stadium,98,Western Kentucky,fbs,Conference USA,52.0,"[24, 7, 7, 14]",0.9306677223093426,1700.0,1700.0,2277,Houston Christian,fcs,Southland,22.0,"[0, 14, 0, 8]",0.0693322776906574,735.0,748.0,3.2047758412,Houchens Industries–L. T. Smith Stadium,22113.0,36.98487662989466,-86.459013971646,22113.0,0.93664360331027,1
401520212,2023,2,regular,2023-09-09 23:30:00+00:00,False,True,False,False,78281.0,3994.0,Williams-Brice Stadium,2579,South Carolina,fbs,SEC,47.0,"[7, 20, 13, 7]",0.960511028766632,1459.0,1459.0,231,Furman,fcs,Southern,21.0,"[7, 7, 0, 7]",0.0394889712333679,735.0,748.0,4.43057509821862,Williams-Brice Stadium,80250.0,33.97259115457693,-81.02021634578705,80250.0,0.9754641744548287,1
401520190,2023,2,regular,2023-09-09 23:30:00+00:00,False,True,False,False,88163.0,3634.0,Ben Hill Griffin Stadium,57,Florida,fbs,SEC,49.0,"[13, 13, 16, 7]",0.996726930141449,1558.0,1558.0,2377,McNeese,fcs,Southland,7.0,"[0, 0, 0, 7]",0.003273069858551,735.0,748.0,1.836958622092549,Ben Hill Griffin Stadium,88548.0,29.649868677972304,-82.34866619110107,88548.0,0.9956520757103492,1
401520200,2023,2,regular,2023-09-09 23:30:00+00:00,False,True,False,False,32804.0,3665.0,SECU Stadium,120,Maryland,fbs,Big Ten,38.0,"[0, 9, 8, 21]",0.990609884262085,1596.0,1602.0,2429,Charlotte,fbs,American Athletic,20.0,"[14, 0, 0, 6]",0.009390115737915,1220.0,1214.0,4.019672326139634,Byrd Stadium,51802.0,38.99120275144426,-76.94731173248788,51802.0,0.6332574031890661,0
401520199,2023,2,regular,2023-09-09 23:30:00+00:00,False,True,False,False,97735.0,3958.0,Tiger Stadium (LA),99,LSU,fbs,SEC,72.0,"[14, 28, 14, 16]",0.970504879951477,1484.0,1484.0,2755,Grambling,fcs,SWAC,10.0,"[10, 0, 0, 0]",0.0294951200485229,735.0,748.0,2.792762146045012,Tiger Stadium,102321.0,30.4120123982997,-91.183819770813,102321.0,0.9551802660255471,1
401520210,2023,2,regular,2023-09-09 23:30:00+00:00,False,True,False,False,45317.0,6577.0,SHI Stadium,164,Rutgers,fbs,Big Ten,36.0,"[7, 6, 0, 23]",0.9956041574478148,1330.0,1399.0,218,Temple,fbs,American Athletic,7.0,"[0, 0, 0, 7]",0.004395842552185,1263.0,1194.0,2.87375730838849,High Point Solutions Stadium,52454.0,40.51378289308872,-74.46504457087282,52454.0,0.8639379265642277,0
401520204,2023,2,regular,2023-09-09 23:30:00+00:00,False,True,False,False,48101.0,3953.0,Huntington Bank Stadium,135,Minnesota,fbs,Big Ten,25.0,"[0, 10, 10, 5]",0.939000368118286,1671.0,1691.0,2199,Eastern Michigan,fbs,Mid-American,6.0,"[0, 6, 0, 0]",0.0609996318817138,1433.0,1413.0,3.0296120785115632,TCF Bank Stadium,52525.0,44.97652496911191,-93.224575817585,52525.0,0.9157734412184674,0
401520217,2023,2,regular,2023-09-09 23:30:00+00:00,False,True,False,False,33024.0,3820.0,Gesa Field,265,Washington State,fbs,Pac-12,31.0,"[7, 17, 0, 7]",0.9558188319206238,1602.0,1621.0,275,Wisconsin,fbs,Big Ten,22.0,"[3, 6, 13, 0]",0.0441811680793762,1665.0,1646.0,4.419189641788866,Martin Stadium,32248.0,46.731967978653024,-117.16058578781136,32248.0,1.0,0
401520205,2023,2,regular,2023-09-09 23:30:00+00:00,False,True,False,False,51648.0,3693.0,Davis Wade Stadium,344,Mississippi State,fbs,SEC,31.0,"[14, 0, 7, 3, 7]",0.9436410665512084,1629.0,1627.0,12,Arizona,fbs,Pac-12,24.0,"[0, 7, 7, 10, 0]",0.0563589334487915,1416.0,1418.0,5.674132282804362,Davis Wade Stadium,61337.0,33.456230599072065,-88.79342436790466,61337.0,0.8420366173761351,0
401532579,2023,2,regular,2023-09-10 00:00:00+00:00,False,True,False,False,20034.0,3905.0,Maverik Stadium,328,Utah State,fbs,Mountain West,78.0,"[7, 44, 14, 13]",0.9909796118736268,1553.0,1553.0,304,Idaho State,fcs,Big Sky,28.0,"[7, 7, 7, 7]",0.0090203881263732,735.0,748.0,2.9608954550346227,Romney Stadium,25513.0,41.75153188612883,-111.81210567885644,25513.0,0.7852467369576295,1
401531843,2023,2,regular,2023-09-10 00:00:00+00:00,False,True,False,False,13154.0,3817.0,Malone Stadium,2433,UL Monroe,fbs,Sun Belt,24.0,"[7, 14, 0, 3]",0.6389737725257874,1221.0,1221.0,2320,Lamar,fcs,Southland,14.0,"[0, 0, 0, 14]",0.3610262274742126,735.0,748.0,2.644028048235386,Malone Stadium,30427.0,32.53106869451547,-92.06644075067642,30427.0,0.43231340585664046,1
401532577,2023,2,regular,2023-09-10 00:00:00+00:00,False,True,False,False,17279.0,3971.0,University Stadium (NM),167,New Mexico,fbs,Mountain West,56.0,"[7, 21, 21, 7]",0.9920523166656494,1146.0,1146.0,2635,Tennessee Tech,fcs,Big South-OVC,10.0,"[7, 3, 0, 0]",0.0079476833343505,735.0,748.0,3.121390230249492,University Stadium,39224.0,35.06761048267165,-106.6281028358157,39224.0,0.44052110952478074,1
401525832,2023,2,regular,2023-09-10 00:00:00+00:00,False,True,False,False,45010.0,3616.0,Amon G. Carter Stadium,2628,TCU,fbs,Big 12,41.0,"[14, 10, 0, 17]",0.8993260264396667,1428.0,1428.0,2447,Nicholls,fcs,Southland,6.0,"[0, 3, 3, 0]",0.1006739735603332,735.0,748.0,7.210022325514886,Amon G. Carter Stadium,45000.0,32.70991596942349,-97.36799597740172,45000.0,1.0,1
401525493,2023,2,regular,2023-09-10 00:30:00+00:00,False,True,False,False,74467.0,3697.0,Doak Campbell Stadium,52,Florida State,fbs,ACC,66.0,"[14, 17, 21, 14]",0.9801426529884338,1792.0,1895.0,2572,Southern Miss,fbs,Sun Belt,13.0,"[0, 3, 7, 3]",0.0198573470115661,1370.0,1267.0,2.3665983955819043,Bobby Bowden Field at Doak Campbell Stadium,82300.0,30.437547584621285,-84.30453398103501,82300.0,0.904823815309842,0
401524000,2023,2,regular,2023-09-10 01:00:00+00:00,False,True,False,False,35728.0,3893.0,Reser Stadium,204,Oregon State,fbs,Pac-12,55.0,"[14, 24, 10, 7]",0.9923451542854308,1599.0,1599.0,302,UC Davis,fcs,Big Sky,7.0,"[0, 0, 0, 7]",0.007654845714569,735.0,748.0,1.9998759100949064,Reser Stadium,45674.0,44.5594768421455,-123.2814073562622,45674.0,0.7822393484258002,1
401532574,2023,2,regular,2023-09-10 01:00:00+00:00,False,True,False,False,41031.0,3660.0,Valley Children's Stadium,278,Fresno State,fbs,Mountain West,34.0,"[7, 7, 7, 3, 7, 3]",0.849270761013031,1600.0,1600.0,331,Eastern Washington,fcs,Big Sky,31.0,"[3, 0, 14, 7, 7, 0]",0.150729238986969,735.0,748.0,7.478796166909928,Bulldog Stadium,41031.0,36.81431969524593,-119.75810156690552,41031.0,1.0,1
401520186,2023,2,regular,2023-09-10 02:30:00+00:00,False,True,False,False,44141.0,3831.0,California Memorial Stadium,25,California,fbs,Pac-12,10.0,"[3, 7, 0, 0]",0.1845472007989883,1552.0,1551.0,2,Auburn,fbs,SEC,14.0,"[0, 7, 0, 7]",0.8154527992010117,1638.0,1639.0,5.582624721623181,California Memorial Stadium,62717.0,37.87068660370429,-122.2507095336914,62717.0,0.7038123634740182,0
401524003,2023,2,regular,2023-09-10 02:30:00+00:00,False,True,False,True,67213.0,477.0,Los Angeles Memorial Coliseum,30,USC,fbs,Pac-12,56.0,"[21, 28, 0, 7]",0.9872803688049316,1817.0,1891.0,24,Stanford,fbs,Pac-12,10.0,"[0, 3, 0, 7]",0.0127196311950683,1345.0,1271.0,1.952229800576618,Los Angeles Memorial Coliseum,93607.0,34.01400974062912,-118.28789591789246,93607.0,0.7180339077205764,0
401523998,2023,2,regular,2023-09-10 02:30:00+00:00,False,True,False,False,42569.0,3947.0,Mountain America Stadium,9,Arizona State,fbs,Pac-12,15.0,"[7, 8, 0, 0]",0.0478684604167938,1464.0,1444.0,197,Oklahoma State,fbs,Big 12,27.0,"[0, 10, 7, 10]",0.9521315395832062,1530.0,1550.0,4.542219964328377,Sun Devil Stadium Frank Kush Field,71706.0,33.426364,-111.932616,71706.0,0.5936602236911834,0
401531428,2023,3,regular,2023-09-14 23:30:00+00:00,False,True,False,True,25551.0,3805.0,Simmons Bank Liberty Stadium,235,Memphis,fbs,American Athletic,28.0,"[7, 7, 7, 7]",0.8769708871841431,1584.0,1581.0,2426,Navy,fbs,American Athletic,24.0,"[14, 0, 7, 3]",0.1230291128158569,1385.0,1388.0,6.1800932851869135,Liberty Bowl Memorial Stadium,62380.0,35.120856917268995,-89.97805741128388,62380.0,0.40960243667842255,0
401525499,2023,3,regular,2023-09-14 23:30:00+00:00,False,True,False,False,40077.0,3948.0,Hard Rock Stadium,2390,Miami,fbs,ACC,48.0,"[14, 20, 7, 7]",0.9915528893470764,1659.0,1659.0,2065,Bethune-Cookman,fcs,SWAC,7.0,"[0, 0, 0, 7]",0.0084471106529235,735.0,748.0,2.355712910359568,Sun Life Stadium,65326.0,25.957933739028963,-80.23884057998657,65326.0,0.6134923307718213,1
401531396,2023,3,regular,2023-09-15 23:00:00+00:00,False,True,False,False,27138.0,3604.0,Alamodome,2636,UTSA,fbs,American Athletic,29.0,"[0, 14, 7, 8]",0.067611277103424,1600.0,1575.0,349,Army,fbs,FBS Independents,37.0,"[14, 6, 10, 7]",0.932388722896576,1488.0,1513.0,4.84482614087848,Alamodome,65000.0,29.41693712868156,-98.47890257835388,65000.0,0.4175076923076923,0
401520231,2023,3,regular,2023-09-15 23:00:00+00:00,False,True,False,False,37041.0,3665.0,SECU Stadium,120,Maryland,fbs,Big Ten,42.0,"[7, 7, 7, 21]",0.9803267121315002,1602.0,1646.0,258,Virginia,fbs,ACC,14.0,"[14, 0, 0, 0]",0.0196732878684997,1350.0,1306.0,4.530333710085389,Byrd Stadium,51802.0,38.99120275144426,-76.94731173248788,51802.0,0.7150496119840932,0
401532581,2023,3,regular,2023-09-16 00:00:00+00:00,False,True,False,True,18400.0,3713.0,Falcon Stadium,2005,Air Force,fbs,Mountain West,39.0,"[22, 10, 7, 0]",0.9918723106384276,1677.0,1691.0,328,Utah State,fbs,Mountain West,21.0,"[0, 7, 7, 7]",0.0081276893615722,1396.0,1382.0,1.623935283177174,Falcon Stadium,46692.0,38.99690743122685,-104.84368801116943,46692.0,0.39407178959993144,0
401525504,2023,3,regular,2023-09-16 16:00:00+00:00,False,True,False,False,18276.0,3918.0,S.B. Ballard Stadium,295,Old Dominion,fbs,Sun Belt,24.0,"[0, 17, 7, 0]",0.1385409832000732,1355.0,1366.0,154,Wake Forest,fbs,ACC,27.0,"[0, 0, 13, 14]",0.8614590167999268,1618.0,1607.0,5.672759725150021,Foreman Field,20118.0,36.88878131523489,-76.30567610263824,20118.0,0.9084402028034596,0
401520222,2023,3,regular,2023-09-16 16:00:00+00:00,False,True,False,False,13020.0,3965.0,UB Stadium,2084,Buffalo,fbs,Mid-American,27.0,"[0, 14, 7, 6]",0.006152075715363,1396.0,1328.0,2335,Liberty,fbs,Conference USA,55.0,"[10, 14, 17, 14]",0.993847924284637,1465.0,1533.0,3.109811741310061,UB Stadium,29013.0,42.99906838239644,-78.7775194644928,29013.0,0.4487643470168545,0
401532404,2023,3,regular,2023-09-16 16:00:00+00:00,False,True,False,False,10731.0,3696.0,Dix Stadium,2309,Kent State,fbs,Mid-American,38.0,"[14, 7, 17, 0]",0.9751399755477904,1212.0,1212.0,2115,Central Connecticut,fcs,NEC,10.0,"[0, 0, 0, 10]",0.0248600244522094,735.0,748.0,2.0772714616592984,Dix Stadium,25000.0,41.13908682549516,-81.31343945860863,25000.0,0.42924,1
401520249,2023,3,regular,2023-09-16 16:00:00+00:00,False,True,False,False,75610.0,347.0,Camp Randall Stadium,275,Wisconsin,fbs,Big Ten,35.0,"[0, 7, 21, 7]",0.9996417164802552,1646.0,1676.0,290,Georgia Southern,fbs,Sun Belt,14.0,"[0, 7, 7, 0]",0.0003582835197448,1455.0,1425.0,5.200851165201692,Camp Randall Stadium,80321.0,43.06993802646878,-89.41274642944336,80321.0,0.9413478417848383,0
401525834,2023,3,regular,2023-09-16 16:00:00+00:00,False,True,False,False,43732.0,4727.0,McLane Stadium,239,Baylor,fbs,Big 12,30.0,"[7, 9, 7, 7]",0.9821840524673462,1643.0,1643.0,2341,Long Island University,fcs,NEC,7.0,"[0, 7, 0, 0]",0.0178159475326538,735.0,748.0,2.6113522891317675,McLane Stadium,45140.0,31.55866263551169,-97.11560010910034,45140.0,0.9688081524147097,1
401520235,2023,3,regular,2023-09-16 16:00:00+00:00,False,True,False,True,60084.0,3693.0,Davis Wade Stadium,344,Mississippi State,fbs,SEC,14.0,"[0, 7, 0, 7]",0.0141123766079545,1627.0,1561.0,99,LSU,fbs,SEC,41.0,"[10, 14, 10, 7]",0.9858876233920456,1687.0,1753.0,3.614923634901991,Davis Wade Stadium,61337.0,33.456230599072065,-88.79342436790466,61337.0,0.9795718734206107,0
401525500,2023,3,regular,2023-09-16 16:00:00+00:00,False,True,False,True,41383.0,3615.0,"Alumni Stadium (Chestnut Hill, MA)",103,Boston College,fbs,ACC,29.0,"[7, 3, 6, 13]",0.5451641082763672,1309.0,1335.0,52,Florida State,fbs,ACC,31.0,"[3, 14, 14, 0]",0.4548358917236328,1895.0,1869.0,5.376923068733644,Alumni Stadium,44500.0,42.33510834895851,-71.16647243499756,44500.0,0.9299550561797753,0
401532582,2023,3,regular,2023-09-16 16:00:00+00:00,False,True,False,False,35610.0,3653.0,Albertsons Stadium,68,Boise State,fbs,Mountain West,42.0,"[7, 14, 7, 14]",0.9737412333488464,1541.0,1541.0,155,North Dakota,fcs,MVFC,18.0,"[0, 6, 12, 0]",0.0262587666511535,735.0,748.0,2.7219256798301257,Albertsons Stadium,37000.0,43.6027080538683,-116.19591236114502,37000.0,0.9624324324324325,1
401520236,2023,3,regular,2023-09-16 16:00:00+00:00,False,True,False,False,62621.0,3838.0,Memorial Stadium,142,Missouri,fbs,SEC,30.0,"[10, 7, 0, 13]",0.8118879199028015,1479.0,1485.0,2306,Kansas State,fbs,Big 12,27.0,"[7, 7, 10, 3]",0.1881120800971985,1795.0,1789.0,7.261280944767066,Faurot Field,71168.0,38.93589529672232,-92.33311414718628,71168.0,0.8799038893884892,0
401525838,2023,3,regular,2023-09-16 16:00:00+00:00,False,True,False,False,21991.0,3876.0,Peden Stadium,195,Ohio,fbs,Mid-American,10.0,"[0, 0, 7, 3]",0.5184299945831299,1482.0,1484.0,66,Iowa State,fbs,Big 12,7.0,"[0, 0, 0, 7]",0.4815700054168701,1533.0,1531.0,4.063778235387788,Peden Stadium,24000.0,39.32130908459409,-82.10343944652357,24000.0,0.9162916666666666,0
401520226,2023,3,regular,2023-09-16 16:00:00+00:00,False,True,False,True,49099.0,3832.0,"Memorial Stadium (Champaign, IL)",356,Illinois,fbs,Big Ten,13.0,"[0, 7, 0, 6]",0.122092954814434,1624.0,1606.0,213,Penn State,fbs,Big Ten,30.0,"[6, 10, 7, 7]",0.877907045185566,1849.0,1867.0,4.131471931481275,Memorial Stadium,60670.0,40.09930573133053,-88.23598623275757,60670.0,0.8092797099060491,0
401524012,2023,3,regular,2023-09-16 18:00:00+00:00,False,True,False,False,51532.0,587.0,Rice-Eccles Stadium,254,Utah,fbs,Pac-12,31.0,"[7, 10, 14, 0]",0.9773723483085632,1807.0,1807.0,2692,Weber State,fcs,Big Sky,7.0,"[0, 7, 0, 0]",0.0226276516914367,735.0,748.0,2.386972347674975,Rice-Eccles Stadium,54383.0,40.75994782004573,-111.84882402420044,45017.0,0.9475755291175552,1
401525502,2023,3,regular,2023-09-16 18:00:00+00:00,False,True,False,False,56919.0,3670.0,Carter-Finley Stadium,152,NC State,fbs,ACC,45.0,"[21, 10, 7, 7]",0.9989580762065414,1570.0,1570.0,2678,VMI,fcs,Southern,7.0,"[0, 0, 7, 0]",0.0010419237934585,735.0,748.0,2.3480485678,Carter–Finley Stadium,57583.0,35.80075968207897,-78.71948719024658,57583.0,0.9884688189222514,1
401532402,2023,3,regular,2023-09-16 18:00:00+00:00,False,True,False,False,15054.0,3919.0,Scheumann Stadium,2050,Ball State,fbs,Mid-American,45.0,"[0, 10, 7, 28]",0.994494080543518,1288.0,1288.0,282,Indiana State,fcs,MVFC,7.0,"[0, 0, 7, 0]",0.0055059194564819,735.0,748.0,3.516571442836262,Scheumann Stadium,22500.0,40.21602764466651,-85.41769962206614,22500.0,0.6690666666666667,1
401526834,2023,3,regular,2023-09-16 18:00:00+00:00,False,True,False,False,16138.0,3912.0,Rynearson Stadium,2199,Eastern Michigan,fbs,Mid-American,19.0,"[3, 7, 0, 9]",0.5686696171760559,1413.0,1408.0,113,Massachusetts,fbs,FBS Independents,17.0,"[0, 3, 7, 7]",0.4313303828239441,1043.0,1048.0,5.884823554854904,Rynearson Stadium,30200.0,42.2557607087688,-83.64775657653809,30200.0,0.5343708609271524,0
401531388,2023,3,regular,2023-09-16 18:00:00+00:00,False,True,False,False,10932.0,3806.0,Lincoln Financial Field,218,Temple,fbs,American Athletic,41.0,"[14, 14, 10, 3]",0.9914947748184204,1103.0,1103.0,2450,Norfolk State,fcs,MEAC,9.0,"[0, 7, 0, 2]",0.0085052251815795,735.0,748.0,2.5589329891361783,Lincoln Financial Field,68532.0,39.900748900488125,-75.16749143600464,68532.0,0.15951672211521625,1
401525437,2023,3,regular,2023-09-16 18:30:00+00:00,False,True,False,False,77622.0,3855.0,Notre Dame Stadium,87,Notre Dame,fbs,FBS Independents,41.0,"[14, 7, 10, 10]",0.9987696063393772,1844.0,1851.0,2117,Central Michigan,fbs,Mid-American,17.0,"[7, 7, 3, 0]",0.0012303936606227,1328.0,1321.0,3.8958309204,Notre Dame Stadium,80795.0,41.69842312158612,-86.23382449150085,80795.0,0.9607277678074139,0
401520243,2023,3,regular,2023-09-16 19:30:00+00:00,False,True,False,False,52657.0,6577.0,SHI Stadium,164,Rutgers,fbs,Big Ten,35.0,"[7, 14, 0, 14]",0.9947199821472168,1399.0,1444.0,259,Virginia Tech,fbs,ACC,16.0,"[0, 3, 7, 6]",0.0052800178527832,1412.0,1367.0,2.9893140594101486,High Point Solutions Stadium,52454.0,40.51378289308872,-74.46504457087282,52454.0,1.0,0
401520244,2023,3,regular,2023-09-16 19:30:00+00:00,False,True,False,False,65138.0,3886.0,Raymond James Stadium,58,South Florida,fbs,American Athletic,3.0,"[3, 0, 0, 0]",0.1929504126310348,1249.0,1279.0,333,Alabama,fbs,SEC,17.0,"[0, 3, 7, 7]",0.8070495873689651,1984.0,1954.0,5.143241011904963,Raymond James Stadium,65857.0,27.975994470037183,-82.50334918498993,65857.0,0.9890824058186677,0
401524009,2023,3,regular,2023-09-16 19:30:00+00:00,False,True,False,False,35591.0,3893.0,Reser Stadium,204,Oregon State,fbs,Pac-12,26.0,"[3, 9, 7, 7]",0.9763561487197876,1729.0,1741.0,21,San Diego State,fbs,Mountain West,9.0,"[0, 3, 0, 6]",0.0236438512802124,1446.0,1434.0,3.226397148939168,Reser Stadium,45674.0,44.5594768421455,-123.2814073562622,45674.0,0.7792398301002759,0
401520223,2023,3,regular,2023-09-16 19:30:00+00:00,False,True,False,False,18141.0,3982.0,Wallace Wade Stadium,150,Duke,fbs,ACC,38.0,"[7, 10, 14, 7]",0.9825081825256348,1592.0,1630.0,77,Northwestern,fbs,Big Ten,14.0,"[0, 7, 0, 7]",0.0174918174743652,1390.0,1352.0,2.326461796904731,Wallace Wade Stadium,33941.0,35.9953166502013,-78.94172430038452,33941.0,0.5344863144869038,0
401520246,2023,3,regular,2023-09-16 19:30:00+00:00,False,True,False,False,20405.0,3892.0,Pratt & Whitney Stadium,41,UConn,fbs,FBS Independents,17.0,"[3, 0, 7, 7]",0.0546036846935749,1237.0,1213.0,2229,Florida International,fbs,Conference USA,24.0,"[7, 17, 0, 0]",0.9453963153064252,1101.0,1125.0,3.983916060757621,Rentschler Field,40000.0,41.75988427820291,-72.61894226074219,40000.0,0.510125,0
401531412,2023,3,regular,2023-09-16 19:30:00+00:00,False,True,False,False,40168.0,3792.0,Kidd Brewer Stadium,2026,App State,fbs,Sun Belt,43.0,"[10, 6, 20, 7]",0.9791142344474792,1556.0,1577.0,151,East Carolina,fbs,American Athletic,28.0,"[7, 14, 7, 0]",0.0208857655525207,1443.0,1422.0,7.056497705826486,Kidd Brewer Stadium,40168.0,36.21151530169309,-81.68550610542297,24050.0,1.0,0
401520227,2023,3,regular,2023-09-16 19:30:00+00:00,False,True,False,False,69250.0,3793.0,Kinnick Stadium,2294,Iowa,fbs,Big Ten,41.0,"[0, 14, 17, 10]",0.9322707653045654,1667.0,1703.0,2711,Western Michigan,fbs,Mid-American,10.0,"[7, 3, 0, 0]",0.0677292346954345,1262.0,1226.0,3.873036452986737,Kinnick Stadium,70585.0,41.65838893680983,-91.55147552490234,70585.0,0.9810866331373521,0
401520239,2023,3,regular,2023-09-16 19:30:00+00:00,False,True,False,False,45151.0,3787.0,Kenan Stadium,153,North Carolina,fbs,ACC,31.0,"[7, 14, 3, 7]",0.9803282618522644,1585.0,1636.0,135,Minnesota,fbs,Big Ten,13.0,"[0, 10, 3, 0]",0.0196717381477355,1691.0,1640.0,3.049966108406419,Kenan Memorial Stadium,62980.0,35.90698834747853,-79.04791831970215,62980.0,0.7169101302000636,0
401525842,2023,3,regular,2023-09-16 19:30:00+00:00,False,True,False,False,30855.0,3674.0,Chapman Stadium,202,Tulsa,fbs,American Athletic,17.0,"[0, 14, 3, 0]",0.0223293583840131,1370.0,1280.0,201,Oklahoma,fbs,Big 12,66.0,"[28, 10, 21, 7]",0.9776706416159868,1807.0,1897.0,2.4254905307612944,Skelly Field at H. A. Chapman Stadium,35542.0,36.14886067519205,-95.943603515625,35542.0,0.8681278487423331,0
401520225,2023,3,regular,2023-09-16 19:30:00+00:00,False,True,False,True,92746.0,3917.0,Sanford Stadium,61,Georgia,fbs,SEC,24.0,"[3, 0, 14, 7]",0.9927236437797546,2065.0,2048.0,2579,South Carolina,fbs,SEC,14.0,"[7, 7, 0, 0]",0.0072763562202453,1540.0,1557.0,4.63409617296879,Sanford Stadium,92746.0,33.949821489498824,-83.37344169616699,92746.0,1.0,0
401531348,2023,3,regular,2023-09-16 20:00:00+00:00,False,True,False,False,25038.0,3815.0,M. M. Roberts Stadium,2572,Southern Miss,fbs,Sun Belt,3.0,"[0, 0, 3, 0]",0.0,1267.0,1258.0,2655,Tulane,fbs,American Athletic,21.0,"[7, 0, 14, 0]",1.0,1621.0,1630.0,3.625838591722921,M. M. Roberts Stadium,36000.0,31.32897842661232,-89.33133065700531,36000.0,0.6955,0
401520245,2023,3,regular,2023-09-16 20:00:00+00:00,False,True,False,False,93090.0,3795.0,Kyle Field,245,Texas A&M,fbs,SEC,47.0,"[10, 17, 10, 10]",0.9989158158362372,1608.0,1690.0,2433,UL Monroe,fbs,Sun Belt,3.0,"[0, 3, 0, 0]",0.0010841841637627,1255.0,1173.0,3.311485305,Kyle Field,102733.0,30.61009757817476,-96.34072922859283,102733.0,0.906135321659058,0
401524006,2023,3,regular,2023-09-16 20:00:00+00:00,False,True,False,False,36810.0,3831.0,California Memorial Stadium,25,California,fbs,Pac-12,31.0,"[0, 14, 14, 3]",0.9600664973258972,1618.0,1618.0,70,Idaho,fcs,Big Sky,17.0,"[10, 7, 0, 0]",0.0399335026741027,735.0,748.0,4.45185329432659,California Memorial Stadium,62717.0,37.87068660370429,-122.2507095336914,62717.0,0.5869222061004193,1
401520240,2023,3,regular,2023-09-16 20:00:00+00:00,False,True,False,False,100217.0,3861.0,Ohio Stadium,194,Ohio State,fbs,Big Ten,63.0,"[7, 35, 7, 14]",0.9942335486412048,1903.0,2028.0,98,Western Kentucky,fbs,Conference USA,10.0,"[3, 7, 0, 0]",0.0057664513587951,1632.0,1507.0,2.5533010880347278,Ohio Stadium,104944.0,40.0016856893694,-83.01972806453705,104944.0,0.954956929409971,0
401520233,2023,3,regular,2023-09-16 21:00:00+00:00,False,True,False,False,70528.0,3936.0,Spartan Stadium,127,Michigan State,fbs,Big Ten,7.0,"[0, 0, 0, 7]",0.017506867647171,1575.0,1509.0,264,Washington,fbs,Pac-12,41.0,"[14, 21, 6, 0]",0.982493132352829,1822.0,1888.0,4.153268593173667,Spartan Stadium,75005.0,42.7281691163326,-84.48487535119057,75005.0,0.9403106459569363,0
401524013,2023,3,regular,2023-09-16 21:00:00+00:00,False,True,False,False,23595.0,3820.0,Gesa Field,265,Washington State,fbs,Pac-12,64.0,"[22, 21, 14, 7]",0.9643226265907288,1653.0,1653.0,2458,Northern Colorado,fcs,Big Sky,21.0,"[0, 7, 7, 7]",0.0356773734092712,735.0,748.0,1.9042046206354453,Martin Stadium,32248.0,46.731967978653024,-117.16058578781136,32248.0,0.731673282064004,1
401524011,2023,3,regular,2023-09-16 21:00:00+00:00,False,True,False,False,38343.0,1056.0,Rose Bowl,26,UCLA,fbs,Pac-12,59.0,"[35, 10, 14, 0]",0.9919071197509766,1756.0,1756.0,2428,North Carolina Central,fcs,MEAC,7.0,"[0, 0, 0, 7]",0.0080928802490234,735.0,748.0,1.641899733302005,Rose Bowl,92542.0,34.16156958726264,-118.1676149368286,92542.0,0.4143307903438439,1
401531403,2023,3,regular,2023-09-16 22:00:00+00:00,False,True,False,False,14410.0,4418.0,Jerry Richardson Stadium,2429,Charlotte,fbs,American Athletic,25.0,"[0, 10, 15, 0]",0.0507275350391864,1214.0,1205.0,2247,Georgia State,fbs,Sun Belt,41.0,"[7, 13, 14, 7]",0.9492724649608136,1517.0,1526.0,4.266221010236035,Jerry Richardson Stadium,15314.0,35.31028067616406,-80.74049377106525,15314.0,0.9409690479299987,0
401525843,2023,3,regular,2023-09-16 22:30:00+00:00,False,True,False,False,44206.0,3652.0,FBC Mortgage Stadium,2116,UCF,fbs,Big 12,48.0,"[17, 17, 7, 7]",0.994231641292572,1688.0,1688.0,222,Villanova,fcs,Coastal Athletic,14.0,"[0, 0, 0, 14]",0.0057683587074279,735.0,748.0,2.216849025772219,Bright House Networks Stadium,45323.0,28.607958859227068,-81.1929988861084,45323.0,0.9753546764335989,1
401531441,2023,3,regular,2023-09-16 23:00:00+00:00,False,True,False,False,18103.0,3895.0,Rice Stadium,242,Rice,fbs,American Athletic,59.0,"[28, 14, 10, 7]",0.9937936067581176,1233.0,1233.0,2640,Texas Southern,fcs,SWAC,7.0,"[0, 7, 0, 0]",0.0062063932418823,735.0,748.0,1.575615964227563,Rice Stadium,47000.0,29.71623402909437,-95.40926456451416,47000.0,0.3851702127659574,1
401531848,2023,3,regular,2023-09-16 23:00:00+00:00,False,True,False,True,26634.0,3975.0,Veterans Memorial Stadium (AL),2653,Troy,fbs,Sun Belt,14.0,"[0, 7, 0, 7]",0.0775107815861702,1501.0,1503.0,256,James Madison,fbs,Sun Belt,16.0,"[3, 10, 3, 0]",0.9224892184138298,1595.0,1593.0,6.575831163284788,Veterans Memorial Stadium,30000.0,31.799527415252125,-85.95217691586194,30000.0,0.8878,0
401525841,2023,3,regular,2023-09-16 23:00:00+00:00,False,True,False,False,56200.0,3784.0,Jones AT&T Stadium,2641,Texas Tech,fbs,Big 12,41.0,"[21, 3, 10, 7]",1.0,1533.0,1533.0,2627,Tarleton State,fcs,UAC,3.0,"[0, 0, 0, 3]",0.0,735.0,748.0,2.270418156375565,Jones AT&T Stadium,60862.0,33.59102829801104,-101.87293767929076,60862.0,0.9234004797739147,1
401531846,2023,3,regular,2023-09-16 23:00:00+00:00,False,True,False,False,14327.0,3625.0,Centennial Bank Stadium,2032,Arkansas State,fbs,Sun Belt,31.0,"[17, 0, 7, 7]",0.9990095496177672,1024.0,1024.0,2619,Stony Brook,fcs,Coastal Athletic,7.0,"[0, 0, 0, 7]",0.0009904503822326,735.0,748.0,2.3471973752048783,Centennial Bank Stadium,30964.0,35.84899009532366,-90.66769494362912,30964.0,0.46269861774964477,1
401520234,2023,3,regular,2023-09-16 23:00:00+00:00,False,True,False,False,16605.0,3725.0,Johnny Red Floyd Stadium,2393,Middle Tennessee,fbs,Conference USA,35.0,"[14, 7, 7, 7]",0.9873821139335632,1368.0,1368.0,93,Murray State,fcs,MVFC,14.0,"[0, 7, 0, 7]",0.0126178860664367,735.0,748.0,2.7626608313774645,"Johnny ""Red"" Floyd Stadium",31000.0,35.85110908054087,-86.36844992637634,31000.0,0.5356451612903226,1
401531438,2023,3,regular,2023-09-16 23:00:00+00:00,False,True,False,False,24489.0,3735.0,Gerald J. Ford Stadium,2567,SMU,fbs,American Athletic,69.0,"[14, 28, 21, 6]",0.9923451542854308,1584.0,1584.0,2504,Prairie View A&M,fcs,SWAC,0.0,"[0, 0, 0, 0]",0.007654845714569,735.0,748.0,2.385940550537444,Gerald J. Ford Stadium,32000.0,32.83771580994254,-96.782705783844,32000.0,0.76528125,1
401531845,2023,3,regular,2023-09-16 23:00:00+00:00,False,True,False,False,18116.0,3654.0,Brooks Stadium (SC),324,Coastal Carolina,fbs,Sun Belt,66.0,"[21, 24, 21, 0]",0.9935453534126282,1623.0,1623.0,2184,Duquesne,fcs,NEC,7.0,"[0, 0, 7, 0]",0.0064546465873718,735.0,748.0,2.2170542913329894,Brooks Stadium,22217.0,33.792838175224496,-79.01702282805255,9214.0,0.8154116217311068,1
401532403,2023,3,regular,2023-09-16 23:00:00+00:00,False,True,False,False,20039.0,3739.0,Glass Bowl,2649,Toledo,fbs,Mid-American,21.0,"[0, 7, 14, 0]",0.7013798952102661,1498.0,1497.0,23,San José State,fbs,Mountain West,17.0,"[0, 10, 7, 0]",0.2986201047897339,1378.0,1379.0,5.525134368631196,Glass Bowl,26248.0,41.65739077895321,-83.61401719150295,26248.0,0.7634486437061871,0
401520229,2023,3,regular,2023-09-16 23:00:00+00:00,False,True,False,False,17434.0,3776.0,Joe Aillet Stadium,2348,Louisiana Tech,fbs,Conference USA,37.0,"[0, 14, 0, 23]",0.3854164183139801,1216.0,1218.0,249,North Texas,fbs,American Athletic,40.0,"[10, 13, 7, 10]",0.6145835816860199,1330.0,1328.0,6.1545601356932425,Joe Aillet Stadium,30600.0,32.53223809915824,-92.6560188758494,30600.0,0.5697385620915033,0
401520224,2023,3,regular,2023-09-16 23:00:00+00:00,False,True,False,True,90751.0,3634.0,Ben Hill Griffin Stadium,57,Florida,fbs,SEC,29.0,"[6, 20, 0, 3]",0.9498108625411988,1546.0,1603.0,2633,Tennessee,fbs,SEC,16.0,"[7, 0, 3, 6]",0.0501891374588012,1887.0,1830.0,3.714408056728833,Ben Hill Griffin Stadium,88548.0,29.649868677972304,-82.34866619110107,88548.0,1.0,0
401520221,2023,3,regular,2023-09-16 23:00:00+00:00,False,True,False,False,88043.0,3785.0,Jordan-Hare Stadium,2,Auburn,fbs,SEC,45.0,"[0, 17, 14, 14]",0.9931033849716188,1697.0,1697.0,2535,Samford,fcs,Southern,13.0,"[0, 0, 13, 0]",0.0068966150283813,735.0,748.0,3.255868070100453,Jordan–Hare Stadium,87451.0,32.602361666817515,-85.48891067504883,87451.0,1.0,1
401525835,2023,3,regular,2023-09-16 23:00:00+00:00,False,True,False,False,38193.0,3854.0,Nippert Stadium,2132,Cincinnati,fbs,Big 12,24.0,"[10, 3, 3, 8, 0]",0.6025655269622803,1637.0,1597.0,193,Miami (OH),fbs,Mid-American,31.0,"[7, 7, 7, 3, 7]",0.3974344730377197,1321.0,1361.0,7.413085426381915,Nippert Stadium,40000.0,39.13128425273405,-84.51626143741578,40000.0,0.954825,0
401525839,2023,3,regular,2023-09-16 23:00:00+00:00,False,True,False,False,53855.0,3646.0,Boone Pickens Stadium,197,Oklahoma State,fbs,Big 12,7.0,"[0, 0, 0, 7]",0.0115795619785785,1550.0,1468.0,6,South Alabama,fbs,Sun Belt,33.0,"[10, 13, 0, 10]",0.9884204380214214,1459.0,1541.0,2.4456857830784564,Boone Pickens Stadium,60218.0,36.12570866235855,-97.06650495529176,60218.0,0.8943339200903384,0
401520237,2023,3,regular,2023-09-16 23:00:00+00:00,False,True,False,False,86875.0,3834.0,"Memorial Stadium (Lincoln, NE)",158,Nebraska,fbs,Big Ten,35.0,"[7, 7, 7, 14]",0.996191143989563,1430.0,1476.0,2459,Northern Illinois,fbs,Mid-American,11.0,"[3, 0, 0, 8]",0.003808856010437,1309.0,1263.0,2.4582316014300583,Memorial Stadium,87091.0,40.82048352329494,-96.70571565628052,87091.0,0.9975198355742844,0
401525503,2023,3,regular,2023-09-16 23:30:00+00:00,False,True,False,False,61106.0,3842.0,Milan Puskar Stadium,277,West Virginia,fbs,Big 12,17.0,"[0, 7, 10, 0]",0.946757197380066,1422.0,1457.0,221,Pittsburgh,fbs,ACC,6.0,"[3, 3, 0, 0]",0.053242802619934,1613.0,1578.0,4.060936967698683,Mountaineer Field at Milan Puskar Stadium,60000.0,39.65221992482815,-79.9551753012939,60000.0,1.0,0
401520242,2023,3,regular,2023-09-16 23:30:00+00:00,False,True,False,False,61441.0,3907.0,Ross-Ade Stadium,2509,Purdue,fbs,Big Ten,20.0,"[0, 7, 7, 6]",0.140320286154747,1488.0,1462.0,183,Syracuse,fbs,ACC,35.0,"[7, 14, 0, 14]",0.859679713845253,1581.0,1607.0,6.243669521997163,Ross–Ade Stadium,56400.0,40.434323,-86.918485,56400.0,1.0,0
401520228,2023,3,regular,2023-09-16 23:30:00+00:00,False,True,False,False,59456.0,3683.0,Kroger Field,96,Kentucky,fbs,SEC,35.0,"[7, 7, 7, 14]",0.9918233156204224,1625.0,1669.0,2006,Akron,fbs,Mid-American,3.0,"[0, 0, 3, 0]",0.0081766843795776,1268.0,1224.0,2.4206917364202525,Commonwealth Stadium,62093.0,38.02262168129363,-84.50520515441895,62093.0,0.9575314447683314,0
401520232,2023,3,regular,2023-09-16 23:30:00+00:00,False,True,False,False,109955.0,3558.0,Michigan Stadium,130,Michigan,fbs,Big Ten,31.0,"[7, 7, 17, 0]",0.9785053730010986,1951.0,1944.0,189,Bowling Green,fbs,Mid-American,6.0,"[0, 6, 0, 0]",0.0214946269989013,1246.0,1253.0,2.8348395193114717,Michigan Stadium,107601.0,42.26586873251738,-83.7487256526947,107601.0,1.0,0
401520241,2023,3,regular,2023-09-16 23:30:00+00:00,False,True,False,False,64150.0,3974.0,Vaught-Hemingway Stadium,145,Ole Miss,fbs,SEC,48.0,"[10, 0, 14, 24]",1.0,1639.0,1672.0,59,Georgia Tech,fbs,ACC,23.0,"[0, 3, 7, 13]",0.0,1362.0,1329.0,3.3512905185211226,Vaught–Hemingway Stadium,60580.0,34.362154302992906,-89.53414626020904,60580.0,1.0,0
401520220,2023,3,regular,2023-09-16 23:30:00+00:00,False,True,False,False,74821.0,3887.0,Razorback Stadium,8,Arkansas,fbs,SEC,31.0,"[14, 10, 7, 0]",0.6130568385124207,1641.0,1620.0,252,BYU,fbs,Big 12,38.0,"[14, 7, 10, 7]",0.3869431614875793,1544.0,1565.0,6.390959162198381,Donald W. Reynolds Razorback Stadium,72000.0,36.067850785167344,-94.17879581451416,72000.0,1.0,0
401525501,2023,3,regular,2023-09-17 00:00:00+00:00,False,True,False,False,81295.0,3836.0,"Memorial Stadium (Clemson, SC)",228,Clemson,fbs,ACC,48.0,"[20, 14, 7, 7]",0.9922709465026855,1654.0,1718.0,2226,Florida Atlantic,fbs,American Athletic,14.0,"[0, 0, 0, 14]",0.0077290534973144,1415.0,1351.0,2.57066308921293,Memorial Stadium,81500.0,34.67874665741346,-82.84317970275879,81500.0,0.9974846625766871,0
401520238,2023,3,regular,2023-09-17 00:00:00+00:00,False,True,False,False,27414.0,3971.0,University Stadium (NM),167,New Mexico,fbs,Mountain West,17.0,"[3, 7, 0, 7]",0.0917489752173423,1117.0,1108.0,166,New Mexico State,fbs,Conference USA,27.0,"[0, 17, 3, 7]",0.9082510247826576,1255.0,1264.0,4.907840944511574,University Stadium,39224.0,35.06761048267165,-106.6281028358157,39224.0,0.6989088313277585,0
401524008,2023,3,regular,2023-09-17 00:00:00+00:00,False,True,False,False,52779.0,3626.0,Autzen Stadium,2483,Oregon,fbs,Pac-12,55.0,"[24, 10, 14, 7]",0.9934046268463136,1659.0,1734.0,62,Hawai'i,fbs,Mountain West,10.0,"[0, 3, 0, 7]",0.0065953731536865,1220.0,1145.0,1.8697212764531508,Autzen Stadium,54000.0,44.058272724266615,-123.0685043334961,54000.0,0.9773888888888889,0
401525836,2023,3,regular,2023-09-17 00:00:00+00:00,False,True,False,True,36049.0,4728.0,TDECU Stadium,248,Houston,fbs,Big 12,13.0,"[3, 10, 0, 0]",0.0067220120690763,1575.0,1519.0,2628,TCU,fbs,Big 12,36.0,"[7, 13, 9, 7]",0.9932779879309236,1613.0,1669.0,5.2913183121499845,TDECU Stadium,40000.0,29.721767963293527,-95.34909841095214,40000.0,0.901225,0
401524010,2023,3,regular,2023-09-17 00:00:00+00:00,False,True,False,False,23848.0,3940.0,Stanford Stadium,24,Stanford,fbs,Pac-12,23.0,"[7, 7, 3, 6]",0.2179884963553672,1283.0,1283.0,16,Sacramento State,fcs,Big Sky,30.0,"[3, 14, 3, 10]",0.7820115036446328,735.0,748.0,7.9974929171,Stanford Stadium,50000.0,37.43472641329173,-122.1610164642334,50000.0,0.47696,1
401525840,2023,3,regular,2023-09-17 00:00:00+00:00,False,True,False,False,101777.0,3910.0,DKR-Texas Memorial Stadium,251,Texas,fbs,Big 12,31.0,"[3, 7, 0, 21]",0.984604001045227,1821.0,1831.0,2751,Wyoming,fbs,Mountain West,10.0,"[7, 0, 3, 0]",0.0153959989547729,1412.0,1402.0,4.31688491410334,Darrell K Royal–Texas Memorial Stadium,100119.0,30.28360340206824,-97.73233652114868,100119.0,1.0,0
401531847,2023,3,regular,2023-09-17 00:30:00+00:00,False,True,False,False,24118.0,3644.0,Bobcat Stadium (TX),326,Texas State,fbs,Sun Belt,77.0,"[21, 35, 7, 14]",0.9810603857040404,1334.0,1334.0,2296,Jackson State,fcs,SWAC,34.0,"[6, 14, 7, 7]",0.0189396142959594,735.0,748.0,2.9683328406387237,Bobcat Stadium,30000.0,29.89134454879716,-97.92531180559462,30000.0,0.8039333333333334,1
401524007,2023,3,regular,2023-09-17 02:00:00+00:00,False,True,False,False,53141.0,3726.0,Folsom Field,38,Colorado,fbs,Pac-12,43.0,"[14, 0, 0, 14, 7, 8]",0.587824285030365,1288.0,1300.0,36,Colorado State,fbs,Mountain West,35.0,"[14, 7, 0, 7, 7, 0]",0.412175714969635,1290.0,1278.0,9.253687459584755,Folsom Field,50183.0,40.00939837446321,-105.26688694953918,50183.0,1.0,0
401524005,2023,3,regular,2023-09-17 02:30:00+00:00,False,True,False,False,46723.0,3947.0,Mountain America Stadium,9,Arizona State,fbs,Pac-12,0.0,"[0, 0, 0, 0]",0.248464748263359,1444.0,1392.0,278,Fresno State,fbs,Mountain West,29.0,"[10, 6, 10, 3]",0.7515352517366409,1671.0,1723.0,2.398141274522044,Sun Devil Stadium Frank Kush Field,71706.0,33.426364,-111.932616,71706.0,0.6515912197026749,0
401520219,2023,3,regular,2023-09-17 03:00:00+00:00,False,True,False,False,44182.0,3619.0,Arizona Stadium,12,Arizona,fbs,Pac-12,31.0,"[0, 14, 10, 7]",0.98837411403656,1418.0,1453.0,2638,UTEP,fbs,Conference USA,10.0,"[0, 3, 0, 7]",0.0116258859634399,1276.0,1241.0,3.5526464774160065,Arizona Stadium,51811.0,32.228340232071496,-110.94903945922852,51811.0,0.852753276331281,0
401531849,2023,4,regular,2023-09-21 23:30:00+00:00,False,True,False,True,15248.0,3654.0,Brooks Stadium (SC),324,Coastal Carolina,fbs,Sun Belt,17.0,"[3, 0, 7, 7]",0.2340279519557953,1425.0,1405.0,2247,Georgia State,fbs,Sun Belt,30.0,"[7, 10, 3, 10]",0.7659720480442047,1526.0,1546.0,3.995916789273859,Brooks Stadium,22217.0,33.792838175224496,-79.01702282805255,9214.0,0.686321285502093,0
401520266,2023,4,regular,2023-09-22 23:00:00+00:00,False,True,False,True,55529.0,3907.0,Ross-Ade Stadium,2509,Purdue,fbs,Big Ten,17.0,"[3, 0, 14, 0]",0.0,1462.0,1432.0,275,Wisconsin,fbs,Big Ten,38.0,"[14, 7, 6, 11]",1.0,1676.0,1706.0,3.8980394827978775,Ross–Ade Stadium,56400.0,40.434323,-86.918485,56400.0,0.9845567375886525,0
401525505,2023,4,regular,2023-09-22 23:30:00+00:00,False,True,False,True,42979.0,3923.0,Scott Stadium,258,Virginia,fbs,ACC,21.0,"[0, 7, 6, 8]",0.2440121620893478,1306.0,1314.0,152,NC State,fbs,ACC,24.0,"[0, 14, 7, 3]",0.7559878379106522,1528.0,1520.0,6.038925547019139,Scott Stadium,61500.0,38.03112372855688,-78.51370811462402,61500.0,0.6988455284552846,0
401532584,2023,4,regular,2023-09-23 02:30:00+00:00,False,True,False,True,16124.0,3935.0,CEFCU Stadium,23,San José State,fbs,Mountain West,20.0,"[6, 14, 0, 0]",0.0147379217669367,1379.0,1348.0,2005,Air Force,fbs,Mountain West,45.0,"[3, 14, 7, 21]",0.9852620782330632,1691.0,1722.0,4.005557583575288,Spartan Stadium,30456.0,37.320105186690846,-121.86811613079064,30456.0,0.5294194904123982,0
401520268,2023,4,regular,2023-09-23 16:00:00+00:00,False,True,False,False,37594.0,1964.0,JMA Wireless Dome,183,Syracuse,fbs,ACC,29.0,"[0, 3, 13, 13]",0.9963306784629822,1607.0,1625.0,349,Army,fbs,FBS Independents,16.0,"[7, 3, 0, 6]",0.0036693215370178,1513.0,1495.0,4.158844185240373,Carrier Dome,49250.0,43.036132820423234,-76.13651990890503,49250.0,0.7633299492385787,0
401520260,2023,4,regular,2023-09-23 16:00:00+00:00,False,True,False,True,109756.0,3558.0,Michigan Stadium,130,Michigan,fbs,Big Ten,31.0,"[7, 7, 10, 7]",0.9865456223487854,1944.0,1953.0,164,Rutgers,fbs,Big Ten,7.0,"[7, 0, 0, 0]",0.0134543776512146,1444.0,1435.0,2.878787663769023,Michigan Stadium,107601.0,42.26586873251738,-83.7487256526947,107601.0,1.0,0
401525849,2023,4,regular,2023-09-23 16:00:00+00:00,False,True,False,False,51243.0,3616.0,Amon G. Carter Stadium,2628,TCU,fbs,Big 12,34.0,"[7, 7, 13, 7]",0.99381023645401,1669.0,1692.0,2567,SMU,fbs,American Athletic,17.0,"[3, 7, 0, 7]",0.0061897635459899,1521.0,1498.0,4.044519092326891,Amon G. Carter Stadium,45000.0,32.70991596942349,-97.36799597740172,45000.0,1.0,0
401525511,2023,4,regular,2023-09-23 16:00:00+00:00,False,True,False,False,31475.0,3775.0,Joan C. Edwards Stadium,276,Marshall,fbs,Sun Belt,24.0,"[0, 17, 7, 0]",0.7839951515197754,1580.0,1578.0,259,Virginia Tech,fbs,ACC,17.0,"[7, 3, 0, 7]",0.2160048484802246,1367.0,1369.0,4.42876902289051,Joan C. Edwards Stadium,38019.0,38.42486536179161,-82.42185831069946,38019.0,0.8278755359162524,0
401525845,2023,4,regular,2023-09-23 16:00:00+00:00,False,True,False,True,38193.0,3854.0,Nippert Stadium,2132,Cincinnati,fbs,Big 12,6.0,"[3, 0, 3, 0]",0.0810846015810966,1597.0,1593.0,201,Oklahoma,fbs,Big 12,20.0,"[7, 3, 7, 3]",0.9189153984189034,1897.0,1901.0,5.127233280106722,Nippert Stadium,40000.0,39.13128425273405,-84.51626143741578,40000.0,0.954825,0
401520270,2023,4,regular,2023-09-23 16:00:00+00:00,False,True,False,True,102530.0,3795.0,Kyle Field,245,Texas A&M,fbs,SEC,27.0,"[6, 0, 14, 7]",0.9965018033981324,1690.0,1722.0,2,Auburn,fbs,SEC,10.0,"[0, 3, 0, 7]",0.0034981966018676,1639.0,1607.0,3.560431544652165,Kyle Field,102733.0,30.61009757817476,-96.34072922859283,102733.0,0.99802400397146,0
401520274,2023,4,regular,2023-09-23 16:00:00+00:00,False,True,False,True,26279.0,3973.0,FirstBank Stadium,238,Vanderbilt,fbs,SEC,28.0,"[0, 10, 3, 15]",0.0154445599764585,1316.0,1310.0,96,Kentucky,fbs,SEC,45.0,"[21, 3, 7, 14]",0.9845554400235416,1669.0,1675.0,3.30377304671024,Vanderbilt Stadium,40350.0,36.14355849696379,-86.80877208709717,40350.0,0.651276332094176,0
401520271,2023,4,regular,2023-09-23 16:00:00+00:00,False,True,False,False,26124.0,3975.0,Veterans Memorial Stadium (AL),2653,Troy,fbs,Sun Belt,27.0,"[0, 10, 10, 7]",0.9544615149497986,1503.0,1504.0,98,Western Kentucky,fbs,Conference USA,24.0,"[7, 0, 7, 10]",0.0455384850502014,1507.0,1506.0,6.902641020664536,Veterans Memorial Stadium,30000.0,31.799527415252125,-85.95217691586194,30000.0,0.8708,0
401531338,2023,4,regular,2023-09-23 16:00:00+00:00,False,True,False,False,10321.0,3764.0,Huskie Stadium,2459,Northern Illinois,fbs,Mid-American,14.0,"[0, 7, 7, 0]",0.4600567817687988,1263.0,1249.0,202,Tulsa,fbs,American Athletic,22.0,"[2, 7, 3, 10]",0.5399432182312012,1280.0,1294.0,6.140521805052721,Huskie Stadium,25500.0,41.934014,-88.778222,25500.0,0.4047450980392157,0
401525507,2023,4,regular,2023-09-23 16:00:00+00:00,False,True,False,True,81500.0,3836.0,"Memorial Stadium (Clemson, SC)",228,Clemson,fbs,ACC,24.0,"[3, 14, 7, 0, 0]",0.4899174869060516,1718.0,1716.0,52,Florida State,fbs,ACC,31.0,"[0, 14, 10, 0, 7]",0.5100825130939484,1869.0,1871.0,6.483977961106587,Memorial Stadium,81500.0,34.67874665741346,-82.84317970275879,81500.0,1.0,0
401532406,2023,4,regular,2023-09-23 17:30:00+00:00,False,True,False,True,19068.0,3739.0,Glass Bowl,2649,Toledo,fbs,Mid-American,49.0,"[14, 0, 14, 21]",0.9668810963630676,1497.0,1512.0,2711,Western Michigan,fbs,Mid-American,31.0,"[7, 17, 0, 7]",0.0331189036369323,1226.0,1211.0,7.153726491505051,Glass Bowl,26248.0,41.65739077895321,-83.61401719150295,26248.0,0.7264553489789698,0
401531871,2023,4,regular,2023-09-23 18:00:00+00:00,False,True,False,False,10118.0,3919.0,Scheumann Stadium,2050,Ball State,fbs,Mid-American,3.0,"[0, 0, 0, 3]",0.0157094579190015,1273.0,1185.0,290,Georgia Southern,fbs,Sun Belt,40.0,"[14, 9, 10, 7]",0.9842905420809984,1425.0,1513.0,2.1990493110283644,Scheumann Stadium,22500.0,40.21602764466651,-85.41769962206614,22500.0,0.4496888888888889,0
401525506,2023,4,regular,2023-09-23 19:30:00+00:00,False,True,False,True,48294.0,3873.0,L&N Federal Credit Union Stadium,97,Louisville,fbs,ACC,56.0,"[14, 28, 14, 0]",0.989801585674286,1644.0,1682.0,103,Boston College,fbs,ACC,28.0,"[0, 14, 7, 7]",0.0101984143257141,1335.0,1297.0,2.271875076824675,Papa John's Cardinal Stadium,55000.0,38.20542168521144,-85.75810561566809,55000.0,0.8780727272727272,0
401525509,2023,4,regular,2023-09-23 19:30:00+00:00,False,True,False,False,17234.0,3806.0,Lincoln Financial Field,218,Temple,fbs,American Athletic,7.0,"[0, 7, 0, 0]",0.0049811070784926,1194.0,1139.0,2390,Miami,fbs,ACC,41.0,"[7, 17, 14, 3]",0.9950188929215074,1529.0,1584.0,2.6854408928582867,Lincoln Financial Field,68532.0,39.900748900488125,-75.16749143600464,68532.0,0.25147376408101324,0
401525847,2023,4,regular,2023-09-23 19:30:00+00:00,False,True,False,True,47233.0,3833.0,Memorial Stadium,2305,Kansas,fbs,Big 12,38.0,"[14, 0, 14, 10]",0.9934771656990052,1451.0,1480.0,252,BYU,fbs,Big 12,27.0,"[7, 10, 3, 7]",0.0065228343009948,1565.0,1536.0,4.919612141587039,Memorial Stadium,50071.0,38.96294598898537,-95.2463150024414,50071.0,0.9433204849114257,0
401532405,2023,4,regular,2023-09-23 19:30:00+00:00,False,True,False,True,18248.0,3700.0,Doyt L. Perry Stadium,189,Bowling Green,fbs,Mid-American,7.0,"[0, 0, 0, 7]",0.0,1253.0,1195.0,195,Ohio,fbs,Mid-American,38.0,"[21, 10, 7, 0]",1.0,1484.0,1542.0,2.471167853200788,Doyt Perry Stadium,23724.0,41.37805439803228,-83.62248212099075,23724.0,0.7691788905749452,0
401524015,2023,4,regular,2023-09-23 19:30:00+00:00,False,True,False,True,59889.0,3626.0,Autzen Stadium,2483,Oregon,fbs,Pac-12,42.0,"[13, 22, 7, 0]",0.987934708595276,1734.0,1782.0,38,Colorado,fbs,Pac-12,6.0,"[0, 0, 0, 6]",0.0120652914047241,1300.0,1252.0,2.1186078609910464,Autzen Stadium,54000.0,44.058272724266615,-123.0685043334961,54000.0,1.0,0
401520263,2023,4,regular,2023-09-23 19:30:00+00:00,False,True,False,False,87115.0,3834.0,"Memorial Stadium (Lincoln, NE)",158,Nebraska,fbs,Big Ten,28.0,"[0, 7, 7, 14]",0.7934740781784058,1476.0,1483.0,2348,Louisiana Tech,fbs,Conference USA,14.0,"[0, 7, 0, 7]",0.2065259218215942,1218.0,1211.0,4.765661952504243,Memorial Stadium,87091.0,40.82048352329494,-96.70571565628052,87091.0,1.0,0
401520255,2023,4,regular,2023-09-23 19:30:00+00:00,False,True,False,False,53512.0,3832.0,"Memorial Stadium (Champaign, IL)",356,Illinois,fbs,Big Ten,23.0,"[0, 14, 9, 0]",0.892508327960968,1606.0,1601.0,2226,Florida Atlantic,fbs,American Athletic,17.0,"[10, 0, 0, 7]",0.1074916720390319,1351.0,1356.0,4.1917863406235005,Memorial Stadium,60670.0,40.09930573133053,-88.23598623275757,60670.0,0.8820174715674963,0
401526835,2023,4,regular,2023-09-23 19:30:00+00:00,False,True,False,False,8298.0,3985.0,Warren McGuirk Alumni Stadium,113,Massachusetts,fbs,FBS Independents,31.0,"[0, 14, 3, 11, 3]",0.2046932429075241,1048.0,1047.0,167,New Mexico,fbs,Mountain West,34.0,"[14, 14, 0, 0, 6]",0.7953067570924759,1108.0,1109.0,4.787630610051897,Warren McGuirk Alumni Stadium,17000.0,42.377513236004525,-72.53562686052412,17000.0,0.48811764705882354,0
401520272,2023,4,regular,2023-09-23 19:30:00+00:00,False,True,False,False,29033.0,3892.0,Pratt & Whitney Stadium,41,UConn,fbs,FBS Independents,7.0,"[0, 0, 0, 7]",0.1377085596323013,1213.0,1168.0,150,Duke,fbs,ACC,41.0,"[7, 20, 14, 0]",0.8622914403676987,1630.0,1675.0,3.0947973333915613,Rentschler Field,40000.0,41.75988427820291,-72.61894226074219,40000.0,0.725825,0
401532408,2023,4,regular,2023-09-23 19:30:00+00:00,False,True,False,False,15812.0,3996.0,Yager Stadium,193,Miami (OH),fbs,Mid-American,62.0,"[17, 17, 21, 7]",0.895465612411499,1350.0,1350.0,2169,Delaware State,fcs,MEAC,20.0,"[7, 6, 7, 0]",0.1045343875885009,735.0,748.0,2.729653570835728,Yager Stadium,24286.0,39.51942113142349,-84.73335450140017,24286.0,0.6510746932389031,1
401520250,2023,4,regular,2023-09-23 19:30:00+00:00,False,True,False,True,100077.0,3657.0,Bryant-Denny Stadium,333,Alabama,fbs,SEC,24.0,"[3, 3, 11, 7]",0.8264315128326416,1954.0,1959.0,145,Ole Miss,fbs,SEC,10.0,"[7, 0, 3, 0]",0.1735684871673584,1672.0,1667.0,4.611935424139347,Bryant–Denny Stadium,101821.0,33.2074899449518,-87.5503921508789,101821.0,0.9828719026526944,0
401520261,2023,4,regular,2023-09-23 19:30:00+00:00,False,True,False,True,70131.0,3936.0,Spartan Stadium,127,Michigan State,fbs,Big Ten,9.0,"[0, 3, 6, 0]",0.0363018922507762,1509.0,1468.0,120,Maryland,fbs,Big Ten,31.0,"[7, 14, 0, 10]",0.9636981077492236,1646.0,1687.0,3.903901888820774,Spartan Stadium,75005.0,42.7281691163326,-84.48487535119057,75005.0,0.9350176654889674,0
401524017,2023,4,regular,2023-09-23 19:30:00+00:00,False,True,False,True,52919.0,587.0,Rice-Eccles Stadium,254,Utah,fbs,Pac-12,14.0,"[7, 7, 0, 0]",0.9230315089225768,1780.0,1784.0,26,UCLA,fbs,Pac-12,7.0,"[0, 0, 0, 7]",0.0769684910774231,1682.0,1678.0,2.8495602591308797,Rice-Eccles Stadium,54383.0,40.75994782004573,-111.84882402420044,45017.0,0.9730798227387235,0
401531873,2023,4,regular,2023-09-23 19:30:00+00:00,False,True,False,False,16938.0,3918.0,S.B. Ballard Stadium,295,Old Dominion,fbs,Sun Belt,10.0,"[0, 0, 7, 3]",0.30174520611763,1358.0,1358.0,2837,East Texas A&M,fcs,Southland,9.0,"[0, 0, 3, 6]",0.69825479388237,735.0,748.0,7.401630346690866,Foreman Field,20118.0,36.88878131523489,-76.30567610263824,20118.0,0.841932597673725,1
401525850,2023,4,regular,2023-09-23 19:30:00+00:00,False,True,False,True,50071.0,3842.0,Milan Puskar Stadium,277,West Virginia,fbs,Big 12,20.0,"[7, 6, 0, 7]",0.7932332754135132,1457.0,1473.0,2641,Texas Tech,fbs,Big 12,13.0,"[3, 0, 0, 10]",0.2067667245864868,1575.0,1559.0,4.403283584080394,Mountaineer Field at Milan Puskar Stadium,60000.0,39.65221992482815,-79.9551753012939,60000.0,0.8345166666666667,0
401531423,2023,4,regular,2023-09-23 20:00:00+00:00,False,True,False,True,29141.0,3886.0,Raymond James Stadium,58,South Florida,fbs,American Athletic,42.0,"[3, 10, 14, 15]",0.9832409024238586,1279.0,1298.0,242,Rice,fbs,American Athletic,29.0,"[7, 7, 7, 8]",0.0167590975761413,1199.0,1180.0,6.210589589215916,Raymond James Stadium,65857.0,27.975994470037183,-82.50334918498993,65857.0,0.44248902926036715,0
401520269,2023,4,regular,2023-09-23 20:00:00+00:00,False,True,False,False,101915.0,3853.0,Neyland Stadium,2633,Tennessee,fbs,SEC,45.0,"[14, 17, 0, 14]",0.9831174612045288,1830.0,1883.0,2636,UTSA,fbs,American Athletic,14.0,"[0, 0, 14, 0]",0.0168825387954711,1575.0,1522.0,2.2126093392681603,Neyland Stadium,102455.0,35.95473437262258,-83.92533302307129,102455.0,0.994729393392221,0
401525846,2023,4,regular,2023-09-23 20:00:00+00:00,False,True,False,True,59022.0,3772.0,Jack Trice Stadium,66,Iowa State,fbs,Big 12,34.0,"[7, 13, 7, 7]",0.9392454028129578,1531.0,1537.0,197,Oklahoma State,fbs,Big 12,27.0,"[7, 10, 3, 7]",0.0607545971870422,1468.0,1462.0,5.313799794896011,Jack Trice Stadium,61500.0,42.01400541108485,-93.6358094215393,61500.0,0.9597073170731707,0
401520257,2023,4,regular,2023-09-23 21:00:00+00:00,False,True,False,False,20966.0,3662.0,AmFirst Stadium,55,Jacksonville State,fbs,Conference USA,21.0,"[7, 7, 7, 0]",0.9993559122085572,1461.0,1505.0,2199,Eastern Michigan,fbs,Mid-American,0.0,"[0, 0, 0, 0]",0.0006440877914428,1408.0,1364.0,2.461816989588046,JSU Stadium,24000.0,33.82031030570401,-85.76646566390991,24000.0,0.8735833333333334,0
401531413,2023,4,regular,2023-09-23 22:00:00+00:00,False,True,False,False,40589.0,3699.0,Dowdy-Ficklen Stadium,151,East Carolina,fbs,American Athletic,44.0,"[13, 10, 7, 14]",1.0,1420.0,1420.0,2241,Gardner-Webb,fcs,Big South-OVC,0.0,"[0, 0, 0, 0]",0.0,735.0,748.0,2.309418539277707,Dowdy–Ficklen Stadium,50000.0,35.59642579698931,-77.36522912979126,50000.0,0.81178,1
401525508,2023,4,regular,2023-09-23 22:30:00+00:00,False,True,False,True,31865.0,3630.0,Allegacy Federal Credit Union Stadium,154,Wake Forest,fbs,ACC,16.0,"[3, 0, 6, 7]",0.0805549174547195,1607.0,1545.0,59,Georgia Tech,fbs,ACC,30.0,"[7, 13, 0, 10]",0.9194450825452803,1329.0,1391.0,4.039647078122549,BB&T Field,31500.0,36.09183481061275,-80.25534152984619,31500.0,1.0,0
401520275,2023,4,regular,2023-09-23 22:30:00+00:00,False,True,False,True,17437.0,218.0,FIU Stadium,2229,Florida International,fbs,Conference USA,6.0,"[6, 0, 0, 0]",0.0,1125.0,1084.0,2335,Liberty,fbs,Conference USA,38.0,"[14, 10, 14, 0]",1.0,1533.0,1574.0,2.887394024988152,FIU Stadium,23500.0,25.75249278747405,-80.37786483764648,23500.0,0.742,0
401531870,2023,4,regular,2023-09-23 23:00:00+00:00,False,True,False,False,21169.0,3984.0,War Memorial Stadium,2751,Wyoming,fbs,Mountain West,22.0,"[0, 7, 0, 15]",0.4666744768619537,1402.0,1405.0,2026,App State,fbs,Sun Belt,19.0,"[6, 6, 0, 7]",0.5333255231380463,1577.0,1574.0,6.051666201134058,War Memorial Stadium,29181.0,41.31193599299248,-105.56906461715698,29181.0,0.7254377848600116,0
401520258,2023,4,regular,2023-09-23 23:00:00+00:00,False,True,False,True,99648.0,3958.0,Tiger Stadium (LA),99,LSU,fbs,SEC,34.0,"[0, 10, 14, 10]",0.7078676819801331,1753.0,1752.0,8,Arkansas,fbs,SEC,31.0,"[3, 10, 3, 15]",0.2921323180198669,1620.0,1621.0,6.699183109667416,Tiger Stadium,102321.0,30.4120123982997,-91.183819770813,102321.0,0.9738763303720643,0
401520251,2023,4,regular,2023-09-23 23:00:00+00:00,False,True,False,False,89053.0,3634.0,Ben Hill Griffin Stadium,57,Florida,fbs,SEC,22.0,"[10, 6, 3, 3]",0.9794722199440002,1603.0,1601.0,2429,Charlotte,fbs,American Athletic,7.0,"[0, 7, 0, 0]",0.0205277800559997,1205.0,1207.0,2.533835048897901,Ben Hill Griffin Stadium,88548.0,29.649868677972304,-82.34866619110107,88548.0,1.0,0
401520254,2023,4,regular,2023-09-23 23:00:00+00:00,False,True,False,False,35044.0,4728.0,TDECU Stadium,248,Houston,fbs,Big 12,38.0,"[10, 14, 7, 7]",0.9902544617652892,1519.0,1597.0,2534,Sam Houston,fbs,Conference USA,7.0,"[7, 0, 0, 0]",0.0097455382347106,1474.0,1396.0,3.665150875776509,TDECU Stadium,40000.0,29.721767963293527,-95.34909841095214,40000.0,0.8761,0
401531349,2023,4,regular,2023-09-23 23:00:00+00:00,False,True,False,False,22842.0,4729.0,Yulman Stadium,2655,Tulane,fbs,American Athletic,36.0,"[17, 10, 6, 3]",0.9693586230278016,1651.0,1651.0,2447,Nicholls,fcs,Southland,7.0,"[0, 7, 0, 0]",0.0306413769721984,735.0,748.0,2.601996105608154,Benson Field at Yulman Stadium,30000.0,29.945898112528432,-90.11519112306328,30000.0,0.7614,1
401524016,2023,4,regular,2023-09-23 23:00:00+00:00,False,True,False,True,38046.0,3940.0,Stanford Stadium,24,Stanford,fbs,Pac-12,20.0,"[3, 7, 7, 3]",0.5616486668586731,1271.0,1278.0,12,Arizona,fbs,Pac-12,21.0,"[0, 7, 7, 7]",0.4383513331413269,1453.0,1446.0,6.871657326377071,Stanford Stadium,50000.0,37.43472641329173,-122.1610164642334,50000.0,0.76092,0
401531877,2023,4,regular,2023-09-23 23:00:00+00:00,False,True,False,False,19257.0,3644.0,Bobcat Stadium (TX),326,Texas State,fbs,Sun Belt,35.0,"[0, 0, 21, 14]",0.7142287492752075,1353.0,1363.0,2440,Nevada,fbs,Mountain West,24.0,"[10, 7, 0, 7]",0.2857712507247925,1224.0,1214.0,5.206699881838114,Bobcat Stadium,30000.0,29.89134454879716,-97.92531180559462,30000.0,0.6419,0
401524019,2023,4,regular,2023-09-23 23:00:00+00:00,False,True,False,True,33111.0,3820.0,Gesa Field,265,Washington State,fbs,Pac-12,38.0,"[14, 14, 7, 3]",0.9942147135734558,1621.0,1624.0,204,Oregon State,fbs,Pac-12,35.0,"[7, 7, 0, 21]",0.0057852864265441,1741.0,1738.0,3.1792562862609786,Martin Stadium,32248.0,46.731967978653024,-117.16058578781136,32248.0,1.0,0
401520262,2023,4,regular,2023-09-23 23:00:00+00:00,False,True,False,False,19806.0,3725.0,Johnny Red Floyd Stadium,2393,Middle Tennessee,fbs,Conference USA,23.0,"[10, 7, 0, 6]",0.1732904464006424,1341.0,1320.0,36,Colorado State,fbs,Mountain West,31.0,"[10, 0, 7, 14]",0.8267095535993576,1278.0,1299.0,5.938206068998008,"Johnny ""Red"" Floyd Stadium",31000.0,35.85110908054087,-86.36844992637634,31000.0,0.6389032258064516,0
401531874,2023,4,regular,2023-09-23 23:00:00+00:00,False,True,False,True,16601.0,3625.0,Centennial Bank Stadium,2032,Arkansas State,fbs,Sun Belt,44.0,"[14, 6, 14, 10]",0.7049707174301147,1032.0,1055.0,2572,Southern Miss,fbs,Sun Belt,37.0,"[7, 10, 10, 10]",0.2950292825698852,1258.0,1235.0,5.415713262806193,Centennial Bank Stadium,30964.0,35.84899009532366,-90.66769494362912,30964.0,0.53613874176463,0
401525844,2023,4,regular,2023-09-23 23:30:00+00:00,False,True,False,True,49165.0,4727.0,McLane Stadium,239,Baylor,fbs,Big 12,6.0,"[3, 3, 0, 0]",0.0112725822255015,1563.0,1506.0,251,Texas,fbs,Big 12,38.0,"[7, 21, 10, 0]",0.9887274177744984,1831.0,1888.0,3.740726262775553,McLane Stadium,45140.0,31.55866263551169,-97.11560010910034,45140.0,1.0,0
401520252,2023,4,regular,2023-09-23 23:30:00+00:00,False,True,False,False,92746.0,3917.0,Sanford Stadium,61,Georgia,fbs,SEC,49.0,"[7, 21, 14, 7]",0.9799349308013916,2048.0,2055.0,5,UAB,fbs,American Athletic,21.0,"[0, 14, 0, 7]",0.0200650691986084,1427.0,1420.0,3.080176546986765,Sanford Stadium,92746.0,33.949821489498824,-83.37344169616699,92746.0,1.0,0
401531875,2023,4,regular,2023-09-23 23:30:00+00:00,False,True,False,False,17674.0,3666.0,Cajun Field,309,Louisiana,fbs,Sun Belt,45.0,"[7, 3, 21, 14]",0.975233554840088,1561.0,1558.0,2084,Buffalo,fbs,Mid-American,38.0,"[0, 0, 21, 17]",0.0247664451599121,1328.0,1331.0,3.568271588055035,Cajun Field,36900.0,30.21579609675613,-92.01626413552384,36900.0,0.47897018970189703,0
401521330,2023,4,regular,2023-09-23 23:30:00+00:00,False,True,False,False,77622.0,3855.0,Notre Dame Stadium,87,Notre Dame,fbs,FBS Independents,14.0,"[0, 0, 7, 7]",0.570436418056488,1851.0,1857.0,194,Ohio State,fbs,Big Ten,17.0,"[0, 3, 7, 7]",0.4295635819435119,2028.0,2022.0,5.680647890007187,Notre Dame Stadium,80795.0,41.69842312158612,-86.23382449150085,80795.0,0.9607277678074139,0
401520264,2023,4,regular,2023-09-23 23:30:00+00:00,False,True,False,True,20148.0,3911.0,Ryan Field,77,Northwestern,fbs,Big Ten,37.0,"[0, 7, 3, 21, 6]",0.0378900622033934,1352.0,1357.0,135,Minnesota,fbs,Big Ten,34.0,"[7, 17, 7, 0, 3]",0.9621099377966066,1640.0,1635.0,6.7269552723,Ryan Field,47130.0,42.06539966752991,-87.69249558448792,47130.0,0.4274984086569064,0
401520265,2023,4,regular,2023-09-23 23:30:00+00:00,False,True,False,True,110830.0,3632.0,Beaver Stadium,213,Penn State,fbs,Big Ten,31.0,"[3, 7, 14, 7]",1.0,1867.0,1931.0,2294,Iowa,fbs,Big Ten,0.0,"[0, 0, 0, 0]",0.0,1703.0,1639.0,2.889924973136372,Beaver Stadium,106572.0,40.81215273275043,-77.85620212554932,106572.0,1.0,0
401520267,2023,4,regular,2023-09-23 23:30:00+00:00,False,True,False,True,78311.0,3994.0,Williams-Brice Stadium,2579,South Carolina,fbs,SEC,37.0,"[7, 13, 7, 10]",0.7615178823471069,1557.0,1567.0,344,Mississippi State,fbs,SEC,30.0,"[0, 17, 10, 3]",0.238482117652893,1561.0,1551.0,5.903555503865502,Williams-Brice Stadium,80250.0,33.97259115457693,-81.02021634578705,80250.0,0.9758380062305296,0
401520256,2023,4,regular,2023-09-23 23:30:00+00:00,False,True,False,False,44968.0,3830.0,"Memorial Stadium (Bloomington, IN)",84,Indiana,fbs,Big Ten,29.0,"[0, 7, 7, 3, 7, 3, 0, 2]",0.7135105729103088,1399.0,1397.0,2006,Akron,fbs,Mid-American,27.0,"[0, 3, 7, 7, 7, 3, 0, 0]",0.2864894270896911,1224.0,1226.0,6.552136339322893,Memorial Stadium,52959.0,39.18090913372923,-86.52557373046875,52959.0,0.8491096886270512,0
401531872,2023,4,regular,2023-09-24 00:00:00+00:00,False,True,False,False,19994.0,3905.0,Maverik Stadium,328,Utah State,fbs,Mountain West,38.0,"[0, 17, 14, 7]",0.2106453329324722,1382.0,1385.0,256,James Madison,fbs,Sun Belt,45.0,"[17, 21, 0, 7]",0.7893546670675278,1593.0,1590.0,5.46081819379837,Romney Stadium,25513.0,41.75153188612883,-111.81210567885644,25513.0,0.7836789087915964,0
401525510,2023,4,regular,2023-09-24 00:00:00+00:00,False,True,False,True,48544.0,3752.0,Acrisure Stadium,221,Pittsburgh,fbs,ACC,24.0,"[7, 10, 7, 0]",0.0582270212471485,1578.0,1543.0,153,North Carolina,fbs,ACC,41.0,"[7, 21, 13, 0]",0.9417729787528516,1636.0,1671.0,4.605675592319345,Heinz Field,68400.0,40.44678376501633,-80.01575589179993,68400.0,0.7097076023391813,0
401525848,2023,4,regular,2023-09-24 00:00:00+00:00,False,True,False,True,51912.0,3636.0,Bill Snyder Family Stadium,2306,Kansas State,fbs,Big 12,44.0,"[7, 14, 10, 13]",0.9124784469604492,1789.0,1804.0,2116,UCF,fbs,Big 12,31.0,"[10, 7, 7, 7]",0.0875215530395507,1664.0,1649.0,5.491347458519457,Bill Snyder Family Football Stadium,50000.0,39.20186361814248,-96.59379243850708,50000.0,1.0,0
401520273,2023,4,regular,2023-09-24 01:00:00+00:00,False,True,False,False,28042.0,3946.0,Sun Bowl,2638,UTEP,fbs,Conference USA,28.0,"[7, 7, 7, 7]",0.0012841150164604,1241.0,1210.0,2439,UNLV,fbs,Mountain West,45.0,"[14, 14, 0, 17]",0.9987158849835396,1341.0,1372.0,6.695185799850797,Sun Bowl Stadium,51500.0,31.77334530512776,-106.50789678096773,51500.0,0.544504854368932,0
401524018,2023,4,regular,2023-09-24 02:30:00+00:00,False,True,False,True,69107.0,3765.0,Husky Stadium,264,Washington,fbs,Pac-12,59.0,"[24, 21, 7, 7]",0.9842610359191896,1888.0,1920.0,25,California,fbs,Pac-12,32.0,"[6, 6, 7, 13]",0.0157389640808105,1551.0,1519.0,2.752640830037184,Husky Stadium,70500.0,47.65043054401222,-122.30291984739304,70500.0,0.9802411347517731,0
401532407,2023,4,regular,2023-09-24 02:30:00+00:00,False,True,False,False,38728.0,3660.0,Valley Children's Stadium,278,Fresno State,fbs,Mountain West,53.0,"[22, 14, 14, 3]",0.9659112691879272,1723.0,1787.0,2309,Kent State,fbs,Mid-American,10.0,"[7, 3, 0, 0]",0.0340887308120727,1245.0,1181.0,2.330433635487724,Bulldog Stadium,41031.0,36.81431969524593,-119.75810156690552,41031.0,0.9438717067583047,0
401524014,2023,4,regular,2023-09-24 02:30:00+00:00,False,True,False,True,54166.0,3947.0,Mountain America Stadium,9,Arizona State,fbs,Pac-12,28.0,"[7, 6, 8, 7]",0.0524214766919612,1392.0,1404.0,30,USC,fbs,Pac-12,42.0,"[14, 7, 6, 15]",0.9475785233080388,1891.0,1879.0,6.236083499633602,Sun Devil Stadium Frank Kush Field,71706.0,33.426364,-111.932616,71706.0,0.7553900649875882,0
401520277,2023,5,regular,2023-09-28 23:30:00+00:00,False,True,False,True,14712.0,3796.0,Houchens Industries-L.T. Smith Stadium,98,Western Kentucky,fbs,Conference USA,31.0,"[10, 13, 0, 8]",0.9711182713508606,1506.0,1537.0,2393,Middle Tennessee,fbs,Conference USA,10.0,"[0, 3, 7, 0]",0.0288817286491394,1320.0,1289.0,3.4153076323376075,Houchens Industries–L. T. Smith Stadium,22113.0,36.98487662989466,-86.459013971646,22113.0,0.665309998643332,0
401531339,2023,5,regular,2023-09-28 23:30:00+00:00,False,True,False,True,17538.0,3674.0,Chapman Stadium,202,Tulsa,fbs,American Athletic,48.0,"[14, 7, 10, 17]",0.9948615431785583,1294.0,1331.0,218,Temple,fbs,American Athletic,26.0,"[3, 0, 15, 8]",0.0051384568214416,1139.0,1102.0,2.663751035385782,Skelly Field at H. A. Chapman Stadium,35542.0,36.14886067519205,-95.943603515625,35542.0,0.4934443756682235,0
401520276,2023,5,regular,2023-09-29 00:00:00+00:00,False,True,False,True,14566.0,3647.0,Elliott T. Bowers Stadium,2534,Sam Houston,fbs,Conference USA,28.0,"[14, 7, 0, 7, 0]",0.8153107166290283,1396.0,1391.0,55,Jacksonville State,fbs,Conference USA,35.0,"[7, 0, 7, 14, 7]",0.1846892833709716,1505.0,1510.0,7.695142136613319,Bowers Stadium,14000.0,30.71394673763343,-95.54191589355467,14000.0,1.0,0
401525512,2023,5,regular,2023-09-29 23:00:00+00:00,False,True,False,True,56919.0,3670.0,Carter-Finley Stadium,152,NC State,fbs,ACC,10.0,"[0, 10, 0, 0]",0.5963172316551208,1520.0,1525.0,97,Louisville,fbs,ACC,13.0,"[0, 0, 10, 3]",0.4036827683448791,1682.0,1677.0,5.7401290177911095,Carter–Finley Stadium,57583.0,35.80075968207897,-78.71948719024658,57583.0,0.9884688189222514,0
401524020,2023,5,regular,2023-09-30 01:00:00+00:00,False,True,False,True,37372.0,3893.0,Reser Stadium,204,Oregon State,fbs,Pac-12,21.0,"[7, 0, 7, 7]",0.9830561280250548,1738.0,1770.0,254,Utah,fbs,Pac-12,7.0,"[0, 0, 0, 7]",0.016943871974945,1784.0,1752.0,2.6454861299151258,Reser Stadium,45674.0,44.5594768421455,-123.2814073562622,45674.0,0.8182335683320927,0
401520278,2023,5,regular,2023-09-30 01:00:00+00:00,False,True,False,True,9101.0,3946.0,Sun Bowl,2638,UTEP,fbs,Conference USA,10.0,"[0, 7, 3, 0]",0.0870573222637176,1210.0,1178.0,2348,Louisiana Tech,fbs,Conference USA,24.0,"[14, 3, 0, 7]",0.9129426777362823,1211.0,1243.0,4.426474137133099,Sun Bowl Stadium,51500.0,31.77334530512776,-106.50789678096773,51500.0,0.17671844660194175,0
401525851,2023,5,regular,2023-09-30 02:15:00+00:00,False,True,False,True,63834.0,3801.0,LaVell Edwards Stadium,252,BYU,fbs,Big 12,35.0,"[7, 7, 14, 7]",0.9201271533966064,1536.0,1552.0,2132,Cincinnati,fbs,Big 12,27.0,"[0, 10, 10, 7]",0.0798728466033935,1593.0,1577.0,4.644117402463611,LaVell Edwards Stadium,63725.0,40.25748799746312,-111.65443897247314,63725.0,1.0,0
401532412,2023,5,regular,2023-09-30 16:00:00+00:00,False,True,False,True,5490.0,3768.0,InfoCision Stadium,2006,Akron,fbs,Mid-American,10.0,"[7, 3, 0, 0, 0]",0.6584792733192444,1226.0,1228.0,2084,Buffalo,fbs,Mid-American,13.0,"[0, 7, 3, 0, 3]",0.3415207266807556,1331.0,1329.0,5.515480016088811,Summa Field at InfoCision Stadium,30000.0,41.07256951528711,-81.50838375091553,30000.0,0.183,0
401520284,2023,5,regular,2023-09-30 16:00:00+00:00,False,True,False,False,46843.0,3953.0,Huntington Bank Stadium,135,Minnesota,fbs,Big Ten,35.0,"[7, 7, 7, 14]",0.9960135817527772,1635.0,1649.0,309,Louisiana,fbs,Sun Belt,24.0,"[7, 10, 0, 7]",0.0039864182472229,1558.0,1544.0,3.836634433502784,TCF Bank Stadium,52525.0,44.97652496911191,-93.224575817585,52525.0,0.8918229414564494,0
401525514,2023,5,regular,2023-09-30 16:00:00+00:00,False,True,False,True,40974.0,1964.0,JMA Wireless Dome,183,Syracuse,fbs,ACC,14.0,"[7, 0, 0, 7]",0.0386972241103649,1625.0,1593.0,228,Clemson,fbs,ACC,31.0,"[14, 7, 3, 7]",0.9613027758896352,1716.0,1748.0,4.185323982783506,Carrier Dome,49250.0,43.036132820423234,-76.13651990890503,49250.0,0.8319593908629441,0
401520292,2023,5,regular,2023-09-30 16:00:00+00:00,False,True,False,False,21227.0,3892.0,Pratt & Whitney Stadium,41,UConn,fbs,FBS Independents,33.0,"[7, 10, 0, 16]",0.6240439414978027,1168.0,1177.0,328,Utah State,fbs,Mountain West,34.0,"[0, 7, 17, 10]",0.3759560585021972,1385.0,1376.0,5.870474642188537,Rentschler Field,40000.0,41.75988427820291,-72.61894226074219,40000.0,0.530675,0
401531370,2023,5,regular,2023-09-30 16:00:00+00:00,False,True,False,True,20102.0,4729.0,Yulman Stadium,2655,Tulane,fbs,American Athletic,35.0,"[7, 7, 14, 7]",0.9717283844947816,1630.0,1636.0,5,UAB,fbs,American Athletic,23.0,"[3, 17, 0, 3]",0.0282716155052185,1420.0,1414.0,5.729996301660202,Benson Field at Yulman Stadium,30000.0,29.945898112528432,-90.11519112306328,30000.0,0.6700666666666667,0
401520287,2023,5,regular,2023-09-30 16:00:00+00:00,False,True,False,True,25064.0,3911.0,Ryan Field,77,Northwestern,fbs,Big Ten,13.0,"[3, 7, 0, 3]",0.0044021364301443,1357.0,1345.0,213,Penn State,fbs,Big Ten,41.0,"[3, 7, 17, 14]",0.9955978635698556,1931.0,1943.0,3.990787905526989,Ryan Field,47130.0,42.06539966752991,-87.69249558448792,47130.0,0.5318056439635052,0
401531880,2023,5,regular,2023-09-30 16:00:00+00:00,False,True,False,True,26064.0,3651.0,Bridgeforth Stadium,256,James Madison,fbs,Sun Belt,31.0,"[14, 10, 0, 7]",1.0,1590.0,1598.0,6,South Alabama,fbs,Sun Belt,23.0,"[0, 7, 3, 13]",0.0,1519.0,1511.0,3.007607118182342,Bridgeforth Stadium,24878.0,38.43508893585215,-78.87340330403673,24878.0,1.0,0
401524023,2023,5,regular,2023-09-30 16:00:00+00:00,False,True,False,True,54032.0,3726.0,Folsom Field,38,Colorado,fbs,Pac-12,41.0,"[0, 14, 13, 14]",0.2703662812709808,1252.0,1281.0,30,USC,fbs,Pac-12,48.0,"[14, 20, 14, 0]",0.7296337187290192,1879.0,1850.0,3.4335772635439823,Folsom Field,50183.0,40.00939837446321,-105.26688694953918,50183.0,1.0,0
401520282,2023,5,regular,2023-09-30 16:00:00+00:00,False,True,False,True,61699.0,3683.0,Kroger Field,96,Kentucky,fbs,SEC,33.0,"[16, 7, 7, 3]",0.9978857040405272,1675.0,1711.0,57,Florida,fbs,SEC,14.0,"[0, 7, 7, 0]",0.0021142959594726,1601.0,1565.0,2.024712092981398,Commonwealth Stadium,62093.0,38.02262168129363,-84.50520515441895,62093.0,0.9936546792714155,0
401532410,2023,5,regular,2023-09-30 17:30:00+00:00,False,True,False,True,28323.0,3786.0,Kelly/Shorts Stadium,2117,Central Michigan,fbs,Mid-American,26.0,"[7, 7, 5, 7]",0.7760964035987854,1343.0,1344.0,2199,Eastern Michigan,fbs,Mid-American,23.0,"[7, 3, 13, 0]",0.2239035964012146,1364.0,1363.0,5.924671029482478,Kelly/Shorts Stadium,32885.0,43.577612282574535,-84.77082967758179,32885.0,0.8612741371445948,0
401525513,2023,5,regular,2023-09-30 18:00:00+00:00,False,True,False,True,41868.0,3615.0,"Alumni Stadium (Chestnut Hill, MA)",103,Boston College,fbs,ACC,27.0,"[0, 7, 17, 3]",0.4003861844539642,1297.0,1298.0,258,Virginia,fbs,ACC,24.0,"[7, 14, 0, 3]",0.5996138155460358,1314.0,1313.0,5.75878409623167,Alumni Stadium,44500.0,42.33510834895851,-71.16647243499756,44500.0,0.9408539325842696,0
401532413,2023,5,regular,2023-09-30 18:30:00+00:00,False,True,False,True,13598.0,3696.0,Dix Stadium,2309,Kent State,fbs,Mid-American,3.0,"[3, 0, 0, 0]",0.0,1181.0,1150.0,193,Miami (OH),fbs,Mid-American,23.0,"[10, 3, 10, 0]",1.0,1361.0,1392.0,3.6509309224266073,Dix Stadium,25000.0,41.13908682549516,-81.31343945860863,25000.0,0.54392,0
401524022,2023,5,regular,2023-09-30 19:00:00+00:00,False,True,False,True,34353.0,3831.0,California Memorial Stadium,25,California,fbs,Pac-12,24.0,"[7, 3, 7, 7]",0.9906584620475768,1519.0,1518.0,9,Arizona State,fbs,Pac-12,21.0,"[7, 0, 6, 8]",0.009341537952423,1404.0,1405.0,5.485084737915863,California Memorial Stadium,62717.0,37.87068660370429,-122.2507095336914,62717.0,0.5477462251064305,0
401520286,2023,5,regular,2023-09-30 19:30:00+00:00,False,True,False,True,87134.0,3834.0,"Memorial Stadium (Lincoln, NE)",158,Nebraska,fbs,Big Ten,7.0,"[0, 0, 0, 7]",0.006730712018907,1483.0,1432.0,130,Michigan,fbs,Big Ten,45.0,"[14, 14, 7, 10]",0.9932692879810928,1953.0,2004.0,2.376103760375073,Memorial Stadium,87091.0,40.82048352329494,-96.70571565628052,87091.0,1.0,0
401520280,2023,5,regular,2023-09-30 19:30:00+00:00,False,True,False,True,88043.0,3785.0,Jordan-Hare Stadium,2,Auburn,fbs,SEC,20.0,"[10, 0, 7, 3]",0.1747120320796966,1607.0,1625.0,61,Georgia,fbs,SEC,27.0,"[0, 10, 7, 10]",0.8252879679203033,2055.0,2037.0,5.380302646459668,Jordan–Hare Stadium,87451.0,32.602361666817515,-85.48891067504883,87451.0,1.0,0
401520283,2023,5,regular,2023-09-30 19:30:00+00:00,False,True,False,True,38181.0,3665.0,SECU Stadium,120,Maryland,fbs,Big Ten,44.0,"[21, 6, 10, 7]",0.9947103261947632,1687.0,1724.0,84,Indiana,fbs,Big Ten,17.0,"[3, 0, 0, 14]",0.0052896738052368,1397.0,1360.0,2.278877581025615,Byrd Stadium,51802.0,38.99120275144426,-76.94731173248788,51802.0,0.7370564843056253,0
401531881,2023,5,regular,2023-09-30 19:30:00+00:00,False,True,False,True,22652.0,3775.0,Joan C. Edwards Stadium,276,Marshall,fbs,Sun Belt,41.0,"[3, 14, 21, 3]",0.8616563677787781,1578.0,1575.0,295,Old Dominion,fbs,Sun Belt,35.0,"[7, 14, 7, 7]",0.1383436322212219,1366.0,1369.0,5.493766163738502,Joan C. Edwards Stadium,38019.0,38.42486536179161,-82.42185831069946,38019.0,0.5958073594781557,0
401525515,2023,5,regular,2023-09-30 19:30:00+00:00,False,True,False,False,30097.0,721.0,Bobby Dodd Stadium,59,Georgia Tech,fbs,ACC,27.0,"[14, 0, 6, 7]",0.0226082857698202,1391.0,1349.0,189,Bowling Green,fbs,Mid-American,38.0,"[7, 10, 21, 0]",0.9773917142301798,1195.0,1237.0,4.587183095768223,Bobby Dodd Stadium at Historic Grant Field,55000.0,33.772556921319435,-84.39285278320312,55000.0,0.5472181818181818,0
401526836,2023,5,regular,2023-09-30 19:30:00+00:00,False,True,False,False,9494.0,3985.0,Warren McGuirk Alumni Stadium,113,Massachusetts,fbs,FBS Independents,28.0,"[0, 10, 10, 8]",0.0,1047.0,984.0,2032,Arkansas State,fbs,Sun Belt,52.0,"[17, 14, 14, 7]",1.0,1055.0,1118.0,2.737932552902405,Warren McGuirk Alumni Stadium,17000.0,42.377513236004525,-72.53562686052412,17000.0,0.5584705882352942,0
401532409,2023,5,regular,2023-09-30 19:30:00+00:00,False,True,False,True,21880.0,3980.0,Waldo Stadium,2711,Western Michigan,fbs,Mid-American,42.0,"[7, 21, 7, 7]",0.97373229265213,1211.0,1249.0,2050,Ball State,fbs,Mid-American,24.0,"[3, 7, 7, 7]",0.0262677073478698,1185.0,1147.0,4.635280705468946,Waldo Stadium,30200.0,42.285755487470176,-85.60100421309471,30200.0,0.7245033112582782,0
401525856,2023,5,regular,2023-09-30 19:30:00+00:00,False,True,False,True,44005.0,3652.0,FBC Mortgage Stadium,2116,UCF,fbs,Big 12,35.0,"[21, 7, 7, 0]",0.981026530265808,1649.0,1641.0,239,Baylor,fbs,Big 12,36.0,"[7, 0, 3, 26]",0.0189734697341918,1506.0,1514.0,3.764644115492674,Bright House Networks Stadium,45323.0,28.607958859227068,-81.1929988861084,45323.0,0.970919842022814,0
401532411,2023,5,regular,2023-09-30 19:30:00+00:00,False,True,False,True,23417.0,3739.0,Glass Bowl,2649,Toledo,fbs,Mid-American,35.0,"[7, 7, 14, 7]",0.8749752640724182,1512.0,1509.0,2459,Northern Illinois,fbs,Mid-American,33.0,"[7, 0, 10, 16]",0.1250247359275818,1249.0,1252.0,5.267533055869264,Glass Bowl,26248.0,41.65739077895321,-83.61401719150295,26248.0,0.8921441633648278,0
401525855,2023,5,regular,2023-09-30 19:30:00+00:00,False,True,False,True,53308.0,3784.0,Jones AT&T Stadium,2641,Texas Tech,fbs,Big 12,49.0,"[14, 21, 7, 7]",0.808519721031189,1559.0,1613.0,248,Houston,fbs,Big 12,28.0,"[14, 14, 0, 0]",0.191480278968811,1597.0,1543.0,5.49746358727438,Jones AT&T Stadium,60862.0,33.59102829801104,-101.87293767929076,60862.0,0.8758831454766521,0
401531424,2023,5,regular,2023-09-30 19:30:00+00:00,False,True,False,True,29789.0,3852.0,Navy-Marine Corps Memorial Stadium,2426,Navy,fbs,American Athletic,30.0,"[14, 6, 3, 7]",0.5974094867706299,1388.0,1347.0,58,South Florida,fbs,American Athletic,44.0,"[7, 16, 7, 14]",0.4025905132293701,1298.0,1339.0,4.916637134464561,Navy–Marine Corps Memorial Stadium,34000.0,38.98483263543365,-76.5071153640747,34000.0,0.8761470588235294,0
401520289,2023,5,regular,2023-09-30 19:30:00+00:00,False,True,False,True,59510.0,3907.0,Ross-Ade Stadium,2509,Purdue,fbs,Big Ten,44.0,"[6, 10, 21, 7]",0.9866484999656676,1432.0,1516.0,356,Illinois,fbs,Big Ten,19.0,"[3, 10, 0, 6]",0.0133515000343322,1601.0,1517.0,4.29623149276736,Ross–Ade Stadium,56400.0,40.434323,-86.918485,56400.0,1.0,0
401520290,2023,5,regular,2023-09-30 19:30:00+00:00,False,True,False,False,40165.0,6577.0,SHI Stadium,164,Rutgers,fbs,Big Ten,52.0,"[10, 14, 14, 14]",0.9977892637252808,1414.0,1414.0,2681,Wagner,fcs,NEC,3.0,"[0, 3, 0, 0]",0.0022107362747192,735.0,748.0,1.838202082704796,High Point Solutions Stadium,52454.0,40.51378289308872,-74.46504457087282,52454.0,0.7657185343348458,1
401525854,2023,5,regular,2023-09-30 19:30:00+00:00,False,True,False,True,102986.0,3910.0,DKR-Texas Memorial Stadium,251,Texas,fbs,Big 12,40.0,"[10, 3, 13, 14]",0.9918689727783204,1888.0,1910.0,2305,Kansas,fbs,Big 12,14.0,"[0, 7, 7, 0]",0.0081310272216796,1480.0,1458.0,3.563231744496986,Darrell K Royal–Texas Memorial Stadium,100119.0,30.28360340206824,-97.73233652114868,100119.0,1.0,0
401532588,2023,5,regular,2023-09-30 20:00:00+00:00,False,True,False,True,25477.0,3984.0,War Memorial Stadium,2751,Wyoming,fbs,Mountain West,35.0,"[9, 3, 17, 6]",0.7709730267524719,1405.0,1401.0,167,New Mexico,fbs,Mountain West,26.0,"[6, 3, 3, 14]",0.229026973247528,1109.0,1113.0,4.584101899493433,War Memorial Stadium,29181.0,41.31193599299248,-105.56906461715698,29181.0,0.8730680922518077,0
401531429,2023,5,regular,2023-09-30 20:00:00+00:00,False,True,False,False,30364.0,3805.0,Simmons Bank Liberty Stadium,235,Memphis,fbs,American Athletic,35.0,"[0, 14, 7, 14]",0.7252101302146912,1558.0,1559.0,68,Boise State,fbs,Mountain West,32.0,"[3, 14, 0, 15]",0.2747898697853088,1542.0,1541.0,5.894504752765188,Liberty Bowl Memorial Stadium,62380.0,35.120856917268995,-89.97805741128388,62380.0,0.4867585764668163,0
401520293,2023,5,regular,2023-09-30 20:00:00+00:00,False,True,False,True,26332.0,3973.0,FirstBank Stadium,238,Vanderbilt,fbs,SEC,21.0,"[7, 0, 0, 14]",0.0050117149949073,1310.0,1289.0,142,Missouri,fbs,SEC,38.0,"[3, 14, 7, 14]",0.9949882850050926,1508.0,1529.0,3.8213367399537854,Vanderbilt Stadium,40350.0,36.14355849696379,-86.80877208709717,40350.0,0.6525898389095415,0
401520288,2023,5,regular,2023-09-30 22:00:00+00:00,False,True,False,True,66703.0,3974.0,Vaught-Hemingway Stadium,145,Ole Miss,fbs,SEC,55.0,"[21, 10, 3, 21]",0.6109949946403503,1667.0,1679.0,99,LSU,fbs,SEC,49.0,"[7, 21, 14, 7]",0.3890050053596496,1752.0,1740.0,8.87566658644997,Vaught–Hemingway Stadium,60580.0,34.362154302992906,-89.53414626020904,60580.0,1.0,0
401524024,2023,5,regular,2023-09-30 22:30:00+00:00,False,True,False,True,32160.0,3940.0,Stanford Stadium,24,Stanford,fbs,Pac-12,6.0,"[3, 3, 0, 0]",0.0079957107082009,1278.0,1237.0,2483,Oregon,fbs,Pac-12,42.0,"[0, 14, 21, 7]",0.9920042892917992,1782.0,1823.0,3.4777842839886826,Stanford Stadium,50000.0,37.43472641329173,-122.1610164642334,50000.0,0.6432,0
401531414,2023,5,regular,2023-09-30 23:00:00+00:00,False,True,False,True,19598.0,3895.0,Rice Stadium,242,Rice,fbs,American Athletic,24.0,"[3, 7, 7, 7]",0.8998858332633972,1180.0,1204.0,151,East Carolina,fbs,American Athletic,17.0,"[3, 6, 0, 8]",0.1001141667366027,1422.0,1398.0,5.159959152736791,Rice Stadium,47000.0,29.71623402909437,-95.40926456451416,47000.0,0.4169787234042553,0
401531883,2023,5,regular,2023-09-30 23:00:00+00:00,False,True,False,True,21304.0,3815.0,M. M. Roberts Stadium,2572,Southern Miss,fbs,Sun Belt,36.0,"[3, 7, 6, 20]",0.0061073168180882,1235.0,1215.0,326,Texas State,fbs,Sun Belt,50.0,"[28, 14, 0, 8]",0.9938926831819116,1363.0,1383.0,4.284413171777416,M. M. Roberts Stadium,36000.0,31.32897842661232,-89.33133065700531,36000.0,0.5917777777777777,0
401531436,2023,5,regular,2023-09-30 23:00:00+00:00,False,True,False,False,21494.0,3825.0,DATCU Stadium,249,North Texas,fbs,American Athletic,45.0,"[24, 7, 14, 0]",0.9770708680152892,1332.0,1332.0,2000,Abilene Christian,fcs,UAC,31.0,"[7, 10, 7, 7]",0.0229291319847106,735.0,748.0,2.927887909521877,Apogee Stadium,30850.0,33.20393508408917,-97.15922355651855,30850.0,0.6967260940032415,1
401531878,2023,5,regular,2023-09-30 23:00:00+00:00,False,True,False,True,26483.0,3608.0,Allen E. Paulson Stadium,290,Georgia Southern,fbs,Sun Belt,38.0,"[0, 21, 17, 0]",0.9666593074798584,1513.0,1522.0,324,Coastal Carolina,fbs,Sun Belt,28.0,"[7, 7, 7, 7]",0.0333406925201416,1405.0,1396.0,5.767993346471068,Paulson Stadium,24300.0,32.41221167634779,-81.78317070007324,24300.0,1.0,0
401525852,2023,5,regular,2023-09-30 23:00:00+00:00,False,True,False,True,84371.0,3835.0,"Memorial Stadium (Norman, OK)",201,Oklahoma,fbs,Big 12,50.0,"[21, 19, 7, 3]",0.9872803688049316,1901.0,1939.0,66,Iowa State,fbs,Big 12,20.0,"[10, 10, 0, 0]",0.0127196311950683,1537.0,1499.0,3.647725356830426,Gaylord Family Oklahoma Memorial Stadium,82112.0,35.20589959488508,-97.44255065917967,82112.0,1.0,0
401520291,2023,5,regular,2023-09-30 23:30:00+00:00,False,True,False,True,101915.0,3853.0,Neyland Stadium,2633,Tennessee,fbs,SEC,41.0,"[14, 10, 7, 10]",0.9942319989204408,1883.0,1901.0,2579,South Carolina,fbs,SEC,20.0,"[10, 0, 7, 3]",0.0057680010795593,1567.0,1549.0,3.680708868879232,Neyland Stadium,102455.0,35.95473437262258,-83.92533302307129,102455.0,0.994729393392221,0
401520281,2023,5,regular,2023-09-30 23:30:00+00:00,False,True,False,True,69250.0,3793.0,Kinnick Stadium,2294,Iowa,fbs,Big Ten,26.0,"[3, 7, 3, 13]",0.3244306147098541,1639.0,1644.0,127,Michigan State,fbs,Big Ten,16.0,"[3, 6, 7, 0]",0.6755693852901459,1468.0,1463.0,5.649133292965907,Kinnick Stadium,70585.0,41.65838893680983,-91.55147552490234,70585.0,0.9810866331373521,0
401525438,2023,5,regular,2023-09-30 23:30:00+00:00,False,True,False,False,40768.0,3982.0,Wallace Wade Stadium,150,Duke,fbs,ACC,14.0,"[0, 0, 7, 7]",0.0961888656020164,1675.0,1676.0,87,Notre Dame,fbs,FBS Independents,21.0,"[7, 3, 3, 8]",0.9038111343979836,1857.0,1856.0,5.94357929793094,Wallace Wade Stadium,33941.0,35.9953166502013,-78.94172430038452,33941.0,1.0,0
401531404,2023,5,regular,2023-09-30 23:30:00+00:00,False,True,False,True,25385.0,3735.0,Gerald J. Ford Stadium,2567,SMU,fbs,American Athletic,34.0,"[14, 3, 10, 7]",0.9917144775390624,1498.0,1511.0,2429,Charlotte,fbs,American Athletic,16.0,"[0, 3, 6, 7]",0.0082855224609375,1207.0,1194.0,2.585626728502371,Gerald J. Ford Stadium,32000.0,32.83771580994254,-96.782705783844,32000.0,0.79328125,0
401525516,2023,5,regular,2023-10-01 00:00:00+00:00,False,True,False,True,65632.0,3799.0,Lane Stadium,259,Virginia Tech,fbs,ACC,38.0,"[7, 14, 14, 3]",0.9965137243270874,1369.0,1424.0,221,Pittsburgh,fbs,ACC,21.0,"[7, 0, 14, 0]",0.0034862756729125,1543.0,1488.0,3.3672471674898303,Lane Stadium,66233.0,37.2199742830054,-80.41805505752563,66233.0,0.99092597345734,0
401525853,2023,5,regular,2023-10-01 00:00:00+00:00,False,True,False,True,43736.0,3616.0,Amon G. Carter Stadium,2628,TCU,fbs,Big 12,21.0,"[7, 14, 0, 0]",0.5966730117797852,1692.0,1673.0,277,West Virginia,fbs,Big 12,24.0,"[7, 7, 7, 3]",0.4033269882202148,1473.0,1492.0,6.514074046086148,Amon G. Carter Stadium,45000.0,32.70991596942349,-97.36799597740172,45000.0,0.9719111111111111,0
401531882,2023,5,regular,2023-10-01 00:00:00+00:00,False,True,False,True,19919.0,3817.0,Malone Stadium,2433,UL Monroe,fbs,Sun Belt,40.0,"[14, 14, 12, 0]",0.9083941578865052,1173.0,1189.0,2026,App State,fbs,Sun Belt,41.0,"[14, 14, 7, 6]",0.0916058421134948,1574.0,1558.0,7.3084735785235075,Malone Stadium,30427.0,32.53106869451547,-92.06644075067642,30427.0,0.6546488316298025,0
401532589,2023,5,regular,2023-10-01 00:00:00+00:00,False,True,False,True,24869.0,3713.0,Falcon Stadium,2005,Air Force,fbs,Mountain West,49.0,"[0, 21, 21, 7]",0.9989701087348664,1722.0,1797.0,21,San Diego State,fbs,Mountain West,10.0,"[0, 10, 0, 0]",0.0010298912651336,1436.0,1361.0,3.4758406348,Falcon Stadium,46692.0,38.99690743122685,-104.84368801116943,46692.0,0.5326180073674291,0
401520285,2023,5,regular,2023-10-01 01:00:00+00:00,False,True,False,True,60111.0,3693.0,Davis Wade Stadium,344,Mississippi State,fbs,SEC,17.0,"[0, 10, 7, 0]",0.0,1551.0,1535.0,333,Alabama,fbs,SEC,40.0,"[14, 17, 3, 6]",1.0,1959.0,1975.0,3.535895562373643,Davis Wade Stadium,61337.0,33.456230599072065,-88.79342436790466,61337.0,0.9800120644961442,0
401524021,2023,5,regular,2023-10-01 02:00:00+00:00,False,True,False,True,50800.0,3619.0,Arizona Stadium,12,Arizona,fbs,Pac-12,24.0,"[0, 10, 7, 7]",0.0851989090442657,1446.0,1466.0,264,Washington,fbs,Pac-12,31.0,"[14, 7, 7, 3]",0.9148010909557344,1920.0,1900.0,3.925364319740488,Arizona Stadium,51811.0,32.228340232071496,-110.94903945922852,51811.0,0.9804867692188918,0
401532587,2023,5,regular,2023-10-01 02:30:00+00:00,False,True,False,True,39246.0,3660.0,Valley Children's Stadium,278,Fresno State,fbs,Mountain West,27.0,"[7, 7, 6, 7]",0.9159528017044068,1787.0,1777.0,2440,Nevada,fbs,Mountain West,9.0,"[0, 0, 0, 9]",0.0840471982955932,1214.0,1224.0,2.844696026813983,Bulldog Stadium,41031.0,36.81431969524593,-119.75810156690552,41031.0,0.9564963076698106,0
401520294,2023,6,regular,2023-10-05 00:00:00+00:00,False,True,False,True,13066.0,3725.0,Johnny Red Floyd Stadium,2393,Middle Tennessee,fbs,Conference USA,30.0,"[3, 20, 0, 7]",0.0502938069403171,1289.0,1275.0,55,Jacksonville State,fbs,Conference USA,45.0,"[0, 7, 17, 21]",0.9497061930596828,1510.0,1524.0,6.812914146212349,"Johnny ""Red"" Floyd Stadium",31000.0,35.85110908054087,-86.36844992637634,31000.0,0.4214838709677419,0
401520297,2023,6,regular,2023-10-05 01:00:00+00:00,False,True,False,True,11540.0,3601.0,Aggie Memorial Stadium,166,New Mexico State,fbs,Conference USA,34.0,"[7, 7, 3, 17]",0.9688563346862792,1261.0,1282.0,2229,Florida International,fbs,Conference USA,17.0,"[7, 7, 3, 0]",0.0311436653137207,1084.0,1063.0,4.99607174843075,Aggie Memorial Stadium,30343.0,32.27974938226407,-106.74113631248474,30343.0,0.3803183600830505,0
401520296,2023,6,regular,2023-10-05 23:00:00+00:00,False,True,False,True,17100.0,3992.0,Williams Stadium (VA),2335,Liberty,fbs,Conference USA,21.0,"[7, 14, 0, 0]",0.8861292004585266,1574.0,1572.0,2534,Sam Houston,fbs,Conference USA,16.0,"[10, 0, 6, 0]",0.1138707995414733,1391.0,1393.0,4.529507367435725,Williams Stadium,19200.0,37.354414,-79.175047,19200.0,0.890625,0
401520295,2023,6,regular,2023-10-06 00:00:00+00:00,False,True,False,True,13014.0,3776.0,Joe Aillet Stadium,2348,Louisiana Tech,fbs,Conference USA,28.0,"[7, 0, 14, 7]",0.3448742032051086,1243.0,1251.0,98,Western Kentucky,fbs,Conference USA,35.0,"[21, 14, 0, 0]",0.6551257967948914,1537.0,1529.0,5.083572452855961,Joe Aillet Stadium,30600.0,32.53223809915824,-92.6560188758494,30600.0,0.4252941176470588,0
401525857,2023,6,regular,2023-10-06 23:30:00+00:00,False,True,False,True,53855.0,3646.0,Boone Pickens Stadium,197,Oklahoma State,fbs,Big 12,29.0,"[10, 10, 6, 3]",0.9951049089431764,1462.0,1497.0,2306,Kansas State,fbs,Big 12,21.0,"[0, 7, 8, 6]",0.0048950910568237,1804.0,1769.0,3.237226737734322,Boone Pickens Stadium,60218.0,36.12570866235855,-97.06650495529176,60218.0,0.8943339200903384,0
401520301,2023,6,regular,2023-10-07 00:00:00+00:00,False,True,False,True,46703.0,3832.0,"Memorial Stadium (Champaign, IL)",356,Illinois,fbs,Big Ten,7.0,"[0, 7, 0, 0]",0.0,1517.0,1479.0,158,Nebraska,fbs,Big Ten,20.0,"[3, 14, 3, 0]",1.0,1432.0,1470.0,3.624614678870994,Memorial Stadium,60670.0,40.09930573133053,-88.23598623275757,60670.0,0.7697873743200923,0
401520298,2023,6,regular,2023-10-07 16:00:00+00:00,False,True,False,False,34017.0,3841.0,Michie Stadium,349,Army,fbs,FBS Independents,24.0,"[0, 3, 14, 7]",0.4046208262443542,1495.0,1478.0,103,Boston College,fbs,ACC,27.0,"[6, 7, 7, 7]",0.5953791737556458,1298.0,1315.0,5.357120972829357,Michie Stadium,38000.0,41.38708043477422,-73.96408081054688,38000.0,0.8951842105263158,0
401526837,2023,6,regular,2023-10-07 16:00:00+00:00,False,True,False,False,9623.0,3985.0,Warren McGuirk Alumni Stadium,113,Massachusetts,fbs,FBS Independents,24.0,"[7, 14, 3, 0]",0.0490994900465011,984.0,993.0,2649,Toledo,fbs,Mid-American,41.0,"[10, 7, 21, 3]",0.9509005099534988,1509.0,1500.0,5.663312052648997,Warren McGuirk Alumni Stadium,17000.0,42.377513236004525,-72.53562686052412,17000.0,0.5660588235294117,0
401520304,2023,6,regular,2023-10-07 16:00:00+00:00,False,True,False,False,47158.0,3693.0,Davis Wade Stadium,344,Mississippi State,fbs,SEC,41.0,"[10, 7, 14, 10]",0.9797731637954712,1535.0,1538.0,2711,Western Michigan,fbs,Mid-American,28.0,"[0, 7, 14, 7]",0.0202268362045288,1249.0,1246.0,3.6895740148417406,Davis Wade Stadium,61337.0,33.456230599072065,-88.79342436790466,61337.0,0.7688344718522262,0
401525522,2023,6,regular,2023-10-07 16:00:00+00:00,False,True,False,False,38289.0,3923.0,Scott Stadium,258,Virginia,fbs,ACC,27.0,"[3, 17, 0, 7]",0.7479106187820435,1311.0,1311.0,2729,William & Mary,fcs,Coastal Athletic,13.0,"[6, 7, 0, 0]",0.2520893812179565,735.0,748.0,4.573226439651725,Scott Stadium,61500.0,38.03112372855688,-78.51370811462402,61500.0,0.6225853658536585,1
401520311,2023,6,regular,2023-10-07 16:00:00+00:00,False,True,False,True,74885.0,347.0,Camp Randall Stadium,275,Wisconsin,fbs,Big Ten,24.0,"[3, 14, 0, 7]",0.9973859786987304,1706.0,1706.0,164,Rutgers,fbs,Big Ten,13.0,"[0, 0, 6, 7]",0.0026140213012695,1435.0,1435.0,3.1096684034932807,Camp Randall Stadium,80321.0,43.06993802646878,-89.41274642944336,80321.0,0.9323215597415371,0
401520305,2023,6,regular,2023-10-07 16:00:00+00:00,False,True,False,True,62621.0,3838.0,Memorial Stadium,142,Missouri,fbs,SEC,39.0,"[15, 10, 7, 7]",0.0032364812213927,1529.0,1526.0,99,LSU,fbs,SEC,49.0,"[7, 10, 10, 22]",0.9967635187786072,1740.0,1743.0,7.433456205853879,Faurot Field,71168.0,38.93589529672232,-92.33311414718628,71168.0,0.8799038893884892,0
401520307,2023,6,regular,2023-10-07 16:00:00+00:00,False,True,False,True,104974.0,3861.0,Ohio Stadium,194,Ohio State,fbs,Big Ten,37.0,"[0, 10, 10, 17]",1.0,2022.0,2040.0,120,Maryland,fbs,Big Ten,17.0,"[7, 3, 7, 0]",0.0,1724.0,1706.0,5.056312234803054,Ohio Stadium,104944.0,40.0016856893694,-83.01972806453705,104944.0,1.0,0
401532415,2023,6,regular,2023-10-07 18:00:00+00:00,False,True,False,True,12093.0,3965.0,UB Stadium,2084,Buffalo,fbs,Mid-American,37.0,"[10, 13, 14, 0]",1.0,1329.0,1391.0,2117,Central Michigan,fbs,Mid-American,13.0,"[0, 7, 0, 6]",0.0,1344.0,1282.0,3.0871880879897184,UB Stadium,29013.0,42.99906838239644,-78.7775194644928,29013.0,0.4168131527246407,0
401531389,2023,6,regular,2023-10-07 18:00:00+00:00,False,True,False,True,18388.0,3806.0,Lincoln Financial Field,218,Temple,fbs,American Athletic,34.0,"[14, 7, 0, 13]",0.0654812604188919,1102.0,1106.0,2636,UTSA,fbs,American Athletic,49.0,"[7, 21, 7, 14]",0.934518739581108,1522.0,1518.0,6.048656816675457,Lincoln Financial Field,68532.0,39.900748900488125,-75.16749143600464,68532.0,0.2683126130858577,0
401525521,2023,6,regular,2023-10-07 18:00:00+00:00,False,True,False,False,56919.0,3670.0,Carter-Finley Stadium,152,NC State,fbs,ACC,48.0,"[7, 14, 14, 13]",0.8210527300834656,1525.0,1537.0,276,Marshall,fbs,Sun Belt,41.0,"[14, 10, 10, 7]",0.1789472699165344,1575.0,1563.0,6.477606592460911,Carter–Finley Stadium,57583.0,35.80075968207897,-78.71948719024658,57583.0,0.9884688189222514,0
401520306,2023,6,regular,2023-10-07 19:00:00+00:00,False,True,False,False,22160.0,3911.0,Ryan Field,77,Northwestern,fbs,Big Ten,23.0,"[9, 7, 7, 0]",0.9399002194404602,1311.0,1311.0,47,Howard,fcs,MEAC,20.0,"[0, 0, 7, 13]",0.0600997805595397,735.0,748.0,2.893397865844945,Ryan Field,47130.0,42.06539966752991,-87.69249558448792,47130.0,0.4701888393804371,1
401524028,2023,6,regular,2023-10-07 19:00:00+00:00,False,True,False,True,35437.0,1056.0,Rose Bowl,26,UCLA,fbs,Pac-12,25.0,"[0, 9, 3, 13]",0.7728256583213806,1678.0,1687.0,265,Washington State,fbs,Pac-12,17.0,"[3, 7, 7, 0]",0.2271743416786193,1624.0,1615.0,6.949164487250283,Rose Bowl,92542.0,34.16156958726264,-118.1676149368286,92542.0,0.38292883231397634,0
401520302,2023,6,regular,2023-10-07 19:30:00+00:00,False,True,False,True,69250.0,3793.0,Kinnick Stadium,2294,Iowa,fbs,Big Ten,20.0,"[7, 3, 3, 7]",0.9511206150054932,1644.0,1645.0,2509,Purdue,fbs,Big Ten,14.0,"[0, 7, 0, 7]",0.0488793849945068,1516.0,1515.0,4.102013408268936,Kinnick Stadium,70585.0,41.65838893680983,-91.55147552490234,70585.0,0.9810866331373521,0
401532414,2023,6,regular,2023-10-07 19:30:00+00:00,False,True,False,True,18696.0,3912.0,Rynearson Stadium,2199,Eastern Michigan,fbs,Mid-American,24.0,"[3, 14, 7, 0]",0.8805626630783081,1363.0,1373.0,2050,Ball State,fbs,Mid-American,10.0,"[3, 7, 0, 0]",0.1194373369216919,1147.0,1137.0,3.509865449032125,Rynearson Stadium,30200.0,42.2557607087688,-83.64775657653809,30200.0,0.6190728476821192,0
401531433,2023,6,regular,2023-10-07 19:30:00+00:00,False,True,False,True,28648.0,3852.0,Navy-Marine Corps Memorial Stadium,2426,Navy,fbs,American Athletic,27.0,"[0, 13, 7, 7]",0.979992151260376,1347.0,1348.0,249,North Texas,fbs,American Athletic,24.0,"[3, 7, 0, 14]",0.020007848739624,1328.0,1327.0,5.80292595536438,Navy–Marine Corps Memorial Stadium,34000.0,38.98483263543365,-76.5071153640747,34000.0,0.8425882352941176,0
401525518,2023,6,regular,2023-10-07 19:30:00+00:00,False,True,False,True,79560.0,3697.0,Doak Campbell Stadium,52,Florida State,fbs,ACC,39.0,"[22, 0, 10, 7]",0.979386568069458,1871.0,1880.0,259,Virginia Tech,fbs,ACC,17.0,"[0, 10, 7, 0]",0.0206134319305419,1424.0,1415.0,2.667571120070563,Bobby Bowden Field at Doak Campbell Stadium,82300.0,30.437547584621285,-84.30453398103501,82300.0,0.9667071688942892,0
401525520,2023,6,regular,2023-10-07 19:30:00+00:00,False,True,False,True,50500.0,3787.0,Kenan Stadium,153,North Carolina,fbs,ACC,40.0,"[10, 17, 10, 3]",0.9795660376548768,1671.0,1752.0,183,Syracuse,fbs,ACC,7.0,"[0, 0, 7, 0]",0.0204339623451232,1593.0,1512.0,2.0038410378575278,Kenan Memorial Stadium,62980.0,35.90698834747853,-79.04791831970215,62980.0,0.8018418545570022,0
401532418,2023,6,regular,2023-10-07 19:30:00+00:00,False,True,False,True,8216.0,3768.0,InfoCision Stadium,2006,Akron,fbs,Mid-American,14.0,"[7, 0, 7, 0]",0.0054691070690751,1228.0,1107.0,2459,Northern Illinois,fbs,Mid-American,55.0,"[7, 28, 20, 0]",0.9945308929309248,1252.0,1373.0,3.2515947866175527,Summa Field at InfoCision Stadium,30000.0,41.07256951528711,-81.50838375091553,30000.0,0.27386666666666665,0
401520310,2023,6,regular,2023-10-07 19:30:00+00:00,False,True,False,True,108101.0,3795.0,Kyle Field,245,Texas A&M,fbs,SEC,20.0,"[3, 14, 0, 3]",0.1074328199028968,1733.0,1739.0,333,Alabama,fbs,SEC,26.0,"[3, 7, 14, 2]",0.8925671800971031,1975.0,1969.0,5.699595515921176,Kyle Field,102733.0,30.61009757817476,-96.34072922859283,102733.0,1.0,0
401525517,2023,6,regular,2023-10-07 19:30:00+00:00,False,True,False,True,80810.0,3836.0,"Memorial Stadium (Clemson, SC)",228,Clemson,fbs,ACC,17.0,"[0, 7, 3, 7]",0.6832976341247559,1748.0,1745.0,154,Wake Forest,fbs,ACC,12.0,"[3, 0, 3, 6]",0.3167023658752441,1545.0,1548.0,4.083374053175454,Memorial Stadium,81500.0,34.67874665741346,-82.84317970275879,81500.0,0.9915337423312883,0
401532416,2023,6,regular,2023-10-07 19:30:00+00:00,False,True,False,True,19047.0,3996.0,Yager Stadium,193,Miami (OH),fbs,Mid-American,27.0,"[7, 7, 10, 3]",0.9408820867538452,1392.0,1444.0,189,Bowling Green,fbs,Mid-American,0.0,"[0, 0, 0, 0]",0.0591179132461547,1237.0,1185.0,2.1334289336322425,Yager Stadium,24286.0,39.51942113142349,-84.73335450140017,24286.0,0.7842790084822532,0
401532417,2023,6,regular,2023-10-07 19:30:00+00:00,False,True,False,True,22945.0,3876.0,Peden Stadium,195,Ohio,fbs,Mid-American,42.0,"[0, 21, 14, 7]",0.989249050617218,1542.0,1563.0,2309,Kent State,fbs,Mid-American,17.0,"[0, 7, 3, 7]",0.0107509493827819,1150.0,1129.0,3.8041466754600974,Peden Stadium,24000.0,39.32130908459409,-82.10343944652357,24000.0,0.9560416666666667,0
401531884,2023,6,regular,2023-10-07 19:30:00+00:00,False,True,False,True,15053.0,3666.0,Cajun Field,309,Louisiana,fbs,Sun Belt,34.0,"[7, 7, 7, 13]",0.9321829080581664,1544.0,1542.0,326,Texas State,fbs,Sun Belt,30.0,"[10, 10, 3, 7]",0.0678170919418335,1383.0,1385.0,6.516799036147837,Cajun Field,36900.0,30.21579609675613,-92.01626413552384,36900.0,0.407940379403794,0
401520299,2023,6,regular,2023-10-07 20:00:00+00:00,False,True,False,True,89432.0,3634.0,Ben Hill Griffin Stadium,57,Florida,fbs,SEC,38.0,"[7, 14, 7, 10]",0.9834399223327636,1565.0,1595.0,238,Vanderbilt,fbs,SEC,14.0,"[7, 0, 7, 0]",0.0165600776672363,1289.0,1259.0,3.059374850283714,Ben Hill Griffin Stadium,88548.0,29.649868677972304,-82.34866619110107,88548.0,1.0,0
401525860,2023,6,regular,2023-10-07 20:00:00+00:00,False,True,False,True,46107.0,3833.0,Memorial Stadium,2305,Kansas,fbs,Big 12,51.0,"[3, 21, 13, 14]",0.9958160519599916,1458.0,1559.0,2116,UCF,fbs,Big 12,22.0,"[0, 0, 8, 14]",0.0041839480400085,1641.0,1540.0,2.360460119367647,Memorial Stadium,50071.0,38.96294598898537,-95.2463150024414,50071.0,0.9208324179664876,0
401531887,2023,6,regular,2023-10-07 20:00:00+00:00,False,True,False,True,26957.0,3975.0,Veterans Memorial Stadium (AL),2653,Troy,fbs,Sun Belt,37.0,"[7, 13, 3, 14]",0.9438629150390624,1563.0,1604.0,2032,Arkansas State,fbs,Sun Belt,3.0,"[0, 0, 0, 3]",0.0561370849609375,1118.0,1077.0,1.7334231671224114,Veterans Memorial Stadium,30000.0,31.799527415252125,-85.95217691586194,30000.0,0.8985666666666666,0
401520309,2023,6,regular,2023-10-07 21:00:00+00:00,False,True,False,False,21207.0,3895.0,Rice Stadium,242,Rice,fbs,American Athletic,31.0,"[14, 0, 7, 10]",0.1215017139911651,1204.0,1189.0,41,UConn,fbs,FBS Independents,38.0,"[0, 20, 8, 10]",0.8784982860088348,1177.0,1192.0,5.6248837212591605,Rice Stadium,47000.0,29.71623402909437,-95.40926456451416,47000.0,0.4512127659574468,0
401531340,2023,6,regular,2023-10-07 22:00:00+00:00,False,True,False,True,21077.0,3715.0,FAU Stadium,2226,Florida Atlantic,fbs,American Athletic,20.0,"[14, 3, 0, 3]",0.427341490983963,1356.0,1357.0,202,Tulsa,fbs,American Athletic,17.0,"[0, 7, 3, 7]",0.572658509016037,1331.0,1330.0,3.863723810861101,FAU Stadium,30000.0,26.3754535636523,-80.10168313980103,30000.0,0.7025666666666667,0
401524026,2023,6,regular,2023-10-07 22:30:00+00:00,False,True,False,True,54086.0,3947.0,Mountain America Stadium,9,Arizona State,fbs,Pac-12,24.0,"[7, 10, 0, 7]",0.3083532713626531,1405.0,1393.0,38,Colorado,fbs,Pac-12,27.0,"[7, 7, 0, 13]",0.6916467286373469,1281.0,1293.0,8.042389863,Sun Devil Stadium Frank Kush Field,71706.0,33.426364,-111.932616,71706.0,0.7542743982372465,0
401520300,2023,6,regular,2023-10-07 23:00:00+00:00,False,True,False,True,92746.0,3917.0,Sanford Stadium,61,Georgia,fbs,SEC,51.0,"[14, 20, 10, 7]",0.9830808639526368,2037.0,2103.0,96,Kentucky,fbs,SEC,13.0,"[0, 7, 6, 0]",0.0169191360473632,1711.0,1645.0,1.8737033893454944,Sanford Stadium,92746.0,33.949821489498824,-83.37344169616699,92746.0,1.0,0
401531886,2023,6,regular,2023-10-07 23:00:00+00:00,False,True,False,True,23011.0,3815.0,M. M. Roberts Stadium,2572,Southern Miss,fbs,Sun Belt,13.0,"[10, 0, 3, 0]",0.8407377004623413,1215.0,1218.0,295,Old Dominion,fbs,Sun Belt,17.0,"[0, 7, 3, 7]",0.1592622995376587,1369.0,1366.0,4.763095152461752,M. M. Roberts Stadium,36000.0,31.32897842661232,-89.33133065700531,36000.0,0.6391944444444444,0
401531885,2023,6,regular,2023-10-07 23:00:00+00:00,False,True,False,True,12099.0,3817.0,Malone Stadium,2433,UL Monroe,fbs,Sun Belt,7.0,"[0, 7, 0, 0]",0.0054691070690751,1189.0,1087.0,6,South Alabama,fbs,Sun Belt,55.0,"[14, 17, 14, 10]",0.9945308929309248,1511.0,1613.0,3.309444773792867,Malone Stadium,30427.0,32.53106869451547,-92.06644075067642,30427.0,0.3976402537220232,0
401520303,2023,6,regular,2023-10-07 23:30:00+00:00,False,True,False,True,52179.0,3953.0,Huntington Bank Stadium,135,Minnesota,fbs,Big Ten,10.0,"[3, 7, 0, 0]",0.000388187256865,1649.0,1571.0,130,Michigan,fbs,Big Ten,52.0,"[10, 14, 21, 7]",0.9996118127431348,2004.0,2082.0,2.6349960001,TCF Bank Stadium,52525.0,44.97652496911191,-93.224575817585,52525.0,0.9934126606377915,0
401520308,2023,6,regular,2023-10-07 23:30:00+00:00,False,True,False,True,65748.0,3974.0,Vaught-Hemingway Stadium,145,Ole Miss,fbs,SEC,27.0,"[10, 7, 0, 10]",0.9921488165855408,1679.0,1685.0,8,Arkansas,fbs,SEC,20.0,"[7, 0, 6, 7]",0.0078511834144592,1610.0,1604.0,5.736668111924412,Vaught–Hemingway Stadium,60580.0,34.362154302992906,-89.53414626020904,60580.0,1.0,0
401525439,2023,6,regular,2023-10-07 23:37:00+00:00,False,True,False,False,59081.0,3873.0,L&N Federal Credit Union Stadium,97,Louisville,fbs,ACC,33.0,"[7, 0, 10, 16]",1.0,1677.0,1718.0,87,Notre Dame,fbs,FBS Independents,20.0,"[0, 7, 6, 7]",0.0,1856.0,1815.0,5.006854257990034,Papa John's Cardinal Stadium,55000.0,38.20542168521144,-85.75810561566809,55000.0,1.0,0
401525519,2023,6,regular,2023-10-08 00:00:00+00:00,False,True,False,True,58045.0,3948.0,Hard Rock Stadium,2390,Miami,fbs,ACC,20.0,"[0, 3, 7, 10]",0.3147236704826355,1584.0,1564.0,59,Georgia Tech,fbs,ACC,23.0,"[0, 0, 14, 9]",0.6852763295173645,1349.0,1369.0,6.870599135438727,Sun Life Stadium,65326.0,25.957933739028963,-80.23884057998657,65326.0,0.888543612038086,0
401532592,2023,6,regular,2023-10-08 00:00:00+00:00,False,True,False,True,37491.0,3653.0,Albertsons Stadium,68,Boise State,fbs,Mountain West,35.0,"[0, 14, 7, 14]",0.8191461563110352,1541.0,1541.0,23,San José State,fbs,Mountain West,27.0,"[14, 13, 0, 0]",0.1808538436889648,1348.0,1348.0,4.566747407952392,Albertsons Stadium,37000.0,43.6027080538683,-116.19591236114502,37000.0,1.0,0
401532591,2023,6,regular,2023-10-08 00:00:00+00:00,False,True,False,True,20788.0,3984.0,War Memorial Stadium,2751,Wyoming,fbs,Mountain West,24.0,"[3, 21, 0, 0]",0.8327698111534119,1401.0,1423.0,278,Fresno State,fbs,Mountain West,19.0,"[0, 7, 3, 9]",0.1672301888465881,1777.0,1755.0,3.726449776165836,War Memorial Stadium,29181.0,41.31193599299248,-105.56906461715698,29181.0,0.7123813440252219,0
401525858,2023,6,regular,2023-10-08 00:00:00+00:00,False,True,False,True,44620.0,4727.0,McLane Stadium,239,Baylor,fbs,Big 12,14.0,"[0, 3, 0, 11]",0.0081193419173359,1514.0,1459.0,2641,Texas Tech,fbs,Big 12,39.0,"[7, 10, 7, 15]",0.991880658082664,1613.0,1668.0,3.350486459826747,McLane Stadium,45140.0,31.55866263551169,-97.11560010910034,45140.0,0.9884802835622508,0
401525859,2023,6,regular,2023-10-08 00:00:00+00:00,False,True,False,True,60535.0,3772.0,Jack Trice Stadium,66,Iowa State,fbs,Big 12,27.0,"[7, 3, 14, 3]",0.94041109085083,1499.0,1540.0,2628,TCU,fbs,Big 12,14.0,"[0, 7, 0, 7]",0.0595889091491699,1673.0,1632.0,4.107447691886094,Jack Trice Stadium,61500.0,42.01400541108485,-93.6358094215393,61500.0,0.9843089430894308,0
401532590,2023,6,regular,2023-10-08 00:00:00+00:00,False,True,False,True,22864.0,3905.0,Maverik Stadium,328,Utah State,fbs,Mountain West,44.0,"[3, 14, 14, 13]",1.0,1376.0,1415.0,36,Colorado State,fbs,Mountain West,24.0,"[17, 0, 0, 7]",0.0,1299.0,1260.0,5.422043305674423,Romney Stadium,25513.0,41.75153188612883,-111.81210567885644,25513.0,0.8961705797044643,0
401524027,2023,6,regular,2023-10-08 02:00:00+00:00,False,True,False,True,34930.0,3831.0,California Memorial Stadium,25,California,fbs,Pac-12,40.0,"[0, 17, 15, 8]",0.0896538272500038,1518.0,1514.0,204,Oregon State,fbs,Pac-12,52.0,"[7, 14, 14, 17]",0.9103461727499962,1770.0,1774.0,6.779777148974061,California Memorial Stadium,62717.0,37.87068660370429,-122.2507095336914,62717.0,0.5569462825071352,0
401524025,2023,6,regular,2023-10-08 02:30:00+00:00,False,True,False,True,62916.0,477.0,Los Angeles Memorial Coliseum,30,USC,fbs,Pac-12,43.0,"[0, 14, 7, 7, 7, 6, 2]",0.4631953835487366,1850.0,1845.0,12,Arizona,fbs,Pac-12,41.0,"[10, 7, 3, 8, 7, 6, 0]",0.5368046164512634,1466.0,1471.0,9.078427873212048,Los Angeles Memorial Coliseum,93607.0,34.01400974062912,-118.28789591789246,93607.0,0.6721292211052592,0
401520313,2023,7,regular,2023-10-10 23:00:00+00:00,False,True,False,True,9602.0,3725.0,Johnny Red Floyd Stadium,2393,Middle Tennessee,fbs,Conference USA,31.0,"[10, 7, 7, 7]",0.9571231007575988,1275.0,1285.0,2348,Louisiana Tech,fbs,Conference USA,23.0,"[6, 3, 7, 7]",0.0428768992424011,1251.0,1241.0,3.8771275335637023,"Johnny ""Red"" Floyd Stadium",31000.0,35.85110908054087,-86.36844992637634,31000.0,0.30974193548387097,0
401520312,2023,7,regular,2023-10-10 23:30:00+00:00,False,True,False,True,21745.0,3662.0,AmFirst Stadium,55,Jacksonville State,fbs,Conference USA,13.0,"[7, 3, 3, 0]",0.1292966902256012,1524.0,1485.0,2335,Liberty,fbs,Conference USA,31.0,"[0, 10, 7, 14]",0.8707033097743988,1572.0,1611.0,4.863100754192201,JSU Stadium,24000.0,33.82031030570401,-85.76646566390991,24000.0,0.9060416666666666,0
401531888,2023,7,regular,2023-10-10 23:30:00+00:00,False,True,False,True,34252.0,3792.0,Kidd Brewer Stadium,2026,App State,fbs,Sun Belt,24.0,"[0, 10, 7, 7]",0.1884561777114868,1558.0,1543.0,324,Coastal Carolina,fbs,Sun Belt,27.0,"[14, 3, 7, 3]",0.8115438222885132,1396.0,1411.0,5.807297511875181,Kidd Brewer Stadium,40168.0,36.21151530169309,-81.68550610542297,24050.0,0.8527185819557856,0
401520314,2023,7,regular,2023-10-11 23:30:00+00:00,False,True,False,True,14872.0,218.0,FIU Stadium,2229,Florida International,fbs,Conference USA,14.0,"[0, 7, 7, 0]",0.003558877389878,1063.0,1045.0,2638,UTEP,fbs,Conference USA,27.0,"[21, 3, 0, 3]",0.996441122610122,1178.0,1196.0,3.6004687971826272,FIU Stadium,23500.0,25.75249278747405,-80.37786483764648,23500.0,0.6328510638297873,0
401520315,2023,7,regular,2023-10-12 01:00:00+00:00,False,True,False,True,12812.0,3601.0,Aggie Memorial Stadium,166,New Mexico State,fbs,Conference USA,27.0,"[14, 13, 0, 0]",0.9861035346984864,1282.0,1320.0,2534,Sam Houston,fbs,Conference USA,13.0,"[0, 0, 6, 7]",0.0138964653015136,1393.0,1355.0,2.1038656522345605,Aggie Memorial Stadium,30343.0,32.27974938226407,-106.74113631248474,30343.0,0.42223906667106087,0
401525862,2023,7,regular,2023-10-12 23:00:00+00:00,False,True,False,True,32152.0,4728.0,TDECU Stadium,248,Houston,fbs,Big 12,41.0,"[7, 7, 7, 20]",0.3870983719825744,1543.0,1543.0,277,West Virginia,fbs,Big 12,39.0,"[10, 0, 7, 22]",0.6129016280174255,1492.0,1492.0,8.637620789657314,TDECU Stadium,40000.0,29.721767963293527,-95.34909841095214,40000.0,0.8038,0
401531415,2023,7,regular,2023-10-12 23:30:00+00:00,False,True,False,True,33444.0,3699.0,Dowdy-Ficklen Stadium,151,East Carolina,fbs,American Athletic,10.0,"[0, 10, 0, 0]",0.2817571759223938,1398.0,1357.0,2567,SMU,fbs,American Athletic,31.0,"[14, 0, 0, 17]",0.7182428240776062,1511.0,1552.0,5.532196110765795,Dowdy–Ficklen Stadium,50000.0,35.59642579698931,-77.36522912979126,50000.0,0.66888,0
401531371,2023,7,regular,2023-10-13 23:00:00+00:00,False,True,False,True,35609.0,3805.0,Simmons Bank Liberty Stadium,235,Memphis,fbs,American Athletic,21.0,"[0, 14, 7, 0]",0.1057101339101791,1559.0,1545.0,2655,Tulane,fbs,American Athletic,31.0,"[7, 3, 7, 14]",0.8942898660898209,1636.0,1650.0,5.765526681014673,Liberty Bowl Memorial Stadium,62380.0,35.120856917268995,-89.97805741128388,62380.0,0.5708400128246233,0
401532594,2023,7,regular,2023-10-14 00:00:00+00:00,False,True,False,True,17220.0,3905.0,Maverik Stadium,328,Utah State,fbs,Mountain West,32.0,"[7, 7, 3, 15]",0.6022870540618896,1415.0,1429.0,278,Fresno State,fbs,Mountain West,37.0,"[7, 7, 14, 9]",0.3977129459381103,1755.0,1741.0,7.726538605231231,Romney Stadium,25513.0,41.75153188612883,-111.81210567885644,25513.0,0.6749500254772077,0
401524029,2023,7,regular,2023-10-14 02:00:00+00:00,False,True,False,True,53154.0,3726.0,Folsom Field,38,Colorado,fbs,Pac-12,43.0,"[14, 15, 0, 7, 7, 0]",0.6896331906318665,1293.0,1285.0,24,Stanford,fbs,Pac-12,46.0,"[0, 0, 19, 17, 7, 3]",0.3103668093681335,1237.0,1245.0,8.554686835735188,Folsom Field,50183.0,40.00939837446321,-105.26688694953918,50183.0,1.0,0
401520323,2023,7,regular,2023-10-14 16:00:00+00:00,False,True,False,True,57319.0,3907.0,Ross-Ade Stadium,2509,Purdue,fbs,Big Ten,7.0,"[0, 0, 0, 7]",0.0,1515.0,1482.0,194,Ohio State,fbs,Big Ten,41.0,"[13, 7, 14, 7]",1.0,2040.0,2073.0,2.9590312515287254,Ross–Ade Stadium,56400.0,40.434323,-86.918485,56400.0,1.0,0
401525863,2023,7,regular,2023-10-14 16:00:00+00:00,False,True,False,True,38193.0,3854.0,Nippert Stadium,2132,Cincinnati,fbs,Big 12,10.0,"[7, 0, 3, 0]",0.0,1577.0,1522.0,66,Iowa State,fbs,Big 12,30.0,"[3, 14, 6, 7]",1.0,1540.0,1595.0,3.6554649578272302,Nippert Stadium,40000.0,39.13128425273405,-84.51626143741578,40000.0,0.954825,0
401520316,2023,7,regular,2023-10-14 16:00:00+00:00,False,True,False,True,100077.0,3657.0,Bryant-Denny Stadium,333,Alabama,fbs,SEC,24.0,"[7, 14, 3, 0]",0.9433117531744128,1969.0,1966.0,8,Arkansas,fbs,SEC,21.0,"[6, 0, 7, 8]",0.0566882468255872,1604.0,1607.0,6.0834716855,Bryant–Denny Stadium,101821.0,33.2074899449518,-87.5503921508789,101821.0,0.9828719026526944,0
401525524,2023,7,regular,2023-10-14 16:00:00+00:00,False,True,False,True,79560.0,3697.0,Doak Campbell Stadium,52,Florida State,fbs,ACC,41.0,"[7, 10, 7, 17]",0.9414401650428772,1880.0,1941.0,183,Syracuse,fbs,ACC,3.0,"[0, 3, 0, 0]",0.0585598349571228,1512.0,1451.0,2.519018616815861,Bobby Bowden Field at Doak Campbell Stadium,82300.0,30.437547584621285,-84.30453398103501,82300.0,0.9667071688942892,0
401520324,2023,7,regular,2023-10-14 16:00:00+00:00,False,True,False,True,52879.0,6577.0,SHI Stadium,164,Rutgers,fbs,Big Ten,27.0,"[3, 3, 0, 21]",0.8582224249839783,1435.0,1436.0,127,Michigan State,fbs,Big Ten,24.0,"[7, 10, 7, 0]",0.1417775750160217,1463.0,1462.0,5.323350439799666,High Point Solutions Stadium,52454.0,40.51378289308872,-74.46504457087282,52454.0,1.0,0
401531390,2023,7,regular,2023-10-14 16:00:00+00:00,False,True,False,True,13678.0,3825.0,DATCU Stadium,249,North Texas,fbs,American Athletic,45.0,"[14, 10, 7, 14]",0.9854303002357484,1327.0,1384.0,218,Temple,fbs,American Athletic,14.0,"[7, 7, 0, 0]",0.0145696997642517,1106.0,1049.0,3.5753481065243786,Apogee Stadium,30850.0,33.20393508408917,-97.15922355651855,30850.0,0.4433711507293355,0
401532422,2023,7,regular,2023-10-14 16:00:00+00:00,False,True,False,True,18443.0,3912.0,Rynearson Stadium,2199,Eastern Michigan,fbs,Mid-American,28.0,"[7, 7, 7, 7]",0.7606979012489319,1373.0,1381.0,2309,Kent State,fbs,Mid-American,14.0,"[0, 0, 7, 7]",0.2393020987510681,1129.0,1121.0,3.1549905954990782,Rynearson Stadium,30200.0,42.2557607087688,-83.64775657653809,30200.0,0.6106953642384106,0
401520321,2023,7,regular,2023-10-14 16:00:00+00:00,False,True,False,True,110264.0,3558.0,Michigan Stadium,130,Michigan,fbs,Big Ten,52.0,"[0, 21, 17, 14]",0.9902434945106506,2082.0,2123.0,84,Indiana,fbs,Big Ten,7.0,"[7, 0, 0, 0]",0.0097565054893493,1360.0,1319.0,2.8721755661931594,Michigan Stadium,107601.0,42.26586873251738,-83.7487256526947,107601.0,1.0,0
401531890,2023,7,regular,2023-10-14 16:00:00+00:00,False,True,False,True,25097.0,3651.0,Bridgeforth Stadium,256,James Madison,fbs,Sun Belt,41.0,"[14, 6, 21, 0]",0.9857033491134644,1598.0,1662.0,290,Georgia Southern,fbs,Sun Belt,13.0,"[0, 6, 0, 7]",0.0142966508865356,1522.0,1458.0,2.2984936985837336,Bridgeforth Stadium,24878.0,38.43508893585215,-78.87340330403673,24878.0,1.0,0
401520327,2023,7,regular,2023-10-14 16:00:00+00:00,False,True,False,True,28500.0,3973.0,FirstBank Stadium,238,Vanderbilt,fbs,SEC,20.0,"[7, 0, 0, 13]",0.3490524888038635,1259.0,1292.0,61,Georgia,fbs,SEC,37.0,"[7, 17, 3, 10]",0.6509475111961365,2103.0,2070.0,3.252757605678285,Vanderbilt Stadium,40350.0,36.14355849696379,-86.80877208709717,40350.0,0.7063197026022305,0
401532419,2023,7,regular,2023-10-14 18:00:00+00:00,False,True,False,True,7673.0,3919.0,Scheumann Stadium,2050,Ball State,fbs,Mid-American,6.0,"[0, 3, 0, 3]",0.2175832986831665,1137.0,1150.0,2649,Toledo,fbs,Mid-American,13.0,"[3, 0, 0, 10]",0.7824167013168335,1500.0,1487.0,5.249506419322044,Scheumann Stadium,22500.0,40.21602764466651,-85.41769962206614,22500.0,0.3410222222222222,0
401531405,2023,7,regular,2023-10-14 18:00:00+00:00,False,True,False,True,15659.0,4418.0,Jerry Richardson Stadium,2429,Charlotte,fbs,American Athletic,0.0,"[0, 0, 0, 0]",0.2488979995250702,1194.0,1177.0,2426,Navy,fbs,American Athletic,14.0,"[0, 0, 7, 7]",0.7511020004749298,1348.0,1365.0,4.302476099686885,Jerry Richardson Stadium,15314.0,35.31028067616406,-80.74049377106525,15314.0,1.0,0
401524033,2023,7,regular,2023-10-14 19:00:00+00:00,False,True,False,True,52115.0,587.0,Rice-Eccles Stadium,254,Utah,fbs,Pac-12,34.0,"[0, 14, 10, 10]",0.9969220161437988,1752.0,1775.0,25,California,fbs,Pac-12,14.0,"[7, 0, 7, 0]",0.0030779838562011,1514.0,1491.0,3.4991694663681407,Rice-Eccles Stadium,54383.0,40.75994782004573,-111.84882402420044,45017.0,0.958295790964088,0
401520326,2023,7,regular,2023-10-14 19:30:00+00:00,False,True,False,True,101915.0,3853.0,Neyland Stadium,2633,Tennessee,fbs,SEC,20.0,"[7, 0, 7, 6]",0.6652219295501709,1901.0,1902.0,245,Texas A&M,fbs,SEC,13.0,"[7, 3, 3, 0]",0.3347780704498291,1739.0,1738.0,6.453905735791416,Neyland Stadium,102455.0,35.95473437262258,-83.92533302307129,102455.0,0.994729393392221,0
401520322,2023,7,regular,2023-10-14 19:30:00+00:00,False,True,False,False,105533.0,3632.0,Beaver Stadium,213,Penn State,fbs,Big Ten,63.0,"[7, 21, 21, 14]",0.98373544216156,1943.0,2010.0,113,Massachusetts,fbs,FBS Independents,0.0,"[0, 0, 0, 0]",0.0162645578384399,993.0,926.0,2.1885849319200963,Beaver Stadium,106572.0,40.81215273275043,-77.85620212554932,106572.0,0.9902507225162331,0
401532423,2023,7,regular,2023-10-14 19:30:00+00:00,False,True,False,True,20039.0,3980.0,Waldo Stadium,2711,Western Michigan,fbs,Mid-American,21.0,"[3, 7, 3, 8]",0.0747133269906044,1246.0,1235.0,193,Miami (OH),fbs,Mid-American,34.0,"[14, 7, 0, 13]",0.9252866730093956,1444.0,1455.0,4.559039482407327,Waldo Stadium,30200.0,42.285755487470176,-85.60100421309471,30200.0,0.6635430463576159,0
401532421,2023,7,regular,2023-10-14 19:30:00+00:00,False,True,False,True,15196.0,3965.0,UB Stadium,2084,Buffalo,fbs,Mid-American,14.0,"[7, 0, 7, 0]",0.4255867302417755,1391.0,1351.0,189,Bowling Green,fbs,Mid-American,24.0,"[10, 14, 0, 0]",0.5744132697582245,1185.0,1225.0,3.822232527586547,UB Stadium,29013.0,42.99906838239644,-78.7775194644928,29013.0,0.5237652086995485,0
401532420,2023,7,regular,2023-10-14 19:30:00+00:00,False,True,False,True,17886.0,3786.0,Kelly/Shorts Stadium,2117,Central Michigan,fbs,Mid-American,17.0,"[0, 3, 14, 0]",0.951458752155304,1282.0,1282.0,2006,Akron,fbs,Mid-American,10.0,"[3, 0, 0, 7]",0.048541247844696,1107.0,1107.0,4.391819349988821,Kelly/Shorts Stadium,32885.0,43.577612282574535,-84.77082967758179,32885.0,0.5438953930363387,0
401520317,2023,7,regular,2023-10-14 19:30:00+00:00,False,True,False,False,27829.0,3841.0,Michie Stadium,349,Army,fbs,FBS Independents,0.0,"[0, 0, 0, 0]",0.0383738279342651,1478.0,1444.0,2653,Troy,fbs,Sun Belt,19.0,"[3, 13, 3, 0]",0.9616261720657348,1604.0,1638.0,3.527806567623446,Michie Stadium,38000.0,41.38708043477422,-73.96408081054688,38000.0,0.7323421052631579,0
401520325,2023,7,regular,2023-10-14 19:30:00+00:00,False,True,False,True,79247.0,3994.0,Williams-Brice Stadium,2579,South Carolina,fbs,SEC,39.0,"[14, 7, 3, 15]",0.8611177802085876,1549.0,1549.0,57,Florida,fbs,SEC,41.0,"[10, 14, 3, 14]",0.1388822197914123,1595.0,1595.0,9.082473883766026,Williams-Brice Stadium,80250.0,33.97259115457693,-81.02021634578705,80250.0,0.9875015576323988,0
401524034,2023,7,regular,2023-10-14 19:30:00+00:00,False,True,False,True,71321.0,3765.0,Husky Stadium,264,Washington,fbs,Pac-12,36.0,"[14, 8, 7, 7]",0.8344625234603882,1900.0,1900.0,2483,Oregon,fbs,Pac-12,33.0,"[8, 10, 8, 7]",0.1655374765396118,1823.0,1823.0,6.678884257656054,Husky Stadium,70500.0,47.65043054401222,-122.30291984739304,70500.0,1.0,0
401520320,2023,7,regular,2023-10-14 19:30:00+00:00,False,True,False,True,35580.0,3665.0,SECU Stadium,120,Maryland,fbs,Big Ten,24.0,"[7, 7, 7, 3]",0.5606913566589355,1706.0,1687.0,356,Illinois,fbs,Big Ten,27.0,"[7, 7, 10, 3]",0.4393086433410644,1479.0,1498.0,6.801325392799783,Byrd Stadium,51802.0,38.99120275144426,-76.94731173248788,51802.0,0.686846067719393,0
401525864,2023,7,regular,2023-10-14 19:30:00+00:00,False,True,False,True,53855.0,3646.0,Boone Pickens Stadium,197,Oklahoma State,fbs,Big 12,39.0,"[17, 7, 3, 12]",0.9280037879943848,1497.0,1510.0,2305,Kansas,fbs,Big 12,32.0,"[7, 18, 7, 0]",0.0719962120056152,1559.0,1546.0,6.472400857176329,Boone Pickens Stadium,60218.0,36.12570866235855,-97.06650495529176,60218.0,0.8943339200903384,0
401525865,2023,7,regular,2023-10-14 19:30:00+00:00,False,True,False,True,44599.0,3616.0,Amon G. Carter Stadium,2628,TCU,fbs,Big 12,44.0,"[14, 17, 10, 3]",0.96671462059021,1632.0,1713.0,252,BYU,fbs,Big 12,11.0,"[0, 8, 3, 0]",0.03328537940979,1552.0,1471.0,2.189016603718797,Amon G. Carter Stadium,45000.0,32.70991596942349,-97.36799597740172,45000.0,0.9910888888888889,0
401525527,2023,7,regular,2023-10-14 19:30:00+00:00,False,True,False,True,65632.0,3799.0,Lane Stadium,259,Virginia Tech,fbs,ACC,30.0,"[0, 17, 3, 10]",0.9946257472038268,1415.0,1466.0,154,Wake Forest,fbs,ACC,13.0,"[0, 10, 0, 3]",0.005374252796173,1548.0,1497.0,3.465849019353524,Lane Stadium,66233.0,37.2199742830054,-80.41805505752563,66233.0,0.99092597345734,0
401520328,2023,7,regular,2023-10-14 20:00:00+00:00,False,True,False,True,76205.0,347.0,Camp Randall Stadium,275,Wisconsin,fbs,Big Ten,6.0,"[0, 0, 6, 0]",0.342609167098999,1706.0,1683.0,2294,Iowa,fbs,Big Ten,15.0,"[0, 7, 0, 8]",0.657390832901001,1645.0,1668.0,5.901115175574172,Camp Randall Stadium,80321.0,43.06993802646878,-89.41274642944336,80321.0,0.9487556180824442,0
401532424,2023,7,regular,2023-10-14 20:00:00+00:00,False,True,False,True,11143.0,3764.0,Huskie Stadium,2459,Northern Illinois,fbs,Mid-American,23.0,"[7, 0, 10, 6]",0.9942866563796996,1373.0,1405.0,195,Ohio,fbs,Mid-American,13.0,"[3, 10, 0, 0]",0.0057133436203002,1563.0,1531.0,4.54127280961096,Huskie Stadium,25500.0,41.934014,-88.778222,25500.0,0.43698039215686274,0
401532597,2023,7,regular,2023-10-14 21:00:00+00:00,False,True,False,True,24578.0,3816.0,Mackay Stadium,2440,Nevada,fbs,Mountain West,27.0,"[7, 0, 7, 13]",0.0171138420701026,1224.0,1199.0,2439,UNLV,fbs,Mountain West,45.0,"[14, 14, 10, 7]",0.9828861579298972,1407.0,1432.0,3.6704673533974304,Mackay Stadium,30000.0,39.54692485017159,-119.8175597190857,30000.0,0.8192666666666667,0
401532596,2023,7,regular,2023-10-14 22:00:00+00:00,False,True,False,True,13027.0,3971.0,University Stadium (NM),167,New Mexico,fbs,Mountain West,24.0,"[3, 14, 0, 7]",0.0231516622006893,1113.0,1065.0,23,San José State,fbs,Mountain West,52.0,"[0, 14, 24, 14]",0.9768483377993108,1348.0,1396.0,4.924501711140653,University Stadium,39224.0,35.06761048267165,-106.6281028358157,39224.0,0.3321180909647155,0
401525525,2023,7,regular,2023-10-14 22:30:00+00:00,False,True,False,True,46296.0,3752.0,Acrisure Stadium,221,Pittsburgh,fbs,ACC,38.0,"[7, 7, 17, 7]",0.9868221282958984,1488.0,1549.0,97,Louisville,fbs,ACC,21.0,"[7, 14, 0, 0]",0.0131778717041015,1718.0,1657.0,5.513138053182093,Heinz Field,68400.0,40.44678376501633,-80.01575589179993,68400.0,0.6768421052631579,0
401531891,2023,7,regular,2023-10-14 23:00:00+00:00,False,True,False,True,27537.0,3644.0,Bobcat Stadium (TX),326,Texas State,fbs,Sun Belt,21.0,"[3, 6, 0, 12]",0.386420875787735,1385.0,1376.0,2433,UL Monroe,fbs,Sun Belt,20.0,"[7, 0, 3, 10]",0.613579124212265,1087.0,1096.0,6.818934772899059,Bobcat Stadium,30000.0,29.89134454879716,-97.92531180559462,30000.0,0.9179,0
401525866,2023,7,regular,2023-10-14 23:00:00+00:00,False,True,False,True,56200.0,3784.0,Jones AT&T Stadium,2641,Texas Tech,fbs,Big 12,21.0,"[0, 14, 7, 0]",0.0033723907545208,1668.0,1637.0,2306,Kansas State,fbs,Big 12,38.0,"[10, 7, 14, 7]",0.9966276092454792,1769.0,1800.0,6.153387988086046,Jones AT&T Stadium,60862.0,33.59102829801104,-101.87293767929076,60862.0,0.9234004797739147,0
401524030,2023,7,regular,2023-10-14 23:00:00+00:00,False,True,False,True,26155.0,3820.0,Gesa Field,265,Washington State,fbs,Pac-12,6.0,"[6, 0, 0, 0]",0.0073295766487717,1615.0,1480.0,12,Arizona,fbs,Pac-12,44.0,"[10, 10, 10, 14]",0.9926704233512282,1471.0,1606.0,2.660775609190165,Martin Stadium,32248.0,46.731967978653024,-117.16058578781136,32248.0,0.8110580501116348,0
401532598,2023,7,regular,2023-10-14 23:00:00+00:00,False,True,False,True,28311.0,3713.0,Falcon Stadium,2005,Air Force,fbs,Mountain West,34.0,"[7, 10, 7, 10]",0.461992472410202,1797.0,1787.0,2751,Wyoming,fbs,Mountain West,27.0,"[14, 7, 0, 6]",0.538007527589798,1423.0,1433.0,5.414035876918886,Falcon Stadium,46692.0,38.99690743122685,-104.84368801116943,46692.0,0.6063351323567207,0
401520319,2023,7,regular,2023-10-14 23:00:00+00:00,False,True,False,True,102321.0,3958.0,Tiger Stadium (LA),99,LSU,fbs,SEC,48.0,"[17, 3, 14, 14]",0.9971859455108644,1743.0,1809.0,2,Auburn,fbs,SEC,18.0,"[0, 7, 3, 8]",0.0028140544891357,1625.0,1559.0,2.5879563118390494,Tiger Stadium,102321.0,30.4120123982997,-91.183819770813,102321.0,1.0,0
401520318,2023,7,regular,2023-10-14 23:30:00+00:00,False,True,False,True,61654.0,3683.0,Kroger Field,96,Kentucky,fbs,SEC,21.0,"[14, 0, 7, 0]",0.0195870138704776,1645.0,1591.0,142,Missouri,fbs,SEC,38.0,"[0, 17, 3, 18]",0.9804129861295224,1526.0,1580.0,5.561388092180199,Commonwealth Stadium,62093.0,38.02262168129363,-84.50520515441895,62093.0,0.9929299598988613,0
401524031,2023,7,regular,2023-10-14 23:30:00+00:00,False,True,False,False,77622.0,3855.0,Notre Dame Stadium,87,Notre Dame,fbs,FBS Independents,48.0,"[7, 17, 7, 17]",0.96170312166214,1815.0,1892.0,30,USC,fbs,Pac-12,20.0,"[3, 3, 7, 7]",0.0382968783378601,1845.0,1768.0,2.7815496124024723,Notre Dame Stadium,80795.0,41.69842312158612,-86.23382449150085,80795.0,0.9607277678074139,0
401525526,2023,7,regular,2023-10-14 23:30:00+00:00,False,True,False,True,50500.0,3787.0,Kenan Stadium,153,North Carolina,fbs,ACC,41.0,"[7, 7, 21, 6]",0.9586334228515624,1752.0,1756.0,2390,Miami,fbs,ACC,31.0,"[0, 17, 0, 14]",0.0413665771484375,1564.0,1560.0,5.582649543078072,Kenan Memorial Stadium,62980.0,35.90698834747853,-79.04791831970215,62980.0,0.8018418545570022,0
401531381,2023,7,regular,2023-10-15 00:00:00+00:00,False,True,False,True,23808.0,3604.0,Alamodome,2636,UTSA,fbs,American Athletic,41.0,"[21, 3, 7, 10]",0.9562598466873168,1518.0,1561.0,5,UAB,fbs,American Athletic,20.0,"[7, 6, 7, 0]",0.0437401533126831,1456.0,1413.0,3.18971142192192,Alamodome,65000.0,29.41693712868156,-98.47890257835388,65000.0,0.36627692307692306,0
401525523,2023,7,regular,2023-10-15 00:00:00+00:00,False,True,False,True,31833.0,3982.0,Wallace Wade Stadium,150,Duke,fbs,ACC,24.0,"[7, 10, 7, 0]",0.972687602043152,1676.0,1711.0,152,NC State,fbs,ACC,3.0,"[3, 0, 0, 0]",0.0273123979568481,1537.0,1502.0,2.661995451434527,Wallace Wade Stadium,33941.0,35.9953166502013,-78.94172430038452,33941.0,0.9378922247429363,0
401524032,2023,7,regular,2023-10-15 00:00:00+00:00,False,True,False,True,37600.0,3893.0,Reser Stadium,204,Oregon State,fbs,Pac-12,36.0,"[13, 10, 13, 0]",1.0,1774.0,1790.0,26,UCLA,fbs,Pac-12,24.0,"[0, 10, 7, 7]",0.0,1687.0,1671.0,3.540943314517518,Reser Stadium,45674.0,44.5594768421455,-123.2814073562622,45674.0,0.8232254674431843,0
401520330,2023,8,regular,2023-10-17 23:00:00+00:00,False,True,False,True,16354.0,3992.0,Williams Stadium (VA),2335,Liberty,fbs,Conference USA,42.0,"[14, 7, 14, 7]",0.7809522151947021,1611.0,1603.0,2393,Middle Tennessee,fbs,Conference USA,35.0,"[14, 7, 14, 0]",0.2190477848052978,1285.0,1293.0,6.405583033837419,Williams Stadium,19200.0,37.354414,-79.175047,19200.0,0.8517708333333334,0
401520329,2023,8,regular,2023-10-17 23:30:00+00:00,False,True,False,True,17977.0,3662.0,AmFirst Stadium,55,Jacksonville State,fbs,Conference USA,20.0,"[0, 10, 0, 10]",0.8367243409156799,1485.0,1487.0,98,Western Kentucky,fbs,Conference USA,17.0,"[10, 7, 0, 0]",0.16327565908432,1529.0,1527.0,6.176394675151082,JSU Stadium,24000.0,33.82031030570401,-85.76646566390991,24000.0,0.7490416666666667,0
401520331,2023,8,regular,2023-10-18 23:00:00+00:00,False,True,False,True,7543.0,3647.0,Elliott T. Bowers Stadium,2534,Sam Houston,fbs,Conference USA,27.0,"[0, 10, 0, 10, 7, 0]",0.7359994649887085,1355.0,1319.0,2229,Florida International,fbs,Conference USA,33.0,"[3, 7, 7, 3, 7, 6]",0.2640005350112915,1045.0,1081.0,7.4529272599786065,Bowers Stadium,14000.0,30.71394673763343,-95.54191589355467,14000.0,0.5387857142857143,0
401520332,2023,8,regular,2023-10-19 01:00:00+00:00,False,True,False,True,19727.0,3946.0,Sun Bowl,2638,UTEP,fbs,Conference USA,7.0,"[0, 7, 0, 0]",0.0,1196.0,1156.0,166,New Mexico State,fbs,Conference USA,28.0,"[7, 0, 14, 7]",1.0,1320.0,1360.0,4.291915391794992,Sun Bowl Stadium,51500.0,31.77334530512776,-106.50789678096773,51500.0,0.3830485436893204,0
401531341,2023,8,regular,2023-10-19 23:00:00+00:00,False,True,False,True,18527.0,3674.0,Chapman Stadium,202,Tulsa,fbs,American Athletic,10.0,"[0, 10, 0, 0]",0.2036480605602264,1330.0,1219.0,242,Rice,fbs,American Athletic,42.0,"[14, 7, 14, 7]",0.7963519394397736,1189.0,1300.0,4.024088038840769,Skelly Field at H. A. Chapman Stadium,35542.0,36.14886067519205,-95.943603515625,35542.0,0.5212706094198413,0
401531893,2023,8,regular,2023-10-19 23:00:00+00:00,False,True,False,True,22109.0,3775.0,Joan C. Edwards Stadium,276,Marshall,fbs,Sun Belt,9.0,"[0, 0, 2, 7]",0.0,1518.0,1507.0,256,James Madison,fbs,Sun Belt,20.0,"[0, 3, 10, 7]",1.0,1662.0,1673.0,4.896606278579259,Joan C. Edwards Stadium,38019.0,38.42486536179161,-82.42185831069946,38019.0,0.5815250269602041,0
401531391,2023,8,regular,2023-10-20 23:00:00+00:00,False,True,False,True,11232.0,3806.0,Lincoln Financial Field,218,Temple,fbs,American Athletic,0.0,"[0, 0, 0, 0]",0.0,1049.0,948.0,2567,SMU,fbs,American Athletic,55.0,"[14, 10, 17, 14]",1.0,1552.0,1653.0,4.295221155184815,Lincoln Financial Field,68532.0,39.900748900488125,-75.16749143600464,68532.0,0.16389423918753282,0
401531434,2023,8,regular,2023-10-21 16:00:00+00:00,False,True,False,False,38803.0,3852.0,Navy-Marine Corps Memorial Stadium,2426,Navy,fbs,American Athletic,6.0,"[0, 0, 0, 6]",0.0157910324633121,1365.0,1376.0,2005,Air Force,fbs,Mountain West,17.0,"[0, 7, 3, 7]",0.984208967536688,1787.0,1776.0,3.39677224092019,Navy–Marine Corps Memorial Stadium,34000.0,38.98483263543365,-76.5071153640747,34000.0,1.0,0
401520343,2023,8,regular,2023-10-21 16:00:00+00:00,False,True,False,True,105506.0,3861.0,Ohio Stadium,194,Ohio State,fbs,Big Ten,20.0,"[3, 7, 0, 10]",0.9509031176567078,2073.0,2081.0,213,Penn State,fbs,Big Ten,12.0,"[3, 3, 0, 6]",0.0490968823432922,2010.0,2002.0,4.222438303404965,Ohio Stadium,104944.0,40.0016856893694,-83.01972806453705,104944.0,1.0,0
401525868,2023,8,regular,2023-10-21 16:00:00+00:00,False,True,False,True,38193.0,3854.0,Nippert Stadium,2132,Cincinnati,fbs,Big 12,29.0,"[0, 14, 0, 15]",0.3869748413562774,1522.0,1514.0,239,Baylor,fbs,Big 12,32.0,"[3, 17, 9, 3]",0.6130251586437225,1459.0,1467.0,7.8557187294171875,Nippert Stadium,40000.0,39.13128425273405,-84.51626143741578,40000.0,0.954825,0
401525871,2023,8,regular,2023-10-21 16:00:00+00:00,False,True,False,True,83476.0,3835.0,"Memorial Stadium (Norman, OK)",201,Oklahoma,fbs,Big 12,31.0,"[7, 10, 0, 14]",0.4575107395648956,1939.0,1934.0,2116,UCF,fbs,Big 12,29.0,"[0, 17, 6, 6]",0.5424892604351044,1540.0,1545.0,7.315160053350598,Gaylord Family Oklahoma Memorial Stadium,82112.0,35.20589959488508,-97.44255065917967,82112.0,1.0,0
401532428,2023,8,regular,2023-10-21 16:00:00+00:00,False,True,False,True,16048.0,3876.0,Peden Stadium,195,Ohio,fbs,Mid-American,20.0,"[3, 3, 7, 7]",0.8812229633331299,1531.0,1528.0,2711,Western Michigan,fbs,Mid-American,17.0,"[0, 0, 10, 7]",0.1187770366668701,1235.0,1238.0,4.978513390520353,Peden Stadium,24000.0,39.32130908459409,-82.10343944652357,24000.0,0.6686666666666666,0
401525528,2023,8,regular,2023-10-21 16:00:00+00:00,False,True,False,True,35656.0,721.0,Bobby Dodd Stadium,59,Georgia Tech,fbs,ACC,23.0,"[7, 3, 13, 0]",0.0783873125910759,1369.0,1328.0,103,Boston College,fbs,ACC,38.0,"[10, 7, 0, 21]",0.921612687408924,1315.0,1356.0,6.2290646945075645,Bobby Dodd Stadium at Historic Grant Field,55000.0,33.772556921319435,-84.39285278320312,55000.0,0.6482909090909091,0
401520334,2023,8,regular,2023-10-21 16:00:00+00:00,False,True,False,True,71505.0,3887.0,Razorback Stadium,8,Arkansas,fbs,SEC,3.0,"[3, 0, 0, 0]",0.1885746419429779,1607.0,1596.0,344,Mississippi State,fbs,SEC,7.0,"[0, 7, 0, 0]",0.8114253580570221,1538.0,1549.0,4.710120177330631,Donald W. Reynolds Razorback Stadium,72000.0,36.067850785167344,-94.17879581451416,72000.0,0.993125,0
401531406,2023,8,regular,2023-10-21 18:00:00+00:00,False,True,False,True,39842.0,3699.0,Dowdy-Ficklen Stadium,151,East Carolina,fbs,American Athletic,7.0,"[0, 0, 0, 7]",0.0444124191999435,1357.0,1341.0,2429,Charlotte,fbs,American Athletic,10.0,"[3, 0, 7, 0]",0.9555875808000563,1177.0,1193.0,6.263726000468562,Dowdy–Ficklen Stadium,50000.0,35.59642579698931,-77.36522912979126,50000.0,0.79684,0
401532429,2023,8,regular,2023-10-21 18:00:00+00:00,False,True,False,True,10068.0,3700.0,Doyt L. Perry Stadium,189,Bowling Green,fbs,Mid-American,41.0,"[3, 10, 21, 7]",0.9900971055030824,1225.0,1281.0,2006,Akron,fbs,Mid-American,14.0,"[7, 0, 0, 7]",0.0099028944969177,1107.0,1051.0,3.413601042850435,Doyt Perry Stadium,23724.0,41.37805439803228,-83.62248212099075,23724.0,0.42438037430450176,0
401531894,2023,8,regular,2023-10-21 18:00:00+00:00,False,True,False,True,21068.0,3608.0,Allen E. Paulson Stadium,290,Georgia Southern,fbs,Sun Belt,38.0,"[7, 24, 0, 7]",1.0,1458.0,1451.0,2433,UL Monroe,fbs,Sun Belt,28.0,"[7, 7, 3, 11]",0.0,1096.0,1103.0,5.111897163895108,Paulson Stadium,24300.0,32.41221167634779,-81.78317070007324,24300.0,0.8669958847736625,0
401525532,2023,8,regular,2023-10-21 19:30:00+00:00,False,True,False,True,31855.0,3630.0,Allegacy Federal Credit Union Stadium,154,Wake Forest,fbs,ACC,21.0,"[0, 7, 0, 14]",0.5829108357429504,1497.0,1502.0,221,Pittsburgh,fbs,ACC,17.0,"[7, 0, 0, 10]",0.4170891642570495,1549.0,1544.0,7.919415216325932,BB&T Field,31500.0,36.09183481061275,-80.25534152984619,31500.0,1.0,0
401520333,2023,8,regular,2023-10-21 19:30:00+00:00,False,True,False,True,100077.0,3657.0,Bryant-Denny Stadium,333,Alabama,fbs,SEC,34.0,"[0, 7, 17, 10]",0.9397637248039246,1966.0,1989.0,2633,Tennessee,fbs,SEC,20.0,"[13, 7, 0, 0]",0.0602362751960754,1902.0,1879.0,6.18980783615802,Bryant–Denny Stadium,101821.0,33.2074899449518,-87.5503921508789,101821.0,0.9828719026526944,0
401520341,2023,8,regular,2023-10-21 19:30:00+00:00,False,True,False,True,62621.0,3838.0,Memorial Stadium,142,Missouri,fbs,SEC,34.0,"[14, 10, 0, 10]",0.9903053045272828,1580.0,1630.0,2579,South Carolina,fbs,SEC,12.0,"[0, 3, 6, 3]",0.0096946954727172,1549.0,1499.0,2.6197865634004565,Faurot Field,71168.0,38.93589529672232,-92.33311414718628,71168.0,0.8799038893884892,0
401532426,2023,8,regular,2023-10-21 19:30:00+00:00,False,True,False,True,9458.0,3764.0,Huskie Stadium,2459,Northern Illinois,fbs,Mid-American,20.0,"[7, 3, 0, 10]",0.8593527674674988,1405.0,1413.0,2199,Eastern Michigan,fbs,Mid-American,13.0,"[7, 3, 3, 0]",0.1406472325325012,1381.0,1373.0,5.7078933717997975,Huskie Stadium,25500.0,41.934014,-88.778222,25500.0,0.3709019607843137,0
401532425,2023,8,regular,2023-10-21 19:30:00+00:00,False,True,False,True,15171.0,3919.0,Scheumann Stadium,2050,Ball State,fbs,Mid-American,24.0,"[7, 3, 7, 7]",0.9878479242324828,1150.0,1167.0,2117,Central Michigan,fbs,Mid-American,17.0,"[3, 0, 7, 7]",0.012152075767517,1282.0,1265.0,3.5227975028943503,Scheumann Stadium,22500.0,40.21602764466651,-85.41769962206614,22500.0,0.6742666666666667,0
401524035,2023,8,regular,2023-10-21 19:30:00+00:00,False,True,False,True,58886.0,3626.0,Autzen Stadium,2483,Oregon,fbs,Pac-12,38.0,"[3, 14, 14, 7]",0.9859634637832642,1823.0,1824.0,265,Washington State,fbs,Pac-12,24.0,"[3, 10, 3, 8]",0.0140365362167358,1480.0,1479.0,4.617885618403524,Autzen Stadium,54000.0,44.058272724266615,-123.0685043334961,54000.0,1.0,0
401525872,2023,8,regular,2023-10-21 19:30:00+00:00,False,True,False,True,51870.0,3842.0,Milan Puskar Stadium,277,West Virginia,fbs,Big 12,34.0,"[0, 17, 7, 10]",0.0706708058714866,1492.0,1462.0,197,Oklahoma State,fbs,Big 12,48.0,"[10, 3, 7, 28]",0.9293291941285132,1510.0,1540.0,7.412912200308068,Mountaineer Field at Milan Puskar Stadium,60000.0,39.65221992482815,-79.9551753012939,60000.0,0.8645,0
401532430,2023,8,regular,2023-10-21 19:30:00+00:00,False,True,False,True,11735.0,3696.0,Dix Stadium,2309,Kent State,fbs,Mid-American,6.0,"[6, 0, 0, 0]",0.0294388160109519,1121.0,1101.0,2084,Buffalo,fbs,Mid-American,24.0,"[7, 7, 3, 7]",0.970561183989048,1351.0,1371.0,3.578742090491513,Dix Stadium,25000.0,41.13908682549516,-81.31343945860863,25000.0,0.4694,0
401520344,2023,8,regular,2023-10-21 19:30:00+00:00,False,True,False,False,21704.0,3892.0,Pratt & Whitney Stadium,41,UConn,fbs,FBS Independents,21.0,"[0, 14, 0, 7]",0.1130419597029686,1192.0,1187.0,58,South Florida,fbs,American Athletic,24.0,"[7, 3, 0, 14]",0.8869580402970314,1178.0,1183.0,7.1101171090902335,Rentschler Field,40000.0,41.75988427820291,-72.61894226074219,40000.0,0.5426,0
401520342,2023,8,regular,2023-10-21 19:30:00+00:00,False,True,False,True,86769.0,3834.0,"Memorial Stadium (Lincoln, NE)",158,Nebraska,fbs,Big Ten,17.0,"[3, 7, 0, 7]",0.8433667421340942,1470.0,1474.0,77,Northwestern,fbs,Big Ten,9.0,"[3, 3, 0, 3]",0.1566332578659057,1345.0,1341.0,4.120777058926474,Memorial Stadium,87091.0,40.82048352329494,-96.70571565628052,87091.0,0.9963027178468499,0
401520338,2023,8,regular,2023-10-21 19:30:00+00:00,False,True,False,True,69250.0,3793.0,Kinnick Stadium,2294,Iowa,fbs,Big Ten,10.0,"[3, 7, 0, 0]",0.2331119030714035,1668.0,1660.0,135,Minnesota,fbs,Big Ten,12.0,"[3, 0, 6, 3]",0.7668880969285965,1571.0,1579.0,6.651977900670337,Kinnick Stadium,70585.0,41.65838893680983,-91.55147552490234,70585.0,0.9810866331373521,0
401520336,2023,8,regular,2023-10-21 19:30:00+00:00,False,True,False,True,54205.0,3832.0,"Memorial Stadium (Champaign, IL)",356,Illinois,fbs,Big Ten,21.0,"[7, 7, 7, 0]",0.4821501076221466,1498.0,1503.0,275,Wisconsin,fbs,Big Ten,25.0,"[0, 7, 0, 18]",0.5178498923778534,1683.0,1678.0,4.794118313644951,Memorial Stadium,60670.0,40.09930573133053,-88.23598623275757,60670.0,0.8934399208834679,0
401531372,2023,8,regular,2023-10-21 19:30:00+00:00,False,True,False,True,30000.0,4729.0,Yulman Stadium,2655,Tulane,fbs,American Athletic,35.0,"[7, 14, 7, 7]",0.9909549355506896,1650.0,1645.0,249,North Texas,fbs,American Athletic,28.0,"[0, 0, 21, 7]",0.0090450644493103,1384.0,1389.0,3.84764474853959,Benson Field at Yulman Stadium,30000.0,29.945898112528432,-90.11519112306328,30000.0,1.0,0
401525869,2023,8,regular,2023-10-21 20:00:00+00:00,False,True,False,True,42812.0,4728.0,TDECU Stadium,248,Houston,fbs,Big 12,24.0,"[0, 14, 7, 3]",0.4334113001823425,1543.0,1556.0,251,Texas,fbs,Big 12,31.0,"[14, 7, 3, 7]",0.5665886998176575,1910.0,1897.0,4.814869899807396,TDECU Stadium,40000.0,29.721767963293527,-95.34909841095214,40000.0,1.0,0
401532427,2023,8,regular,2023-10-21 20:00:00+00:00,False,True,False,True,17321.0,3996.0,Yager Stadium,193,Miami (OH),fbs,Mid-American,17.0,"[0, 3, 14, 0]",0.0276039987802505,1455.0,1451.0,2649,Toledo,fbs,Mid-American,21.0,"[7, 14, 0, 0]",0.9723960012197496,1487.0,1491.0,4.7080995809678114,Yager Stadium,24286.0,39.51942113142349,-84.73335450140017,24286.0,0.7132092563616899,0
401531397,2023,8,regular,2023-10-21 22:00:00+00:00,False,True,False,True,17241.0,3715.0,FAU Stadium,2226,Florida Atlantic,fbs,American Athletic,10.0,"[10, 0, 0, 0]",0.0039930185303092,1476.0,1416.0,2636,UTSA,fbs,American Athletic,36.0,"[7, 13, 9, 7]",0.9960069814696908,1561.0,1621.0,4.803290212477287,FAU Stadium,30000.0,26.3754535636523,-80.10168313980103,30000.0,0.5747,0
401532600,2023,8,regular,2023-10-21 22:00:00+00:00,False,True,False,True,13723.0,3971.0,University Stadium (NM),167,New Mexico,fbs,Mountain West,42.0,"[14, 14, 7, 7]",0.9877520203590392,1065.0,1121.0,62,Hawai'i,fbs,Mountain West,21.0,"[7, 7, 0, 7]",0.0122479796409606,1118.0,1062.0,2.613479114567809,University Stadium,39224.0,35.06761048267165,-106.6281028358157,39224.0,0.3498623291862125,0
401525531,2023,8,regular,2023-10-21 22:30:00+00:00,False,True,False,True,50500.0,3787.0,Kenan Stadium,153,North Carolina,fbs,ACC,27.0,"[7, 10, 7, 3]",0.0507226251065731,1756.0,1717.0,258,Virginia,fbs,ACC,31.0,"[14, 0, 10, 7]",0.9492773748934268,1313.0,1352.0,7.383594278806394,Kenan Memorial Stadium,62980.0,35.90698834747853,-79.04791831970215,62980.0,0.8018418545570022,0
401525867,2023,8,regular,2023-10-21 23:00:00+00:00,False,True,False,True,63523.0,3801.0,LaVell Edwards Stadium,252,BYU,fbs,Big 12,27.0,"[14, 10, 3, 0]",0.9066184759140016,1471.0,1511.0,2641,Texas Tech,fbs,Big 12,14.0,"[0, 7, 0, 7]",0.0933815240859985,1637.0,1597.0,2.747280004550231,LaVell Edwards Stadium,63725.0,40.25748799746312,-111.65443897247314,63725.0,0.9968301294625344,0
401531895,2023,8,regular,2023-10-21 23:00:00+00:00,False,True,False,True,20017.0,3918.0,S.B. Ballard Stadium,295,Old Dominion,fbs,Sun Belt,28.0,"[0, 17, 3, 8]",0.9016955560819072,1366.0,1386.0,2026,App State,fbs,Sun Belt,21.0,"[7, 7, 7, 0]",0.0983044439180929,1543.0,1523.0,9.3678567408,Foreman Field,20118.0,36.88878131523489,-76.30567610263824,20118.0,0.9949796202405806,0
401531896,2023,8,regular,2023-10-21 23:00:00+00:00,False,True,False,True,18228.0,3625.0,Centennial Bank Stadium,2032,Arkansas State,fbs,Sun Belt,17.0,"[0, 3, 7, 7]",0.0376299060881137,1077.0,1083.0,324,Coastal Carolina,fbs,Sun Belt,27.0,"[3, 14, 0, 10]",0.9623700939118862,1411.0,1405.0,4.6860639818918255,Centennial Bank Stadium,30964.0,35.84899009532366,-90.66769494362912,30964.0,0.5886836326056065,0
401532602,2023,8,regular,2023-10-21 23:00:00+00:00,False,True,False,True,15028.0,3935.0,CEFCU Stadium,23,San José State,fbs,Mountain West,42.0,"[14, 0, 14, 14]",0.976296842098236,1396.0,1449.0,328,Utah State,fbs,Mountain West,21.0,"[0, 14, 0, 7]",0.0237031579017639,1429.0,1376.0,3.4614902726795087,Spartan Stadium,30456.0,37.320105186690846,-121.86811613079064,30456.0,0.4934331494615183,0
401520335,2023,8,regular,2023-10-21 23:00:00+00:00,False,True,False,True,63523.0,3785.0,Jordan-Hare Stadium,2,Auburn,fbs,SEC,21.0,"[7, 7, 0, 7]",0.580512285232544,1559.0,1555.0,145,Ole Miss,fbs,SEC,28.0,"[14, 0, 7, 7]",0.419487714767456,1685.0,1689.0,5.401847602030204,Jordan–Hare Stadium,87451.0,32.602361666817515,-85.48891067504883,87451.0,0.7263839178511395,0
401525870,2023,8,regular,2023-10-21 23:00:00+00:00,False,True,False,True,52580.0,3636.0,Bill Snyder Family Stadium,2306,Kansas State,fbs,Big 12,41.0,"[21, 6, 7, 7]",0.998489260673523,1800.0,1897.0,2628,TCU,fbs,Big 12,3.0,"[3, 0, 0, 0]",0.001510739326477,1713.0,1616.0,2.3023729390097745,Bill Snyder Family Football Stadium,50000.0,39.20186361814248,-96.59379243850708,50000.0,1.0,0
401525530,2023,8,regular,2023-10-21 23:30:00+00:00,False,True,False,True,79560.0,3697.0,Doak Campbell Stadium,52,Florida State,fbs,ACC,38.0,"[7, 10, 0, 21]",0.8505356311798096,1941.0,1960.0,150,Duke,fbs,ACC,20.0,"[10, 10, 0, 0]",0.1494643688201904,1711.0,1692.0,4.8095450789962175,Bobby Bowden Field at Doak Campbell Stadium,82300.0,30.437547584621285,-84.30453398103501,82300.0,0.9667071688942892,0
401520339,2023,8,regular,2023-10-21 23:30:00+00:00,False,True,False,False,101776.0,3958.0,Tiger Stadium (LA),99,LSU,fbs,SEC,62.0,"[14, 24, 10, 14]",0.9897582530975342,1809.0,1952.0,349,Army,fbs,FBS Independents,0.0,"[0, 0, 0, 0]",0.0102417469024658,1444.0,1301.0,2.143393067008351,Tiger Stadium,102321.0,30.4120123982997,-91.183819770813,102321.0,0.9946736251600355,0
401520340,2023,8,regular,2023-10-21 23:30:00+00:00,False,True,False,True,74206.0,3936.0,Spartan Stadium,127,Michigan State,fbs,Big Ten,0.0,"[0, 0, 0, 0]",0.0019051043782383,1462.0,1401.0,130,Michigan,fbs,Big Ten,49.0,"[14, 14, 14, 7]",0.9980948956217616,2123.0,2184.0,4.317715638884165,Spartan Stadium,75005.0,42.7281691163326,-84.48487535119057,75005.0,0.989347376841544,0
401525529,2023,8,regular,2023-10-22 00:00:00+00:00,False,True,False,True,48562.0,3948.0,Hard Rock Stadium,2390,Miami,fbs,ACC,28.0,"[7, 0, 0, 10, 3, 8]",0.6921764016151428,1560.0,1584.0,228,Clemson,fbs,ACC,20.0,"[0, 7, 10, 0, 3, 0]",0.3078235983848572,1745.0,1721.0,7.226890987460965,Sun Life Stadium,65326.0,25.957933739028963,-80.23884057998657,65326.0,0.7433793589076325,0
401531897,2023,8,regular,2023-10-22 00:00:00+00:00,False,True,False,True,20044.0,3666.0,Cajun Field,309,Louisiana,fbs,Sun Belt,17.0,"[0, 7, 10, 0]",0.4927021563053131,1542.0,1537.0,2247,Georgia State,fbs,Sun Belt,20.0,"[0, 20, 0, 0]",0.5072978436946869,1532.0,1537.0,5.209797291810352,Cajun Field,36900.0,30.21579609675613,-92.01626413552384,36900.0,0.5431978319783198,0
401524037,2023,8,regular,2023-10-22 00:00:00+00:00,False,True,False,True,61551.0,477.0,Los Angeles Memorial Coliseum,30,USC,fbs,Pac-12,32.0,"[14, 0, 3, 15]",0.2360155582427978,1768.0,1766.0,254,Utah,fbs,Pac-12,34.0,"[14, 0, 14, 6]",0.7639844417572021,1775.0,1777.0,7.471796078380709,Los Angeles Memorial Coliseum,93607.0,34.01400974062912,-118.28789591789246,93607.0,0.6575469783242707,0
401524038,2023,8,regular,2023-10-22 02:30:00+00:00,False,True,False,True,68379.0,3765.0,Husky Stadium,264,Washington,fbs,Pac-12,15.0,"[0, 3, 0, 12]",0.6202885508537292,1900.0,1884.0,9,Arizona State,fbs,Pac-12,7.0,"[0, 7, 0, 0]",0.3797114491462707,1393.0,1409.0,5.487827956913385,Husky Stadium,70500.0,47.65043054401222,-122.30291984739304,70500.0,0.9699148936170213,0
401520345,2023,9,regular,2023-10-24 23:00:00+00:00,False,True,False,True,13798.0,3776.0,Joe Aillet Stadium,2348,Louisiana Tech,fbs,Conference USA,24.0,"[3, 13, 8, 0]",0.7507241368293762,1241.0,1244.0,166,New Mexico State,fbs,Conference USA,27.0,"[0, 10, 14, 3]",0.2492758631706237,1360.0,1357.0,6.748925769037029,Joe Aillet Stadium,30600.0,32.53223809915824,-92.6560188758494,30600.0,0.45091503267973854,0
401520346,2023,9,regular,2023-10-24 23:30:00+00:00,False,True,False,True,16036.0,3796.0,Houchens Industries-L.T. Smith Stadium,98,Western Kentucky,fbs,Conference USA,29.0,"[7, 3, 0, 19]",0.2357439398765564,1527.0,1505.0,2335,Liberty,fbs,Conference USA,42.0,"[7, 7, 7, 21]",0.7642560601234436,1603.0,1625.0,3.9020760232260896,Houchens Industries–L. T. Smith Stadium,22113.0,36.98487662989466,-86.459013971646,22113.0,0.7251842807398363,0
401520347,2023,9,regular,2023-10-25 23:00:00+00:00,False,True,False,True,14074.0,218.0,FIU Stadium,2229,Florida International,fbs,Conference USA,16.0,"[0, 3, 13, 0]",0.0395639985799789,1081.0,1060.0,55,Jacksonville State,fbs,Conference USA,41.0,"[21, 3, 3, 14]",0.9604360014200212,1487.0,1508.0,3.786156513913032,FIU Stadium,23500.0,25.75249278747405,-80.37786483764648,23500.0,0.5988936170212766,0
401520348,2023,9,regular,2023-10-26 00:00:00+00:00,False,True,False,True,6889.0,3647.0,Elliott T. Bowers Stadium,2534,Sam Houston,fbs,Conference USA,34.0,"[7, 14, 6, 7]",0.0095871165394783,1319.0,1304.0,2638,UTEP,fbs,Conference USA,37.0,"[0, 13, 7, 17]",0.9904128834605216,1156.0,1171.0,5.903277522987978,Bowers Stadium,14000.0,30.71394673763343,-95.54191589355467,14000.0,0.49207142857142855,0
401525533,2023,9,regular,2023-10-26 23:30:00+00:00,False,True,False,True,60236.0,3799.0,Lane Stadium,259,Virginia Tech,fbs,ACC,38.0,"[13, 17, 5, 3]",0.9983589826073812,1466.0,1538.0,183,Syracuse,fbs,ACC,10.0,"[0, 3, 7, 0]",0.0016410173926187,1451.0,1379.0,2.9932293654,Lane Stadium,66233.0,37.2199742830054,-80.41805505752563,66233.0,0.9094560113538568,0
401531929,2023,9,regular,2023-10-26 23:30:00+00:00,False,True,False,True,23389.0,3608.0,Allen E. Paulson Stadium,290,Georgia Southern,fbs,Sun Belt,44.0,"[10, 17, 7, 10]",0.8805827498435974,1451.0,1497.0,2247,Georgia State,fbs,Sun Belt,27.0,"[7, 0, 14, 6]",0.1194172501564025,1537.0,1491.0,3.311025138920081,Paulson Stadium,24300.0,32.41221167634779,-81.78317070007324,24300.0,0.9625102880658436,0
401531407,2023,9,regular,2023-10-27 23:30:00+00:00,False,True,False,True,10857.0,4418.0,Jerry Richardson Stadium,2429,Charlotte,fbs,American Athletic,16.0,"[3, 3, 10, 0]",0.0,1193.0,1161.0,2226,Florida Atlantic,fbs,American Athletic,38.0,"[7, 14, 10, 7]",1.0,1416.0,1448.0,3.269673108316718,Jerry Richardson Stadium,15314.0,35.31028067616406,-80.74049377106525,15314.0,0.708959122371686,0
401520358,2023,9,regular,2023-10-28 16:00:00+00:00,False,True,False,True,107209.0,3632.0,Beaver Stadium,213,Penn State,fbs,Big Ten,33.0,"[7, 10, 7, 9]",0.8595324754714966,2002.0,1975.0,84,Indiana,fbs,Big Ten,24.0,"[7, 7, 0, 10]",0.1404675245285034,1290.0,1317.0,5.710088146686869,Beaver Stadium,106572.0,40.81215273275043,-77.85620212554932,106572.0,1.0,0
401525878,2023,9,regular,2023-10-28 16:00:00+00:00,False,True,False,True,44136.0,3652.0,FBC Mortgage Stadium,2116,UCF,fbs,Big 12,28.0,"[7, 7, 7, 7]",0.2525993585586548,1545.0,1508.0,277,West Virginia,fbs,Big 12,41.0,"[10, 7, 7, 17]",0.7474006414413452,1462.0,1499.0,5.599115961342238,Bright House Networks Stadium,45323.0,28.607958859227068,-81.1929988861084,45323.0,0.9738102067383007,0
401531342,2023,9,regular,2023-10-28 16:00:00+00:00,False,True,False,True,20800.0,3735.0,Gerald J. Ford Stadium,2567,SMU,fbs,American Athletic,69.0,"[28, 24, 14, 3]",0.99134761095047,1653.0,1775.0,202,Tulsa,fbs,American Athletic,10.0,"[3, 0, 0, 7]",0.00865238904953,1219.0,1097.0,2.049767007427124,Gerald J. Ford Stadium,32000.0,32.83771580994254,-96.782705783844,32000.0,0.65,0
401525875,2023,9,regular,2023-10-28 16:00:00+00:00,False,True,False,True,51928.0,3636.0,Bill Snyder Family Stadium,2306,Kansas State,fbs,Big 12,41.0,"[7, 21, 7, 6]",1.0,1897.0,1971.0,248,Houston,fbs,Big 12,0.0,"[0, 0, 0, 0]",0.0,1556.0,1482.0,2.409486058701478,Bill Snyder Family Football Stadium,50000.0,39.20186361814248,-96.59379243850708,50000.0,1.0,0
401520351,2023,9,regular,2023-10-28 16:00:00+00:00,False,True,False,False,36902.0,3615.0,"Alumni Stadium (Chestnut Hill, MA)",103,Boston College,fbs,ACC,21.0,"[7, 7, 7, 0]",0.9935847520828248,1356.0,1356.0,41,UConn,fbs,FBS Independents,14.0,"[7, 0, 0, 7]",0.0064152479171752,1187.0,1187.0,3.7083513659673777,Alumni Stadium,44500.0,42.33510834895851,-71.16647243499756,44500.0,0.8292584269662922,0
401520356,2023,9,regular,2023-10-28 16:00:00+00:00,False,True,False,True,19286.0,3911.0,Ryan Field,77,Northwestern,fbs,Big Ten,33.0,"[14, 10, 3, 6]",0.9013105034828186,1341.0,1367.0,120,Maryland,fbs,Big Ten,27.0,"[14, 3, 3, 7]",0.0986894965171814,1687.0,1661.0,5.519025725114429,Ryan Field,47130.0,42.06539966752991,-87.69249558448792,47130.0,0.4092085720347974,0
401520359,2023,9,regular,2023-10-28 16:00:00+00:00,False,True,False,True,95297.0,3795.0,Kyle Field,245,Texas A&M,fbs,SEC,30.0,"[0, 21, 3, 6]",0.792514443397522,1738.0,1744.0,2579,South Carolina,fbs,SEC,17.0,"[7, 0, 3, 7]",0.207485556602478,1499.0,1493.0,3.625831456680813,Kyle Field,102733.0,30.61009757817476,-96.34072922859283,102733.0,0.9276181947378155,0
401525536,2023,9,regular,2023-10-28 16:00:00+00:00,False,True,False,True,31288.0,3630.0,Allegacy Federal Credit Union Stadium,154,Wake Forest,fbs,ACC,16.0,"[0, 7, 9, 0]",0.0387897565960884,1502.0,1486.0,52,Florida State,fbs,ACC,41.0,"[10, 24, 0, 7]",0.9612102434039116,1960.0,1976.0,3.196062456123554,BB&T Field,31500.0,36.09183481061275,-80.25534152984619,31500.0,0.9932698412698413,0
401525874,2023,9,regular,2023-10-28 16:00:00+00:00,False,True,False,True,47233.0,3833.0,Memorial Stadium,2305,Kansas,fbs,Big 12,38.0,"[7, 10, 9, 12]",0.4945093989372253,1546.0,1569.0,201,Oklahoma,fbs,Big 12,33.0,"[0, 21, 6, 6]",0.5054906010627747,1934.0,1911.0,8.779319683269716,Memorial Stadium,50071.0,38.96294598898537,-95.2463150024414,50071.0,0.9433204849114257,0
401520349,2023,9,regular,2023-10-28 16:00:00+00:00,False,True,False,True,29625.0,3841.0,Michie Stadium,349,Army,fbs,FBS Independents,14.0,"[0, 7, 0, 7]",0.158716470003128,1301.0,1255.0,113,Massachusetts,fbs,FBS Independents,21.0,"[13, 0, 8, 0]",0.841283529996872,926.0,972.0,3.4144331259626464,Michie Stadium,38000.0,41.38708043477422,-73.96408081054688,38000.0,0.7796052631578947,0
401532431,2023,9,regular,2023-10-28 17:00:00+00:00,False,True,False,True,16297.0,3912.0,Rynearson Stadium,2199,Eastern Michigan,fbs,Mid-American,21.0,"[0, 7, 6, 8]",0.0,1373.0,1292.0,2711,Western Michigan,fbs,Mid-American,45.0,"[14, 7, 4, 20]",1.0,1238.0,1319.0,6.046778512165599,Rynearson Stadium,30200.0,42.2557607087688,-83.64775657653809,30200.0,0.539635761589404,0
401525534,2023,9,regular,2023-10-28 18:00:00+00:00,False,True,False,True,56919.0,3670.0,Carter-Finley Stadium,152,NC State,fbs,ACC,24.0,"[7, 3, 14, 0]",0.7654538750648499,1502.0,1525.0,228,Clemson,fbs,ACC,17.0,"[0, 7, 0, 10]",0.2345461249351501,1721.0,1698.0,3.3489106406329747,Carter–Finley Stadium,57583.0,35.80075968207897,-78.71948719024658,57583.0,0.9884688189222514,0
401531430,2023,9,regular,2023-10-28 19:00:00+00:00,False,True,False,True,18062.0,3825.0,DATCU Stadium,249,North Texas,fbs,American Athletic,42.0,"[7, 3, 11, 21]",0.1145271882414817,1389.0,1396.0,235,Memphis,fbs,American Athletic,45.0,"[14, 17, 0, 14]",0.8854728117585182,1593.0,1586.0,5.736688018061262,Apogee Stadium,30850.0,33.20393508408917,-97.15922355651855,30850.0,0.5854781199351702,0
401525440,2023,9,regular,2023-10-28 19:30:00+00:00,False,True,False,False,77622.0,3855.0,Notre Dame Stadium,87,Notre Dame,fbs,FBS Independents,58.0,"[7, 10, 27, 14]",0.9865642189979552,1892.0,1998.0,221,Pittsburgh,fbs,ACC,7.0,"[0, 0, 0, 7]",0.0134357810020446,1544.0,1438.0,2.5494150209320563,Notre Dame Stadium,80795.0,41.69842312158612,-86.23382449150085,80795.0,0.9607277678074139,0
401532432,2023,9,regular,2023-10-28 19:30:00+00:00,False,True,False,True,19854.0,3876.0,Peden Stadium,195,Ohio,fbs,Mid-American,16.0,"[9, 0, 0, 7]",0.2424857765436172,1528.0,1488.0,193,Miami (OH),fbs,Mid-American,30.0,"[0, 13, 10, 7]",0.7575142234563828,1451.0,1491.0,3.879447393334328,Peden Stadium,24000.0,39.32130908459409,-82.10343944652357,24000.0,0.82725,0
401520354,2023,9,regular,2023-10-28 19:30:00+00:00,False,True,False,True,47392.0,3953.0,Huntington Bank Stadium,135,Minnesota,fbs,Big Ten,27.0,"[0, 10, 0, 17]",0.8388880491256714,1579.0,1595.0,127,Michigan State,fbs,Big Ten,12.0,"[6, 0, 0, 6]",0.1611119508743286,1401.0,1385.0,4.544605766614349,TCF Bank Stadium,52525.0,44.97652496911191,-93.224575817585,52525.0,0.902275107091861,0
401520355,2023,9,regular,2023-10-28 19:30:00+00:00,False,True,False,True,86709.0,3834.0,"Memorial Stadium (Lincoln, NE)",158,Nebraska,fbs,Big Ten,31.0,"[0, 14, 7, 10]",0.9091151356697084,1474.0,1512.0,2509,Purdue,fbs,Big Ten,14.0,"[0, 0, 0, 14]",0.0908848643302917,1482.0,1444.0,2.629719871221816,Memorial Stadium,87091.0,40.82048352329494,-96.70571565628052,87091.0,0.9956137832841511,0
401525873,2023,9,regular,2023-10-28 19:30:00+00:00,False,True,False,True,43528.0,4727.0,McLane Stadium,239,Baylor,fbs,Big 12,18.0,"[0, 6, 6, 6]",0.0,1467.0,1452.0,66,Iowa State,fbs,Big 12,30.0,"[7, 10, 10, 3]",1.0,1595.0,1610.0,3.958838414266676,McLane Stadium,45140.0,31.55866263551169,-97.11560010910034,45140.0,0.9642888790429774,0
401531398,2023,9,regular,2023-10-28 19:30:00+00:00,False,True,False,True,22629.0,3604.0,Alamodome,2636,UTSA,fbs,American Athletic,41.0,"[14, 17, 3, 7]",0.9585493803024292,1621.0,1626.0,151,East Carolina,fbs,American Athletic,27.0,"[17, 3, 0, 7]",0.0414506196975708,1341.0,1336.0,4.206642742650499,Alamodome,65000.0,29.41693712868156,-98.47890257835388,65000.0,0.34813846153846156,0
401531898,2023,9,regular,2023-10-28 19:30:00+00:00,False,True,False,True,32601.0,3792.0,Kidd Brewer Stadium,2026,App State,fbs,Sun Belt,48.0,"[7, 7, 14, 20]",0.975952446460724,1523.0,1513.0,2572,Southern Miss,fbs,Sun Belt,38.0,"[7, 17, 7, 7]",0.0240475535392761,1115.0,1125.0,7.47188412043269,Kidd Brewer Stadium,40168.0,36.21151530169309,-81.68550610542297,24050.0,0.8116162119099781,0
401520350,2023,9,regular,2023-10-28 19:30:00+00:00,False,True,False,True,88043.0,3785.0,Jordan-Hare Stadium,2,Auburn,fbs,SEC,27.0,"[14, 10, 3, 0]",0.9588845372200012,1555.0,1583.0,344,Mississippi State,fbs,SEC,13.0,"[3, 0, 3, 7]",0.0411154627799987,1549.0,1521.0,2.341343219838762,Jordan–Hare Stadium,87451.0,32.602361666817515,-85.48891067504883,87451.0,1.0,0
401525535,2023,9,regular,2023-10-28 19:30:00+00:00,False,True,False,True,52319.0,3873.0,L&N Federal Credit Union Stadium,97,Louisville,fbs,ACC,23.0,"[14, 3, 6, 0]",0.9961093068122864,1657.0,1717.0,150,Duke,fbs,ACC,0.0,"[0, 0, 0, 0]",0.0038906931877136,1692.0,1632.0,1.9404544378160304,Papa John's Cardinal Stadium,55000.0,38.20542168521144,-85.75810561566809,55000.0,0.9512545454545455,0
401524044,2023,9,regular,2023-10-28 19:30:00+00:00,False,True,False,True,53586.0,587.0,Rice-Eccles Stadium,254,Utah,fbs,Pac-12,6.0,"[3, 3, 0, 0]",0.0204365197569131,1777.0,1702.0,2483,Oregon,fbs,Pac-12,35.0,"[14, 7, 14, 0]",0.9795634802430868,1824.0,1899.0,3.0018297473577715,Rice-Eccles Stadium,54383.0,40.75994782004573,-111.84882402420044,45017.0,0.9853446849199198,0
401525877,2023,9,regular,2023-10-28 19:30:00+00:00,False,True,False,True,101670.0,3910.0,DKR-Texas Memorial Stadium,251,Texas,fbs,Big 12,35.0,"[14, 7, 0, 14]",1.0,1897.0,1930.0,252,BYU,fbs,Big 12,6.0,"[0, 3, 3, 0]",0.0,1511.0,1478.0,2.091747843840426,Darrell K Royal–Texas Memorial Stadium,100119.0,30.28360340206824,-97.73233652114868,100119.0,1.0,0
401525538,2023,9,regular,2023-10-28 19:30:00+00:00,False,True,False,True,58503.0,3948.0,Hard Rock Stadium,2390,Miami,fbs,ACC,29.0,"[0, 3, 14, 6, 6]",0.4876218438148498,1584.0,1582.0,258,Virginia,fbs,ACC,26.0,"[7, 3, 10, 3, 3]",0.5123781561851501,1352.0,1354.0,7.355158565792151,Sun Life Stadium,65326.0,25.957933739028963,-80.23884057998657,65326.0,0.8955546030676913,0
401524041,2023,9,regular,2023-10-28 20:00:00+00:00,False,True,False,True,43716.0,3831.0,California Memorial Stadium,25,California,fbs,Pac-12,49.0,"[14, 14, 8, 13]",0.1702499985694885,1491.0,1502.0,30,USC,fbs,Pac-12,50.0,"[17, 0, 12, 21]",0.8297500014305115,1766.0,1755.0,8.662599298039495,California Memorial Stadium,62717.0,37.87068660370429,-122.2507095336914,62717.0,0.6970358913851109,0
401531373,2023,9,regular,2023-10-28 20:00:00+00:00,False,True,False,True,20436.0,3895.0,Rice Stadium,242,Rice,fbs,American Athletic,28.0,"[7, 0, 14, 7]",0.5354203581809998,1300.0,1315.0,2655,Tulane,fbs,American Athletic,30.0,"[10, 17, 0, 3]",0.4645796418190002,1645.0,1630.0,5.242631941560059,Rice Stadium,47000.0,29.71623402909437,-95.40926456451416,47000.0,0.4348085106382979,0
401531901,2023,9,regular,2023-10-28 21:00:00+00:00,False,True,False,True,14006.0,3817.0,Malone Stadium,2433,UL Monroe,fbs,Sun Belt,24.0,"[3, 6, 7, 8]",0.0958397835493087,1103.0,1080.0,2032,Arkansas State,fbs,Sun Belt,34.0,"[7, 3, 7, 17]",0.9041602164506912,1083.0,1106.0,6.802967107725465,Malone Stadium,30427.0,32.53106869451547,-92.06644075067642,30427.0,0.46031485194071053,0
401532607,2023,9,regular,2023-10-28 21:30:00+00:00,False,True,False,True,35189.0,3653.0,Albertsons Stadium,68,Boise State,fbs,Mountain West,32.0,"[8, 7, 14, 3]",0.9901928305625916,1533.0,1585.0,2751,Wyoming,fbs,Mountain West,7.0,"[7, 0, 0, 0]",0.0098071694374084,1433.0,1381.0,3.266295447839354,Albertsons Stadium,37000.0,43.6027080538683,-116.19591236114502,37000.0,0.9510540540540541,0
401531899,2023,9,regular,2023-10-28 22:00:00+00:00,False,True,False,True,21324.0,3654.0,Brooks Stadium (SC),324,Coastal Carolina,fbs,Sun Belt,34.0,"[10, 17, 0, 7]",0.9912529587745668,1405.0,1491.0,276,Marshall,fbs,Sun Belt,6.0,"[0, 6, 0, 0]",0.0087470412254333,1507.0,1421.0,2.408233730630768,Brooks Stadium,22217.0,33.792838175224496,-79.01702282805255,9214.0,0.9598055543052617,0
401524042,2023,9,regular,2023-10-28 23:00:00+00:00,False,True,False,True,24381.0,3940.0,Stanford Stadium,24,Stanford,fbs,Pac-12,33.0,"[0, 13, 13, 7]",0.1460958868265152,1198.0,1230.0,264,Washington,fbs,Pac-12,42.0,"[7, 14, 7, 14]",0.8539041131734848,1884.0,1852.0,7.499317052293975,Stanford Stadium,50000.0,37.43472641329173,-122.1610164642334,50000.0,0.48762,0
401520353,2023,9,regular,2023-10-28 23:00:00+00:00,False,True,False,True,61665.0,3683.0,Kroger Field,96,Kentucky,fbs,SEC,27.0,"[0, 17, 7, 3]",0.1596642732620239,1591.0,1600.0,2633,Tennessee,fbs,SEC,33.0,"[10, 13, 3, 7]",0.8403357267379761,1879.0,1870.0,5.810001759674932,Commonwealth Stadium,62093.0,38.02262168129363,-84.50520515441895,62093.0,0.9931071135232635,0
401531903,2023,9,regular,2023-10-28 23:00:00+00:00,False,True,False,True,22369.0,3644.0,Bobcat Stadium (TX),326,Texas State,fbs,Sun Belt,13.0,"[7, 3, 3, 0]",0.2402127087116241,1376.0,1359.0,2653,Troy,fbs,Sun Belt,31.0,"[0, 7, 7, 17]",0.7597872912883759,1638.0,1655.0,5.868595149100698,Bobcat Stadium,30000.0,29.89134454879716,-97.92531180559462,30000.0,0.7456333333333334,0
401520360,2023,9,regular,2023-10-28 23:30:00+00:00,False,True,False,True,76453.0,347.0,Camp Randall Stadium,275,Wisconsin,fbs,Big Ten,10.0,"[0, 3, 7, 0]",0.0,1678.0,1682.0,194,Ohio State,fbs,Big Ten,24.0,"[3, 7, 7, 7]",1.0,2081.0,2077.0,5.395785327998721,Camp Randall Stadium,80321.0,43.06993802646878,-89.41274642944336,80321.0,0.9518432290434631,0
401524043,2023,9,regular,2023-10-28 23:30:00+00:00,False,True,False,True,71343.0,1056.0,Rose Bowl,26,UCLA,fbs,Pac-12,28.0,"[0, 7, 7, 14]",0.9981035590171814,1718.0,1709.0,38,Colorado,fbs,Pac-12,16.0,"[6, 0, 3, 7]",0.0018964409828186,1285.0,1294.0,4.797101133410069,Rose Bowl,92542.0,34.16156958726264,-118.1676149368286,92542.0,0.7709256337662899,0
401520357,2023,9,regular,2023-10-28 23:30:00+00:00,False,True,False,True,62914.0,3974.0,Vaught-Hemingway Stadium,145,Ole Miss,fbs,SEC,33.0,"[13, 13, 0, 7]",0.9912412762641908,1689.0,1713.0,238,Vanderbilt,fbs,SEC,7.0,"[0, 0, 7, 0]",0.0087587237358093,1292.0,1268.0,1.960796057076364,Vaught–Hemingway Stadium,60580.0,34.362154302992906,-89.53414626020904,60580.0,1.0,0
401525537,2023,9,regular,2023-10-29 00:00:00+00:00,False,True,False,True,35945.0,721.0,Bobby Dodd Stadium,59,Georgia Tech,fbs,ACC,46.0,"[0, 24, 0, 22]",0.4512089192867279,1328.0,1344.0,153,North Carolina,fbs,ACC,42.0,"[14, 14, 7, 7]",0.5487910807132721,1717.0,1701.0,6.942290983436943,Bobby Dodd Stadium at Historic Grant Field,55000.0,33.772556921319435,-84.39285278320312,55000.0,0.6535454545454545,0
401524040,2023,9,regular,2023-10-29 00:00:00+00:00,False,True,False,True,47284.0,3947.0,Mountain America Stadium,9,Arizona State,fbs,Pac-12,38.0,"[7, 17, 7, 7]",0.9422328472137452,1409.0,1434.0,265,Washington State,fbs,Pac-12,27.0,"[7, 14, 3, 3]",0.0577671527862548,1479.0,1454.0,4.722516249050118,Sun Devil Stadium Frank Kush Field,71706.0,33.426364,-111.932616,71706.0,0.6594148327894458,0
401531900,2023,9,regular,2023-10-29 00:00:00+00:00,False,True,False,True,26239.0,3651.0,Bridgeforth Stadium,256,James Madison,fbs,Sun Belt,30.0,"[7, 7, 16, 0]",0.3392512202262878,1673.0,1670.0,295,Old Dominion,fbs,Sun Belt,27.0,"[3, 7, 14, 3]",0.6607487797737122,1386.0,1389.0,4.761109607236568,Bridgeforth Stadium,24878.0,38.43508893585215,-78.87340330403673,24878.0,1.0,0
401525876,2023,9,regular,2023-10-29 00:00:00+00:00,False,True,False,True,53855.0,3646.0,Boone Pickens Stadium,197,Oklahoma State,fbs,Big 12,45.0,"[7, 3, 21, 14]",0.9910727739334106,1540.0,1624.0,2132,Cincinnati,fbs,Big 12,13.0,"[7, 0, 0, 6]",0.0089272260665893,1514.0,1430.0,4.170498542408088,Boone Pickens Stadium,60218.0,36.12570866235855,-97.06650495529176,60218.0,0.8943339200903384,0
401524039,2023,9,regular,2023-10-29 02:30:00+00:00,False,True,False,True,45023.0,3619.0,Arizona Stadium,12,Arizona,fbs,Pac-12,27.0,"[3, 7, 3, 14]",0.3087696135044098,1606.0,1610.0,204,Oregon State,fbs,Pac-12,24.0,"[7, 3, 0, 14]",0.6912303864955902,1790.0,1786.0,5.288712906033592,Arizona Stadium,51811.0,32.228340232071496,-110.94903945922852,51811.0,0.8689853506012237,0
401532604,2023,9,regular,2023-10-29 02:30:00+00:00,False,True,False,True,13083.0,3816.0,Mackay Stadium,2440,Nevada,fbs,Mountain West,34.0,"[3, 21, 3, 7]",0.9984943866729736,1222.0,1232.0,167,New Mexico,fbs,Mountain West,24.0,"[0, 0, 10, 14]",0.0015056133270263,1121.0,1111.0,2.920725318179451,Mackay Stadium,30000.0,39.54692485017159,-119.8175597190857,30000.0,0.4361,0
401532606,2023,9,regular,2023-10-29 02:30:00+00:00,False,True,False,True,41031.0,3660.0,Valley Children's Stadium,278,Fresno State,fbs,Mountain West,31.0,"[7, 0, 24, 0]",0.648655116558075,1741.0,1734.0,2439,UNLV,fbs,Mountain West,24.0,"[7, 10, 0, 7]",0.351344883441925,1430.0,1437.0,5.0210426279869935,Bulldog Stadium,41031.0,36.81431969524593,-119.75810156690552,41031.0,1.0,0
401532433,2023,10,regular,2023-10-31 23:00:00+00:00,False,True,False,True,9625.0,3786.0,Kelly/Shorts Stadium,2117,Central Michigan,fbs,Mid-American,37.0,"[7, 17, 13, 0]",0.9576351642608644,1265.0,1280.0,2459,Northern Illinois,fbs,Mid-American,31.0,"[3, 0, 14, 14]",0.0423648357391357,1413.0,1398.0,3.689234338922197,Kelly/Shorts Stadium,32885.0,43.577612282574535,-84.77082967758179,32885.0,0.2926866352440322,0
401532434,2023,10,regular,2023-10-31 23:30:00+00:00,False,True,False,True,14939.0,3739.0,Glass Bowl,2649,Toledo,fbs,Mid-American,31.0,"[14, 10, 7, 0]",0.980144202709198,1491.0,1520.0,2084,Buffalo,fbs,Mid-American,13.0,"[7, 0, 6, 0]",0.019855797290802,1371.0,1342.0,2.9335967615384324,Glass Bowl,26248.0,41.65739077895321,-83.61401719150295,26248.0,0.5691481255714721,0
401532435,2023,10,regular,2023-11-01 23:00:00+00:00,False,True,False,True,6091.0,3700.0,Doyt L. Perry Stadium,189,Bowling Green,fbs,Mid-American,24.0,"[7, 7, 0, 10]",0.9200595021247864,1281.0,1281.0,2050,Ball State,fbs,Mid-American,21.0,"[0, 7, 7, 7]",0.0799404978752136,1167.0,1167.0,5.227514999516665,Doyt Perry Stadium,23724.0,41.37805439803228,-83.62248212099075,23724.0,0.2567442252571236,0
401532436,2023,10,regular,2023-11-01 23:30:00+00:00,False,True,False,True,8113.0,3768.0,InfoCision Stadium,2006,Akron,fbs,Mid-American,31.0,"[7, 3, 0, 21]",0.6813141703605652,1051.0,1055.0,2309,Kent State,fbs,Mid-American,27.0,"[6, 14, 7, 0]",0.3186858296394348,1101.0,1097.0,5.51724056212313,Summa Field at InfoCision Stadium,30000.0,41.07256951528711,-81.50838375091553,30000.0,0.27043333333333336,0
401525879,2023,10,regular,2023-11-02 23:00:00+00:00,False,True,False,True,51185.0,3784.0,Jones AT&T Stadium,2641,Texas Tech,fbs,Big 12,35.0,"[7, 13, 8, 7]",0.514336109161377,1597.0,1608.0,2628,TCU,fbs,Big 12,28.0,"[7, 0, 14, 7]",0.485663890838623,1616.0,1605.0,4.955180624815,Jones AT&T Stadium,60862.0,33.59102829801104,-101.87293767929076,60862.0,0.8410009529755841,0
401525539,2023,10,regular,2023-11-02 23:30:00+00:00,False,True,False,True,18277.0,3982.0,Wallace Wade Stadium,150,Duke,fbs,ACC,24.0,"[0, 14, 0, 10]",0.0705460309982299,1632.0,1631.0,154,Wake Forest,fbs,ACC,21.0,"[7, 7, 7, 0]",0.92945396900177,1486.0,1487.0,6.724009670331564,Wallace Wade Stadium,33941.0,35.9953166502013,-78.94172430038452,33941.0,0.538493267729295,0
401531904,2023,10,regular,2023-11-02 23:30:00+00:00,False,True,False,True,28212.0,3975.0,Veterans Memorial Stadium (AL),2653,Troy,fbs,Sun Belt,28.0,"[0, 14, 0, 14]",0.9830871820449828,1655.0,1697.0,6,South Alabama,fbs,Sun Belt,10.0,"[7, 0, 0, 3]",0.016912817955017,1669.0,1627.0,3.813690799650204,Veterans Memorial Stadium,30000.0,31.799527415252125,-85.95217691586194,30000.0,0.9404,0
401525540,2023,10,regular,2023-11-03 23:30:00+00:00,False,True,False,True,42523.0,1964.0,JMA Wireless Dome,183,Syracuse,fbs,ACC,10.0,"[7, 0, 0, 3]",0.3514254093170166,1379.0,1364.0,103,Boston College,fbs,ACC,17.0,"[3, 7, 0, 7]",0.6485745906829834,1356.0,1371.0,6.157693527192026,Carrier Dome,49250.0,43.036132820423234,-76.13651990890503,49250.0,0.8634111675126903,0
401532609,2023,10,regular,2023-11-04 00:00:00+00:00,False,True,False,True,27905.0,3984.0,War Memorial Stadium,2751,Wyoming,fbs,Mountain West,24.0,"[3, 7, 14, 0]",0.9952024221420288,1381.0,1389.0,36,Colorado State,fbs,Mountain West,15.0,"[0, 7, 0, 8]",0.0047975778579711,1277.0,1269.0,3.867884856826337,War Memorial Stadium,29181.0,41.31193599299248,-105.56906461715698,29181.0,0.956272917309208,0
401520377,2023,10,regular,2023-11-04 16:00:00+00:00,False,True,False,False,101915.0,3853.0,Neyland Stadium,2633,Tennessee,fbs,SEC,59.0,"[14, 21, 21, 3]",0.9658122658729552,1870.0,1948.0,41,UConn,fbs,FBS Independents,3.0,"[3, 0, 0, 0]",0.0341877341270446,1187.0,1109.0,2.618328726468474,Neyland Stadium,102455.0,35.95473437262258,-83.92533302307129,102455.0,0.994729393392221,0
401520375,2023,10,regular,2023-11-04 16:00:00+00:00,False,True,False,True,53703.0,6577.0,SHI Stadium,164,Rutgers,fbs,Big Ten,16.0,"[0, 9, 0, 7]",0.0273592695593833,1465.0,1477.0,194,Ohio State,fbs,Big Ten,35.0,"[7, 0, 14, 14]",0.9726407304406166,2077.0,2065.0,4.856694101564687,High Point Solutions Stadium,52454.0,40.51378289308872,-74.46504457087282,52454.0,1.0,0
401520376,2023,10,regular,2023-11-04 16:00:00+00:00,False,True,False,False,75348.0,3994.0,Williams-Brice Stadium,2579,South Carolina,fbs,SEC,38.0,"[14, 7, 7, 10]",0.9917386174201964,1493.0,1511.0,55,Jacksonville State,fbs,Conference USA,28.0,"[7, 7, 14, 0]",0.0082613825798034,1508.0,1490.0,6.954698275016566,Williams-Brice Stadium,80250.0,33.97259115457693,-81.02021634578705,80250.0,0.9389158878504673,0
401525441,2023,10,regular,2023-11-04 16:00:00+00:00,False,True,False,False,81500.0,3836.0,"Memorial Stadium (Clemson, SC)",228,Clemson,fbs,ACC,31.0,"[10, 14, 7, 0]",0.8562451004981995,1698.0,1730.0,87,Notre Dame,fbs,FBS Independents,23.0,"[3, 6, 14, 0]",0.1437548995018005,1998.0,1966.0,3.66352129431368,Memorial Stadium,81500.0,34.67874665741346,-82.84317970275879,81500.0,1.0,0
401520369,2023,10,regular,2023-11-04 16:00:00+00:00,False,True,False,True,63134.0,3936.0,Spartan Stadium,127,Michigan State,fbs,Big Ten,20.0,"[3, 7, 3, 7]",0.9470713138580322,1385.0,1388.0,158,Nebraska,fbs,Big Ten,17.0,"[0, 10, 0, 7]",0.0529286861419677,1512.0,1509.0,4.724383776388183,Spartan Stadium,75005.0,42.7281691163326,-84.48487535119057,75005.0,0.8417305512965803,0
401520374,2023,10,regular,2023-11-04 16:00:00+00:00,False,True,False,True,65680.0,3974.0,Vaught-Hemingway Stadium,145,Ole Miss,fbs,SEC,38.0,"[7, 13, 11, 7]",0.7903981914576,1713.0,1714.0,245,Texas A&M,fbs,SEC,35.0,"[0, 14, 7, 14]",0.2096018085423999,1744.0,1743.0,8.5472397955,Vaught–Hemingway Stadium,60580.0,34.362154302992906,-89.53414626020904,60580.0,1.0,0
401525545,2023,10,regular,2023-11-04 16:00:00+00:00,False,True,False,False,47667.0,3787.0,Kenan Stadium,153,North Carolina,fbs,ACC,59.0,"[7, 21, 17, 14]",0.990442991256714,1701.0,1701.0,2097,Campbell,fcs,Coastal Athletic,7.0,"[7, 0, 0, 0]",0.0095570087432861,735.0,748.0,4.182926461044446,Kenan Memorial Stadium,62980.0,35.90698834747853,-79.04791831970215,62980.0,0.7568593204191807,1
401525884,2023,10,regular,2023-11-04 16:00:00+00:00,False,True,False,True,102846.0,3910.0,DKR-Texas Memorial Stadium,251,Texas,fbs,Big 12,33.0,"[10, 7, 10, 3, 3]",0.5287690758705139,1930.0,1932.0,2306,Kansas State,fbs,Big 12,30.0,"[0, 7, 7, 16, 0]",0.4712309241294861,1971.0,1969.0,6.899353353570967,Darrell K Royal–Texas Memorial Stadium,100119.0,30.28360340206824,-97.73233652114868,100119.0,1.0,0
401520363,2023,10,regular,2023-11-04 16:00:00+00:00,False,True,False,True,89782.0,3634.0,Ben Hill Griffin Stadium,57,Florida,fbs,SEC,36.0,"[14, 3, 6, 10, 3]",0.5725294351577759,1592.0,1588.0,8,Arkansas,fbs,SEC,39.0,"[14, 3, 3, 13, 6]",0.4274705648422241,1596.0,1600.0,9.99688203941452,Ben Hill Griffin Stadium,88548.0,29.649868677972304,-82.34866619110107,88548.0,1.0,0
401520365,2023,10,regular,2023-11-04 16:00:00+00:00,False,True,False,True,45466.0,3830.0,"Memorial Stadium (Bloomington, IN)",84,Indiana,fbs,Big Ten,20.0,"[7, 10, 0, 3]",0.7875823378562927,1317.0,1344.0,275,Wisconsin,fbs,Big Ten,14.0,"[0, 7, 7, 0]",0.2124176621437072,1682.0,1655.0,4.2867130614180144,Memorial Stadium,52959.0,39.18090913372923,-86.52557373046875,52959.0,0.8585131894484412,0
401525451,2023,10,regular,2023-11-04 17:00:00+00:00,False,True,False,False,7143.0,3647.0,Elliott T. Bowers Stadium,2534,Sam Houston,fbs,Conference USA,24.0,"[0, 7, 7, 10]",0.4202825427055359,1307.0,1307.0,338,Kennesaw State,fcs,FCS Independents,21.0,"[14, 7, 0, 0]",0.5797174572944641,735.0,748.0,4.619920780295011,Bowers Stadium,14000.0,30.71394673763343,-95.54191589355467,14000.0,0.5102142857142857,1
401531392,2023,10,regular,2023-11-04 18:00:00+00:00,False,True,False,True,13049.0,3806.0,Lincoln Financial Field,218,Temple,fbs,American Athletic,32.0,"[10, 7, 0, 15]",0.9087318778038024,948.0,1018.0,2426,Navy,fbs,American Athletic,18.0,"[0, 0, 8, 10]",0.0912681221961975,1376.0,1306.0,3.407601644066624,Lincoln Financial Field,68532.0,39.900748900488125,-75.16749143600464,68532.0,0.19040740092219693,0
401524049,2023,10,regular,2023-11-04 18:00:00+00:00,False,True,False,True,52104.0,587.0,Rice-Eccles Stadium,254,Utah,fbs,Pac-12,55.0,"[14, 10, 10, 21]",0.9937424659729004,1702.0,1823.0,9,Arizona State,fbs,Pac-12,3.0,"[3, 0, 0, 0]",0.0062575340270996,1434.0,1313.0,1.9700732356187507,Rice-Eccles Stadium,54383.0,40.75994782004573,-111.84882402420044,45017.0,0.9580935218726441,0
401525542,2023,10,regular,2023-11-04 18:00:00+00:00,False,True,False,True,42606.0,3923.0,Scott Stadium,258,Virginia,fbs,ACC,17.0,"[7, 3, 0, 7]",0.0056081349030137,1354.0,1275.0,59,Georgia Tech,fbs,ACC,45.0,"[3, 21, 7, 14]",0.9943918650969864,1344.0,1423.0,4.96258566057852,Scott Stadium,61500.0,38.03112372855688,-78.51370811462402,61500.0,0.692780487804878,0
401531908,2023,10,regular,2023-11-04 19:00:00+00:00,False,True,False,True,15881.0,3625.0,Centennial Bank Stadium,2032,Arkansas State,fbs,Sun Belt,37.0,"[14, 6, 7, 10]",0.9957225322723388,1106.0,1210.0,309,Louisiana,fbs,Sun Belt,17.0,"[7, 3, 7, 0]",0.0042774677276611,1584.0,1480.0,3.411981091034405,Centennial Bank Stadium,30964.0,35.84899009532366,-90.66769494362912,30964.0,0.5128859320501227,0
401531425,2023,10,regular,2023-11-04 19:00:00+00:00,False,True,False,True,30223.0,3805.0,Simmons Bank Liberty Stadium,235,Memphis,fbs,American Athletic,59.0,"[21, 14, 10, 14]",0.8836769461631775,1586.0,1576.0,58,South Florida,fbs,American Athletic,50.0,"[7, 21, 14, 8]",0.1163230538368225,1183.0,1193.0,6.589302203734734,Liberty Bowl Memorial Stadium,62380.0,35.120856917268995,-89.97805741128388,62380.0,0.48449823661429947,0
401531399,2023,10,regular,2023-11-04 19:00:00+00:00,False,True,False,True,17354.0,3825.0,DATCU Stadium,249,North Texas,fbs,American Athletic,29.0,"[0, 13, 0, 16]",0.0826667174696922,1396.0,1398.0,2636,UTSA,fbs,American Athletic,37.0,"[10, 17, 3, 7]",0.9173332825303078,1626.0,1624.0,4.711082384013757,Apogee Stadium,30850.0,33.20393508408917,-97.15922355651855,30850.0,0.5625283630470016,0
401525881,2023,10,regular,2023-11-04 19:30:00+00:00,False,True,False,True,38193.0,3854.0,Nippert Stadium,2132,Cincinnati,fbs,Big 12,26.0,"[3, 7, 7, 9]",0.082860454916954,1430.0,1431.0,2116,UCF,fbs,Big 12,28.0,"[7, 7, 7, 7]",0.917139545083046,1508.0,1507.0,7.591670445701816,Nippert Stadium,40000.0,39.13128425273405,-84.51626143741578,40000.0,0.954825,0
401531374,2023,10,regular,2023-11-04 19:30:00+00:00,False,True,False,True,33765.0,3699.0,Dowdy-Ficklen Stadium,151,East Carolina,fbs,American Athletic,10.0,"[10, 0, 0, 0]",0.0285185687243938,1336.0,1348.0,2655,Tulane,fbs,American Athletic,13.0,"[0, 10, 0, 3]",0.9714814312756062,1630.0,1618.0,3.617686073396929,Dowdy–Ficklen Stadium,50000.0,35.59642579698931,-77.36522912979126,50000.0,0.6753,0
401525541,2023,10,regular,2023-11-04 19:30:00+00:00,False,True,False,True,57557.0,3752.0,Acrisure Stadium,221,Pittsburgh,fbs,ACC,7.0,"[0, 7, 0, 0]",0.1602888107299804,1438.0,1448.0,52,Florida State,fbs,ACC,24.0,"[0, 10, 14, 0]",0.8397111892700195,1976.0,1966.0,5.007838411039518,Heinz Field,68400.0,40.44678376501633,-80.01575589179993,68400.0,0.8414766081871345,0
401520400,2023,10,regular,2023-11-04 19:30:00+00:00,False,True,False,False,14672.0,3985.0,Warren McGuirk Alumni Stadium,113,Massachusetts,fbs,FBS Independents,31.0,"[7, 7, 3, 14]",0.9939826130867004,958.0,958.0,2771,Merrimack,fcs,NEC,21.0,"[7, 0, 0, 14]",0.0060173869132995,735.0,748.0,3.5061604880604023,Warren McGuirk Alumni Stadium,17000.0,42.377513236004525,-72.53562686052412,17000.0,0.8630588235294118,1
401531907,2023,10,regular,2023-11-04 19:30:00+00:00,False,True,False,True,17982.0,3918.0,S.B. Ballard Stadium,295,Old Dominion,fbs,Sun Belt,24.0,"[7, 0, 14, 3]",0.8057516813278198,1389.0,1389.0,324,Coastal Carolina,fbs,Sun Belt,28.0,"[0, 6, 7, 15]",0.1942483186721801,1491.0,1491.0,6.325881299317668,Foreman Field,20118.0,36.88878131523489,-76.30567610263824,20118.0,0.8938264240978229,0
401525543,2023,10,regular,2023-11-04 19:30:00+00:00,False,True,False,True,49945.0,3873.0,L&N Federal Credit Union Stadium,97,Louisville,fbs,ACC,34.0,"[7, 7, 13, 7]",0.9955888986587524,1717.0,1779.0,259,Virginia Tech,fbs,ACC,3.0,"[0, 3, 0, 0]",0.0044111013412475,1538.0,1476.0,1.8210180575860344,Papa John's Cardinal Stadium,55000.0,38.20542168521144,-85.75810561566809,55000.0,0.9080909090909091,0
401525880,2023,10,regular,2023-11-04 19:30:00+00:00,False,True,False,True,41180.0,4727.0,McLane Stadium,239,Baylor,fbs,Big 12,24.0,"[0, 0, 7, 10, 7]",0.5680710077285767,1452.0,1452.0,248,Houston,fbs,Big 12,25.0,"[0, 7, 3, 7, 8]",0.4319289922714233,1482.0,1482.0,5.229716800900417,McLane Stadium,45140.0,31.55866263551169,-97.11560010910034,45140.0,0.9122729286663713,0
401520364,2023,10,regular,2023-11-04 19:30:00+00:00,False,True,False,True,92746.0,3917.0,Sanford Stadium,61,Georgia,fbs,SEC,30.0,"[3, 7, 14, 6]",0.7125607132911682,2073.0,2060.0,142,Missouri,fbs,SEC,21.0,"[7, 3, 3, 8]",0.2874392867088318,1630.0,1643.0,6.313168714767845,Sanford Stadium,92746.0,33.949821489498824,-83.37344169616699,92746.0,1.0,0
401525883,2023,10,regular,2023-11-04 19:30:00+00:00,False,True,False,True,54105.0,3646.0,Boone Pickens Stadium,197,Oklahoma State,fbs,Big 12,27.0,"[7, 10, 0, 10]",0.8915454149246216,1624.0,1629.0,201,Oklahoma,fbs,Big 12,24.0,"[7, 7, 7, 3]",0.1084545850753784,1911.0,1906.0,6.691184870230753,Boone Pickens Stadium,60218.0,36.12570866235855,-97.06650495529176,60218.0,0.8984855026736192,0
401520367,2023,10,regular,2023-11-04 19:30:00+00:00,False,True,False,True,51802.0,3665.0,SECU Stadium,120,Maryland,fbs,Big Ten,15.0,"[0, 7, 0, 8]",0.0066534513607621,1661.0,1597.0,213,Penn State,fbs,Big Ten,51.0,"[14, 7, 3, 27]",0.993346548639238,1975.0,2039.0,3.766176625449616,Byrd Stadium,51802.0,38.99120275144426,-76.94731173248788,51802.0,1.0,0
401520370,2023,10,regular,2023-11-04 19:30:00+00:00,False,True,False,True,42906.0,3953.0,Huntington Bank Stadium,135,Minnesota,fbs,Big Ten,26.0,"[7, 10, 3, 6]",0.7289379835128784,1595.0,1589.0,356,Illinois,fbs,Big Ten,27.0,"[14, 0, 7, 6]",0.2710620164871216,1503.0,1509.0,6.773785613588294,TCF Bank Stadium,52525.0,44.97652496911191,-93.224575817585,52525.0,0.8168681580199905,0
401532610,2023,10,regular,2023-11-04 20:00:00+00:00,False,True,False,True,15540.0,3816.0,Mackay Stadium,2440,Nevada,fbs,Mountain West,14.0,"[0, 0, 14, 0]",0.2279660105705261,1232.0,1180.0,62,Hawai'i,fbs,Mountain West,27.0,"[0, 17, 7, 3]",0.7720339894294739,1010.0,1062.0,4.123071933693508,Mackay Stadium,30000.0,39.54692485017159,-119.8175597190857,30000.0,0.518,0
401520379,2023,10,regular,2023-11-04 20:00:00+00:00,False,True,False,True,28500.0,3973.0,FirstBank Stadium,238,Vanderbilt,fbs,SEC,15.0,"[0, 7, 8, 0]",0.0773452222347259,1268.0,1261.0,2,Auburn,fbs,SEC,31.0,"[14, 3, 14, 0]",0.922654777765274,1583.0,1590.0,3.825465318002089,Vanderbilt Stadium,40350.0,36.14355849696379,-86.80877208709717,40350.0,0.7063197026022305,0
401531909,2023,10,regular,2023-11-04 20:00:00+00:00,False,True,False,True,20193.0,3815.0,M. M. Roberts Stadium,2572,Southern Miss,fbs,Sun Belt,24.0,"[17, 0, 0, 7]",1.0,1125.0,1158.0,2433,UL Monroe,fbs,Sun Belt,7.0,"[0, 0, 7, 0]",0.0,1080.0,1047.0,2.735718318524202,M. M. Roberts Stadium,36000.0,31.32897842661232,-89.33133065700531,36000.0,0.5609166666666666,0
401531343,2023,10,regular,2023-11-04 20:00:00+00:00,False,True,False,True,20151.0,3674.0,Chapman Stadium,202,Tulsa,fbs,American Athletic,26.0,"[14, 3, 0, 9, 0]",0.5486639738082886,1097.0,1089.0,2429,Charlotte,fbs,American Athletic,33.0,"[0, 10, 5, 11, 7]",0.4513360261917114,1161.0,1169.0,7.001303134229341,Skelly Field at H. A. Chapman Stadium,35542.0,36.14886067519205,-95.943603515625,35542.0,0.566963029655056,0
401531910,2023,10,regular,2023-11-04 21:00:00+00:00,False,True,False,True,18204.0,3644.0,Bobcat Stadium (TX),326,Texas State,fbs,Sun Belt,45.0,"[7, 24, 14, 0]",0.987151026725769,1359.0,1424.0,290,Georgia Southern,fbs,Sun Belt,24.0,"[10, 0, 7, 7]",0.0128489732742309,1497.0,1432.0,3.523616815325734,Bobcat Stadium,30000.0,29.89134454879716,-97.92531180559462,30000.0,0.6068,0
401524047,2023,10,regular,2023-11-04 21:30:00+00:00,False,True,False,True,54046.0,3626.0,Autzen Stadium,2483,Oregon,fbs,Pac-12,63.0,"[14, 21, 7, 21]",0.9920057654380798,1899.0,1976.0,25,California,fbs,Pac-12,19.0,"[10, 3, 6, 0]",0.0079942345619201,1502.0,1425.0,3.439449319763697,Autzen Stadium,54000.0,44.058272724266615,-123.0685043334961,54000.0,1.0,0
401520366,2023,10,regular,2023-11-04 22:00:00+00:00,False,True,False,True,21647.0,3992.0,Williams Stadium (VA),2335,Liberty,fbs,Conference USA,56.0,"[14, 14, 14, 14]",1.0,1625.0,1650.0,2348,Louisiana Tech,fbs,Conference USA,30.0,"[3, 7, 14, 6]",0.0,1244.0,1219.0,2.5997424383270844,Williams Stadium,19200.0,37.354414,-79.175047,19200.0,1.0,0
401531905,2023,10,regular,2023-11-04 22:00:00+00:00,False,True,False,True,34057.0,3792.0,Kidd Brewer Stadium,2026,App State,fbs,Sun Belt,31.0,"[0, 21, 7, 3]",1.0,1513.0,1556.0,276,Marshall,fbs,Sun Belt,9.0,"[0, 3, 6, 0]",0.0,1421.0,1378.0,3.209142999248104,Kidd Brewer Stadium,40168.0,36.21151530169309,-81.68550610542297,24050.0,0.8478639713204541,0
401532611,2023,10,regular,2023-11-04 22:00:00+00:00,False,True,False,True,12353.0,3971.0,University Stadium (NM),167,New Mexico,fbs,Mountain West,14.0,"[0, 7, 0, 7]",0.020533625036478,1111.0,1029.0,2439,UNLV,fbs,Mountain West,56.0,"[14, 21, 14, 7]",0.979466374963522,1437.0,1519.0,2.75678523658064,University Stadium,39224.0,35.06761048267165,-106.6281028358157,39224.0,0.3149347338364267,0
401525882,2023,10,regular,2023-11-04 23:00:00+00:00,False,True,False,True,61500.0,3772.0,Jack Trice Stadium,66,Iowa State,fbs,Big 12,21.0,"[0, 3, 8, 10]",0.0862248986959457,1610.0,1594.0,2305,Kansas,fbs,Big 12,28.0,"[7, 7, 7, 7]",0.9137751013040544,1569.0,1585.0,4.542126043378558,Jack Trice Stadium,61500.0,42.01400541108485,-93.6358094215393,61500.0,1.0,0
401525885,2023,10,regular,2023-11-04 23:00:00+00:00,False,True,False,True,50266.0,3842.0,Milan Puskar Stadium,277,West Virginia,fbs,Big 12,37.0,"[14, 13, 10, 0]",0.9907785058021544,1499.0,1577.0,252,BYU,fbs,Big 12,7.0,"[0, 0, 0, 7]",0.0092214941978454,1478.0,1400.0,2.057332432676787,Mountaineer Field at Milan Puskar Stadium,60000.0,39.65221992482815,-79.9551753012939,60000.0,0.8377666666666667,0
401520371,2023,10,regular,2023-11-04 23:30:00+00:00,False,True,False,True,52329.0,3693.0,Davis Wade Stadium,344,Mississippi State,fbs,SEC,3.0,"[0, 3, 0, 0]",0.0,1521.0,1476.0,96,Kentucky,fbs,SEC,24.0,"[7, 14, 3, 0]",1.0,1600.0,1645.0,3.187190052811228,Davis Wade Stadium,61337.0,33.456230599072065,-88.79342436790466,61337.0,0.8531392145034807,0
401520368,2023,10,regular,2023-11-04 23:30:00+00:00,False,True,False,True,110245.0,3558.0,Michigan Stadium,130,Michigan,fbs,Big Ten,41.0,"[17, 3, 7, 14]",0.966874063014984,2184.0,2180.0,2509,Purdue,fbs,Big Ten,13.0,"[0, 6, 0, 7]",0.0331259369850158,1444.0,1448.0,1.9840633555723588,Michigan Stadium,107601.0,42.26586873251738,-83.7487256526947,107601.0,1.0,0
401531440,2023,10,regular,2023-11-04 23:30:00+00:00,False,True,False,True,21632.0,3895.0,Rice Stadium,242,Rice,fbs,American Athletic,31.0,"[7, 14, 7, 3]",0.2050998210906982,1315.0,1336.0,2567,SMU,fbs,American Athletic,36.0,"[14, 10, 9, 3]",0.7949001789093018,1775.0,1754.0,7.594252123016877,Rice Stadium,47000.0,29.71623402909437,-95.40926456451416,47000.0,0.4602553191489362,0
401524048,2023,10,regular,2023-11-04 23:30:00+00:00,False,True,False,True,72243.0,477.0,Los Angeles Memorial Coliseum,30,USC,fbs,Pac-12,42.0,"[14, 14, 14, 0]",0.1671126037836074,1755.0,1743.0,264,Washington,fbs,Pac-12,52.0,"[7, 28, 7, 10]",0.8328873962163925,1852.0,1864.0,7.31833529035617,Los Angeles Memorial Coliseum,93607.0,34.01400974062912,-118.28789591789246,93607.0,0.7717692052944758,0
401520362,2023,10,regular,2023-11-04 23:45:00+00:00,False,True,False,True,100077.0,3657.0,Bryant-Denny Stadium,333,Alabama,fbs,SEC,42.0,"[14, 7, 14, 7]",1.0,1989.0,2014.0,99,LSU,fbs,SEC,28.0,"[7, 14, 7, 0]",0.0,1952.0,1927.0,6.143252103893256,Bryant–Denny Stadium,101821.0,33.2074899449518,-87.5503921508789,101821.0,0.9828719026526944,0
401525544,2023,10,regular,2023-11-05 00:00:00+00:00,False,True,False,True,56919.0,3670.0,Carter-Finley Stadium,152,NC State,fbs,ACC,20.0,"[7, 3, 0, 10]",1.0,1525.0,1558.0,2390,Miami,fbs,ACC,6.0,"[3, 3, 0, 0]",0.0,1582.0,1549.0,4.368949533211535,Carter–Finley Stadium,57583.0,35.80075968207897,-78.71948719024658,57583.0,0.9884688189222514,0
401520378,2023,10,regular,2023-11-05 01:00:00+00:00,False,True,False,True,11111.0,3946.0,Sun Bowl,2638,UTEP,fbs,Conference USA,13.0,"[0, 3, 0, 10]",0.1605690270662307,1171.0,1181.0,98,Western Kentucky,fbs,Conference USA,21.0,"[0, 0, 14, 7]",0.8394309729337692,1505.0,1495.0,4.857349767025422,Sun Bowl Stadium,51500.0,31.77334530512776,-106.50789678096773,51500.0,0.21574757281553397,0
401524050,2023,10,regular,2023-11-05 01:00:00+00:00,False,True,False,True,24385.0,3820.0,Gesa Field,265,Washington State,fbs,Pac-12,7.0,"[0, 7, 0, 0]",0.3706154525279999,1454.0,1435.0,24,Stanford,fbs,Pac-12,10.0,"[0, 0, 7, 3]",0.6293845474720001,1230.0,1249.0,4.889886678089942,Martin Stadium,32248.0,46.731967978653024,-117.16058578781136,32248.0,0.7561709253287026,0
401524046,2023,10,regular,2023-11-05 02:00:00+00:00,False,True,False,True,52725.0,3726.0,Folsom Field,38,Colorado,fbs,Pac-12,19.0,"[0, 3, 2, 14]",0.0560578741133213,1294.0,1315.0,204,Oregon State,fbs,Pac-12,26.0,"[7, 7, 6, 6]",0.9439421258866788,1786.0,1765.0,4.452344156090917,Folsom Field,50183.0,40.00939837446321,-105.26688694953918,50183.0,1.0,0
401532608,2023,10,regular,2023-11-05 02:00:00+00:00,False,True,False,True,41031.0,3660.0,Valley Children's Stadium,278,Fresno State,fbs,Mountain West,37.0,"[10, 10, 7, 10]",0.7793428301811218,1734.0,1735.0,68,Boise State,fbs,Mountain West,30.0,"[3, 7, 7, 13]",0.2206571698188781,1585.0,1584.0,4.187074307255116,Bulldog Stadium,41031.0,36.81431969524593,-119.75810156690552,41031.0,1.0,0
401524045,2023,10,regular,2023-11-05 02:30:00+00:00,False,True,False,True,44956.0,3619.0,Arizona Stadium,12,Arizona,fbs,Pac-12,27.0,"[7, 7, 3, 10]",0.9650680422782898,1610.0,1657.0,26,UCLA,fbs,Pac-12,10.0,"[0, 7, 3, 0]",0.0349319577217102,1709.0,1662.0,3.3314668783642407,Arizona Stadium,51811.0,32.228340232071496,-110.94903945922852,51811.0,0.8676921889174114,0
401532437,2023,11,regular,2023-11-08 00:00:00+00:00,False,True,False,True,6282.0,3764.0,Huskie Stadium,2459,Northern Illinois,fbs,Mid-American,17.0,"[0, 10, 0, 7]",0.0,1398.0,1379.0,2050,Ball State,fbs,Mid-American,20.0,"[7, 3, 0, 10]",1.0,1167.0,1186.0,5.463023553271267,Huskie Stadium,25500.0,41.934014,-88.778222,25500.0,0.24635294117647058,0
401532439,2023,11,regular,2023-11-08 00:30:00+00:00,False,True,False,True,11444.0,3965.0,UB Stadium,2084,Buffalo,fbs,Mid-American,10.0,"[0, 3, 0, 7]",0.0494058914482593,1342.0,1334.0,195,Ohio,fbs,Mid-American,20.0,"[0, 0, 10, 10]",0.9505941085517406,1488.0,1496.0,4.048918575740601,UB Stadium,29013.0,42.99906838239644,-78.7775194644928,29013.0,0.39444386998931513,0
401532441,2023,11,regular,2023-11-09 00:00:00+00:00,False,True,False,True,7233.0,3996.0,Yager Stadium,193,Miami (OH),fbs,Mid-American,19.0,"[7, 3, 6, 3]",0.9106321930885316,1491.0,1494.0,2006,Akron,fbs,Mid-American,0.0,"[0, 0, 0, 0]",0.0893678069114685,1055.0,1052.0,2.2631528724027787,Yager Stadium,24286.0,39.51942113142349,-84.73335450140017,24286.0,0.29782590793049496,0
401532442,2023,11,regular,2023-11-09 00:00:00+00:00,False,True,False,True,6065.0,3696.0,Dix Stadium,2309,Kent State,fbs,Mid-American,19.0,"[3, 3, 7, 6]",0.0660587549209594,1097.0,1036.0,189,Bowling Green,fbs,Mid-American,49.0,"[14, 14, 0, 21]",0.9339412450790404,1281.0,1342.0,3.133055608030153,Dix Stadium,25000.0,41.13908682549516,-81.31343945860863,25000.0,0.2426,0
401532440,2023,11,regular,2023-11-09 00:30:00+00:00,False,True,False,True,17842.0,3739.0,Glass Bowl,2649,Toledo,fbs,Mid-American,49.0,"[21, 14, 7, 7]",0.9841310381889344,1520.0,1561.0,2199,Eastern Michigan,fbs,Mid-American,23.0,"[0, 3, 6, 14]",0.0158689618110656,1292.0,1251.0,1.8786987494787848,Glass Bowl,26248.0,41.65739077895321,-83.61401719150295,26248.0,0.6797470283450168,0
401525546,2023,11,regular,2023-11-10 00:30:00+00:00,False,True,False,True,44628.0,3873.0,L&N Federal Credit Union Stadium,97,Louisville,fbs,ACC,31.0,"[7, 7, 0, 17]",0.9132112860679626,1779.0,1763.0,258,Virginia,fbs,ACC,24.0,"[0, 0, 21, 3]",0.0867887139320373,1275.0,1291.0,5.570448545257203,Papa John's Cardinal Stadium,55000.0,38.20542168521144,-85.75810561566809,55000.0,0.8114181818181818,0
401531911,2023,11,regular,2023-11-10 00:30:00+00:00,False,True,False,True,15137.0,3666.0,Cajun Field,309,Louisiana,fbs,Sun Belt,31.0,"[7, 7, 0, 14, 3]",0.2956649959087372,1480.0,1454.0,2572,Southern Miss,fbs,Sun Belt,34.0,"[0, 14, 7, 7, 6]",0.7043350040912628,1158.0,1184.0,8.736100191456806,Cajun Field,36900.0,30.21579609675613,-92.01626413552384,36900.0,0.4102168021680217,0
401531437,2023,11,regular,2023-11-11 02:00:00+00:00,False,True,False,True,22043.0,3735.0,Gerald J. Ford Stadium,2567,SMU,fbs,American Athletic,45.0,"[14, 3, 14, 14]",0.9950094819068908,1754.0,1776.0,249,North Texas,fbs,American Athletic,21.0,"[7, 7, 0, 7]",0.0049905180931091,1398.0,1376.0,3.7325970383727856,Gerald J. Ford Stadium,32000.0,32.83771580994254,-96.782705783844,32000.0,0.68884375,0
401520394,2023,11,regular,2023-11-11 17:00:00+00:00,False,True,False,True,110856.0,3632.0,Beaver Stadium,213,Penn State,fbs,Big Ten,15.0,"[3, 6, 0, 6]",0.0438020452857017,2039.0,2032.0,130,Michigan,fbs,Big Ten,24.0,"[0, 14, 3, 7]",0.9561979547142982,2180.0,2187.0,3.998947894594637,Beaver Stadium,106572.0,40.81215273275043,-77.85620212554932,106572.0,1.0,0
401520381,2023,11,regular,2023-11-11 17:00:00+00:00,False,True,False,False,30602.0,3841.0,Michie Stadium,349,Army,fbs,FBS Independents,17.0,"[7, 7, 0, 3]",0.6721500158309937,1350.0,1350.0,107,Holy Cross,fcs,Patriot,14.0,"[0, 0, 0, 14]",0.3278499841690063,735.0,748.0,3.1003437849363435,Michie Stadium,38000.0,41.38708043477422,-73.96408081054688,38000.0,0.8053157894736842,1
401520386,2023,11,regular,2023-11-11 17:00:00+00:00,False,True,False,True,61936.0,3683.0,Kroger Field,96,Kentucky,fbs,SEC,21.0,"[7, 0, 7, 7]",0.0054074227809906,1645.0,1612.0,333,Alabama,fbs,SEC,49.0,"[21, 7, 7, 14]",0.9945925772190094,2014.0,2047.0,4.108274634232548,Commonwealth Stadium,62093.0,38.02262168129363,-84.50520515441895,62093.0,0.9974715346335336,0
401520383,2023,11,regular,2023-11-11 17:00:00+00:00,False,True,False,True,53157.0,3832.0,"Memorial Stadium (Champaign, IL)",356,Illinois,fbs,Big Ten,48.0,"[9, 17, 7, 9, 6]",0.9028742909431458,1509.0,1508.0,84,Indiana,fbs,Big Ten,45.0,"[7, 20, 0, 15, 3]",0.0971257090568542,1344.0,1345.0,7.894234430473022,Memorial Stadium,60670.0,40.09930573133053,-88.23598623275757,60670.0,0.8761661447173232,0
401520392,2023,11,regular,2023-11-11 17:00:00+00:00,False,True,False,True,86830.0,3834.0,"Memorial Stadium (Lincoln, NE)",158,Nebraska,fbs,Big Ten,10.0,"[0, 0, 10, 0]",0.0554736144840717,1509.0,1510.0,120,Maryland,fbs,Big Ten,13.0,"[0, 7, 0, 6]",0.9445263855159284,1597.0,1596.0,5.342774659668509,Memorial Stadium,87091.0,40.82048352329494,-96.70571565628052,87091.0,0.9970031346522603,0
401520396,2023,11,regular,2023-11-11 17:00:00+00:00,False,True,False,True,75682.0,3994.0,Williams-Brice Stadium,2579,South Carolina,fbs,SEC,47.0,"[6, 7, 14, 20]",0.9773297905921936,1511.0,1597.0,238,Vanderbilt,fbs,SEC,6.0,"[0, 0, 0, 6]",0.0226702094078063,1261.0,1175.0,2.6174784115141896,Williams-Brice Stadium,80250.0,33.97259115457693,-81.02021634578705,80250.0,0.9430778816199377,0
401531393,2023,11,regular,2023-11-11 17:00:00+00:00,False,True,False,True,30938.0,3886.0,Raymond James Stadium,58,South Florida,fbs,American Athletic,27.0,"[17, 3, 7, 0]",0.9388741850852966,1193.0,1191.0,218,Temple,fbs,American Athletic,23.0,"[0, 10, 0, 13]",0.0611258149147033,1018.0,1020.0,3.999189192194168,Raymond James Stadium,65857.0,27.975994470037183,-82.50334918498993,65857.0,0.46977542250633947,0
401525888,2023,11,regular,2023-11-11 17:00:00+00:00,False,True,False,True,47233.0,3833.0,Memorial Stadium,2305,Kansas,fbs,Big 12,13.0,"[0, 0, 0, 13]",0.2876955866813659,1585.0,1582.0,2641,Texas Tech,fbs,Big 12,16.0,"[10, 0, 3, 3]",0.712304413318634,1608.0,1611.0,5.553524640808363,Memorial Stadium,50071.0,38.96294598898537,-95.2463150024414,50071.0,0.9433204849114257,0
401531344,2023,11,regular,2023-11-11 17:00:00+00:00,False,True,False,True,20126.0,4729.0,Yulman Stadium,2655,Tulane,fbs,American Athletic,24.0,"[14, 0, 7, 3]",0.5788732171058655,1618.0,1611.0,202,Tulsa,fbs,American Athletic,22.0,"[0, 10, 3, 9]",0.4211267828941345,1089.0,1096.0,4.237033740512774,Benson Field at Yulman Stadium,30000.0,29.945898112528432,-90.11519112306328,30000.0,0.6708666666666666,0
401525547,2023,11,regular,2023-11-11 17:00:00+00:00,False,True,False,True,33665.0,3615.0,"Alumni Stadium (Chestnut Hill, MA)",103,Boston College,fbs,ACC,22.0,"[7, 0, 8, 7]",0.0120090330019593,1371.0,1313.0,259,Virginia Tech,fbs,ACC,48.0,"[10, 21, 7, 10]",0.9879909669980408,1476.0,1534.0,2.8430771308949176,Alumni Stadium,44500.0,42.33510834895851,-71.16647243499756,44500.0,0.7565168539325843,0
401525548,2023,11,regular,2023-11-11 17:00:00+00:00,False,True,False,True,81426.0,3836.0,"Memorial Stadium (Clemson, SC)",228,Clemson,fbs,ACC,42.0,"[0, 21, 7, 14]",0.9229243993759156,1730.0,1749.0,59,Georgia Tech,fbs,ACC,21.0,"[7, 0, 0, 14]",0.0770756006240844,1423.0,1404.0,3.0738041925651287,Memorial Stadium,81500.0,34.67874665741346,-82.84317970275879,81500.0,0.9990920245398773,0
401520388,2023,11,regular,2023-11-11 18:00:00+00:00,False,True,False,False,21481.0,3992.0,Williams Stadium (VA),2335,Liberty,fbs,Conference USA,38.0,"[14, 21, 3, 0]",0.9895298480987548,1650.0,1703.0,295,Old Dominion,fbs,Sun Belt,10.0,"[0, 3, 0, 7]",0.0104701519012451,1389.0,1336.0,1.6333285116340786,Williams Stadium,19200.0,37.354414,-79.175047,19200.0,1.0,0
401524052,2023,11,regular,2023-11-11 19:00:00+00:00,False,True,False,True,52788.0,3726.0,Folsom Field,38,Colorado,fbs,Pac-12,31.0,"[14, 10, 7, 0]",0.2544537519529677,1315.0,1330.0,12,Arizona,fbs,Pac-12,34.0,"[7, 10, 7, 10]",0.7455462480470323,1657.0,1642.0,8.2017388645,Folsom Field,50183.0,40.00939837446321,-105.26688694953918,50183.0,1.0,0
401525551,2023,11,regular,2023-11-11 19:00:00+00:00,False,True,False,True,29591.0,3630.0,Allegacy Federal Credit Union Stadium,154,Wake Forest,fbs,ACC,6.0,"[0, 0, 0, 6]",0.0010081617381101,1487.0,1444.0,152,NC State,fbs,ACC,26.0,"[7, 14, 0, 5]",0.99899183826189,1558.0,1601.0,2.1140792628,BB&T Field,31500.0,36.09183481061275,-80.25534152984619,31500.0,0.9393968253968255,0
401520385,2023,11,regular,2023-11-11 19:00:00+00:00,False,True,False,False,25240.0,3651.0,Bridgeforth Stadium,256,James Madison,fbs,Sun Belt,44.0,"[3, 10, 17, 14]",0.9957457780838012,1725.0,1758.0,41,UConn,fbs,FBS Independents,6.0,"[0, 3, 3, 0]",0.0042542219161987,1109.0,1076.0,2.9605807356008373,Bridgeforth Stadium,24878.0,38.43508893585215,-78.87340330403673,24878.0,1.0,0
401531408,2023,11,regular,2023-11-11 19:00:00+00:00,False,True,False,True,8895.0,4418.0,Jerry Richardson Stadium,2429,Charlotte,fbs,American Athletic,38.0,"[0, 17, 7, 14, 0]",0.6005269289016724,1169.0,1186.0,235,Memphis,fbs,American Athletic,44.0,"[7, 7, 7, 17, 6]",0.3994730710983276,1576.0,1559.0,8.589157525006796,Jerry Richardson Stadium,15314.0,35.31028067616406,-80.74049377106525,15314.0,0.580841060467546,0
401531915,2023,11,regular,2023-11-11 19:00:00+00:00,False,True,False,True,7683.0,3817.0,Malone Stadium,2433,UL Monroe,fbs,Sun Belt,14.0,"[0, 0, 7, 7]",0.1955195665359497,1047.0,1035.0,2653,Troy,fbs,Sun Belt,45.0,"[7, 14, 3, 21]",0.8044804334640503,1697.0,1709.0,3.350935230948138,Malone Stadium,30427.0,32.53106869451547,-92.06644075067642,30427.0,0.2525059979623361,0
401520387,2023,11,regular,2023-11-11 20:00:00+00:00,False,True,False,True,15080.0,3776.0,Joe Aillet Stadium,2348,Louisiana Tech,fbs,Conference USA,27.0,"[3, 3, 14, 7]",0.031854048371315,1219.0,1192.0,2534,Sam Houston,fbs,Conference USA,42.0,"[7, 7, 14, 14]",0.968145951628685,1304.0,1331.0,5.154768006341759,Joe Aillet Stadium,30600.0,32.53223809915824,-92.6560188758494,30600.0,0.4928104575163399,0
401525889,2023,11,regular,2023-11-11 20:00:00+00:00,False,True,False,True,51790.0,3636.0,Bill Snyder Family Stadium,2306,Kansas State,fbs,Big 12,59.0,"[21, 14, 17, 7]",0.9948059320449828,1969.0,2002.0,239,Baylor,fbs,Big 12,25.0,"[7, 6, 6, 6]",0.005194067955017,1452.0,1419.0,3.0543830863823707,Bill Snyder Family Football Stadium,50000.0,39.20186361814248,-96.59379243850708,50000.0,1.0,0
401532615,2023,11,regular,2023-11-11 20:00:00+00:00,False,True,False,True,17760.0,3905.0,Maverik Stadium,328,Utah State,fbs,Mountain West,41.0,"[7, 17, 10, 7]",0.9935595393180848,1388.0,1406.0,2440,Nevada,fbs,Mountain West,24.0,"[7, 3, 0, 14]",0.0064404606819152,1180.0,1162.0,4.163998510660218,Romney Stadium,25513.0,41.75153188612883,-111.81210567885644,25513.0,0.6961157057186532,0
401520391,2023,11,regular,2023-11-11 20:30:00+00:00,False,True,False,True,62621.0,3838.0,Memorial Stadium,142,Missouri,fbs,SEC,36.0,"[0, 13, 9, 14]",0.9213712215423584,1643.0,1761.0,2633,Tennessee,fbs,SEC,7.0,"[0, 7, 0, 0]",0.0786287784576416,1948.0,1830.0,5.335533629583766,Faurot Field,71168.0,38.93589529672232,-92.33311414718628,71168.0,0.8799038893884892,0
401520395,2023,11,regular,2023-11-11 20:30:00+00:00,False,True,False,True,59049.0,3907.0,Ross-Ade Stadium,2509,Purdue,fbs,Big Ten,49.0,"[14, 14, 7, 14]",0.998629948789317,1448.0,1506.0,135,Minnesota,fbs,Big Ten,30.0,"[10, 10, 0, 10]",0.001370051210683,1589.0,1531.0,4.8733548226,Ross–Ade Stadium,56400.0,40.434323,-86.918485,56400.0,1.0,0
401531384,2023,11,regular,2023-11-11 20:30:00+00:00,False,True,False,True,29078.0,3852.0,Navy-Marine Corps Memorial Stadium,2426,Navy,fbs,American Athletic,31.0,"[7, 0, 3, 21]",0.9926551580429076,1306.0,1376.0,5,UAB,fbs,American Athletic,6.0,"[3, 3, 0, 0]",0.0073448419570922,1367.0,1297.0,3.744944255026955,Navy–Marine Corps Memorial Stadium,34000.0,38.98483263543365,-76.5071153640747,34000.0,0.8552352941176471,0
401531912,2023,11,regular,2023-11-11 20:30:00+00:00,False,True,False,True,15832.0,3654.0,Brooks Stadium (SC),324,Coastal Carolina,fbs,Sun Belt,31.0,"[7, 14, 7, 3]",0.9336634278297424,1491.0,1499.0,326,Texas State,fbs,Sun Belt,23.0,"[10, 0, 0, 13]",0.0663365721702575,1424.0,1416.0,4.373047837967994,Brooks Stadium,22217.0,33.792838175224496,-79.01702282805255,9214.0,0.7126074627537471,0
401525892,2023,11,regular,2023-11-11 20:30:00+00:00,False,True,False,True,44046.0,3652.0,FBC Mortgage Stadium,2116,UCF,fbs,Big 12,45.0,"[14, 10, 14, 7]",0.9587985277175904,1507.0,1650.0,197,Oklahoma State,fbs,Big 12,3.0,"[0, 0, 3, 0]",0.0412014722824096,1629.0,1486.0,2.4343317772667423,Bright House Networks Stadium,45323.0,28.607958859227068,-81.1929988861084,45323.0,0.971824459987203,0
401520384,2023,11,regular,2023-11-11 20:30:00+00:00,False,True,False,True,69250.0,3793.0,Kinnick Stadium,2294,Iowa,fbs,Big Ten,22.0,"[0, 3, 3, 16]",1.0,1648.0,1683.0,164,Rutgers,fbs,Big Ten,0.0,"[0, 0, 0, 0]",0.0,1477.0,1442.0,2.81434332719791,Kinnick Stadium,70585.0,41.65838893680983,-91.55147552490234,70585.0,0.9810866331373521,0
401520398,2023,11,regular,2023-11-11 20:30:00+00:00,False,True,False,True,76124.0,347.0,Camp Randall Stadium,275,Wisconsin,fbs,Big Ten,10.0,"[3, 0, 0, 7]",0.1951719671487808,1655.0,1593.0,77,Northwestern,fbs,Big Ten,24.0,"[7, 17, 0, 0]",0.8048280328512192,1379.0,1441.0,3.2193989639302028,Camp Randall Stadium,80321.0,43.06993802646878,-89.41274642944336,80321.0,0.947747164502434,0
401520390,2023,11,regular,2023-11-11 20:30:00+00:00,False,True,False,True,11111.0,3725.0,Johnny Red Floyd Stadium,2393,Middle Tennessee,fbs,Conference USA,40.0,"[17, 14, 0, 9]",0.9912664890289308,1289.0,1354.0,2229,Florida International,fbs,Conference USA,6.0,"[0, 6, 0, 0]",0.0087335109710693,1060.0,995.0,2.3389663008454344,"Johnny ""Red"" Floyd Stadium",31000.0,35.85110908054087,-86.36844992637634,31000.0,0.3584193548387097,0
401524056,2023,11,regular,2023-11-11 20:30:00+00:00,False,True,False,True,70976.0,3765.0,Husky Stadium,264,Washington,fbs,Pac-12,35.0,"[10, 14, 11, 0]",0.9524555802345276,1864.0,1871.0,254,Utah,fbs,Pac-12,28.0,"[7, 21, 0, 0]",0.0475444197654724,1823.0,1816.0,6.450739611655269,Husky Stadium,70500.0,47.65043054401222,-122.30291984739304,70500.0,1.0,0
401520399,2023,11,regular,2023-11-11 20:30:00+00:00,False,True,False,True,16319.0,3796.0,Houchens Industries-L.T. Smith Stadium,98,Western Kentucky,fbs,Conference USA,29.0,"[14, 7, 0, 8]",0.1113613987872012,1495.0,1465.0,166,New Mexico State,fbs,Conference USA,38.0,"[3, 14, 7, 14]",0.8886386012127987,1361.0,1391.0,5.6110813473,Houchens Industries–L. T. Smith Stadium,22113.0,36.98487662989466,-86.459013971646,22113.0,0.7379821824266268,0
401525550,2023,11,regular,2023-11-11 20:30:00+00:00,False,True,False,True,79560.0,3697.0,Doak Campbell Stadium,52,Florida State,fbs,ACC,27.0,"[7, 3, 10, 7]",0.9633764624595642,1966.0,1954.0,2390,Miami,fbs,ACC,20.0,"[0, 10, 3, 7]",0.0366235375404357,1549.0,1561.0,4.433835578719454,Bobby Bowden Field at Doak Campbell Stadium,82300.0,30.437547584621285,-84.30453398103501,82300.0,0.9667071688942892,0
401524051,2023,11,regular,2023-11-11 21:00:00+00:00,False,True,False,True,38155.0,3831.0,California Memorial Stadium,25,California,fbs,Pac-12,42.0,"[14, 14, 0, 14]",0.7945595383644104,1425.0,1426.0,265,Washington State,fbs,Pac-12,39.0,"[7, 14, 3, 15]",0.2054404616355896,1435.0,1434.0,4.778096273881879,California Memorial Stadium,62717.0,37.87068660370429,-122.2507095336914,62717.0,0.6083677471817849,0
401520380,2023,11,regular,2023-11-11 21:00:00+00:00,False,True,False,True,72033.0,3887.0,Razorback Stadium,8,Arkansas,fbs,SEC,10.0,"[3, 0, 0, 7]",0.0,1600.0,1485.0,2,Auburn,fbs,SEC,48.0,"[21, 6, 21, 0]",1.0,1590.0,1705.0,4.028112214051205,Donald W. Reynolds Razorback Stadium,72000.0,36.067850785167344,-94.17879581451416,72000.0,1.0,0
401524054,2023,11,regular,2023-11-11 22:30:00+00:00,False,True,False,True,37107.0,3893.0,Reser Stadium,204,Oregon State,fbs,Pac-12,62.0,"[14, 20, 21, 7]",0.9892436265945436,1765.0,1830.0,24,Stanford,fbs,Pac-12,17.0,"[7, 3, 7, 0]",0.0107563734054565,1249.0,1184.0,3.2013515037739126,Reser Stadium,45674.0,44.5594768421455,-123.2814073562622,45674.0,0.8124315803301659,0
401520382,2023,11,regular,2023-11-12 00:00:00+00:00,False,True,False,True,92746.0,3917.0,Sanford Stadium,61,Georgia,fbs,SEC,52.0,"[14, 14, 10, 14]",0.9934244751930236,2060.0,2115.0,145,Ole Miss,fbs,SEC,17.0,"[7, 7, 0, 3]",0.0065755248069763,1714.0,1659.0,3.8263285431817455,Sanford Stadium,92746.0,33.949821489498824,-83.37344169616699,92746.0,1.0,0
401531914,2023,11,regular,2023-11-12 00:00:00+00:00,False,True,False,True,19175.0,3775.0,Joan C. Edwards Stadium,276,Marshall,fbs,Sun Belt,38.0,"[10, 7, 7, 14]",0.8597899675369263,1378.0,1385.0,290,Georgia Southern,fbs,Sun Belt,33.0,"[3, 17, 6, 7]",0.1402100324630737,1432.0,1425.0,6.881699700069476,Joan C. Edwards Stadium,38019.0,38.42486536179161,-82.42185831069946,38019.0,0.5043530866145874,0
401525890,2023,11,regular,2023-11-12 00:00:00+00:00,False,True,False,True,83525.0,3835.0,"Memorial Stadium (Norman, OK)",201,Oklahoma,fbs,Big 12,59.0,"[14, 17, 14, 14]",0.9687048196792604,1906.0,1975.0,277,West Virginia,fbs,Big 12,20.0,"[7, 7, 6, 0]",0.0312951803207397,1577.0,1508.0,3.434402185860199,Gaylord Family Oklahoma Memorial Stadium,82112.0,35.20589959488508,-97.44255065917967,82112.0,1.0,0
401525887,2023,11,regular,2023-11-12 00:00:00+00:00,False,True,False,True,34312.0,4728.0,TDECU Stadium,248,Houston,fbs,Big 12,14.0,"[0, 7, 0, 7]",0.0,1482.0,1457.0,2132,Cincinnati,fbs,Big 12,24.0,"[7, 7, 3, 7]",1.0,1431.0,1456.0,4.576060790135453,TDECU Stadium,40000.0,29.721767963293527,-95.34909841095214,40000.0,0.8578,0
401525891,2023,11,regular,2023-11-12 00:30:00+00:00,False,True,False,True,50812.0,3616.0,Amon G. Carter Stadium,2628,TCU,fbs,Big 12,26.0,"[6, 0, 0, 20]",0.4508836269378662,1605.0,1619.0,251,Texas,fbs,Big 12,29.0,"[7, 19, 0, 3]",0.5491163730621338,1932.0,1918.0,4.893560620329281,Amon G. Carter Stadium,45000.0,32.70991596942349,-97.36799597740172,45000.0,1.0,0
401520389,2023,11,regular,2023-11-12 00:30:00+00:00,False,True,False,True,102321.0,3958.0,Tiger Stadium (LA),99,LSU,fbs,SEC,52.0,"[7, 10, 21, 14]",0.9145046472549438,1927.0,1934.0,57,Florida,fbs,SEC,35.0,"[7, 7, 14, 7]",0.0854953527450561,1588.0,1581.0,5.875435401919501,Tiger Stadium,102321.0,30.4120123982997,-91.183819770813,102321.0,1.0,0
401520397,2023,11,regular,2023-11-12 00:30:00+00:00,False,True,False,True,103266.0,3795.0,Kyle Field,245,Texas A&M,fbs,SEC,51.0,"[17, 17, 14, 3]",0.990462064743042,1743.0,1827.0,344,Mississippi State,fbs,SEC,10.0,"[7, 3, 0, 0]",0.009537935256958,1476.0,1392.0,3.272433733182391,Kyle Field,102733.0,30.61009757817476,-96.34072922859283,102733.0,1.0,0
401520393,2023,11,regular,2023-11-12 00:30:00+00:00,False,True,False,True,105137.0,3861.0,Ohio Stadium,194,Ohio State,fbs,Big Ten,38.0,"[14, 21, 3, 0]",0.9989431534106143,2065.0,2084.0,127,Michigan State,fbs,Big Ten,3.0,"[0, 3, 0, 0]",0.0010568465893856,1388.0,1369.0,2.3152455971,Ohio Stadium,104944.0,40.0016856893694,-83.01972806453705,104944.0,1.0,0
401531400,2023,11,regular,2023-11-12 00:30:00+00:00,False,True,False,True,28245.0,3604.0,Alamodome,2636,UTSA,fbs,American Athletic,34.0,"[3, 7, 21, 3]",0.9948574304580688,1624.0,1642.0,242,Rice,fbs,American Athletic,14.0,"[0, 7, 0, 7]",0.0051425695419311,1336.0,1318.0,3.840471556085975,Alamodome,65000.0,29.41693712868156,-98.47890257835388,65000.0,0.43453846153846154,0
401525549,2023,11,regular,2023-11-12 01:00:00+00:00,False,True,False,True,50500.0,3787.0,Kenan Stadium,153,North Carolina,fbs,ACC,47.0,"[10, 6, 3, 17, 3, 8]",0.1360704749822616,1701.0,1701.0,150,Duke,fbs,ACC,45.0,"[0, 14, 0, 22, 3, 6]",0.8639295250177383,1631.0,1631.0,7.225697659109907,Kenan Memorial Stadium,62980.0,35.90698834747853,-79.04791831970215,62980.0,0.8018418545570022,0
401524055,2023,11,regular,2023-11-12 02:00:00+00:00,False,True,False,True,56436.0,1056.0,Rose Bowl,26,UCLA,fbs,Pac-12,7.0,"[0, 0, 0, 7]",0.9149094820022584,1662.0,1607.0,9,Arizona State,fbs,Pac-12,17.0,"[0, 3, 7, 7]",0.0850905179977417,1313.0,1368.0,5.818203192188571,Rose Bowl,92542.0,34.16156958726264,-118.1676149368286,92542.0,0.6098420176784595,0
401532616,2023,11,regular,2023-11-12 03:00:00+00:00,False,True,False,True,34076.0,3653.0,Albertsons Stadium,68,Boise State,fbs,Mountain West,42.0,"[15, 17, 7, 3]",0.97440767288208,1584.0,1597.0,167,New Mexico,fbs,Mountain West,14.0,"[7, 7, 0, 0]",0.0255923271179199,1029.0,1016.0,2.674559791117831,Albertsons Stadium,37000.0,43.6027080538683,-116.19591236114502,37000.0,0.920972972972973,0
401525886,2023,11,regular,2023-11-12 03:15:00+00:00,False,True,False,True,60754.0,3801.0,LaVell Edwards Stadium,252,BYU,fbs,Big 12,13.0,"[7, 0, 6, 0]",0.0111221671104431,1400.0,1334.0,66,Iowa State,fbs,Big 12,45.0,"[17, 14, 14, 0]",0.9888778328895568,1594.0,1660.0,3.726079403986756,LaVell Edwards Stadium,63725.0,40.25748799746312,-111.65443897247314,63725.0,0.9533777952138094,0
401532614,2023,11,regular,2023-11-12 03:30:00+00:00,False,True,False,True,18886.0,3935.0,CEFCU Stadium,23,San José State,fbs,Mountain West,42.0,"[21, 7, 7, 7]",0.9912928342819214,1501.0,1589.0,278,Fresno State,fbs,Mountain West,18.0,"[3, 7, 0, 8]",0.0087071657180786,1735.0,1647.0,2.3843392537832147,Spartan Stadium,30456.0,37.320105186690846,-121.86811613079064,30456.0,0.6201076963488311,0
401524053,2023,11,regular,2023-11-12 03:30:00+00:00,False,True,False,True,59957.0,3626.0,Autzen Stadium,2483,Oregon,fbs,Pac-12,36.0,"[13, 9, 7, 7]",0.9470352530479432,1976.0,1976.0,30,USC,fbs,Pac-12,27.0,"[7, 7, 0, 13]",0.0529647469520568,1743.0,1743.0,3.969723268606832,Autzen Stadium,54000.0,44.058272724266615,-123.0685043334961,54000.0,1.0,0
401532444,2023,12,regular,2023-11-15 00:00:00+00:00,False,True,False,True,6417.0,3764.0,Huskie Stadium,2459,Northern Illinois,fbs,Mid-American,24.0,"[7, 7, 7, 3]",0.9709976315498352,1379.0,1434.0,2711,Western Michigan,fbs,Mid-American,0.0,"[0, 0, 0, 0]",0.0290023684501647,1333.0,1278.0,3.1148153485618333,Huskie Stadium,25500.0,41.934014,-88.778222,25500.0,0.2516470588235294,0
401532443,2023,12,regular,2023-11-15 00:00:00+00:00,False,True,False,True,20590.0,3700.0,Doyt L. Perry Stadium,189,Bowling Green,fbs,Mid-American,31.0,"[14, 14, 0, 3]",0.5977059006690979,1342.0,1351.0,2649,Toledo,fbs,Mid-American,32.0,"[7, 3, 7, 15]",0.4022940993309021,1561.0,1552.0,5.324397873270423,Doyt Perry Stadium,23724.0,41.37805439803228,-83.62248212099075,23724.0,0.8678974877760918,0
401532445,2023,12,regular,2023-11-15 00:00:00+00:00,False,True,False,True,13664.0,3912.0,Rynearson Stadium,2199,Eastern Michigan,fbs,Mid-American,30.0,"[0, 14, 0, 3, 7, 6]",0.0822099161799782,1251.0,1249.0,2006,Akron,fbs,Mid-American,27.0,"[0, 14, 0, 3, 7, 3]",0.9177900838200218,1052.0,1054.0,4.9326013624,Rynearson Stadium,30200.0,42.2557607087688,-83.64775657653809,30200.0,0.45245033112582783,0
401532446,2023,12,regular,2023-11-16 00:00:00+00:00,False,True,False,True,14736.0,3876.0,Peden Stadium,195,Ohio,fbs,Mid-American,34.0,"[10, 7, 14, 3]",0.9956925511360168,1496.0,1505.0,2117,Central Michigan,fbs,Mid-American,20.0,"[0, 7, 7, 6]",0.0043074488639831,1266.0,1257.0,3.033877646901986,Peden Stadium,24000.0,39.32130908459409,-82.10343944652357,24000.0,0.614,0
401532447,2023,12,regular,2023-11-16 00:00:00+00:00,False,True,False,True,7561.0,3996.0,Yager Stadium,193,Miami (OH),fbs,Mid-American,23.0,"[0, 10, 3, 10]",0.7670280933380127,1494.0,1506.0,2084,Buffalo,fbs,Mid-American,10.0,"[0, 3, 7, 0]",0.2329719066619873,1334.0,1322.0,3.652995595869597,Yager Stadium,24286.0,39.51942113142349,-84.73335450140017,24286.0,0.31133163139257186,0
401525553,2023,12,regular,2023-11-17 00:00:00+00:00,False,True,False,True,41842.0,3752.0,Acrisure Stadium,221,Pittsburgh,fbs,ACC,24.0,"[3, 7, 7, 7]",0.942645251750946,1401.0,1408.0,103,Boston College,fbs,ACC,16.0,"[3, 3, 7, 3]",0.0573547482490539,1313.0,1306.0,4.3553182345997605,Heinz Field,68400.0,40.44678376501633,-80.01575589179993,68400.0,0.6117251461988304,0
401531401,2023,12,regular,2023-11-18 02:00:00+00:00,False,True,False,True,22096.0,3604.0,Alamodome,2636,UTSA,fbs,American Athletic,49.0,"[7, 21, 14, 7]",0.946066439151764,1642.0,1665.0,58,South Florida,fbs,American Athletic,21.0,"[7, 7, 7, 0]",0.053933560848236,1191.0,1168.0,4.354357177873256,Alamodome,65000.0,29.41693712868156,-98.47890257835388,65000.0,0.3399384615384615,0
401524057,2023,12,regular,2023-11-18 03:30:00+00:00,False,True,False,True,27869.0,3820.0,Gesa Field,265,Washington State,fbs,Pac-12,56.0,"[21, 21, 14, 0]",0.9658631086349488,1434.0,1543.0,38,Colorado,fbs,Pac-12,14.0,"[7, 0, 0, 7]",0.0341368913650512,1330.0,1221.0,2.431965970768414,Martin Stadium,32248.0,46.731967978653024,-117.16058578781136,32248.0,0.8642086330935251,0
401525893,2023,12,regular,2023-11-18 17:00:00+00:00,False,True,False,True,63714.0,3801.0,LaVell Edwards Stadium,252,BYU,fbs,Big 12,24.0,"[7, 10, 7, 0]",0.038539495319128,1334.0,1364.0,201,Oklahoma,fbs,Big 12,31.0,"[7, 10, 7, 7]",0.961460504680872,1975.0,1945.0,6.334550080616901,LaVell Edwards Stadium,63725.0,40.25748799746312,-111.65443897247314,63725.0,0.9998273832875637,0
401525558,2023,12,regular,2023-11-18 17:00:00+00:00,False,True,False,True,44996.0,3948.0,Hard Rock Stadium,2390,Miami,fbs,ACC,31.0,"[14, 7, 7, 3]",0.1583364605903625,1561.0,1563.0,97,Louisville,fbs,ACC,38.0,"[14, 6, 3, 15]",0.8416635394096375,1763.0,1761.0,7.061739577545482,Sun Life Stadium,65326.0,25.957933739028963,-80.23884057998657,65326.0,0.688791599057037,0
401520405,2023,12,regular,2023-11-18 17:00:00+00:00,False,True,False,True,40666.0,3830.0,"Memorial Stadium (Bloomington, IN)",84,Indiana,fbs,Big Ten,21.0,"[0, 7, 7, 7]",0.5750766396522522,1345.0,1342.0,127,Michigan State,fbs,Big Ten,24.0,"[7, 7, 0, 10]",0.4249233603477478,1369.0,1372.0,6.639654914129445,Memorial Stadium,52959.0,39.18090913372923,-86.52557373046875,52959.0,0.7678770369531147,0
401531375,2023,12,regular,2023-11-18 17:00:00+00:00,False,True,False,True,15871.0,3715.0,FAU Stadium,2226,Florida Atlantic,fbs,American Athletic,8.0,"[0, 0, 0, 8]",0.0,1401.0,1384.0,2655,Tulane,fbs,American Athletic,24.0,"[7, 7, 10, 0]",1.0,1611.0,1628.0,3.241487405799953,FAU Stadium,30000.0,26.3754535636523,-80.10168313980103,30000.0,0.5290333333333334,0
401520416,2023,12,regular,2023-11-18 17:00:00+00:00,False,True,False,False,60752.0,3974.0,Vaught-Hemingway Stadium,145,Ole Miss,fbs,SEC,35.0,"[7, 0, 21, 7]",1.0,1659.0,1676.0,2433,UL Monroe,fbs,Sun Belt,3.0,"[0, 3, 0, 0]",0.0,1035.0,1018.0,3.348865528245617,Vaught–Hemingway Stadium,60580.0,34.362154302992906,-89.53414626020904,60580.0,1.0,0
401520414,2023,12,regular,2023-11-18 17:00:00+00:00,False,True,False,True,23291.0,3911.0,Ryan Field,77,Northwestern,fbs,Big Ten,23.0,"[6, 0, 10, 7]",0.8044736981391907,1441.0,1457.0,2509,Purdue,fbs,Big Ten,15.0,"[0, 0, 7, 8]",0.1955263018608093,1506.0,1490.0,4.435851147306994,Ryan Field,47130.0,42.06539966752991,-87.69249558448792,47130.0,0.4941862932314874,0
401520410,2023,12,regular,2023-11-18 17:00:00+00:00,False,True,False,True,49546.0,3665.0,SECU Stadium,120,Maryland,fbs,Big Ten,24.0,"[3, 7, 14, 0]",0.0080404635518789,1596.0,1623.0,130,Michigan,fbs,Big Ten,31.0,"[16, 7, 6, 2]",0.9919595364481212,2187.0,2160.0,4.996409152194839,Byrd Stadium,51802.0,38.99120275144426,-76.94731173248788,51802.0,0.9564495579321262,0
401531417,2023,12,regular,2023-11-18 17:00:00+00:00,False,True,False,True,28708.0,3852.0,Navy-Marine Corps Memorial Stadium,2426,Navy,fbs,American Athletic,10.0,"[7, 0, 0, 3]",1.0,1376.0,1394.0,151,East Carolina,fbs,American Athletic,0.0,"[0, 0, 0, 0]",0.0,1393.0,1375.0,3.323663060246321,Navy–Marine Corps Memorial Stadium,34000.0,38.98483263543365,-76.5071153640747,34000.0,0.8443529411764706,0
401520421,2023,12,regular,2023-11-18 17:00:00+00:00,False,True,False,False,19053.0,3892.0,Pratt & Whitney Stadium,41,UConn,fbs,FBS Independents,31.0,"[17, 7, 0, 7]",0.9963443017038563,1047.0,1047.0,2529,Sacred Heart,fcs,NEC,3.0,"[0, 3, 0, 0]",0.0036556982961435,735.0,748.0,2.7764757588,Rentschler Field,40000.0,41.75988427820291,-72.61894226074219,40000.0,0.476325,1
401520417,2023,12,regular,2023-11-18 17:00:00+00:00,False,True,False,True,105114.0,3632.0,Beaver Stadium,213,Penn State,fbs,Big Ten,27.0,"[0, 10, 3, 14]",0.9853651523590088,2032.0,2027.0,164,Rutgers,fbs,Big Ten,6.0,"[3, 3, 0, 0]",0.0146348476409912,1442.0,1447.0,3.0984634544837366,Beaver Stadium,106572.0,40.81215273275043,-77.85620212554932,106572.0,0.9863191082085351,0
401531431,2023,12,regular,2023-11-18 17:00:00+00:00,False,True,False,True,30313.0,3805.0,Simmons Bank Liberty Stadium,235,Memphis,fbs,American Athletic,34.0,"[10, 3, 8, 13]",0.0637525618076324,1559.0,1566.0,2567,SMU,fbs,American Athletic,38.0,"[7, 7, 14, 10]",0.9362474381923676,1776.0,1769.0,7.740003501358081,Liberty Bowl Memorial Stadium,62380.0,35.120856917268995,-89.97805741128388,62380.0,0.4859410067329272,0
401520401,2023,12,regular,2023-11-18 17:00:00+00:00,False,True,False,False,100077.0,3657.0,Bryant-Denny Stadium,333,Alabama,fbs,SEC,66.0,"[21, 17, 14, 14]",0.9919071197509766,2072.0,2072.0,236,Chattanooga,fcs,Southern,10.0,"[0, 7, 3, 0]",0.0080928802490234,735.0,748.0,1.7016063828166044,Bryant–Denny Stadium,101821.0,33.2074899449518,-87.5503921508789,101821.0,0.9828719026526944,1
401520403,2023,12,regular,2023-11-18 17:00:00+00:00,False,True,False,False,26867.0,3841.0,Michie Stadium,349,Army,fbs,FBS Independents,28.0,"[7, 14, 7, 0]",0.7972058653831482,1361.0,1379.0,324,Coastal Carolina,fbs,Sun Belt,21.0,"[7, 7, 0, 7]",0.2027941346168518,1499.0,1481.0,2.8841261875967303,Michie Stadium,38000.0,41.38708043477422,-73.96408081054688,38000.0,0.7070263157894737,0
401520420,2023,12,regular,2023-11-18 17:00:00+00:00,False,True,False,False,94794.0,3795.0,Kyle Field,245,Texas A&M,fbs,SEC,38.0,"[7, 10, 7, 14]",0.9932087747170724,1837.0,1837.0,2000,Abilene Christian,fcs,UAC,10.0,"[7, 0, 0, 3]",0.0067912252829277,735.0,748.0,4.7473865774,Kyle Field,102733.0,30.61009757817476,-96.34072922859283,102733.0,0.9227220075340933,1
401520408,2023,12,regular,2023-11-18 18:00:00+00:00,False,True,False,False,16860.0,3992.0,Williams Stadium (VA),2335,Liberty,fbs,Conference USA,49.0,"[21, 14, 7, 7]",0.9914267063140868,1693.0,1683.0,113,Massachusetts,fbs,FBS Independents,25.0,"[0, 10, 0, 15]",0.008573293685913,972.0,982.0,2.264510009126634,Williams Stadium,19200.0,37.354414,-79.175047,19200.0,0.878125,0
401520411,2023,12,regular,2023-11-18 19:00:00+00:00,False,True,False,True,9122.0,3725.0,Johnny Red Floyd Stadium,2393,Middle Tennessee,fbs,Conference USA,34.0,"[14, 10, 7, 3]",0.7924032211303711,1354.0,1352.0,2638,UTEP,fbs,Conference USA,30.0,"[7, 14, 3, 6]",0.2075967788696289,1181.0,1183.0,6.398012482029468,"Johnny ""Red"" Floyd Stadium",31000.0,35.85110908054087,-86.36844992637634,31000.0,0.294258064516129,0
401532620,2023,12,regular,2023-11-18 19:00:00+00:00,False,True,False,True,18233.0,3984.0,War Memorial Stadium,2751,Wyoming,fbs,Mountain West,42.0,"[14, 21, 0, 7]",0.9907877445220948,1356.0,1421.0,62,Hawai'i,fbs,Mountain West,9.0,"[0, 0, 9, 0]",0.0092122554779052,1152.0,1087.0,2.012157933850389,War Memorial Stadium,29181.0,41.31193599299248,-105.56906461715698,29181.0,0.6248243720228916,0
401532448,2023,12,regular,2023-11-18 19:00:00+00:00,False,True,False,True,8554.0,3919.0,Scheumann Stadium,2050,Ball State,fbs,Mid-American,34.0,"[3, 10, 14, 7]",0.9883080720901488,1186.0,1251.0,2309,Kent State,fbs,Mid-American,3.0,"[0, 3, 0, 0]",0.011691927909851,1036.0,971.0,2.768631992831344,Scheumann Stadium,22500.0,40.21602764466651,-85.41769962206614,22500.0,0.3801777777777778,0
401520407,2023,12,regular,2023-11-18 19:00:00+00:00,False,True,False,True,20252.0,3662.0,AmFirst Stadium,55,Jacksonville State,fbs,Conference USA,56.0,"[21, 21, 14, 0]",0.9995940327644348,1490.0,1563.0,2348,Louisiana Tech,fbs,Conference USA,17.0,"[7, 3, 7, 0]",0.0004059672355651,1192.0,1119.0,2.773622734271617,JSU Stadium,24000.0,33.82031030570401,-85.76646566390991,24000.0,0.8438333333333333,0
401531409,2023,12,regular,2023-11-18 19:00:00+00:00,False,True,False,True,9385.0,4418.0,Jerry Richardson Stadium,2429,Charlotte,fbs,American Athletic,7.0,"[0, 0, 0, 7]",0.1549920439720153,1186.0,1147.0,242,Rice,fbs,American Athletic,28.0,"[10, 3, 8, 7]",0.8450079560279846,1318.0,1357.0,3.1858006274517696,Jerry Richardson Stadium,15314.0,35.31028067616406,-80.74049377106525,15314.0,0.6128379260807104,0
401531918,2023,12,regular,2023-11-18 19:00:00+00:00,False,True,False,True,25838.0,3651.0,Bridgeforth Stadium,256,James Madison,fbs,Sun Belt,23.0,"[0, 5, 0, 15, 3]",0.5149180889129639,1758.0,1745.0,2026,App State,fbs,Sun Belt,26.0,"[3, 7, 0, 10, 6]",0.4850819110870361,1618.0,1631.0,7.836366568908512,Bridgeforth Stadium,24878.0,38.43508893585215,-78.87340330403673,24878.0,1.0,0
401524058,2023,12,regular,2023-11-18 19:30:00+00:00,False,True,False,True,50800.0,3619.0,Arizona Stadium,12,Arizona,fbs,Pac-12,42.0,"[21, 7, 0, 14]",0.9876115322113036,1642.0,1723.0,254,Utah,fbs,Pac-12,18.0,"[0, 7, 3, 8]",0.0123884677886962,1816.0,1735.0,2.645882397633443,Arizona Stadium,51811.0,32.228340232071496,-110.94903945922852,51811.0,0.9804867692188918,0
401525899,2023,12,regular,2023-11-18 19:30:00+00:00,False,True,False,True,43588.0,3842.0,Milan Puskar Stadium,277,West Virginia,fbs,Big 12,42.0,"[7, 21, 14, 0]",0.9756902456283568,1508.0,1552.0,2132,Cincinnati,fbs,Big 12,21.0,"[0, 7, 0, 14]",0.024309754371643,1456.0,1412.0,2.319509452773042,Mountaineer Field at Milan Puskar Stadium,60000.0,39.65221992482815,-79.9551753012939,60000.0,0.7264666666666667,0
401531345,2023,12,regular,2023-11-18 20:00:00+00:00,False,True,False,True,16520.0,3674.0,Chapman Stadium,202,Tulsa,fbs,American Athletic,28.0,"[7, 14, 0, 7]",0.3297046422958374,1096.0,1103.0,249,North Texas,fbs,American Athletic,35.0,"[7, 14, 14, 0]",0.6702953577041626,1376.0,1369.0,6.287671259598481,Skelly Field at H. A. Chapman Stadium,35542.0,36.14886067519205,-95.943603515625,35542.0,0.46480220584097687,0
401525555,2023,12,regular,2023-11-18 20:00:00+00:00,False,True,False,True,36400.0,3923.0,Scott Stadium,258,Virginia,fbs,ACC,30.0,"[7, 3, 14, 6]",0.9766812920570374,1291.0,1297.0,150,Duke,fbs,ACC,27.0,"[0, 10, 3, 14]",0.0233187079429626,1631.0,1625.0,5.316367915886311,Scott Stadium,61500.0,38.03112372855688,-78.51370811462402,61500.0,0.591869918699187,0
401531919,2023,12,regular,2023-11-18 20:00:00+00:00,False,True,False,True,16721.0,3625.0,Centennial Bank Stadium,2032,Arkansas State,fbs,Sun Belt,77.0,"[14, 21, 28, 14]",0.9971590042114258,1222.0,1394.0,326,Texas State,fbs,Sun Belt,31.0,"[10, 7, 7, 7]",0.0028409957885742,1416.0,1244.0,5.1096589701958495,Centennial Bank Stadium,30964.0,35.84899009532366,-90.66769494362912,30964.0,0.5400142100503811,0
401531921,2023,12,regular,2023-11-18 20:30:00+00:00,False,True,False,True,26621.0,3975.0,Veterans Memorial Stadium (AL),2653,Troy,fbs,Sun Belt,31.0,"[0, 17, 0, 14]",0.9573434191853616,1709.0,1705.0,309,Louisiana,fbs,Sun Belt,24.0,"[7, 3, 7, 7]",0.0426565808146384,1454.0,1458.0,8.4652585237,Veterans Memorial Stadium,30000.0,31.799527415252125,-85.95217691586194,30000.0,0.8873666666666666,0
401525442,2023,12,regular,2023-11-18 20:30:00+00:00,False,True,False,False,77622.0,3855.0,Notre Dame Stadium,87,Notre Dame,fbs,FBS Independents,45.0,"[7, 10, 14, 14]",0.9899375438690186,1966.0,2010.0,154,Wake Forest,fbs,ACC,7.0,"[0, 7, 0, 0]",0.0100624561309814,1444.0,1400.0,3.130646212320879,Notre Dame Stadium,80795.0,41.69842312158612,-86.23382449150085,80795.0,0.9607277678074139,0
401520419,2023,12,regular,2023-11-18 20:30:00+00:00,False,True,False,True,101915.0,3853.0,Neyland Stadium,2633,Tennessee,fbs,SEC,10.0,"[7, 3, 0, 0]",0.0156674794852733,1830.0,1787.0,61,Georgia,fbs,SEC,38.0,"[10, 14, 14, 0]",0.9843325205147266,2115.0,2158.0,3.3827510583915443,Neyland Stadium,102455.0,35.95473437262258,-83.92533302307129,102455.0,0.994729393392221,0
401520423,2023,12,regular,2023-11-18 20:30:00+00:00,False,True,False,True,11041.0,3796.0,Houchens Industries-L.T. Smith Stadium,98,Western Kentucky,fbs,Conference USA,28.0,"[7, 14, 0, 7]",0.1342840194702148,1465.0,1465.0,2534,Sam Houston,fbs,Conference USA,23.0,"[0, 16, 7, 0]",0.8657159805297852,1331.0,1331.0,6.708859354855857,Houchens Industries–L. T. Smith Stadium,22113.0,36.98487662989466,-86.459013971646,22113.0,0.4992990548546104,0
401520406,2023,12,regular,2023-11-18 20:30:00+00:00,False,True,False,True,69250.0,3793.0,Kinnick Stadium,2294,Iowa,fbs,Big Ten,15.0,"[2, 7, 0, 6]",0.853884220123291,1683.0,1681.0,356,Illinois,fbs,Big Ten,13.0,"[3, 7, 0, 3]",0.1461157798767089,1508.0,1510.0,5.545769418051697,Kinnick Stadium,70585.0,41.65838893680983,-91.55147552490234,70585.0,0.9810866331373521,0
401532624,2023,12,regular,2023-11-18 20:30:00+00:00,False,True,False,True,23574.0,3713.0,Falcon Stadium,2005,Air Force,fbs,Mountain West,27.0,"[7, 20, 0, 0]",0.7237432599067688,1573.0,1565.0,2439,UNLV,fbs,Mountain West,31.0,"[7, 7, 14, 3]",0.2762567400932312,1552.0,1560.0,6.830085589848709,Falcon Stadium,46692.0,38.99690743122685,-104.84368801116943,46692.0,0.5048830634798253,0
401525897,2023,12,regular,2023-11-18 20:30:00+00:00,False,True,False,True,42621.0,3616.0,Amon G. Carter Stadium,2628,TCU,fbs,Big 12,42.0,"[0, 14, 14, 14]",0.9944153428077698,1619.0,1660.0,239,Baylor,fbs,Big 12,17.0,"[7, 3, 7, 0]",0.0055846571922302,1419.0,1378.0,4.377162774633609,Amon G. Carter Stadium,45000.0,32.70991596942349,-97.36799597740172,45000.0,0.9471333333333334,0
401525559,2023,12,regular,2023-11-18 20:30:00+00:00,False,True,False,True,65632.0,3799.0,Lane Stadium,259,Virginia Tech,fbs,ACC,28.0,"[0, 7, 7, 14]",0.0287916734814643,1534.0,1526.0,152,NC State,fbs,ACC,35.0,"[0, 21, 14, 0]",0.9712083265185356,1601.0,1609.0,3.664836988446369,Lane Stadium,66233.0,37.2199742830054,-80.41805505752563,66233.0,0.99092597345734,0
401525554,2023,12,regular,2023-11-18 20:30:00+00:00,False,True,False,True,81305.0,3836.0,"Memorial Stadium (Clemson, SC)",228,Clemson,fbs,ACC,31.0,"[0, 14, 14, 3]",0.9874089956283568,1749.0,1765.0,153,North Carolina,fbs,ACC,20.0,"[7, 0, 7, 6]",0.012591004371643,1701.0,1685.0,4.435021916554846,Memorial Stadium,81500.0,34.67874665741346,-82.84317970275879,81500.0,0.9976073619631902,0
401524062,2023,12,regular,2023-11-18 20:30:00+00:00,False,True,False,True,72244.0,477.0,Los Angeles Memorial Coliseum,30,USC,fbs,Pac-12,20.0,"[0, 10, 3, 7]",0.0307415705174207,1743.0,1683.0,26,UCLA,fbs,Pac-12,38.0,"[14, 0, 17, 7]",0.9692584294825792,1607.0,1667.0,3.649311167245363,Los Angeles Memorial Coliseum,93607.0,34.01400974062912,-118.28789591789246,93607.0,0.7717798882562201,0
401524059,2023,12,regular,2023-11-18 21:00:00+00:00,False,True,False,True,44741.0,3947.0,Mountain America Stadium,9,Arizona State,fbs,Pac-12,13.0,"[0, 0, 3, 10]",0.0213928166776895,1368.0,1338.0,2483,Oregon,fbs,Pac-12,49.0,"[21, 21, 0, 7]",0.9786071833223104,1976.0,2006.0,2.678974822951214,Sun Devil Stadium Frank Kush Field,71706.0,33.426364,-111.932616,71706.0,0.6239505759629599,0
401520404,2023,12,regular,2023-11-18 21:00:00+00:00,False,True,False,False,88043.0,3785.0,Jordan-Hare Stadium,2,Auburn,fbs,SEC,10.0,"[0, 7, 0, 3]",0.0,1705.0,1612.0,166,New Mexico State,fbs,Conference USA,31.0,"[7, 3, 7, 14]",1.0,1391.0,1484.0,3.9374704925453847,Jordan–Hare Stadium,87451.0,32.602361666817515,-85.48891067504883,87451.0,1.0,0
401525894,2023,12,regular,2023-11-18 21:00:00+00:00,False,True,False,True,33906.0,4728.0,TDECU Stadium,248,Houston,fbs,Big 12,30.0,"[14, 9, 0, 7]",0.0883133262395858,1457.0,1431.0,197,Oklahoma State,fbs,Big 12,43.0,"[3, 16, 14, 10]",0.911686673760414,1486.0,1512.0,5.296415920780221,TDECU Stadium,40000.0,29.721767963293527,-95.34909841095214,40000.0,0.84765,0
401520415,2023,12,regular,2023-11-18 21:00:00+00:00,False,True,False,True,104019.0,3861.0,Ohio Stadium,194,Ohio State,fbs,Big Ten,37.0,"[7, 6, 17, 7]",0.994750939837022,2084.0,2113.0,135,Minnesota,fbs,Big Ten,3.0,"[0, 0, 0, 3]",0.0052490601629778,1531.0,1502.0,2.9218692138,Ohio Stadium,104944.0,40.0016856893694,-83.01972806453705,104944.0,0.9911857752706206,0
401525898,2023,12,regular,2023-11-18 22:00:00+00:00,False,True,False,True,53851.0,3784.0,Jones AT&T Stadium,2641,Texas Tech,fbs,Big 12,24.0,"[0, 14, 7, 3]",0.1312579959630966,1611.0,1613.0,2116,UCF,fbs,Big 12,23.0,"[14, 0, 0, 9]",0.8687420040369034,1650.0,1648.0,5.8352453455007645,Jones AT&T Stadium,60862.0,33.59102829801104,-101.87293767929076,60862.0,0.8848049686175282,0
401531917,2023,12,regular,2023-11-18 23:00:00+00:00,False,True,False,True,20032.0,3608.0,Allen E. Paulson Stadium,290,Georgia Southern,fbs,Sun Belt,17.0,"[0, 7, 3, 7]",0.0260287504643201,1425.0,1416.0,295,Old Dominion,fbs,Sun Belt,20.0,"[0, 10, 7, 3]",0.9739712495356798,1346.0,1355.0,5.8624388004394135,Paulson Stadium,24300.0,32.41221167634779,-81.78317070007324,24300.0,0.8243621399176955,0
401524061,2023,12,regular,2023-11-18 23:30:00+00:00,False,True,False,True,52971.0,3940.0,Stanford Stadium,24,Stanford,fbs,Pac-12,15.0,"[3, 3, 9, 0]",0.0360845848917961,1184.0,1179.0,25,California,fbs,Pac-12,27.0,"[7, 7, 7, 6]",0.963915415108204,1426.0,1431.0,5.22143909697807,Stanford Stadium,50000.0,37.43472641329173,-122.1610164642334,50000.0,1.0,0
401525556,2023,12,regular,2023-11-18 23:30:00+00:00,False,True,False,False,79560.0,3697.0,Doak Campbell Stadium,52,Florida State,fbs,ACC,58.0,"[0, 24, 14, 20]",0.9809556603431702,1960.0,1960.0,2453,North Alabama,fcs,UAC,13.0,"[13, 0, 0, 0]",0.0190443396568298,735.0,748.0,4.359035692910871,Bobby Bowden Field at Doak Campbell Stadium,82300.0,30.437547584621285,-84.30453398103501,82300.0,0.9667071688942892,1
401525896,2023,12,regular,2023-11-19 00:00:00+00:00,False,True,False,True,47233.0,3833.0,Memorial Stadium,2305,Kansas,fbs,Big 12,27.0,"[7, 13, 7, 0]",0.9865683913230896,1582.0,1601.0,2306,Kansas State,fbs,Big 12,31.0,"[7, 9, 8, 7]",0.0134316086769104,2002.0,1983.0,6.015735490508055,Memorial Stadium,50071.0,38.96294598898537,-95.2463150024414,50071.0,0.9433204849114257,0
401532619,2023,12,regular,2023-11-19 00:00:00+00:00,False,True,False,True,17821.0,3905.0,Maverik Stadium,328,Utah State,fbs,Mountain West,10.0,"[7, 3, 0, 0]",0.0,1406.0,1330.0,68,Boise State,fbs,Mountain West,45.0,"[0, 31, 7, 7]",1.0,1597.0,1673.0,4.266986169858597,Romney Stadium,25513.0,41.75153188612883,-111.81210567885644,25513.0,0.6985066436718536,0
401520402,2023,12,regular,2023-11-19 00:30:00+00:00,False,True,False,False,61442.0,3887.0,Razorback Stadium,8,Arkansas,fbs,SEC,44.0,"[7, 24, 7, 6]",0.9950094819068908,1485.0,1495.0,2229,Florida International,fbs,Conference USA,20.0,"[13, 0, 7, 0]",0.0049905180931091,995.0,985.0,3.65180705770332,Donald W. Reynolds Razorback Stadium,72000.0,36.067850785167344,-94.17879581451416,72000.0,0.8533611111111111,0
401520413,2023,12,regular,2023-11-19 00:30:00+00:00,False,True,False,True,62621.0,3838.0,Memorial Stadium,142,Missouri,fbs,SEC,33.0,"[3, 10, 10, 10]",0.5201489925384521,1761.0,1759.0,57,Florida,fbs,SEC,31.0,"[7, 0, 14, 10]",0.4798510074615478,1581.0,1583.0,7.34940038917857,Faurot Field,71168.0,38.93589529672232,-92.33311414718628,71168.0,0.8799038893884892,0
401524060,2023,12,regular,2023-11-19 00:30:00+00:00,False,True,False,True,38415.0,3893.0,Reser Stadium,204,Oregon State,fbs,Pac-12,20.0,"[7, 3, 7, 3]",0.0147633776068687,1830.0,1830.0,264,Washington,fbs,Pac-12,22.0,"[9, 13, 0, 0]",0.9852366223931311,1871.0,1871.0,5.250899535870954,Reser Stadium,45674.0,44.5594768421455,-123.2814073562622,45674.0,0.8410693173359023,0
401520422,2023,12,regular,2023-11-19 00:30:00+00:00,False,True,False,True,72237.0,347.0,Camp Randall Stadium,275,Wisconsin,fbs,Big Ten,24.0,"[0, 10, 7, 0, 7]",0.1213689371943473,1593.0,1598.0,158,Nebraska,fbs,Big Ten,17.0,"[14, 0, 0, 3, 0]",0.8786310628056526,1510.0,1505.0,5.551886184057391,Camp Randall Stadium,80321.0,43.06993802646878,-89.41274642944336,80321.0,0.8993538427061416,0
401520418,2023,12,regular,2023-11-19 00:30:00+00:00,False,True,False,True,77788.0,3994.0,Williams-Brice Stadium,2579,South Carolina,fbs,SEC,17.0,"[10, 0, 0, 7]",0.9871464371681212,1597.0,1598.0,96,Kentucky,fbs,SEC,14.0,"[0, 7, 7, 0]",0.0128535628318786,1612.0,1611.0,5.158567433505175,Williams-Brice Stadium,80250.0,33.97259115457693,-81.02021634578705,80250.0,0.9693208722741433,0
401520409,2023,12,regular,2023-11-19 01:00:00+00:00,False,True,False,False,100212.0,3958.0,Tiger Stadium (LA),99,LSU,fbs,SEC,56.0,"[14, 21, 7, 14]",0.9673275351524352,1934.0,1985.0,2247,Georgia State,fbs,Sun Belt,14.0,"[7, 7, 0, 0]",0.0326724648475647,1374.0,1323.0,3.539469809570409,Tiger Stadium,102321.0,30.4120123982997,-91.183819770813,102321.0,0.9793883953440643,0
401525557,2023,12,regular,2023-11-19 01:00:00+00:00,False,True,False,True,33332.0,721.0,Bobby Dodd Stadium,59,Georgia Tech,fbs,ACC,31.0,"[7, 10, 7, 7]",0.9334365725517272,1404.0,1419.0,183,Syracuse,fbs,ACC,22.0,"[3, 0, 13, 6]",0.0665634274482727,1411.0,1396.0,4.687358384276172,Bobby Dodd Stadium at Historic Grant Field,55000.0,33.772556921319435,-84.39285278320312,55000.0,0.6060363636363636,0
401525895,2023,12,regular,2023-11-19 01:00:00+00:00,False,True,False,True,61500.0,3772.0,Jack Trice Stadium,66,Iowa State,fbs,Big 12,16.0,"[3, 0, 6, 7]",0.1869888603687286,1660.0,1661.0,251,Texas,fbs,Big 12,26.0,"[0, 6, 9, 11]",0.8130111396312714,1918.0,1917.0,5.361213264500033,Jack Trice Stadium,61500.0,42.01400541108485,-93.6358094215393,61500.0,1.0,0
401532622,2023,12,regular,2023-11-19 03:30:00+00:00,False,True,False,True,38569.0,3660.0,Valley Children's Stadium,278,Fresno State,fbs,Mountain West,17.0,"[7, 7, 0, 3]",0.0485454909503459,1647.0,1570.0,167,New Mexico,fbs,Mountain West,25.0,"[3, 9, 6, 7]",0.951454509049654,1016.0,1093.0,4.783844184687729,Bulldog Stadium,41031.0,36.81431969524593,-119.75810156690552,41031.0,0.9399965879456996,0
401532623,2023,12,regular,2023-11-19 03:30:00+00:00,False,True,False,True,16224.0,3935.0,CEFCU Stadium,23,San José State,fbs,Mountain West,24.0,"[0, 10, 7, 7]",0.995207905769348,1589.0,1589.0,21,San Diego State,fbs,Mountain West,13.0,"[7, 3, 0, 3]",0.0047920942306518,1319.0,1319.0,4.074001887941783,Spartan Stadium,30456.0,37.320105186690846,-121.86811613079064,30456.0,0.5327029156816391,0
401532450,2023,13,regular,2023-11-22 00:00:00+00:00,False,True,False,True,8901.0,3980.0,Waldo Stadium,2711,Western Michigan,fbs,Mid-American,10.0,"[0, 3, 0, 7]",0.0151327969506382,1278.0,1223.0,189,Bowling Green,fbs,Mid-American,34.0,"[10, 21, 3, 0]",0.9848672030493616,1351.0,1406.0,2.8396068284199054,Waldo Stadium,30200.0,42.285755487470176,-85.60100421309471,30200.0,0.29473509933774833,0
401532449,2023,13,regular,2023-11-22 00:30:00+00:00,False,True,False,True,11243.0,3965.0,UB Stadium,2084,Buffalo,fbs,Mid-American,11.0,"[0, 0, 8, 3]",0.0,1322.0,1286.0,2199,Eastern Michigan,fbs,Mid-American,24.0,"[7, 17, 0, 0]",1.0,1249.0,1285.0,2.733365480817264,UB Stadium,29013.0,42.99906838239644,-78.7775194644928,29013.0,0.38751594112983834,0
401520424,2023,13,regular,2023-11-24 00:30:00+00:00,False,True,False,True,60412.0,3693.0,Davis Wade Stadium,344,Mississippi State,fbs,SEC,7.0,"[0, 0, 7, 0]",0.0383594296872615,1421.0,1421.0,145,Ole Miss,fbs,SEC,17.0,"[0, 3, 7, 7]",0.9616405703127384,1676.0,1676.0,4.985995098971654,Davis Wade Stadium,61337.0,33.456230599072065,-88.79342436790466,61337.0,0.9849193798196847,0
401525560,2023,13,regular,2023-11-24 17:00:00+00:00,False,True,False,True,30569.0,3615.0,"Alumni Stadium (Chestnut Hill, MA)",103,Boston College,fbs,ACC,20.0,"[7, 0, 7, 6]",0.0,1306.0,1269.0,2390,Miami,fbs,ACC,45.0,"[7, 21, 7, 10]",1.0,1563.0,1600.0,3.262139947020029,Alumni Stadium,44500.0,42.33510834895851,-71.16647243499756,44500.0,0.6869438202247191,0
401532451,2023,13,regular,2023-11-24 17:00:00+00:00,False,True,False,True,8612.0,3786.0,Kelly/Shorts Stadium,2117,Central Michigan,fbs,Mid-American,17.0,"[0, 0, 3, 14]",0.0879661962389946,1257.0,1250.0,2649,Toledo,fbs,Mid-American,32.0,"[0, 10, 7, 15]",0.9120338037610054,1552.0,1559.0,3.8798536852011782,Kelly/Shorts Stadium,32885.0,43.577612282574535,-84.77082967758179,32885.0,0.2618823171658811,0
401532452,2023,13,regular,2023-11-24 17:00:00+00:00,False,True,False,True,6152.0,3768.0,InfoCision Stadium,2006,Akron,fbs,Mid-American,14.0,"[0, 14, 0, 0]",0.0028879167512059,1054.0,1068.0,195,Ohio,fbs,Mid-American,25.0,"[3, 0, 15, 7]",0.997112083248794,1505.0,1491.0,4.684187695785901,Summa Field at InfoCision Stadium,30000.0,41.07256951528711,-81.50838375091553,30000.0,0.20506666666666667,0
401525900,2023,13,regular,2023-11-24 17:00:00+00:00,False,True,False,True,83669.0,3835.0,"Memorial Stadium (Norman, OK)",201,Oklahoma,fbs,Big 12,69.0,"[14, 28, 10, 17]",1.0,1945.0,1974.0,2628,TCU,fbs,Big 12,45.0,"[13, 3, 22, 7]",0.0,1660.0,1631.0,3.894179905770515,Gaylord Family Oklahoma Memorial Stadium,82112.0,35.20589959488508,-97.44255065917967,82112.0,1.0,0
401520425,2023,13,regular,2023-11-24 17:00:00+00:00,False,True,False,True,86183.0,3834.0,"Memorial Stadium (Lincoln, NE)",158,Nebraska,fbs,Big Ten,10.0,"[0, 7, 3, 0]",0.3028721511363983,1505.0,1511.0,2294,Iowa,fbs,Big Ten,13.0,"[0, 10, 0, 3]",0.6971278488636017,1681.0,1675.0,5.441862592739627,Memorial Stadium,87091.0,40.82048352329494,-96.70571565628052,87091.0,0.989574123617825,0
401531394,2023,13,regular,2023-11-24 17:00:00+00:00,False,True,False,True,10830.0,3806.0,Lincoln Financial Field,218,Temple,fbs,American Athletic,21.0,"[6, 0, 8, 7]",0.0181386843323707,1022.0,1017.0,235,Memphis,fbs,American Athletic,45.0,"[14, 14, 7, 10]",0.9818613156676292,1566.0,1571.0,2.982711261408717,Lincoln Financial Field,68532.0,39.900748900488125,-75.16749143600464,68532.0,0.1580283663106286,0
401531376,2023,13,regular,2023-11-24 20:30:00+00:00,False,True,False,True,25103.0,4729.0,Yulman Stadium,2655,Tulane,fbs,American Athletic,29.0,"[7, 16, 0, 6]",1.0,1628.0,1657.0,2636,UTSA,fbs,American Athletic,16.0,"[7, 3, 0, 6]",0.0,1665.0,1636.0,3.767585916021981,Benson Field at Yulman Stadium,30000.0,29.945898112528432,-90.11519112306328,30000.0,0.8367666666666667,0
401532629,2023,13,regular,2023-11-24 20:30:00+00:00,False,True,False,True,12094.0,3971.0,University Stadium (NM),167,New Mexico,fbs,Mountain West,41.0,"[7, 7, 7, 10, 7, 3]",0.0832939044563448,1093.0,1102.0,328,Utah State,fbs,Mountain West,44.0,"[14, 3, 7, 7, 7, 6]",0.9167060955436552,1330.0,1321.0,10.3759804369,University Stadium,39224.0,35.06761048267165,-106.6281028358157,39224.0,0.30833163369365696,0
401532625,2023,13,regular,2023-11-24 21:00:00+00:00,False,True,False,True,36390.0,3653.0,Albertsons Stadium,68,Boise State,fbs,Mountain West,27.0,"[3, 14, 7, 3]",0.71910560131073,1673.0,1678.0,2005,Air Force,fbs,Mountain West,19.0,"[0, 6, 13, 0]",0.28089439868927,1565.0,1560.0,3.780528559535056,Albertsons Stadium,37000.0,43.6027080538683,-116.19591236114502,37000.0,0.9835135135135135,0
401520426,2023,13,regular,2023-11-24 21:00:00+00:00,False,True,False,True,59847.0,3887.0,Razorback Stadium,8,Arkansas,fbs,SEC,14.0,"[0, 0, 0, 14]",0.0057701999321579,1495.0,1431.0,142,Missouri,fbs,SEC,48.0,"[10, 10, 21, 7]",0.994229800067842,1759.0,1823.0,4.090696418303551,Donald W. Reynolds Razorback Stadium,72000.0,36.067850785167344,-94.17879581451416,72000.0,0.8312083333333333,0
401525901,2023,13,regular,2023-11-25 00:30:00+00:00,False,True,False,True,102452.0,3910.0,DKR-Texas Memorial Stadium,251,Texas,fbs,Big 12,57.0,"[10, 16, 24, 7]",0.9270350337028505,1917.0,2026.0,2641,Texas Tech,fbs,Big 12,7.0,"[7, 0, 0, 0]",0.0729649662971496,1613.0,1504.0,2.7018201258943653,Darrell K Royal–Texas Memorial Stadium,100119.0,30.28360340206824,-97.73233652114868,100119.0,1.0,0
401524063,2023,13,regular,2023-11-25 01:30:00+00:00,False,True,False,True,59987.0,3626.0,Autzen Stadium,2483,Oregon,fbs,Pac-12,31.0,"[7, 14, 3, 7]",0.9889654517173768,2006.0,2046.0,204,Oregon State,fbs,Pac-12,7.0,"[0, 7, 0, 0]",0.0110345482826232,1830.0,1790.0,3.105049189424605,Autzen Stadium,54000.0,44.058272724266615,-123.0685043334961,54000.0,1.0,0
401520438,2023,13,regular,2023-11-25 17:00:00+00:00,False,True,False,True,59993.0,3907.0,Ross-Ade Stadium,2509,Purdue,fbs,Big Ten,35.0,"[0, 12, 6, 17]",0.9897637963294984,1490.0,1489.0,84,Indiana,fbs,Big Ten,31.0,"[7, 7, 14, 3]",0.0102362036705017,1342.0,1343.0,7.373412363094119,Ross–Ade Stadium,56400.0,40.434323,-86.918485,56400.0,1.0,0
401520440,2023,13,regular,2023-11-25 17:00:00+00:00,False,True,False,True,5349.0,3647.0,Elliott T. Bowers Stadium,2534,Sam Houston,fbs,Conference USA,23.0,"[3, 6, 7, 7]",0.5532975792884827,1331.0,1332.0,2393,Middle Tennessee,fbs,Conference USA,20.0,"[10, 0, 3, 7]",0.4467024207115173,1352.0,1351.0,7.132643835019985,Bowers Stadium,14000.0,30.71394673763343,-95.54191589355467,14000.0,0.38207142857142856,0
401520434,2023,13,regular,2023-11-25 17:00:00+00:00,False,True,False,True,110615.0,3558.0,Michigan Stadium,130,Michigan,fbs,Big Ten,30.0,"[7, 7, 10, 6]",0.8578894138336182,2160.0,2165.0,194,Ohio State,fbs,Big Ten,24.0,"[3, 7, 7, 7]",0.1421105861663818,2113.0,2108.0,4.43762936113148,Michigan Stadium,107601.0,42.26586873251738,-83.7487256526947,107601.0,1.0,0
401520443,2023,13,regular,2023-11-25 17:00:00+00:00,False,True,False,True,12291.0,3985.0,Warren McGuirk Alumni Stadium,113,Massachusetts,fbs,FBS Independents,18.0,"[0, 0, 6, 12]",0.0,982.0,962.0,41,UConn,fbs,FBS Independents,31.0,"[6, 13, 6, 6]",1.0,1076.0,1096.0,3.296354805513796,Warren McGuirk Alumni Stadium,17000.0,42.377513236004525,-72.53562686052412,17000.0,0.723,0
401520432,2023,13,regular,2023-11-25 17:00:00+00:00,False,True,False,False,59225.0,3873.0,L&N Federal Credit Union Stadium,97,Louisville,fbs,ACC,31.0,"[7, 3, 14, 7]",0.3617289960384369,1761.0,1736.0,96,Kentucky,fbs,SEC,38.0,"[0, 7, 14, 17]",0.6382710039615631,1611.0,1636.0,6.770680853932759,Papa John's Cardinal Stadium,55000.0,38.20542168521144,-85.75810561566809,55000.0,1.0,0
401520433,2023,13,regular,2023-11-25 17:00:00+00:00,False,True,False,True,101178.0,3958.0,Tiger Stadium (LA),99,LSU,fbs,SEC,42.0,"[7, 7, 7, 21]",0.4884084463119507,1985.0,1995.0,245,Texas A&M,fbs,SEC,30.0,"[0, 17, 7, 6]",0.5115915536880493,1827.0,1817.0,4.965661723627621,Tiger Stadium,102321.0,30.4120123982997,-91.183819770813,102321.0,0.9888292725833406,0
401532454,2023,13,regular,2023-11-25 17:00:00+00:00,False,True,False,True,8054.0,3919.0,Scheumann Stadium,2050,Ball State,fbs,Mid-American,15.0,"[6, 6, 0, 3]",0.2916595935821533,1251.0,1262.0,193,Miami (OH),fbs,Mid-American,17.0,"[7, 7, 3, 0]",0.7083404064178467,1506.0,1495.0,5.743271064052617,Scheumann Stadium,22500.0,40.21602764466651,-85.41769962206614,22500.0,0.3579555555555556,0
401531435,2023,13,regular,2023-11-25 17:00:00+00:00,False,True,False,True,21490.0,3735.0,Gerald J. Ford Stadium,2567,SMU,fbs,American Athletic,59.0,"[28, 24, 7, 0]",0.9897427558898926,1769.0,1852.0,2426,Navy,fbs,American Athletic,14.0,"[7, 7, 0, 0]",0.0102572441101074,1394.0,1311.0,2.220058265244863,Gerald J. Ford Stadium,32000.0,32.83771580994254,-96.782705783844,32000.0,0.6715625,0
401531927,2023,13,regular,2023-11-25 17:00:00+00:00,False,True,False,True,19766.0,3815.0,M. M. Roberts Stadium,2572,Southern Miss,fbs,Sun Belt,17.0,"[0, 10, 7, 0]",0.2724760472774505,1155.0,1164.0,2653,Troy,fbs,Sun Belt,35.0,"[7, 7, 14, 7]",0.7275239527225494,1705.0,1696.0,4.643363208668079,M. M. Roberts Stadium,36000.0,31.32897842661232,-89.33133065700531,36000.0,0.5490555555555555,0
401525906,2023,13,regular,2023-11-25 17:00:00+00:00,False,True,False,True,43610.0,3652.0,FBC Mortgage Stadium,2116,UCF,fbs,Big 12,27.0,"[6, 7, 14, 0]",0.9925288558006288,1648.0,1658.0,248,Houston,fbs,Big 12,13.0,"[10, 0, 0, 3]",0.0074711441993713,1431.0,1421.0,3.5171814428779222,Bright House Networks Stadium,45323.0,28.607958859227068,-81.1929988861084,45323.0,0.9622046201707742,0
401525561,2023,13,regular,2023-11-25 17:00:00+00:00,False,True,False,True,17639.0,3982.0,Wallace Wade Stadium,150,Duke,fbs,ACC,30.0,"[3, 7, 10, 10]",0.7154719829559326,1625.0,1629.0,221,Pittsburgh,fbs,ACC,19.0,"[3, 7, 3, 6]",0.2845280170440674,1408.0,1404.0,4.974436463758115,Wallace Wade Stadium,33941.0,35.9953166502013,-78.94172430038452,33941.0,0.5196959429598421,0
401531421,2023,13,regular,2023-11-25 18:00:00+00:00,False,True,False,True,19393.0,3895.0,Rice Stadium,242,Rice,fbs,American Athletic,24.0,"[7, 3, 14, 0]",0.4965165555477142,1357.0,1358.0,2226,Florida Atlantic,fbs,American Athletic,21.0,"[7, 0, 7, 7]",0.5034834444522858,1384.0,1383.0,5.500427735329265,Rice Stadium,47000.0,29.71623402909437,-95.40926456451416,47000.0,0.4126170212765957,0
401531925,2023,13,regular,2023-11-25 19:00:00+00:00,False,True,False,True,15717.0,3918.0,S.B. Ballard Stadium,295,Old Dominion,fbs,Sun Belt,25.0,"[0, 0, 7, 18]",0.1803374737501144,1355.0,1355.0,2247,Georgia State,fbs,Sun Belt,24.0,"[7, 14, 0, 3]",0.8196625262498856,1323.0,1323.0,5.4357245247580535,Foreman Field,20118.0,36.88878131523489,-76.30567610263824,20118.0,0.7812406799880703,0
401531386,2023,13,regular,2023-11-25 19:00:00+00:00,False,True,False,True,14628.0,3825.0,DATCU Stadium,249,North Texas,fbs,American Athletic,45.0,"[7, 7, 11, 20]",0.2688950598239898,1369.0,1369.0,5,UAB,fbs,American Athletic,42.0,"[13, 15, 0, 14]",0.7311049401760101,1295.0,1295.0,7.824270089504842,Apogee Stadium,30850.0,33.20393508408917,-97.15922355651855,30850.0,0.47416531604538087,0
401525563,2023,13,regular,2023-11-25 19:00:00+00:00,False,True,False,True,35018.0,1964.0,JMA Wireless Dome,183,Syracuse,fbs,ACC,35.0,"[7, 7, 7, 14]",0.6188660264015198,1396.0,1399.0,154,Wake Forest,fbs,ACC,31.0,"[7, 3, 7, 14]",0.3811339735984802,1400.0,1397.0,5.490695251700827,Carrier Dome,49250.0,43.036132820423234,-76.13651990890503,49250.0,0.7110253807106599,0
401531346,2023,13,regular,2023-11-25 19:00:00+00:00,False,True,False,True,29567.0,3699.0,Dowdy-Ficklen Stadium,151,East Carolina,fbs,American Athletic,27.0,"[14, 10, 0, 3]",0.8182138800621033,1375.0,1356.0,202,Tulsa,fbs,American Athletic,29.0,"[13, 7, 6, 3]",0.1817861199378967,1103.0,1122.0,7.11502846466685,Dowdy–Ficklen Stadium,50000.0,35.59642579698931,-77.36522912979126,50000.0,0.59134,0
401520428,2023,13,regular,2023-11-25 20:00:00+00:00,False,True,False,True,12724.0,218.0,FIU Stadium,2229,Florida International,fbs,Conference USA,28.0,"[0, 7, 7, 14]",0.1694149523973465,985.0,997.0,98,Western Kentucky,fbs,Conference USA,41.0,"[21, 13, 7, 0]",0.8305850476026535,1465.0,1453.0,2.8149706633851546,FIU Stadium,23500.0,25.75249278747405,-80.37786483764648,23500.0,0.5414468085106383,0
401524067,2023,13,regular,2023-11-25 20:00:00+00:00,False,True,False,True,51595.0,587.0,Rice-Eccles Stadium,254,Utah,fbs,Pac-12,23.0,"[7, 6, 7, 3]",0.9611333008830252,1735.0,1719.0,38,Colorado,fbs,Pac-12,17.0,"[0, 10, 0, 7]",0.0388666991169749,1221.0,1237.0,4.511363972,Rice-Eccles Stadium,54383.0,40.75994782004573,-111.84882402420044,45017.0,0.9487339793685526,0
401531926,2023,13,regular,2023-11-25 20:00:00+00:00,False,True,False,True,13892.0,3666.0,Cajun Field,309,Louisiana,fbs,Sun Belt,52.0,"[7, 24, 14, 7]",0.9552949666976928,1458.0,1491.0,2433,UL Monroe,fbs,Sun Belt,21.0,"[7, 7, 0, 7]",0.0447050333023071,1018.0,985.0,2.860667413588111,Cajun Field,36900.0,30.21579609675613,-92.01626413552384,36900.0,0.3764769647696477,0
401525905,2023,13,regular,2023-11-25 20:30:00+00:00,False,True,False,True,53855.0,3646.0,Boone Pickens Stadium,197,Oklahoma State,fbs,Big 12,40.0,"[6, 0, 7, 14, 7, 6]",0.2213506698608398,1512.0,1512.0,252,BYU,fbs,Big 12,34.0,"[7, 17, 0, 3, 7, 0]",0.7786493301391602,1364.0,1364.0,7.47096135795622,Boone Pickens Stadium,60218.0,36.12570866235855,-97.06650495529176,60218.0,0.8943339200903384,0
401531923,2023,13,regular,2023-11-25 20:30:00+00:00,False,True,False,True,16196.0,3654.0,Brooks Stadium (SC),324,Coastal Carolina,fbs,Sun Belt,14.0,"[0, 0, 7, 7]",0.0,1481.0,1391.0,256,James Madison,fbs,Sun Belt,56.0,"[7, 21, 14, 14]",1.0,1745.0,1835.0,2.499929904620836,Brooks Stadium,22217.0,33.792838175224496,-79.01702282805255,9214.0,0.7289913129585452,0
401525564,2023,13,regular,2023-11-25 20:30:00+00:00,False,True,False,True,42976.0,3923.0,Scott Stadium,258,Virginia,fbs,ACC,17.0,"[0, 0, 10, 7]",0.0,1297.0,1216.0,259,Virginia Tech,fbs,ACC,55.0,"[10, 14, 24, 7]",1.0,1526.0,1607.0,2.506367042331094,Scott Stadium,61500.0,38.03112372855688,-78.51370811462402,61500.0,0.6987967479674797,0
401531922,2023,13,regular,2023-11-25 20:30:00+00:00,False,True,False,True,31248.0,3792.0,Kidd Brewer Stadium,2026,App State,fbs,Sun Belt,55.0,"[3, 24, 14, 14]",0.9884169101715088,1631.0,1679.0,290,Georgia Southern,fbs,Sun Belt,27.0,"[14, 3, 0, 10]",0.0115830898284912,1416.0,1368.0,3.7194817678080607,Kidd Brewer Stadium,40168.0,36.21151530169309,-81.68550610542297,24050.0,0.7779326827325234,0
401531924,2023,13,regular,2023-11-25 20:30:00+00:00,False,True,False,True,18673.0,3775.0,Joan C. Edwards Stadium,276,Marshall,fbs,Sun Belt,35.0,"[14, 14, 7, 0]",0.9580082893371582,1338.0,1371.0,2032,Arkansas State,fbs,Sun Belt,21.0,"[0, 7, 7, 7]",0.0419917106628418,1394.0,1361.0,3.356187900479125,Joan C. Edwards Stadium,38019.0,38.42486536179161,-82.42185831069946,38019.0,0.49114916226097477,0
401520444,2023,13,regular,2023-11-25 20:30:00+00:00,False,True,False,True,10240.0,3946.0,Sun Bowl,2638,UTEP,fbs,Conference USA,28.0,"[7, 0, 0, 21]",0.0871656686067581,1183.0,1195.0,2335,Liberty,fbs,Conference USA,42.0,"[21, 7, 7, 7]",0.912834331393242,1683.0,1671.0,4.254701517730671,Sun Bowl Stadium,51500.0,31.77334530512776,-106.50789678096773,51500.0,0.1988349514563107,0
401520436,2023,13,regular,2023-11-25 20:30:00+00:00,False,True,False,True,48119.0,3953.0,Huntington Bank Stadium,135,Minnesota,fbs,Big Ten,14.0,"[7, 7, 0, 0]",0.0123914610594511,1502.0,1479.0,275,Wisconsin,fbs,Big Ten,28.0,"[0, 14, 14, 0]",0.9876085389405488,1598.0,1621.0,4.617487040098747,TCF Bank Stadium,52525.0,44.97652496911191,-93.224575817585,52525.0,0.9161161351737268,0
401520442,2023,13,regular,2023-11-25 20:30:00+00:00,False,True,False,True,101915.0,3853.0,Neyland Stadium,2633,Tennessee,fbs,SEC,48.0,"[14, 17, 14, 3]",0.993727541165205,1787.0,1786.0,238,Vanderbilt,fbs,SEC,24.0,"[7, 3, 0, 14]",0.0062724588347949,1175.0,1176.0,5.8917547354,Neyland Stadium,102455.0,35.95473437262258,-83.92533302307129,102455.0,0.994729393392221,0
401520427,2023,13,regular,2023-11-25 20:30:00+00:00,False,True,False,True,88043.0,3785.0,Jordan-Hare Stadium,2,Auburn,fbs,SEC,24.0,"[7, 7, 7, 3]",0.1467661834857696,1612.0,1631.0,333,Alabama,fbs,SEC,27.0,"[7, 10, 3, 7]",0.8532338165142304,2047.0,2028.0,7.3620010608,Jordan–Hare Stadium,87451.0,32.602361666817515,-85.48891067504883,87451.0,1.0,0
401520431,2023,13,regular,2023-11-25 20:30:00+00:00,False,True,False,True,42310.0,3832.0,"Memorial Stadium (Champaign, IL)",356,Illinois,fbs,Big Ten,43.0,"[3, 17, 3, 20]",0.1676029711961746,1510.0,1504.0,77,Northwestern,fbs,Big Ten,45.0,"[7, 14, 7, 17]",0.8323970288038254,1457.0,1463.0,7.020218575618355,Memorial Stadium,60670.0,40.09930573133053,-88.23598623275757,60670.0,0.6973792648755562,0
401524064,2023,13,regular,2023-11-25 20:30:00+00:00,False,True,False,True,53414.0,3947.0,Mountain America Stadium,9,Arizona State,fbs,Pac-12,23.0,"[7, 0, 8, 8]",0.1760661900043487,1338.0,1283.0,12,Arizona,fbs,Pac-12,59.0,"[10, 28, 14, 7]",0.8239338099956512,1723.0,1778.0,3.5703937809978794,Sun Devil Stadium Frank Kush Field,71706.0,33.426364,-111.932616,71706.0,0.7449027975343765,0
401524068,2023,13,regular,2023-11-25 21:00:00+00:00,False,True,False,True,71312.0,3765.0,Husky Stadium,264,Washington,fbs,Pac-12,24.0,"[7, 7, 7, 3]",0.8094761371612549,1871.0,1868.0,265,Washington State,fbs,Pac-12,21.0,"[7, 7, 0, 7]",0.1905238628387451,1543.0,1546.0,6.534436169121355,Husky Stadium,70500.0,47.65043054401222,-122.30291984739304,70500.0,1.0,0
401520437,2023,13,regular,2023-11-25 21:00:00+00:00,False,True,False,True,15702.0,3601.0,Aggie Memorial Stadium,166,New Mexico State,fbs,Conference USA,20.0,"[14, 3, 0, 3]",0.4023966789245605,1484.0,1486.0,55,Jacksonville State,fbs,Conference USA,17.0,"[0, 3, 0, 14]",0.5976033210754395,1563.0,1561.0,4.416505634583895,Aggie Memorial Stadium,30343.0,32.27974938226407,-106.74113631248474,30343.0,0.5174834393435059,0
401525902,2023,13,regular,2023-11-26 00:00:00+00:00,False,True,False,True,36200.0,4727.0,McLane Stadium,239,Baylor,fbs,Big 12,31.0,"[0, 14, 14, 3]",0.3021193444728851,1378.0,1384.0,277,West Virginia,fbs,Big 12,34.0,"[7, 20, 0, 7]",0.6978806555271149,1552.0,1546.0,6.933219282643835,McLane Stadium,45140.0,31.55866263551169,-97.11560010910034,45140.0,0.8019494904740806,0
401531928,2023,13,regular,2023-11-26 00:00:00+00:00,False,True,False,True,15617.0,3644.0,Bobcat Stadium (TX),326,Texas State,fbs,Sun Belt,52.0,"[24, 7, 7, 14]",0.7514841556549072,1244.0,1285.0,6,South Alabama,fbs,Sun Belt,44.0,"[0, 17, 7, 20]",0.2485158443450927,1662.0,1621.0,3.304830793012665,Bobcat Stadium,30000.0,29.89134454879716,-97.92531180559462,30000.0,0.5205666666666666,0
401524065,2023,13,regular,2023-11-26 00:00:00+00:00,False,True,False,False,30901.0,3940.0,Stanford Stadium,24,Stanford,fbs,Pac-12,23.0,"[13, 3, 0, 7]",0.0,1179.0,1180.0,87,Notre Dame,fbs,FBS Independents,56.0,"[7, 21, 21, 7]",1.0,2010.0,2009.0,4.846391871555068,Stanford Stadium,50000.0,37.43472641329173,-122.1610164642334,50000.0,0.61802,0
401520429,2023,13,regular,2023-11-26 00:00:00+00:00,False,True,False,False,90341.0,3634.0,Ben Hill Griffin Stadium,57,Florida,fbs,SEC,15.0,"[0, 12, 3, 0]",0.8001095056533813,1583.0,1594.0,52,Florida State,fbs,ACC,24.0,"[0, 7, 7, 10]",0.1998904943466186,1954.0,1943.0,4.7851383374538745,Ben Hill Griffin Stadium,88548.0,29.649868677972304,-82.34866619110107,88548.0,1.0,0
401525903,2023,13,regular,2023-11-26 00:30:00+00:00,False,True,False,True,38193.0,3854.0,Nippert Stadium,2132,Cincinnati,fbs,Big 12,16.0,"[3, 7, 0, 6]",0.0366431511938571,1412.0,1342.0,2305,Kansas,fbs,Big 12,49.0,"[0, 21, 7, 21]",0.9633568488061428,1601.0,1671.0,4.507177144707829,Nippert Stadium,40000.0,39.13128425273405,-84.51626143741578,40000.0,0.954825,0
401531410,2023,13,regular,2023-11-26 00:30:00+00:00,False,True,False,True,29279.0,3886.0,Raymond James Stadium,58,South Florida,fbs,American Athletic,48.0,"[7, 14, 20, 7]",0.9871367812156676,1168.0,1260.0,2429,Charlotte,fbs,American Athletic,14.0,"[7, 0, 7, 0]",0.0128632187843322,1147.0,1055.0,3.841971758363708,Raymond James Stadium,65857.0,27.975994470037183,-82.50334918498993,65857.0,0.4445844784912766,0
401520430,2023,13,regular,2023-11-26 00:30:00+00:00,False,True,False,False,51447.0,721.0,Bobby Dodd Stadium,59,Georgia Tech,fbs,ACC,23.0,"[10, 3, 0, 10]",0.1662160754203796,1419.0,1455.0,61,Georgia,fbs,SEC,31.0,"[7, 14, 10, 0]",0.8337839245796204,2158.0,2122.0,3.6268672294105824,Bobby Dodd Stadium at Historic Grant Field,55000.0,33.772556921319435,-84.39285278320312,55000.0,0.9354,0
401520441,2023,13,regular,2023-11-26 00:30:00+00:00,False,True,False,False,80172.0,3994.0,Williams-Brice Stadium,2579,South Carolina,fbs,SEC,7.0,"[7, 0, 0, 0]",0.0032313354313373,1598.0,1594.0,228,Clemson,fbs,ACC,16.0,"[10, 3, 3, 0]",0.9967686645686626,1765.0,1769.0,4.290412204214198,Williams-Brice Stadium,80250.0,33.97259115457693,-81.02021634578705,80250.0,0.9990280373831776,0
401525904,2023,13,regular,2023-11-26 01:00:00+00:00,False,True,False,True,51481.0,3636.0,Bill Snyder Family Stadium,2306,Kansas State,fbs,Big 12,35.0,"[6, 14, 8, 7]",0.0243409648537635,1983.0,1942.0,66,Iowa State,fbs,Big 12,42.0,"[7, 7, 14, 14]",0.9756590351462364,1661.0,1702.0,7.231551650782639,Bill Snyder Family Football Stadium,50000.0,39.20186361814248,-96.59379243850708,50000.0,1.0,0
401532630,2023,13,regular,2023-11-26 02:00:00+00:00,False,True,False,True,12044.0,3816.0,Mackay Stadium,2440,Nevada,fbs,Mountain West,6.0,"[0, 6, 0, 0]",0.0077036963775753,1153.0,1083.0,2751,Wyoming,fbs,Mountain West,42.0,"[14, 7, 14, 7]",0.9922963036224246,1421.0,1491.0,2.2409414496657165,Mackay Stadium,30000.0,39.54692485017159,-119.8175597190857,30000.0,0.4014666666666667,0
401524066,2023,13,regular,2023-11-26 03:30:00+00:00,False,True,False,True,42439.0,1056.0,Rose Bowl,26,UCLA,fbs,Pac-12,7.0,"[0, 7, 0, 0]",0.084836371243,1667.0,1565.0,25,California,fbs,Pac-12,33.0,"[6, 14, 0, 13]",0.915163628757,1431.0,1533.0,4.772950478839031,Rose Bowl,92542.0,34.16156958726264,-118.1676149368286,92542.0,0.45859177454561173,0
401539476,2023,14,regular,2023-12-02 00:00:00+00:00,False,True,False,True,20077.0,3992.0,Williams Stadium (VA),2335,Liberty,fbs,Conference USA,49.0,"[7, 14, 14, 14]",1.0,1671.0,1684.0,166,New Mexico State,fbs,Conference USA,35.0,"[7, 14, 14, 0]",0.0,1486.0,1473.0,5.657151236799431,Williams Stadium,19200.0,37.354414,-79.175047,19200.0,1.0,0
401539484,2023,14,regular,2023-12-02 21:00:00+00:00,False,True,False,True,20183.0,3975.0,Veterans Memorial Stadium (AL),2653,Troy,fbs,Sun Belt,49.0,"[0, 14, 7, 28]",0.9891805648803712,1696.0,1761.0,2026,App State,fbs,Sun Belt,23.0,"[0, 7, 10, 6]",0.0108194351196289,1679.0,1614.0,4.506650901544978,Veterans Memorial Stadium,30000.0,31.799527415252125,-85.95217691586194,30000.0,0.6727666666666666,0
401539477,2023,14,regular,2023-12-02 21:00:00+00:00,False,True,False,True,25206.0,4729.0,Yulman Stadium,2655,Tulane,fbs,American Athletic,14.0,"[7, 0, 7, 0]",0.0211720168590545,1657.0,1648.0,2567,SMU,fbs,American Athletic,26.0,"[7, 7, 3, 9]",0.9788279831409454,1852.0,1861.0,5.850979128386324,Benson Field at Yulman Stadium,30000.0,29.945898112528432,-90.11519112306328,30000.0,0.8402,0
401643697,2024,1,regular,2024-08-24 20:00:00+00:00,False,True,False,False,17314.0,3971.0,University Stadium (NM),167,New Mexico,fbs,Mountain West,31.0,"[10, 14, 7, 0]",0.5594903230667114,1234.0,1234.0,147,Montana State,fcs,Big Sky,35.0,"[0, 14, 0, 21]",0.4405096769332886,735.0,748.0,5.319334519577319,University Stadium,39224.0,35.06761048267165,-106.6281028358157,39224.0,0.4414134203548848,1
401643696,2024,1,regular,2024-08-25 00:00:00+00:00,False,True,False,False,20263.0,3816.0,Mackay Stadium,2440,Nevada,fbs,Mountain West,24.0,"[7, 10, 7, 0]",0.0737816542387008,1222.0,1243.0,2567,SMU,fbs,ACC,29.0,"[0, 10, 3, 16]",0.9262183457612992,1690.0,1669.0,5.96225907281757,Mackay Stadium,30000.0,39.54692485017159,-119.8175597190857,30000.0,0.6754333333333333,0
401628458,2024,1,regular,2024-08-29 22:00:00+00:00,False,True,False,False,47803.0,6577.0,SHI Stadium,164,Rutgers,fbs,Big Ten,44.0,"[7, 10, 14, 13]",0.990104913711548,1460.0,1460.0,47,Howard,fcs,MEAC,7.0,"[0, 7, 0, 0]",0.0098950862884521,735.0,748.0,2.843802521321338,High Point Solutions Stadium,52454.0,40.51378289308872,-74.46504457087282,52454.0,0.9113318336065886,1
401644730,2024,1,regular,2024-08-29 23:00:00+00:00,False,True,False,False,18055.0,3786.0,Kelly/Shorts Stadium,2117,Central Michigan,fbs,Mid-American,66.0,"[14, 28, 24, 0]",0.8601021766662598,1333.0,1333.0,2115,Central Connecticut,fcs,NEC,10.0,"[7, 0, 3, 0]",0.1398978233337402,735.0,748.0,2.5520731835134005,Kelly/Shorts Stadium,32885.0,43.577612282574535,-84.77082967758179,32885.0,0.549034514216208,1
401644727,2024,1,regular,2024-08-29 23:00:00+00:00,False,True,False,False,16400.0,3965.0,UB Stadium,2084,Buffalo,fbs,Mid-American,30.0,"[13, 3, 7, 7]",0.981427013874054,1357.0,1357.0,322,Lafayette,fcs,Patriot,13.0,"[0, 0, 6, 7]",0.018572986125946,735.0,748.0,2.959181739704556,UB Stadium,29013.0,42.99906838239644,-78.7775194644928,29013.0,0.565263847240892,1
401644729,2024,1,regular,2024-08-29 23:00:00+00:00,False,True,False,False,12786.0,3700.0,Doyt L. Perry Stadium,189,Bowling Green,fbs,Mid-American,41.0,"[20, 7, 7, 7]",0.8227765560150146,1431.0,1431.0,2230,Fordham,fcs,Patriot,17.0,"[0, 3, 7, 7]",0.1772234439849853,735.0,748.0,2.0955176328791945,Doyt Perry Stadium,23724.0,41.37805439803228,-83.62248212099075,23724.0,0.5389479008598888,1
401628581,2024,1,regular,2024-08-29 23:00:00+00:00,False,True,False,False,29450.0,3630.0,Allegacy Federal Credit Union Stadium,154,Wake Forest,fbs,ACC,45.0,"[7, 10, 21, 7]",0.982387900352478,1431.0,1431.0,2448,North Carolina A&T,fcs,Coastal Athletic,13.0,"[7, 3, 0, 3]",0.0176120996475219,735.0,748.0,3.697231428764851,BB&T Field,31500.0,36.09183481061275,-80.25534152984619,31500.0,0.9349206349206349,1
401628582,2024,1,regular,2024-08-29 23:00:00+00:00,False,True,False,False,44206.0,3652.0,FBC Mortgage Stadium,2116,UCF,fbs,Big 12,57.0,"[6, 23, 28, 0]",1.0,1578.0,1578.0,160,New Hampshire,fcs,Coastal Athletic,3.0,"[0, 3, 0, 0]",0.0,735.0,748.0,2.317428368851348,Bright House Networks Stadium,45323.0,28.607958859227068,-81.1929988861084,45323.0,0.9753546764335989,1
401634299,2024,1,regular,2024-08-29 23:00:00+00:00,False,True,False,False,56919.0,3670.0,Carter-Finley Stadium,152,NC State,fbs,ACC,38.0,"[7, 7, 3, 21]",0.9725978970527648,1606.0,1606.0,2717,Western Carolina,fcs,Southern,21.0,"[14, 0, 7, 0]",0.0274021029472351,735.0,748.0,7.864829086653119,Carter–Finley Stadium,57583.0,35.80075968207897,-78.71948719024658,57583.0,0.9884688189222514,1
401636387,2024,1,regular,2024-08-29 23:00:00+00:00,False,True,False,False,11145.0,3817.0,Malone Stadium,2433,UL Monroe,fbs,Sun Belt,30.0,"[7, 7, 7, 9]",0.9698949195350997,1156.0,1156.0,2296,Jackson State,fcs,SWAC,14.0,"[0, 7, 7, 0]",0.0301050804649003,735.0,748.0,6.4645770987,Malone Stadium,30427.0,32.53106869451547,-92.06644075067642,30427.0,0.366286521839156,1
401644728,2024,1,regular,2024-08-29 23:30:00+00:00,False,True,False,False,23515.0,3739.0,Glass Bowl,2649,Toledo,fbs,Mid-American,49.0,"[21, 7, 14, 7]",0.978938102722168,1526.0,1526.0,2184,Duquesne,fcs,NEC,10.0,"[7, 3, 0, 0]",0.021061897277832,735.0,748.0,3.0303738346295788,Glass Bowl,26248.0,41.65739077895321,-83.61401719150295,26248.0,0.8958777811642792,1
401640998,2024,1,regular,2024-08-30 00:00:00+00:00,False,True,False,False,18977.0,3662.0,AmFirst Stadium,55,Jacksonville State,fbs,Conference USA,27.0,"[3, 7, 0, 17]",0.0,1538.0,1449.0,324,Coastal Carolina,fbs,Sun Belt,55.0,"[17, 14, 10, 14]",1.0,1448.0,1537.0,2.612458053092753,JSU Stadium,24000.0,33.82031030570401,-85.76646566390991,24000.0,0.7907083333333333,0
401628327,2024,1,regular,2024-08-30 00:00:00+00:00,False,True,False,False,62621.0,3838.0,Memorial Stadium,142,Missouri,fbs,SEC,51.0,"[28, 7, 10, 6]",0.9774129390716552,1744.0,1744.0,93,Murray State,fcs,MVFC,0.0,"[0, 0, 0, 0]",0.0225870609283447,735.0,748.0,1.712941538765301,Faurot Field,71168.0,38.93589529672232,-92.33311414718628,71168.0,0.8799038893884892,1
401645317,2024,1,regular,2024-08-30 00:00:00+00:00,False,True,False,False,20143.0,4729.0,Yulman Stadium,2655,Tulane,fbs,American Athletic,52.0,"[7, 14, 14, 17]",0.9875071048736572,1565.0,1565.0,2545,SE Louisiana,fcs,Southland,0.0,"[0, 0, 0, 0]",0.0124928951263427,735.0,748.0,2.15213815031093,Benson Field at Yulman Stadium,30000.0,29.945898112528432,-90.11519112306328,30000.0,0.6714333333333333,1
401645318,2024,1,regular,2024-08-30 00:00:00+00:00,False,True,False,False,16483.0,3674.0,Chapman Stadium,202,Tulsa,fbs,American Athletic,62.0,"[14, 27, 7, 14]",0.9918601512908936,1248.0,1248.0,2466,Northwestern State,fcs,Southland,28.0,"[14, 0, 0, 14]",0.0081398487091064,735.0,748.0,3.903791429464651,Skelly Field at H. A. Chapman Stadium,35542.0,36.14886067519205,-95.943603515625,35542.0,0.46376118395138144,1
401628448,2024,1,regular,2024-08-30 00:00:00+00:00,False,True,False,False,50805.0,3953.0,Huntington Bank Stadium,135,Minnesota,fbs,Big Ten,17.0,"[0, 14, 0, 3]",0.9122595191001892,1492.0,1492.0,153,North Carolina,fbs,ACC,19.0,"[0, 7, 6, 6]",0.0877404808998107,1546.0,1546.0,5.521270141362677,TCF Bank Stadium,52525.0,44.97652496911191,-93.224575817585,52525.0,0.9672536887196573,0
401634206,2024,1,regular,2024-08-30 00:00:00+00:00,False,True,False,False,49438.0,3726.0,Folsom Field,38,Colorado,fbs,Big 12,31.0,"[14, 3, 7, 7]",0.3524485528469085,1324.0,1324.0,2449,North Dakota State,fcs,MVFC,26.0,"[10, 10, 0, 6]",0.6475514471530914,735.0,748.0,5.152339932073766,Folsom Field,50183.0,40.00939837446321,-105.26688694953918,50183.0,0.9851543351334117,1
401654845,2024,1,regular,2024-08-30 01:00:00+00:00,False,True,False,False,43849.0,3832.0,"Memorial Stadium (Champaign, IL)",356,Illinois,fbs,Big Ten,45.0,"[14, 17, 7, 7]",0.9923451542854308,1502.0,1502.0,2197,Eastern Illinois,fcs,Big South-OVC,0.0,"[0, 0, 0, 0]",0.007654845714569,735.0,748.0,2.4551539303536507,Memorial Stadium,60670.0,40.09930573133053,-88.23598623275757,60670.0,0.72274600296687,1
401636607,2024,1,regular,2024-08-30 01:00:00+00:00,False,True,False,False,52210.0,587.0,Rice-Eccles Stadium,254,Utah,fbs,Big 12,49.0,"[7, 28, 7, 7]",0.9919071197509766,1622.0,1622.0,253,Southern Utah,fcs,UAC,0.0,"[0, 0, 0, 0]",0.0080928802490234,735.0,748.0,1.8134759040786972,Rice-Eccles Stadium,54383.0,40.75994782004573,-111.84882402420044,45017.0,0.9600426603901955,1
401643698,2024,1,regular,2024-08-30 02:00:00+00:00,False,True,False,False,13811.0,3935.0,CEFCU Stadium,23,San José State,fbs,Mountain West,42.0,"[7, 7, 7, 21]",0.9956003427505492,1544.0,1544.0,16,Sacramento State,fcs,Big Sky,24.0,"[14, 3, 7, 0]",0.0043996572494506,735.0,748.0,6.442913215712913,Spartan Stadium,30456.0,37.320105186690846,-121.86811613079064,30456.0,0.45347386393485684,1
401645319,2024,1,regular,2024-08-30 22:00:00+00:00,False,True,False,False,23760.0,3841.0,Michie Stadium,349,Army,fbs,American Athletic,42.0,"[7, 14, 7, 14]",0.954264521598816,1425.0,1425.0,2329,Lehigh,fcs,Patriot,7.0,"[7, 0, 0, 0]",0.045735478401184,735.0,748.0,2.3715897160909445,Michie Stadium,38000.0,41.38708043477422,-73.96408081054688,38000.0,0.6252631578947369,1
401628453,2024,1,regular,2024-08-30 23:00:00+00:00,False,True,False,False,70271.0,3936.0,Spartan Stadium,127,Michigan State,fbs,Big Ten,16.0,"[2, 14, 0, 0]",0.8807753324508667,1392.0,1401.0,2226,Florida Atlantic,fbs,American Athletic,10.0,"[0, 3, 7, 0]",0.1192246675491333,1422.0,1413.0,3.9106104302508538,Spartan Stadium,75005.0,42.7281691163326,-84.48487535119057,75005.0,0.9368842077194853,0
401628328,2024,1,regular,2024-08-30 23:00:00+00:00,False,True,False,False,83329.0,3835.0,"Memorial Stadium (Norman, OK)",201,Oklahoma,fbs,SEC,51.0,"[17, 17, 3, 14]",0.9779277443885804,1786.0,1849.0,218,Temple,fbs,American Athletic,3.0,"[0, 0, 3, 0]",0.0220722556114196,1178.0,1115.0,2.0425201022360624,Gaylord Family Oklahoma Memorial Stadium,82112.0,35.20589959488508,-97.44255065917967,82112.0,1.0,0
401628584,2024,1,regular,2024-08-30 23:30:00+00:00,False,True,False,False,18466.0,3982.0,Wallace Wade Stadium,150,Duke,fbs,ACC,26.0,"[3, 7, 9, 7]",0.5600078105926514,1602.0,1602.0,2210,Elon,fcs,Coastal Athletic,3.0,"[0, 0, 0, 3]",0.4399921894073486,735.0,748.0,3.2282799740134647,Wallace Wade Stadium,33941.0,35.9953166502013,-78.94172430038452,33941.0,0.5440617542205592,1
401628461,2024,1,regular,2024-08-31 01:00:00+00:00,False,True,False,False,75158.0,347.0,Camp Randall Stadium,275,Wisconsin,fbs,Big Ten,28.0,"[0, 10, 3, 15]",0.9123791456222534,1587.0,1593.0,2711,Western Michigan,fbs,Mid-American,14.0,"[0, 7, 0, 7]",0.0876208543777465,1315.0,1309.0,4.26093839948511,Camp Randall Stadium,80321.0,43.06993802646878,-89.41274642944336,80321.0,0.9357204218074974,0
401634300,2024,1,regular,2024-08-31 02:30:00+00:00,False,True,False,False,36026.0,3940.0,Stanford Stadium,24,Stanford,fbs,ACC,27.0,"[7, 10, 0, 10]",0.0335695371031761,1286.0,1295.0,2628,TCU,fbs,Big 12,34.0,"[7, 3, 10, 14]",0.966430462896824,1587.0,1578.0,7.363318406375972,Stanford Stadium,50000.0,37.43472641329173,-122.1610164642334,50000.0,0.72052,0
401643703,2024,1,regular,2024-08-31 04:00:00+00:00,True,True,False,False,17037.0,3905.0,Maverik Stadium,328,Utah State,fbs,Mountain West,36.0,"[7, 3, 10, 16]",0.9518612027168274,1346.0,1346.0,2523,Robert Morris,fcs,NEC,14.0,"[0, 14, 0, 0]",0.0481387972831726,735.0,748.0,6.101459371659212,Romney Stadium,25513.0,41.75153188612883,-111.81210567885644,25513.0,0.6677772116176067,1
401645322,2024,1,regular,2024-08-31 16:00:00+00:00,False,True,False,False,28763.0,3852.0,Navy-Marine Corps Memorial Stadium,2426,Navy,fbs,American Athletic,49.0,"[6, 22, 7, 14]",0.9987257122993468,1368.0,1368.0,2083,Bucknell,fcs,Patriot,21.0,"[7, 0, 7, 7]",0.001274287700653,735.0,748.0,3.6932632596516335,Navy–Marine Corps Memorial Stadium,34000.0,38.98483263543365,-76.5071153640747,34000.0,0.8459705882352941,1
401628450,2024,1,regular,2024-08-31 16:00:00+00:00,False,True,False,False,69250.0,3793.0,Kinnick Stadium,2294,Iowa,fbs,Big Ten,40.0,"[3, 3, 13, 21]",1.0,1550.0,1550.0,2287,Illinois State,fcs,MVFC,0.0,"[0, 0, 0, 0]",0.0,735.0,748.0,2.793911585006647,Kinnick Stadium,70585.0,41.65838893680983,-91.55147552490234,70585.0,0.9810866331373521,1
401628451,2024,1,regular,2024-08-31 16:00:00+00:00,False,True,False,False,35421.0,3665.0,SECU Stadium,120,Maryland,fbs,Big Ten,50.0,"[14, 9, 13, 14]",0.9924694895744324,1630.0,1703.0,41,UConn,fbs,FBS Independents,7.0,"[0, 0, 7, 0]",0.0075305104255676,1230.0,1157.0,2.404775825788813,Byrd Stadium,51802.0,38.99120275144426,-76.94731173248788,51802.0,0.6837766881587584,0
401634305,2024,1,regular,2024-08-31 16:00:00+00:00,False,True,False,False,44616.0,3752.0,Acrisure Stadium,221,Pittsburgh,fbs,ACC,55.0,"[14, 14, 14, 13]",0.965776264667511,1436.0,1486.0,2309,Kent State,fbs,Mid-American,24.0,"[7, 7, 10, 0]",0.034223735332489,1158.0,1108.0,3.4014438325652123,Heinz Field,68400.0,40.44678376501633,-80.01575589179993,68400.0,0.652280701754386,0
401634169,2024,1,regular,2024-08-31 16:00:00+00:00,False,True,False,False,59488.0,3907.0,Ross-Ade Stadium,2509,Purdue,fbs,Big Ten,49.0,"[7, 14, 14, 14]",0.9893006086349488,1492.0,1492.0,282,Indiana State,fcs,MVFC,0.0,"[0, 0, 0, 0]",0.0106993913650512,735.0,748.0,2.3671068601956624,Ross–Ade Stadium,56400.0,40.434323,-86.918485,56400.0,1.0,1
401632062,2024,1,regular,2024-08-31 16:00:00+00:00,False,True,False,False,47067.0,3873.0,L&N Federal Credit Union Stadium,97,Louisville,fbs,ACC,62.0,"[10, 28, 21, 3]",0.9891191124916076,1625.0,1625.0,2046,Austin Peay,fcs,UAC,0.0,"[0, 0, 0, 0]",0.0108808875083923,735.0,748.0,1.876884352027366,Papa John's Cardinal Stadium,55000.0,38.20542168521144,-85.75810561566809,55000.0,0.8557636363636364,1
401628457,2024,1,regular,2024-08-31 16:00:00+00:00,False,True,False,False,62084.0,3842.0,Milan Puskar Stadium,277,West Virginia,fbs,Big 12,12.0,"[0, 6, 0, 6]",0.0,1574.0,1546.0,213,Penn State,fbs,Big Ten,34.0,"[0, 20, 7, 7]",1.0,1833.0,1861.0,3.735104165386896,Mountaineer Field at Milan Puskar Stadium,60000.0,39.65221992482815,-79.9551753012939,60000.0,1.0,0
401628330,2024,1,regular,2024-08-31 16:45:00+00:00,False,True,False,False,101915.0,3853.0,Neyland Stadium,2633,Tennessee,fbs,SEC,69.0,"[24, 21, 10, 14]",0.9840481877326964,1751.0,1751.0,236,Chattanooga,fcs,Southern,3.0,"[0, 0, 3, 0]",0.0159518122673034,735.0,748.0,2.0430216449479515,Neyland Stadium,102455.0,35.95473437262258,-83.92533302307129,102455.0,0.994729393392221,1
401634212,2024,1,regular,2024-08-31 18:00:00+00:00,False,True,False,False,52202.0,3646.0,Boone Pickens Stadium,197,Oklahoma State,fbs,Big 12,44.0,"[10, 7, 21, 6]",0.9937065839767456,1522.0,1522.0,2571,South Dakota State,fcs,MVFC,20.0,"[0, 6, 7, 7]",0.0062934160232543,735.0,748.0,2.9147172692536496,Boone Pickens Stadium,60218.0,36.12570866235855,-97.06650495529176,60218.0,0.8668836560496861,1
401628591,2024,1,regular,2024-08-31 18:30:00+00:00,False,True,False,False,37654.0,3854.0,Nippert Stadium,2132,Cincinnati,fbs,Big 12,38.0,"[21, 7, 10, 0]",0.9920116662979126,1394.0,1394.0,119,Towson,fcs,Coastal Athletic,20.0,"[3, 14, 3, 0]",0.0079883337020874,735.0,748.0,2.9961249219906474,Nippert Stadium,40000.0,39.13128425273405,-84.51626143741578,40000.0,0.94135,1
401637159,2024,1,regular,2024-08-31 19:00:00+00:00,False,True,False,False,20089.0,3820.0,Gesa Field,265,Washington State,fbs,Pac-12,70.0,"[22, 27, 14, 7]",0.9906681180000304,1530.0,1530.0,2502,Portland State,fcs,Big Sky,30.0,"[7, 10, 6, 7]",0.0093318819999694,735.0,748.0,2.983677029155857,Martin Stadium,32248.0,46.731967978653024,-117.16058578781136,32248.0,0.622953361448772,1
401628454,2024,1,regular,2024-08-31 19:30:00+00:00,False,True,False,False,86072.0,3834.0,"Memorial Stadium (Lincoln, NE)",158,Nebraska,fbs,Big Ten,40.0,"[7, 23, 7, 3]",0.953879415988922,1507.0,1571.0,2638,UTEP,fbs,Conference USA,7.0,"[7, 0, 0, 0]",0.0461205840110778,1296.0,1232.0,3.5714442090281198,Memorial Stadium,87091.0,40.82048352329494,-96.70571565628052,87091.0,0.9882995946768323,0
401628449,2024,1,regular,2024-08-31 19:30:00+00:00,False,True,False,False,44150.0,3830.0,"Memorial Stadium (Bloomington, IN)",84,Indiana,fbs,Big Ten,31.0,"[14, 7, 3, 7]",0.9948592782020568,1395.0,1430.0,2229,Florida International,fbs,Conference USA,7.0,"[0, 7, 0, 0]",0.0051407217979431,1164.0,1129.0,2.3762521935476086,Memorial Stadium,52959.0,39.18090913372923,-86.52557373046875,52959.0,0.8336637776393059,0
401628322,2024,1,regular,2024-08-31 19:30:00+00:00,False,True,False,False,90544.0,3634.0,Ben Hill Griffin Stadium,57,Florida,fbs,SEC,17.0,"[3, 7, 0, 7]",0.0082863792777061,1562.0,1497.0,2390,Miami,fbs,ACC,41.0,"[7, 17, 14, 3]",0.991713620722294,1553.0,1618.0,3.1975890118592023,Ben Hill Griffin Stadium,88548.0,29.649868677972304,-82.34866619110107,88548.0,1.0,0
401629039,2024,1,regular,2024-08-31 19:30:00+00:00,False,True,False,False,12810.0,3985.0,Warren McGuirk Alumni Stadium,113,Massachusetts,fbs,FBS Independents,14.0,"[0, 0, 7, 7]",0.0516481772065162,1141.0,1123.0,2199,Eastern Michigan,fbs,Mid-American,28.0,"[0, 14, 3, 11]",0.9483518227934836,1287.0,1305.0,4.213328917079542,Warren McGuirk Alumni Stadium,17000.0,42.377513236004525,-72.53562686052412,17000.0,0.7535294117647059,0
401634304,2024,1,regular,2024-08-31 19:30:00+00:00,False,True,False,False,37225.0,1964.0,JMA Wireless Dome,183,Syracuse,fbs,ACC,38.0,"[0, 17, 14, 7]",0.9857051968574524,1330.0,1383.0,195,Ohio,fbs,Mid-American,22.0,"[6, 3, 7, 6]",0.0142948031425476,1522.0,1469.0,3.764988592875421,Carrier Dome,49250.0,43.036132820423234,-76.13651990890503,49250.0,0.7558375634517767,0
401634197,2024,1,regular,2024-08-31 19:30:00+00:00,False,True,False,False,56148.0,3772.0,Jack Trice Stadium,66,Iowa State,fbs,Big 12,21.0,"[7, 7, 0, 7]",0.9792457818984984,1612.0,1612.0,155,North Dakota,fcs,MVFC,3.0,"[0, 3, 0, 0]",0.0207542181015014,735.0,748.0,2.7771316305979155,Jack Trice Stadium,61500.0,42.01400541108485,-93.6358094215393,61500.0,0.9129756097560976,1
401634133,2024,1,regular,2024-08-31 19:30:00+00:00,False,True,False,False,36232.0,3792.0,Kidd Brewer Stadium,2026,App State,fbs,Sun Belt,38.0,"[10, 7, 7, 14]",0.9833067655563354,1578.0,1578.0,2193,East Tennessee State,fcs,Southern,10.0,"[0, 7, 3, 0]",0.0166932344436645,735.0,748.0,3.2225527344981484,Kidd Brewer Stadium,40168.0,36.21151530169309,-81.68550610542297,24050.0,0.9020115514837682,1
401628455,2024,1,regular,2024-08-31 19:30:00+00:00,False,True,False,False,102011.0,3861.0,Ohio Stadium,194,Ohio State,fbs,Big Ten,52.0,"[7, 10, 21, 14]",0.9925321340560912,1876.0,1927.0,2006,Akron,fbs,Mid-American,6.0,"[3, 0, 3, 0]",0.0074678659439086,1212.0,1161.0,2.516653106939922,Ohio Stadium,104944.0,40.0016856893694,-83.01972806453705,104944.0,0.9720517609391676,0
401628331,2024,1,regular,2024-08-31 19:30:00+00:00,False,True,False,False,99171.0,3910.0,DKR-Texas Memorial Stadium,251,Texas,fbs,SEC,52.0,"[7, 24, 14, 7]",0.9847278594970704,1850.0,1939.0,36,Colorado State,fbs,Mountain West,0.0,"[0, 0, 0, 0]",0.0152721405029296,1350.0,1261.0,1.9847637724366325,Darrell K Royal–Texas Memorial Stadium,100119.0,30.28360340206824,-97.73233652114868,100119.0,0.9905312677913283,0
401643699,2024,1,regular,2024-08-31 19:30:00+00:00,False,True,False,False,31658.0,3713.0,Falcon Stadium,2005,Air Force,fbs,Mountain West,21.0,"[7, 7, 0, 7]",0.9875192046165466,1572.0,1572.0,2771,Merrimack,fcs,FCS Independents,6.0,"[0, 0, 0, 6]",0.0124807953834533,735.0,748.0,3.002006566007088,Falcon Stadium,46692.0,38.99690743122685,-104.84368801116943,46692.0,0.6780176475627516,1
401641015,2024,1,regular,2024-08-31 19:30:00+00:00,False,True,False,False,25911.0,3604.0,Alamodome,2636,UTSA,fbs,American Athletic,28.0,"[14, 7, 0, 7]",0.9809761643409728,1598.0,1613.0,338,Kennesaw State,fbs,Conference USA,16.0,"[3, 3, 3, 7]",0.0190238356590271,1500.0,1485.0,4.051633624226645,Alamodome,65000.0,29.41693712868156,-98.47890257835388,65000.0,0.39863076923076923,0
401644731,2024,1,regular,2024-08-31 19:30:00+00:00,False,True,False,False,10828.0,3764.0,Huskie Stadium,2459,Northern Illinois,fbs,Mid-American,54.0,"[6, 28, 13, 7]",0.9901735782623292,1446.0,1446.0,2710,Western Illinois,fcs,Big South-OVC,15.0,"[3, 0, 5, 7]",0.0098264217376708,735.0,748.0,2.6824886934792875,Huskie Stadium,25500.0,41.934014,-88.778222,25500.0,0.4246274509803922,1
401643700,2024,1,regular,2024-08-31 20:00:00+00:00,False,True,False,False,24134.0,3608.0,Allen E. Paulson Stadium,290,Georgia Southern,fbs,Sun Belt,45.0,"[0, 16, 14, 15]",0.1535815000534057,1384.0,1381.0,68,Boise State,fbs,Mountain West,56.0,"[14, 14, 8, 20]",0.8464184999465942,1626.0,1629.0,6.415953292529481,Paulson Stadium,24300.0,32.41221167634779,-81.78317070007324,24300.0,0.9931687242798354,0
401628329,2024,1,regular,2024-08-31 20:15:00+00:00,False,True,False,False,78496.0,3994.0,Williams-Brice Stadium,2579,South Carolina,fbs,SEC,23.0,"[10, 3, 3, 7]",0.9613243341445924,1562.0,1560.0,295,Old Dominion,fbs,Sun Belt,19.0,"[7, 0, 9, 3]",0.0386756658554077,1406.0,1408.0,5.344174217300797,Williams-Brice Stadium,80250.0,33.97259115457693,-81.02021634578705,80250.0,0.9781433021806853,0
401634301,2024,1,regular,2024-08-31 21:00:00+00:00,False,True,False,False,32275.0,3831.0,California Memorial Stadium,25,California,fbs,ACC,31.0,"[7, 7, 10, 7]",0.1978875249624252,1483.0,1483.0,302,UC Davis,fcs,Big Sky,13.0,"[6, 7, 0, 0]",0.8021124750375748,735.0,748.0,3.103797912597656,California Memorial Stadium,62717.0,37.87068660370429,-122.2507095336914,62717.0,0.514613262751726,1
401628590,2024,1,regular,2024-08-31 21:00:00+00:00,False,True,False,False,25032.0,3775.0,Joan C. Edwards Stadium,276,Marshall,fbs,Sun Belt,45.0,"[7, 10, 7, 21]",0.9932472109794616,1406.0,1406.0,2619,Stony Brook,fcs,Coastal Athletic,3.0,"[0, 0, 3, 0]",0.0067527890205383,735.0,748.0,3.017729382763726,Joan C. Edwards Stadium,38019.0,38.42486536179161,-82.42185831069946,38019.0,0.6584076382861201,1
401645320,2024,1,regular,2024-08-31 22:00:00+00:00,False,True,False,False,36467.0,3699.0,Dowdy-Ficklen Stadium,151,East Carolina,fbs,American Athletic,42.0,"[14, 14, 7, 7]",0.8727564811706543,1404.0,1404.0,2450,Norfolk State,fcs,MEAC,3.0,"[3, 0, 0, 0]",0.1272435188293457,735.0,748.0,2.3093746490890448,Dowdy–Ficklen Stadium,50000.0,35.59642579698931,-77.36522912979126,50000.0,0.72934,1
401628589,2024,1,regular,2024-08-31 22:00:00+00:00,False,True,False,False,40811.0,3923.0,Scott Stadium,258,Virginia,fbs,ACC,34.0,"[17, 10, 7, 0]",0.9931436777114868,1310.0,1310.0,257,Richmond,fcs,Coastal Athletic,13.0,"[0, 7, 3, 3]",0.0068563222885131,735.0,748.0,2.34711357614246,Scott Stadium,61500.0,38.03112372855688,-78.51370811462402,61500.0,0.6635934959349593,1
401628326,2024,1,regular,2024-08-31 22:00:00+00:00,False,True,False,False,48724.0,3693.0,Davis Wade Stadium,344,Mississippi State,fbs,SEC,56.0,"[14, 21, 7, 14]",0.936838686466217,1447.0,1447.0,2198,Eastern Kentucky,fcs,UAC,7.0,"[0, 7, 0, 0]",0.0631613135337829,735.0,748.0,2.095558575056547,Davis Wade Stadium,61337.0,33.456230599072065,-88.79342436790466,61337.0,0.7943655542331708,1
401628586,2024,1,regular,2024-08-31 22:00:00+00:00,False,True,False,False,21573.0,3992.0,Williams Stadium (VA),2335,Liberty,fbs,Conference USA,41.0,"[7, 10, 10, 14]",1.0,1572.0,1572.0,2097,Campbell,fcs,Coastal Athletic,24.0,"[3, 7, 7, 7]",0.0,735.0,748.0,3.788145792359345,Williams Stadium,19200.0,37.354414,-79.175047,19200.0,1.0,1
401643704,2024,1,regular,2024-08-31 22:30:00+00:00,False,True,False,False,31013.0,3893.0,Reser Stadium,204,Oregon State,fbs,Pac-12,38.0,"[7, 10, 14, 7]",0.992974579334259,1648.0,1648.0,304,Idaho State,fcs,Big Sky,15.0,"[9, 0, 6, 0]",0.0070254206657409,735.0,748.0,3.583156807434813,Reser Stadium,45674.0,44.5594768421455,-123.2814073562622,45674.0,0.6790077505801988,1
401636610,2024,1,regular,2024-08-31 23:00:00+00:00,False,True,False,False,42272.0,4727.0,McLane Stadium,239,Baylor,fbs,Big 12,45.0,"[21, 7, 7, 10]",0.9881401658058168,1422.0,1422.0,2627,Tarleton State,fcs,UAC,3.0,"[0, 0, 3, 0]",0.0118598341941833,735.0,748.0,1.9740995609871808,McLane Stadium,45140.0,31.55866263551169,-97.11560010910034,45140.0,0.9364643331856447,1
401636611,2024,1,regular,2024-08-31 23:00:00+00:00,False,True,False,False,25750.0,4728.0,TDECU Stadium,248,Houston,fbs,Big 12,7.0,"[0, 0, 0, 7]",0.0,1447.0,1402.0,2439,UNLV,fbs,Mountain West,27.0,"[7, 7, 10, 3]",1.0,1496.0,1541.0,2.872623398404453,TDECU Stadium,40000.0,29.721767963293527,-95.34909841095214,40000.0,0.64375,0
401628325,2024,1,regular,2024-08-31 23:00:00+00:00,False,True,False,False,66105.0,3974.0,Vaught-Hemingway Stadium,145,Ole Miss,fbs,SEC,76.0,"[24, 28, 21, 3]",0.9876115322113036,1658.0,1658.0,231,Furman,fcs,Southern,0.0,"[0, 0, 0, 0]",0.0123884677886962,735.0,748.0,2.078582645170884,Vaught–Hemingway Stadium,60580.0,34.362154302992906,-89.53414626020904,60580.0,1.0,1
401628319,2024,1,regular,2024-08-31 23:00:00+00:00,False,True,False,False,100077.0,3657.0,Bryant-Denny Stadium,333,Alabama,fbs,SEC,63.0,"[21, 21, 14, 7]",0.9892138242721558,1854.0,1997.0,98,Western Kentucky,fbs,Conference USA,0.0,"[0, 0, 0, 0]",0.0107861757278442,1466.0,1323.0,2.0994842554552258,Bryant–Denny Stadium,101821.0,33.2074899449518,-87.5503921508789,101821.0,0.9828719026526944,0
401643701,2024,1,regular,2024-08-31 23:00:00+00:00,False,True,False,False,27412.0,3975.0,Veterans Memorial Stadium (AL),2653,Troy,fbs,Sun Belt,26.0,"[7, 7, 3, 9]",0.0993794575333595,1657.0,1629.0,2440,Nevada,fbs,Mountain West,28.0,"[0, 6, 15, 7]",0.9006205424666405,1243.0,1271.0,5.118414180981349,Veterans Memorial Stadium,30000.0,31.799527415252125,-85.95217691586194,30000.0,0.9137333333333333,0
401641039,2024,1,regular,2024-08-31 23:00:00+00:00,False,True,False,False,17298.0,3895.0,Rice Stadium,242,Rice,fbs,American Athletic,14.0,"[0, 7, 7, 0]",0.0208956394344568,1362.0,1314.0,2534,Sam Houston,fbs,Conference USA,34.0,"[17, 7, 10, 0]",0.9791043605655432,1388.0,1436.0,3.5503441904816904,Rice Stadium,47000.0,29.71623402909437,-95.40926456451416,47000.0,0.3680425531914894,0
401641023,2024,1,regular,2024-08-31 23:00:00+00:00,False,True,False,False,16000.0,3725.0,Johnny Red Floyd Stadium,2393,Middle Tennessee,fbs,Conference USA,32.0,"[7, 14, 0, 11]",0.4409990906715393,1400.0,1400.0,2635,Tennessee Tech,fcs,Big South-OVC,25.0,"[0, 5, 6, 14]",0.5590009093284607,735.0,748.0,4.508355150612762,"Johnny ""Red"" Floyd Stadium",31000.0,35.85110908054087,-86.36844992637634,31000.0,0.5161290322580645,1
401645321,2024,1,regular,2024-08-31 23:00:00+00:00,False,True,False,False,25849.0,3805.0,Simmons Bank Liberty Stadium,235,Memphis,fbs,American Athletic,40.0,"[7, 24, 3, 6]",0.99004065990448,1569.0,1569.0,2453,North Alabama,fcs,UAC,0.0,"[0, 0, 0, 0]",0.00995934009552,735.0,748.0,1.896845397834977,Liberty Bowl Memorial Stadium,62380.0,35.120856917268995,-89.97805741128388,62380.0,0.41437960884899006,1
401632064,2024,1,regular,2024-08-31 23:00:00+00:00,False,True,False,False,21708.0,3625.0,Centennial Bank Stadium,2032,Arkansas State,fbs,Sun Belt,34.0,"[6, 7, 7, 14]",0.5000490546226501,1406.0,1406.0,2110,Central Arkansas,fcs,UAC,31.0,"[0, 0, 10, 21]",0.4999509453773498,735.0,748.0,6.284371400998511,Centennial Bank Stadium,30964.0,35.84899009532366,-90.66769494362912,30964.0,0.7010722128923912,1
401636612,2024,1,regular,2024-08-31 23:00:00+00:00,False,True,False,False,51240.0,3636.0,Bill Snyder Family Stadium,2306,Kansas State,fbs,Big 12,41.0,"[14, 3, 10, 14]",0.9845443964004515,1794.0,1794.0,2630,UT Martin,fcs,Big South-OVC,6.0,"[0, 3, 3, 0]",0.0154556035995483,735.0,748.0,2.76967873508945,Bill Snyder Family Football Stadium,50000.0,39.20186361814248,-96.59379243850708,50000.0,1.0,1
401628452,2024,1,regular,2024-08-31 23:30:00+00:00,False,True,False,False,110665.0,3558.0,Michigan Stadium,130,Michigan,fbs,Big Ten,30.0,"[7, 3, 3, 17]",1.0,1973.0,1980.0,278,Fresno State,fbs,Mountain West,10.0,"[0, 3, 0, 7]",0.0,1558.0,1551.0,3.7357864560743534,Michigan Stadium,107601.0,42.26586873251738,-83.7487256526947,107601.0,1.0,0
401628321,2024,1,regular,2024-08-31 23:30:00+00:00,False,True,False,False,88043.0,3785.0,Jordan-Hare Stadium,2,Auburn,fbs,SEC,73.0,"[28, 24, 14, 7]",0.9892137050628662,1556.0,1556.0,2010,Alabama A&M,fcs,SWAC,3.0,"[0, 3, 0, 0]",0.0107862949371337,735.0,748.0,1.844879981360457,Jordan–Hare Stadium,87451.0,32.602361666817515,-85.48891067504883,87451.0,1.0,1
401628456,2024,1,regular,2024-08-31 23:30:00+00:00,False,True,False,False,57435.0,3626.0,Autzen Stadium,2483,Oregon,fbs,Big Ten,24.0,"[7, 7, 0, 10]",0.9564478993415833,1904.0,1904.0,70,Idaho,fcs,Big Sky,14.0,"[0, 0, 7, 7]",0.0435521006584167,735.0,748.0,3.293333875527962,Autzen Stadium,54000.0,44.058272724266615,-123.0685043334961,54000.0,1.0,1
401628324,2024,1,regular,2024-08-31 23:45:00+00:00,False,True,False,False,61627.0,3683.0,Kroger Field,96,Kentucky,fbs,SEC,31.0,"[7, 17, 7]",0.9930383563041688,1594.0,1640.0,2572,Southern Miss,fbs,Sun Belt,0.0,"[0, 0, 0]",0.0069616436958312,1276.0,1230.0,2.213364541530609,Commonwealth Stadium,62093.0,38.02262168129363,-84.50520515441895,62093.0,0.9924951282753289,0
401636380,2024,1,regular,2024-09-01 00:00:00+00:00,False,True,False,False,23107.0,3666.0,Cajun Field,309,Louisiana,fbs,Sun Belt,40.0,"[7, 23, 7, 3]",0.9625090956687928,1496.0,1496.0,2755,Grambling,fcs,SWAC,10.0,"[0, 0, 7, 3]",0.0374909043312072,735.0,748.0,2.044324133531423,Cajun Field,36900.0,30.21579609675613,-92.01626413552384,36900.0,0.6262059620596206,1
401634302,2024,1,regular,2024-09-01 00:00:00+00:00,False,True,False,False,40113.0,721.0,Bobby Dodd Stadium,59,Georgia Tech,fbs,ACC,35.0,"[7, 7, 14, 7]",0.9883953332901,1513.0,1559.0,2247,Georgia State,fbs,Sun Belt,12.0,"[0, 3, 9, 0]",0.0116046667098999,1416.0,1370.0,2.79266360511285,Bobby Dodd Stadium at Historic Grant Field,55000.0,33.772556921319435,-84.39285278320312,55000.0,0.7293272727272727,0
401634240,2024,1,regular,2024-09-01 00:00:00+00:00,False,True,False,False,63712.0,3801.0,LaVell Edwards Stadium,252,BYU,fbs,Big 12,41.0,"[14, 3, 14, 10]",0.9939239621162416,1409.0,1409.0,79,Southern Illinois,fcs,MVFC,13.0,"[0, 6, 7, 0]",0.0060760378837585,735.0,748.0,2.865675483671384,LaVell Edwards Stadium,63725.0,40.25748799746312,-111.65443897247314,63725.0,0.9997959984307572,1
401641007,2024,1,regular,2024-09-01 00:00:00+00:00,False,True,False,False,16570.0,3776.0,Joe Aillet Stadium,2348,Louisiana Tech,fbs,Conference USA,25.0,"[9, 6, 0, 10]",0.7930136322975159,1246.0,1246.0,2447,Nicholls,fcs,Southland,17.0,"[7, 3, 0, 7]",0.2069863677024841,735.0,748.0,5.509162046377392,Joe Aillet Stadium,30600.0,32.53223809915824,-92.6560188758494,30600.0,0.5415032679738562,1
401634303,2024,1,regular,2024-09-01 00:00:00+00:00,False,True,False,False,27080.0,3735.0,Gerald J. Ford Stadium,2567,SMU,fbs,ACC,59.0,"[28, 14, 7, 10]",0.9895529747009276,1684.0,1684.0,2277,Houston Christian,fcs,Southland,7.0,"[0, 7, 0, 0]",0.0104470252990722,735.0,748.0,2.048850774861513,Gerald J. Ford Stadium,32000.0,32.83771580994254,-96.782705783844,32000.0,0.84625,1
401643774,2024,1,regular,2024-09-01 00:00:00+00:00,False,True,False,False,15614.0,4418.0,Jerry Richardson Stadium,2429,Charlotte,fbs,American Athletic,7.0,"[0, 7, 0, 0]",0.0,1203.0,1195.0,256,James Madison,fbs,Sun Belt,30.0,"[3, 6, 7, 14]",1.0,1691.0,1699.0,5.219903622148383,Jerry Richardson Stadium,15314.0,35.31028067616406,-80.74049377106525,15314.0,1.0,0
401643776,2024,1,regular,2024-09-01 00:00:00+00:00,False,True,False,False,19637.0,3644.0,Bobcat Stadium (TX),326,Texas State,fbs,Sun Belt,34.0,"[15, 3, 3, 13]",0.9913235902786256,1399.0,1399.0,2320,Lamar,fcs,Southland,27.0,"[0, 0, 10, 17]",0.0086764097213745,735.0,748.0,3.6638370202947153,Bobcat Stadium,30000.0,29.89134454879716,-97.92531180559462,30000.0,0.6545666666666666,1
401641032,2024,1,regular,2024-09-01 01:00:00+00:00,False,True,False,False,10738.0,3601.0,Aggie Memorial Stadium,166,New Mexico State,fbs,Conference USA,23.0,"[0, 10, 0, 13]",0.7747358083724976,1432.0,1432.0,2546,Southeast Missouri State,fcs,Big South-OVC,16.0,"[7, 3, 3, 3]",0.2252641916275024,735.0,748.0,6.669492879326449,Aggie Memorial Stadium,30343.0,32.27974938226407,-106.74113631248474,30343.0,0.35388722275318857,1
401636609,2024,1,regular,2024-09-01 02:30:00+00:00,False,True,False,False,48108.0,3947.0,Mountain America Stadium,9,Arizona State,fbs,Big 12,48.0,"[17, 10, 21, 0]",0.9907545447349548,1355.0,1497.0,2751,Wyoming,fbs,Mountain West,7.0,"[0, 0, 0, 7]",0.0092454552650451,1496.0,1354.0,2.0747835987465097,Sun Devil Stadium Frank Kush Field,71706.0,33.426364,-111.932616,71706.0,0.670906200317965,0
401636608,2024,1,regular,2024-09-01 02:30:00+00:00,False,True,False,False,44748.0,3619.0,Arizona Stadium,12,Arizona,fbs,Big 12,61.0,"[14, 13, 21, 13]",1.0,1714.0,1720.0,167,New Mexico,fbs,Mountain West,39.0,"[14, 10, 7, 8]",0.0,1234.0,1228.0,6.344794804431931,Arizona Stadium,51811.0,32.228340232071496,-110.94903945922852,51811.0,0.863677597421397,0
401628460,2024,1,regular,2024-09-01 03:00:00+00:00,False,True,False,False,66984.0,3765.0,Husky Stadium,264,Washington,fbs,Big Ten,35.0,"[0, 14, 14, 7]",0.9939773678779602,1752.0,1752.0,2692,Weber State,fcs,Big Sky,3.0,"[0, 0, 3, 0]",0.0060226321220397,735.0,748.0,3.155760778429135,Husky Stadium,70500.0,47.65043054401222,-122.30291984739304,70500.0,0.9501276595744681,1
401634306,2024,1,regular,2024-09-02 23:30:00+00:00,False,True,False,True,51719.0,3697.0,Doak Campbell Stadium,52,Florida State,fbs,ACC,13.0,"[0, 6, 7, 0]",0.0,1676.0,1610.0,103,Boston College,fbs,ACC,28.0,"[0, 14, 14, 0]",1.0,1396.0,1462.0,3.702239133775596,Bobby Bowden Field at Doak Campbell Stadium,82300.0,30.437547584621285,-84.30453398103501,82300.0,0.6284204131227218,0
401634765,2024,2,regular,2024-09-06 23:00:00+00:00,False,True,False,False,31172.0,3735.0,Gerald J. Ford Stadium,2567,SMU,fbs,ACC,15.0,"[0, 9, 3, 3]",0.4060007929801941,1669.0,1648.0,252,BYU,fbs,Big 12,18.0,"[7, 0, 8, 3]",0.5939992070198059,1409.0,1430.0,6.158826757260068,Gerald J. Ford Stadium,32000.0,32.83771580994254,-96.782705783844,32000.0,0.974125,0
401628463,2024,2,regular,2024-09-06 23:00:00+00:00,False,True,False,False,39082.0,3830.0,"Memorial Stadium (Bloomington, IN)",84,Indiana,fbs,Big Ten,77.0,"[28, 14, 14, 21]",0.9930822253227234,1438.0,1438.0,2710,Western Illinois,fcs,Big South-OVC,3.0,"[0, 3, 0, 0]",0.0069177746772766,735.0,748.0,1.5636748517539911,Memorial Stadium,52959.0,39.18090913372923,-86.52557373046875,52959.0,0.7379671066296569,1
401636616,2024,2,regular,2024-09-07 16:00:00+00:00,False,True,False,False,25034.0,4729.0,Yulman Stadium,2655,Tulane,fbs,American Athletic,27.0,"[7, 13, 0, 7]",0.5240082740783691,1565.0,1569.0,2306,Kansas State,fbs,Big 12,34.0,"[3, 7, 10, 14]",0.4759917259216308,1794.0,1790.0,5.538814788554292,Benson Field at Yulman Stadium,30000.0,29.945898112528432,-90.11519112306328,30000.0,0.8344666666666667,0
401635538,2024,2,regular,2024-09-07 16:00:00+00:00,False,True,False,False,37992.0,3854.0,Nippert Stadium,2132,Cincinnati,fbs,Big 12,27.0,"[14, 3, 10, 0]",0.7313023209571838,1394.0,1397.0,221,Pittsburgh,fbs,ACC,28.0,"[3, 3, 7, 15]",0.2686976790428161,1486.0,1483.0,4.295273637788174,Nippert Stadium,40000.0,39.13128425273405,-84.51626143741578,40000.0,0.9498,0
401628470,2024,2,regular,2024-09-07 16:00:00+00:00,False,True,False,False,103861.0,3632.0,Beaver Stadium,213,Penn State,fbs,Big Ten,34.0,"[7, 13, 7, 7]",0.9979978799819946,1861.0,1848.0,189,Bowling Green,fbs,Mid-American,27.0,"[10, 14, 0, 3]",0.0020021200180053,1431.0,1444.0,6.638447287522661,Beaver Stadium,106572.0,40.81215273275043,-77.85620212554932,106572.0,0.9745617985962541,0
401643784,2024,2,regular,2024-09-07 16:00:00+00:00,False,True,False,False,23246.0,3805.0,Simmons Bank Liberty Stadium,235,Memphis,fbs,American Athletic,38.0,"[7, 14, 10, 7]",0.9747728705406188,1569.0,1625.0,2653,Troy,fbs,Sun Belt,17.0,"[0, 7, 3, 7]",0.0252271294593811,1629.0,1573.0,2.788899546320005,Liberty Bowl Memorial Stadium,62380.0,35.120856917268995,-89.97805741128388,62380.0,0.3726514908624559,0
401628347,2024,2,regular,2024-09-07 16:00:00+00:00,False,True,False,False,111170.0,3558.0,Michigan Stadium,130,Michigan,fbs,Big Ten,12.0,"[0, 3, 3, 6]",0.0203863177448511,1980.0,1928.0,251,Texas,fbs,SEC,31.0,"[7, 17, 7, 0]",0.9796136822551488,1939.0,1991.0,3.3875016933001283,Michigan Stadium,107601.0,42.26586873251738,-83.7487256526947,107601.0,1.0,0
401628336,2024,2,regular,2024-09-07 16:00:00+00:00,False,True,False,False,52202.0,3646.0,Boone Pickens Stadium,197,Oklahoma State,fbs,Big 12,39.0,"[0, 7, 6, 18, 0, 8]",0.3044510185718536,1522.0,1530.0,8,Arkansas,fbs,SEC,31.0,"[14, 7, 0, 10, 0, 0]",0.6955489814281464,1454.0,1446.0,8.765053543167511,Boone Pickens Stadium,60218.0,36.12570866235855,-97.06650495529176,60218.0,0.8668836560496861,0
401645323,2024,2,regular,2024-09-07 16:00:00+00:00,False,True,False,True,21810.0,3715.0,FAU Stadium,2226,Florida Atlantic,fbs,American Athletic,7.0,"[0, 7, 0, 0]",0.0528622381389141,1413.0,1373.0,349,Army,fbs,American Athletic,24.0,"[14, 0, 3, 7]",0.947137761861086,1425.0,1465.0,3.224387081978644,FAU Stadium,30000.0,26.3754535636523,-80.10168313980103,30000.0,0.727,0
401635534,2024,2,regular,2024-09-07 16:00:00+00:00,False,True,False,True,39550.0,1964.0,JMA Wireless Dome,183,Syracuse,fbs,ACC,31.0,"[7, 14, 3, 7]",0.8480484485626221,1383.0,1386.0,59,Georgia Tech,fbs,ACC,28.0,"[7, 7, 0, 14]",0.1519515514373779,1559.0,1556.0,4.14882037870088,Carrier Dome,49250.0,43.036132820423234,-76.13651990890503,49250.0,0.8030456852791878,0
401636999,2024,2,regular,2024-09-07 16:00:00+00:00,False,True,False,False,32351.0,3892.0,Pratt & Whitney Stadium,41,UConn,fbs,FBS Independents,63.0,"[35, 21, 7, 0]",0.9976685047149658,1139.0,1139.0,2771,Merrimack,fcs,FCS Independents,17.0,"[7, 0, 0, 10]",0.0023314952850341,735.0,748.0,2.0065422113994917,Rentschler Field,40000.0,41.75988427820291,-72.61894226074219,40000.0,0.808775,1
401628466,2024,2,regular,2024-09-07 16:00:00+00:00,False,True,False,False,41006.0,3953.0,Huntington Bank Stadium,135,Minnesota,fbs,Big Ten,48.0,"[3, 14, 14, 17]",0.9912123680114746,1490.0,1490.0,227,Rhode Island,fcs,Coastal Athletic,0.0,"[0, 0, 0, 0]",0.0087876319885253,735.0,748.0,1.8414549011241264,TCF Bank Stadium,52525.0,44.97652496911191,-93.224575817585,52525.0,0.7806949071870538,1
401628471,2024,2,regular,2024-09-07 16:00:00+00:00,False,True,False,False,41021.0,6577.0,SHI Stadium,164,Rutgers,fbs,Big Ten,49.0,"[7, 14, 14, 14]",0.9931941032409668,1460.0,1511.0,2006,Akron,fbs,Mid-American,17.0,"[0, 3, 7, 7]",0.0068058967590332,1161.0,1110.0,3.0386438020649287,High Point Solutions Stadium,52454.0,40.51378289308872,-74.46504457087282,52454.0,0.782037594845007,0
401628348,2024,2,regular,2024-09-07 16:45:00+00:00,False,True,False,False,92345.0,3795.0,Kyle Field,245,Texas A&M,fbs,SEC,52.0,"[14, 24, 7, 7]",1.0,1666.0,1666.0,2377,McNeese,fcs,Southland,10.0,"[0, 0, 0, 10]",0.0,735.0,748.0,2.052852433234934,Kyle Field,102733.0,30.61009757817476,-96.34072922859283,102733.0,0.898883513574022,1
401628339,2024,2,regular,2024-09-07 18:00:00+00:00,False,True,False,False,93033.0,3917.0,Sanford Stadium,61,Georgia,fbs,SEC,48.0,"[14, 10, 21, 3]",0.9855786561965942,2079.0,2079.0,2635,Tennessee Tech,fcs,Big South-OVC,3.0,"[0, 0, 0, 3]",0.0144213438034057,735.0,748.0,1.864636604599209,Sanford Stadium,92746.0,33.949821489498824,-83.37344169616699,92746.0,1.0,1
401634181,2024,2,regular,2024-09-07 18:00:00+00:00,False,True,False,False,10018.0,3919.0,Scheumann Stadium,2050,Ball State,fbs,Mid-American,42.0,"[0, 7, 7, 28]",0.7886424660682678,1341.0,1341.0,2623,Missouri State,fcs,MVFC,34.0,"[7, 0, 7, 20]",0.2113575339317321,735.0,748.0,5.422839298593091,Scheumann Stadium,22500.0,40.21602764466651,-85.41769962206614,22500.0,0.44524444444444444,1
401644732,2024,2,regular,2024-09-07 18:30:00+00:00,False,True,False,False,11585.0,3696.0,Dix Stadium,2309,Kent State,fbs,Mid-American,17.0,"[0, 14, 0, 3]",0.0,1096.0,1096.0,2598,Saint Francis,fcs,NEC,23.0,"[10, 10, 3, 0]",1.0,735.0,748.0,4.309314242353065,Dix Stadium,25000.0,41.13908682549516,-81.31343945860863,25000.0,0.4634,1
401628473,2024,2,regular,2024-09-07 19:30:00+00:00,False,True,False,False,64222.0,3765.0,Husky Stadium,264,Washington,fbs,Big Ten,30.0,"[0, 21, 9, 0]",0.9980283379554749,1752.0,1759.0,2199,Eastern Michigan,fbs,Mid-American,9.0,"[3, 3, 0, 3]",0.0019716620445251,1305.0,1298.0,3.409643790126068,Husky Stadium,70500.0,47.65043054401222,-122.30291984739304,70500.0,0.9109503546099291,0
401628464,2024,2,regular,2024-09-07 19:30:00+00:00,False,True,False,False,69250.0,3793.0,Kinnick Stadium,2294,Iowa,fbs,Big Ten,19.0,"[7, 6, 6, 0]",0.7676539421081543,1550.0,1552.0,66,Iowa State,fbs,Big 12,20.0,"[0, 0, 14, 6]",0.2323460578918457,1612.0,1610.0,5.191841845252687,Kinnick Stadium,70585.0,41.65838893680983,-91.55147552490234,70585.0,0.9810866331373521,0
401629040,2024,2,regular,2024-09-07 19:30:00+00:00,False,True,False,False,21668.0,3739.0,Glass Bowl,2649,Toledo,fbs,Mid-American,38.0,"[7, 10, 7, 14]",0.4932994842529297,1526.0,1524.0,113,Massachusetts,fbs,FBS Independents,23.0,"[0, 13, 3, 7]",0.5067005157470703,1123.0,1125.0,4.470971626005707,Glass Bowl,26248.0,41.65739077895321,-83.61401719150295,26248.0,0.8255105150868638,0
401635531,2024,2,regular,2024-09-07 19:30:00+00:00,False,True,False,False,38441.0,3615.0,"Alumni Stadium (Chestnut Hill, MA)",103,Boston College,fbs,ACC,56.0,"[14, 28, 7, 7]",0.9920600652694702,1450.0,1450.0,2184,Duquesne,fcs,NEC,0.0,"[0, 0, 0, 0]",0.0079399347305297,735.0,748.0,1.9171770426780848,Alumni Stadium,44500.0,42.33510834895851,-71.16647243499756,44500.0,0.8638426966292135,1
401628474,2024,2,regular,2024-09-07 19:30:00+00:00,False,True,False,False,76069.0,347.0,Camp Randall Stadium,275,Wisconsin,fbs,Big Ten,27.0,"[14, 3, 3, 7]",0.9941188593552428,1601.0,1601.0,233,South Dakota,fcs,MVFC,13.0,"[0, 3, 10, 0]",0.0058811406447573,735.0,748.0,5.4936784051,Camp Randall Stadium,80321.0,43.06993802646878,-89.41274642944336,80321.0,0.9470624120715628,1
401645324,2024,2,regular,2024-09-07 19:30:00+00:00,False,True,False,True,28889.0,3852.0,Navy-Marine Corps Memorial Stadium,2426,Navy,fbs,American Athletic,38.0,"[9, 14, 15, 0]",0.9940776824951172,1368.0,1409.0,218,Temple,fbs,American Athletic,11.0,"[0, 3, 0, 8]",0.0059223175048828,1115.0,1074.0,2.2082532584244445,Navy–Marine Corps Memorial Stadium,34000.0,38.98483263543365,-76.5071153640747,34000.0,0.8496764705882353,0
401628465,2024,2,regular,2024-09-07 19:30:00+00:00,False,True,False,True,34819.0,3665.0,SECU Stadium,120,Maryland,fbs,Big Ten,24.0,"[14, 0, 3, 7]",0.9415268898010254,1703.0,1679.0,127,Michigan State,fbs,Big Ten,27.0,"[7, 10, 0, 10]",0.0584731101989746,1401.0,1425.0,6.819989852706958,Byrd Stadium,51802.0,38.99120275144426,-76.94731173248788,51802.0,0.6721555152310722,0
401628337,2024,2,regular,2024-09-07 19:30:00+00:00,False,True,False,False,88043.0,3785.0,Jordan-Hare Stadium,2,Auburn,fbs,SEC,14.0,"[7, 0, 0, 7]",0.0680858343839645,1556.0,1537.0,25,California,fbs,ACC,21.0,"[7, 7, 0, 7]",0.9319141656160356,1483.0,1502.0,5.665729955527845,Jordan–Hare Stadium,87451.0,32.602361666817515,-85.48891067504883,87451.0,1.0,0
401643710,2024,2,regular,2024-09-07 19:30:00+00:00,False,True,False,False,25070.0,3984.0,War Memorial Stadium,2751,Wyoming,fbs,Mountain West,13.0,"[10, 0, 0, 3]",0.9253181219100952,1369.0,1369.0,70,Idaho,fcs,Big Sky,17.0,"[7, 10, 0, 0]",0.0746818780899047,735.0,748.0,5.910495367741504,War Memorial Stadium,29181.0,41.31193599299248,-105.56906461715698,29181.0,0.8591206607038827,1
401628977,2024,2,regular,2024-09-07 19:30:00+00:00,False,True,False,False,77622.0,3855.0,Notre Dame Stadium,87,Notre Dame,fbs,FBS Independents,14.0,"[7, 0, 7, 0]",0.0965868681669235,1888.0,1858.0,2459,Northern Illinois,fbs,Mid-American,16.0,"[10, 3, 0, 3]",0.9034131318330764,1446.0,1476.0,5.544971763389585,Notre Dame Stadium,80795.0,41.69842312158612,-86.23382449150085,80795.0,0.9607277678074139,0
401636618,2024,2,regular,2024-09-07 19:30:00+00:00,False,True,False,False,52827.0,587.0,Rice-Eccles Stadium,254,Utah,fbs,Big 12,23.0,"[17, 6, 0, 0]",0.9527061581611632,1622.0,1627.0,239,Baylor,fbs,Big 12,12.0,"[0, 3, 9, 0]",0.0472938418388366,1422.0,1417.0,2.485521324783402,Rice-Eccles Stadium,54383.0,40.75994782004573,-111.84882402420044,45017.0,0.9713881176102827,0
401635537,2024,2,regular,2024-09-07 19:30:00+00:00,False,True,False,False,48431.0,3787.0,Kenan Stadium,153,North Carolina,fbs,ACC,38.0,"[14, 7, 10, 7]",0.9560319781303406,1546.0,1554.0,2429,Charlotte,fbs,American Athletic,20.0,"[3, 3, 7, 7]",0.0439680218696594,1195.0,1187.0,2.8465091296431857,Kenan Memorial Stadium,62980.0,35.90698834747853,-79.04791831970215,62980.0,0.768990155604954,0
401628340,2024,2,regular,2024-09-07 19:30:00+00:00,False,True,False,True,61349.0,3683.0,Kroger Field,96,Kentucky,fbs,SEC,6.0,"[0, 6, 0, 0]",0.2009754478931427,1640.0,1563.0,2579,South Carolina,fbs,SEC,31.0,"[7, 3, 14, 7]",0.7990245521068573,1560.0,1637.0,4.038801908561728,Commonwealth Stadium,62093.0,38.02262168129363,-84.50520515441895,62093.0,0.9880179730404394,0
401635535,2024,2,regular,2024-09-07 19:30:00+00:00,False,True,False,False,48575.0,3873.0,L&N Federal Credit Union Stadium,97,Louisville,fbs,ACC,49.0,"[14, 14, 7, 14]",0.9896180033683776,1625.0,1700.0,55,Jacksonville State,fbs,Conference USA,14.0,"[0, 14, 0, 0]",0.0103819966316223,1449.0,1374.0,2.4251012030477788,Papa John's Cardinal Stadium,55000.0,38.20542168521144,-85.75810561566809,55000.0,0.8831818181818182,0
401643783,2024,2,regular,2024-09-07 20:00:00+00:00,False,True,False,False,28000.0,3644.0,Bobcat Stadium (TX),326,Texas State,fbs,Sun Belt,49.0,"[14, 21, 7, 7]",0.99290132522583,1399.0,1545.0,2636,UTSA,fbs,American Athletic,10.0,"[3, 0, 7, 0]",0.0070986747741699,1613.0,1467.0,2.7242990365183144,Bobcat Stadium,30000.0,29.89134454879716,-97.92531180559462,30000.0,0.9333333333333333,0
401628342,2024,2,regular,2024-09-07 20:15:00+00:00,False,True,False,False,66427.0,3974.0,Vaught-Hemingway Stadium,145,Ole Miss,fbs,SEC,52.0,"[17, 14, 14, 7]",0.9935848712921144,1658.0,1770.0,2393,Middle Tennessee,fbs,Conference USA,3.0,"[0, 3, 0, 0]",0.0064151287078857,1400.0,1288.0,2.348383465337146,Vaught–Hemingway Stadium,60580.0,34.362154302992906,-89.53414626020904,60580.0,1.0,0
401635540,2024,2,regular,2024-09-07 20:30:00+00:00,False,True,False,False,65632.0,3799.0,Lane Stadium,259,Virginia Tech,fbs,ACC,31.0,"[7, 3, 14, 7]",1.0,1575.0,1597.0,276,Marshall,fbs,Sun Belt,14.0,"[0, 7, 7, 0]",0.0,1406.0,1384.0,4.015605506862386,Lane Stadium,66233.0,37.2199742830054,-80.41805505752563,66233.0,0.99092597345734,0
401635536,2024,2,regular,2024-09-07 22:00:00+00:00,False,True,False,False,57886.0,3948.0,Hard Rock Stadium,2390,Miami,fbs,ACC,56.0,"[15, 10, 21, 10]",0.9876115322113036,1622.0,1622.0,50,Florida A&M,fcs,SWAC,9.0,"[3, 3, 3, 0]",0.0123884677886962,735.0,748.0,2.445765706266864,Sun Life Stadium,65326.0,25.957933739028963,-80.23884057998657,65326.0,0.8861096653706029,1
401628593,2024,2,regular,2024-09-07 22:00:00+00:00,False,True,False,False,50073.0,3842.0,Milan Puskar Stadium,277,West Virginia,fbs,Big 12,49.0,"[14, 14, 14, 7]",0.9548979997634888,1527.0,1527.0,399,UAlbany,fcs,Coastal Athletic,14.0,"[0, 14, 0, 0]",0.0451020002365112,735.0,748.0,2.6936235472253918,Mountaineer Field at Milan Puskar Stadium,60000.0,39.65221992482815,-79.9551753012939,60000.0,0.83455,1
401643778,2024,2,regular,2024-09-07 22:00:00+00:00,False,True,False,False,21944.0,3918.0,S.B. Ballard Stadium,295,Old Dominion,fbs,Sun Belt,14.0,"[0, 7, 7, 0]",0.9229641556739808,1408.0,1397.0,151,East Carolina,fbs,American Athletic,20.0,"[6, 0, 11, 3]",0.0770358443260192,1404.0,1415.0,6.722233829004589,Foreman Field,20118.0,36.88878131523489,-76.30567610263824,20118.0,1.0,0
401643781,2024,2,regular,2024-09-07 22:00:00+00:00,False,True,False,False,22158.0,3876.0,Peden Stadium,195,Ohio,fbs,Mid-American,27.0,"[3, 14, 7, 3]",0.9525876837264748,1469.0,1486.0,6,South Alabama,fbs,Sun Belt,20.0,"[0, 10, 7, 3]",0.0474123162735251,1593.0,1576.0,8.6579097653,Peden Stadium,24000.0,39.32130908459409,-82.10343944652357,24000.0,0.92325,0
401643777,2024,2,regular,2024-09-07 22:00:00+00:00,False,True,False,False,24570.0,3651.0,Bridgeforth Stadium,256,James Madison,fbs,Sun Belt,13.0,"[0, 0, 10, 3]",0.974480390548706,1728.0,1728.0,2241,Gardner-Webb,fcs,Big South-OVC,6.0,"[0, 3, 3, 0]",0.0255196094512939,735.0,748.0,4.6918861402366,Bridgeforth Stadium,24878.0,38.43508893585215,-78.87340330403673,24878.0,0.9876195835678109,1
401636617,2024,2,regular,2024-09-07 22:30:00+00:00,False,True,False,False,43807.0,3652.0,FBC Mortgage Stadium,2116,UCF,fbs,Big 12,45.0,"[14, 10, 14, 7]",0.9960842728614808,1578.0,1644.0,2534,Sam Houston,fbs,Conference USA,14.0,"[0, 7, 0, 7]",0.0039157271385192,1436.0,1370.0,2.2008123422984096,Bright House Networks Stadium,45323.0,28.607958859227068,-81.1929988861084,45323.0,0.9665511991703991,0
401643708,2024,2,regular,2024-09-07 23:00:00+00:00,False,True,False,False,16245.0,3816.0,Mackay Stadium,2440,Nevada,fbs,Mountain West,17.0,"[14, 0, 3, 0]",0.8694356083869934,1271.0,1273.0,290,Georgia Southern,fbs,Sun Belt,20.0,"[7, 10, 3, 0]",0.1305643916130066,1381.0,1379.0,6.573679380449897,Mackay Stadium,30000.0,39.54692485017159,-119.8175597190857,30000.0,0.5415,0
401632068,2024,2,regular,2024-09-07 23:00:00+00:00,False,True,False,False,16712.0,3796.0,Houchens Industries-L.T. Smith Stadium,98,Western Kentucky,fbs,Conference USA,31.0,"[10, 7, 0, 14]",0.8102861046791077,1307.0,1307.0,2198,Eastern Kentucky,fcs,UAC,0.0,"[0, 0, 0, 0]",0.1897138953208923,735.0,748.0,2.302421485482935,Houchens Industries–L. T. Smith Stadium,22113.0,36.98487662989466,-86.459013971646,22113.0,0.7557545335323113,1
401645326,2024,2,regular,2024-09-07 23:00:00+00:00,False,True,False,False,17760.0,3895.0,Rice Stadium,242,Rice,fbs,American Athletic,69.0,"[14, 24, 17, 14]",0.9833810329437256,1309.0,1309.0,2640,Texas Southern,fcs,SWAC,7.0,"[0, 0, 0, 7]",0.0166189670562744,735.0,748.0,3.09322800441462,Rice Stadium,47000.0,29.71623402909437,-95.40926456451416,47000.0,0.3778723404255319,1
401628335,2024,2,regular,2024-09-07 23:00:00+00:00,False,True,False,False,100077.0,3657.0,Bryant-Denny Stadium,333,Alabama,fbs,SEC,42.0,"[7, 7, 0, 28]",0.9907345175743104,1997.0,2006.0,58,South Florida,fbs,American Athletic,16.0,"[3, 3, 7, 3]",0.0092654824256896,1442.0,1433.0,5.519475001485697,Bryant–Denny Stadium,101821.0,33.2074899449518,-87.5503921508789,101821.0,0.9828719026526944,0
401635539,2024,2,regular,2024-09-07 23:00:00+00:00,False,True,False,False,22634.0,3940.0,Stanford Stadium,24,Stanford,fbs,ACC,41.0,"[7, 7, 17, 10]",0.9992937445640564,1282.0,1282.0,13,Cal Poly,fcs,Big Sky,7.0,"[0, 7, 0, 0]",0.0007062554359436,735.0,748.0,3.283098593901135,Stanford Stadium,50000.0,37.43472641329173,-122.1610164642334,50000.0,0.45268,1
401635639,2024,2,regular,2024-09-07 23:00:00+00:00,False,True,False,True,30012.0,3630.0,Allegacy Federal Credit Union Stadium,154,Wake Forest,fbs,ACC,30.0,"[10, 10, 10, 0]",0.6734938025474548,1431.0,1424.0,258,Virginia,fbs,ACC,31.0,"[3, 14, 0, 14]",0.3265061974525451,1310.0,1317.0,4.800575262752851,BB&T Field,31500.0,36.09183481061275,-80.25534152984619,31500.0,0.9527619047619048,0
401641016,2024,2,regular,2024-09-07 23:00:00+00:00,False,True,False,False,11040.0,4899.0,Fifth Third Stadium,338,Kennesaw State,fbs,Conference USA,10.0,"[7, 0, 0, 3]",0.1206479783154004,1485.0,1423.0,309,Louisiana,fbs,Sun Belt,34.0,"[0, 20, 14, 0]",0.8793520216845996,1496.0,1558.0,2.8462981643,Fifth Third Bank Stadium,11040.0,34.0234337,-84.6154897,8318.0,1.0,0
401643779,2024,2,regular,2024-09-07 23:00:00+00:00,False,True,False,False,19316.0,3625.0,Centennial Bank Stadium,2032,Arkansas State,fbs,Sun Belt,28.0,"[7, 0, 21, 0]",0.2833746373653412,1406.0,1404.0,202,Tulsa,fbs,American Athletic,24.0,"[3, 14, 7, 0]",0.7166253626346588,1248.0,1250.0,5.72286519529551,Centennial Bank Stadium,30964.0,35.84899009532366,-90.66769494362912,30964.0,0.6238212117297507,0
401643780,2024,2,regular,2024-09-07 23:00:00+00:00,False,True,False,False,12327.0,3817.0,Malone Stadium,2433,UL Monroe,fbs,Sun Belt,32.0,"[3, 10, 9, 10]",1.0,1156.0,1249.0,5,UAB,fbs,American Athletic,6.0,"[3, 3, 0, 0]",0.0,1363.0,1270.0,3.146407151525024,Malone Stadium,30427.0,32.53106869451547,-92.06644075067642,30427.0,0.4051335984487462,0
401643705,2024,2,regular,2024-09-07 23:00:00+00:00,False,True,False,True,22478.0,3713.0,Falcon Stadium,2005,Air Force,fbs,Mountain West,7.0,"[7, 0, 0, 0]",0.238819807767868,1572.0,1549.0,23,San José State,fbs,Mountain West,17.0,"[14, 0, 0, 3]",0.761180192232132,1544.0,1567.0,5.846021492702907,Falcon Stadium,46692.0,38.99690743122685,-104.84368801116943,46692.0,0.481410091664525,0
401628344,2024,2,regular,2024-09-07 23:00:00+00:00,False,True,False,False,62621.0,3838.0,Memorial Stadium,142,Missouri,fbs,SEC,38.0,"[3, 21, 7, 7]",0.9831824898719788,1744.0,1803.0,2084,Buffalo,fbs,Mid-American,0.0,"[0, 0, 0, 0]",0.0168175101280212,1357.0,1298.0,2.346331918882482,Faurot Field,71168.0,38.93589529672232,-92.33311414718628,71168.0,0.8799038893884892,0
401628603,2024,2,regular,2024-09-07 23:00:00+00:00,False,True,False,False,19294.0,3654.0,Brooks Stadium (SC),324,Coastal Carolina,fbs,Sun Belt,40.0,"[14, 13, 10, 3]",0.9976415522417889,1537.0,1537.0,2729,William & Mary,fcs,Coastal Athletic,21.0,"[0, 7, 7, 7]",0.0023584477582111,735.0,748.0,3.3772758984,Brooks Stadium,22217.0,33.792838175224496,-79.01702282805255,9214.0,0.8684340820092722,1
401628462,2024,2,regular,2024-09-07 23:00:00+00:00,False,True,False,False,60670.0,3832.0,"Memorial Stadium (Champaign, IL)",356,Illinois,fbs,Big Ten,23.0,"[3, 10, 0, 10]",0.6009734272956848,1502.0,1515.0,2305,Kansas,fbs,Big 12,17.0,"[0, 10, 7, 0]",0.3990265727043152,1619.0,1606.0,5.323752942523262,Memorial Stadium,60670.0,40.09930573133053,-88.23598623275757,60670.0,1.0,0
401628338,2024,2,regular,2024-09-07 23:00:00+00:00,False,True,False,False,89295.0,3634.0,Ben Hill Griffin Stadium,57,Florida,fbs,SEC,45.0,"[7, 7, 14, 17]",0.9943934082984924,1493.0,1493.0,2535,Samford,fcs,Southern,7.0,"[0, 0, 7, 0]",0.0056065917015075,735.0,748.0,2.546862971151735,Ben Hill Griffin Stadium,88548.0,29.649868677972304,-82.34866619110107,88548.0,1.0,1
401643782,2024,2,regular,2024-09-07 23:00:00+00:00,False,True,False,False,22044.0,3815.0,M. M. Roberts Stadium,2572,Southern Miss,fbs,Sun Belt,35.0,"[7, 7, 7, 14]",0.9458715319633484,1217.0,1217.0,2545,SE Louisiana,fcs,Southland,10.0,"[3, 7, 0, 0]",0.0541284680366516,735.0,748.0,4.205996921112816,M. M. Roberts Stadium,36000.0,31.32897842661232,-89.33133065700531,36000.0,0.6123333333333333,1
401628468,2024,2,regular,2024-09-07 23:30:00+00:00,False,True,False,False,102665.0,3861.0,Ohio Stadium,194,Ohio State,fbs,Big Ten,56.0,"[21, 14, 14, 7]",0.9989683362339096,1927.0,2014.0,2711,Western Michigan,fbs,Mid-American,0.0,"[0, 0, 0, 0]",0.0010316637660905,1309.0,1222.0,2.276632436,Ohio Stadium,104944.0,40.0016856893694,-83.01972806453705,104944.0,0.9782836560451288,0
401628349,2024,2,regular,2024-09-07 23:30:00+00:00,False,True,False,False,24080.0,3973.0,FirstBank Stadium,238,Vanderbilt,fbs,SEC,55.0,"[10, 17, 7, 21]",0.9933366775512696,1303.0,1303.0,2016,Alcorn State,fcs,SWAC,0.0,"[0, 0, 0, 0]",0.0066633224487304,735.0,748.0,1.7662549002880303,Vanderbilt Stadium,40350.0,36.14355849696379,-86.80877208709717,40350.0,0.5967781908302354,1
401628467,2024,2,regular,2024-09-07 23:30:00+00:00,False,True,False,False,86906.0,3834.0,"Memorial Stadium (Lincoln, NE)",158,Nebraska,fbs,Big Ten,28.0,"[14, 14, 0, 0]",0.965196421811165,1571.0,1588.0,38,Colorado,fbs,Big 12,10.0,"[0, 0, 3, 7]",0.0348035781888349,1324.0,1307.0,3.2682399356,Memorial Stadium,87091.0,40.82048352329494,-96.70571565628052,87091.0,0.9978757850983454,0
401628341,2024,2,regular,2024-09-07 23:30:00+00:00,False,True,False,False,100242.0,3958.0,Tiger Stadium (LA),99,LSU,fbs,SEC,44.0,"[9, 14, 21, 0]",0.7429512739181519,1805.0,1805.0,2447,Nicholls,fcs,Southland,21.0,"[7, 7, 7, 0]",0.2570487260818481,735.0,748.0,4.217336040608287,Tiger Stadium,102321.0,30.4120123982997,-91.183819770813,102321.0,0.9796815902893834,1
401645325,2024,2,regular,2024-09-07 23:30:00+00:00,False,True,False,False,23510.0,3825.0,DATCU Stadium,249,North Texas,fbs,American Athletic,35.0,"[14, 7, 7, 7]",0.8242992162704468,1460.0,1460.0,2617,Stephen F. Austin,fcs,Southland,20.0,"[10, 7, 3, 0]",0.1757007837295532,735.0,748.0,5.149063402868667,Apogee Stadium,30850.0,33.20393508408917,-97.15922355651855,30850.0,0.7620745542949757,1
401628345,2024,2,regular,2024-09-07 23:45:00+00:00,False,True,False,False,83653.0,3835.0,"Memorial Stadium (Norman, OK)",201,Oklahoma,fbs,SEC,16.0,"[7, 7, 0, 2]",0.4649056196212768,1849.0,1840.0,248,Houston,fbs,Big 12,12.0,"[3, 3, 6, 0]",0.5350943803787231,1402.0,1411.0,4.208051983255282,Gaylord Family Oklahoma Memorial Stadium,82112.0,35.20589959488508,-97.44255065917967,82112.0,1.0,0
401635532,2024,2,regular,2024-09-08 00:00:00+00:00,False,True,False,False,81500.0,3836.0,"Memorial Stadium (Clemson, SC)",228,Clemson,fbs,ACC,66.0,"[35, 21, 10, 0]",0.9902606010437012,1625.0,1757.0,2026,App State,fbs,Sun Belt,20.0,"[0, 13, 7, 0]",0.0097393989562988,1578.0,1446.0,2.807218041254294,Memorial Stadium,81500.0,34.67874665741346,-82.84317970275879,81500.0,1.0,0
401636615,2024,2,regular,2024-09-08 00:00:00+00:00,False,True,False,False,44063.0,3616.0,Amon G. Carter Stadium,2628,TCU,fbs,Big 12,45.0,"[10, 21, 7, 7]",0.9886891841888428,1591.0,1591.0,2341,Long Island University,fcs,NEC,0.0,"[0, 0, 0, 0]",0.0113108158111572,735.0,748.0,2.2972262547529945,Amon G. Carter Stadium,45000.0,32.70991596942349,-97.36799597740172,45000.0,0.9791777777777778,1
401632072,2024,2,regular,2024-09-08 01:00:00+00:00,False,True,False,False,41609.0,3946.0,Sun Bowl,2638,UTEP,fbs,Conference USA,24.0,"[14, 3, 0, 7, 0]",0.3696725279050541,1224.0,1224.0,253,Southern Utah,fcs,UAC,27.0,"[6, 0, 8, 10, 3]",0.6303274720949459,735.0,748.0,8.3814588335,Sun Bowl Stadium,51500.0,31.77334530512776,-106.50789678096773,51500.0,0.8079417475728156,1
401636859,2024,2,regular,2024-09-08 02:00:00+00:00,False,True,False,False,27372.0,3820.0,Gesa Field,265,Washington State,fbs,Pac-12,37.0,"[7, 20, 7, 3]",1.0,1530.0,1581.0,2641,Texas Tech,fbs,Big 12,16.0,"[3, 7, 0, 6]",0.0,1541.0,1490.0,3.2125211784622283,Martin Stadium,32248.0,46.731967978653024,-117.16058578781136,32248.0,0.8487968246092781,0
401628469,2024,2,regular,2024-09-08 02:00:00+00:00,False,True,False,False,58134.0,3626.0,Autzen Stadium,2483,Oregon,fbs,Big Ten,37.0,"[7, 7, 13, 10]",0.5011683702468872,1904.0,1902.0,68,Boise State,fbs,Mountain West,34.0,"[3, 17, 0, 14]",0.4988316297531128,1629.0,1631.0,7.490991830569309,Autzen Stadium,54000.0,44.058272724266615,-123.0685043334961,54000.0,1.0,0
401636614,2024,2,regular,2024-09-08 02:00:00+00:00,False,True,False,False,47746.0,3619.0,Arizona Stadium,12,Arizona,fbs,Big 12,22.0,"[3, 3, 7, 9]",0.9156093001365662,1739.0,1739.0,2464,Northern Arizona,fcs,Big Sky,10.0,"[0, 10, 0, 0]",0.0843906998634338,735.0,748.0,4.480207187513001,Arizona Stadium,51811.0,32.228340232071496,-110.94903945922852,51811.0,0.9215417575418348,1
401643707,2024,2,regular,2024-09-08 02:00:00+00:00,False,True,False,False,41031.0,3660.0,Valley Children's Stadium,278,Fresno State,fbs,Mountain West,46.0,"[18, 7, 14, 7]",0.9732740521430968,1535.0,1535.0,16,Sacramento State,fcs,Big Sky,30.0,"[3, 7, 7, 13]",0.026725947856903,735.0,748.0,3.232965077271777,Bulldog Stadium,41031.0,36.81431969524593,-119.75810156690552,41031.0,1.0,1
401640989,2024,2,regular,2024-09-08 02:15:00+00:00,False,True,False,True,16562.0,3601.0,Aggie Memorial Stadium,166,New Mexico State,fbs,Conference USA,24.0,"[10, 7, 0, 7]",0.0643105506896972,1432.0,1431.0,2335,Liberty,fbs,Conference USA,30.0,"[3, 6, 0, 21]",0.9356894493103028,1572.0,1573.0,5.135487138691672,Aggie Memorial Stadium,30343.0,32.27974938226407,-106.74113631248474,30343.0,0.545826055432884,0
401628343,2024,2,regular,2024-09-08 02:30:00+00:00,False,True,False,False,45504.0,3947.0,Mountain America Stadium,9,Arizona State,fbs,Big 12,30.0,"[10, 17, 3, 0]",0.8584505915641785,1497.0,1504.0,344,Mississippi State,fbs,SEC,23.0,"[0, 3, 7, 13]",0.1415494084358215,1447.0,1440.0,2.823523369454015,Sun Devil Stadium Frank Kush Field,71706.0,33.426364,-111.932616,71706.0,0.6345912475943436,0
401628472,2024,2,regular,2024-09-08 03:00:00+00:00,False,True,False,False,68110.0,477.0,Los Angeles Memorial Coliseum,30,USC,fbs,Big Ten,48.0,"[10, 17, 7, 14]",0.9896718859672546,1668.0,1768.0,328,Utah State,fbs,Mountain West,0.0,"[0, 0, 0, 0]",0.0103281140327453,1346.0,1246.0,2.00760877860224,Los Angeles Memorial Coliseum,93607.0,34.01400974062912,-118.28789591789246,93607.0,0.7276165244052261,0
401636867,2024,3,regular,2024-09-12 23:30:00+00:00,False,True,False,False,25187.0,3644.0,Bobcat Stadium (TX),326,Texas State,fbs,Sun Belt,28.0,"[7, 14, 7, 0]",0.2422650158405304,1545.0,1538.0,9,Arizona State,fbs,Big 12,31.0,"[7, 14, 7, 3]",0.7577349841594696,1504.0,1511.0,6.181508125226355,Bobcat Stadium,30000.0,29.89134454879716,-97.92531180559462,30000.0,0.8395666666666667,0
401636864,2024,3,regular,2024-09-14 00:00:00+00:00,False,True,False,False,51290.0,3636.0,Bill Snyder Family Stadium,2306,Kansas State,fbs,Big 12,31.0,"[7, 7, 14, 3]",0.9699692130088806,1790.0,1842.0,12,Arizona,fbs,Big 12,7.0,"[7, 0, 0, 0]",0.0300307869911193,1720.0,1668.0,3.42457347029432,Bill Snyder Family Football Stadium,50000.0,39.20186361814248,-96.59379243850708,50000.0,1.0,0
401628359,2024,3,regular,2024-09-14 16:00:00+00:00,False,True,False,True,79531.0,3994.0,Williams-Brice Stadium,2579,South Carolina,fbs,SEC,33.0,"[7, 17, 0, 9]",0.7937157154083252,1637.0,1642.0,99,LSU,fbs,SEC,36.0,"[0, 16, 6, 14]",0.2062842845916748,1803.0,1798.0,7.1093528866627125,Williams-Brice Stadium,80250.0,33.97259115457693,-81.02021634578705,80250.0,0.9910404984423676,0
401636869,2024,3,regular,2024-09-14 16:00:00+00:00,False,True,False,False,30915.0,3674.0,Chapman Stadium,202,Tulsa,fbs,American Athletic,10.0,"[0, 0, 0, 10]",0.0025250574108213,1250.0,1185.0,197,Oklahoma State,fbs,Big 12,45.0,"[7, 21, 10, 7]",0.9974749425891788,1530.0,1595.0,3.2596151148738928,Skelly Field at H. A. Chapman Stadium,35542.0,36.14886067519205,-95.943603515625,35542.0,0.8698159923470823,0
401635546,2024,3,regular,2024-09-14 16:00:00+00:00,False,True,False,False,56919.0,3670.0,Carter-Finley Stadium,152,NC State,fbs,ACC,30.0,"[3, 3, 14, 10]",0.997727632522583,1512.0,1511.0,2348,Louisiana Tech,fbs,Conference USA,20.0,"[0, 17, 3, 0]",0.0022723674774169,1246.0,1247.0,5.357099959805191,Carter–Finley Stadium,57583.0,35.80075968207897,-78.71948719024658,57583.0,0.9884688189222514,0
401628479,2024,3,regular,2024-09-14 16:00:00+00:00,False,True,False,False,110250.0,3558.0,Michigan Stadium,130,Michigan,fbs,Big Ten,28.0,"[7, 14, 0, 7]",0.9277139902114868,1928.0,1911.0,2032,Arkansas State,fbs,Sun Belt,18.0,"[0, 3, 0, 15]",0.0722860097885131,1404.0,1421.0,3.129065670077843,Michigan Stadium,107601.0,42.26586873251738,-83.7487256526947,107601.0,1.0,0
401636865,2024,3,regular,2024-09-14 16:00:00+00:00,False,True,False,False,24717.0,3996.0,Yager Stadium,193,Miami (OH),fbs,Mid-American,16.0,"[0, 3, 7, 6]",0.0532662644982337,1490.0,1458.0,2132,Cincinnati,fbs,Big 12,27.0,"[3, 7, 7, 10]",0.9467337355017662,1397.0,1429.0,4.521496073902828,Yager Stadium,24286.0,39.51942113142349,-84.73335450140017,24286.0,1.0,0
401628350,2024,3,regular,2024-09-14 16:00:00+00:00,False,True,False,False,76323.0,347.0,Camp Randall Stadium,275,Wisconsin,fbs,Big Ten,10.0,"[3, 0, 7, 0]",0.0097433552145957,1593.0,1553.0,333,Alabama,fbs,SEC,42.0,"[7, 14, 14, 7]",0.9902566447854042,2006.0,2046.0,3.0312765267104105,Camp Randall Stadium,80321.0,43.06993802646878,-89.41274642944336,80321.0,0.9502247232977677,0
401635542,2024,3,regular,2024-09-14 16:00:00+00:00,False,True,False,False,55107.0,3697.0,Doak Campbell Stadium,52,Florida State,fbs,ACC,12.0,"[0, 3, 6, 3]",0.0863168463110923,1610.0,1596.0,235,Memphis,fbs,American Athletic,20.0,"[3, 10, 7, 0]",0.9136831536889076,1625.0,1639.0,4.099682919248931,Bobby Bowden Field at Doak Campbell Stadium,82300.0,30.437547584621285,-84.30453398103501,82300.0,0.6695868772782503,0
401636868,2024,3,regular,2024-09-14 16:00:00+00:00,False,True,False,False,57865.0,3784.0,Jones AT&T Stadium,2641,Texas Tech,fbs,Big 12,66.0,"[17, 35, 7, 7]",0.993002474308014,1490.0,1623.0,249,North Texas,fbs,American Athletic,21.0,"[7, 0, 7, 7]",0.006997525691986,1469.0,1336.0,5.446500355045865,Jones AT&T Stadium,60862.0,33.59102829801104,-101.87293767929076,60862.0,0.950757451283231,0
401628357,2024,3,regular,2024-09-14 16:45:00+00:00,False,True,False,False,62621.0,3838.0,Memorial Stadium,142,Missouri,fbs,SEC,27.0,"[3, 14, 7, 3]",0.896081805229187,1803.0,1795.0,103,Boston College,fbs,ACC,21.0,"[7, 7, 0, 7]",0.1039181947708129,1462.0,1470.0,4.195257256321096,Faurot Field,71168.0,38.93589529672232,-92.33311414718628,71168.0,0.8799038893884892,0
401629041,2024,3,regular,2024-09-14 17:00:00+00:00,False,True,False,False,15204.0,3965.0,UB Stadium,2084,Buffalo,fbs,Mid-American,34.0,"[7, 3, 17, 7]",0.9701620326958922,1298.0,1360.0,113,Massachusetts,fbs,FBS Independents,3.0,"[0, 3, 0, 0]",0.0298379673041078,1125.0,1063.0,5.4328549557,UB Stadium,29013.0,42.99906838239644,-78.7775194644928,29013.0,0.5240409471616172,0
401643786,2024,3,regular,2024-09-14 18:00:00+00:00,False,True,False,False,13945.0,3806.0,Lincoln Financial Field,218,Temple,fbs,American Athletic,20.0,"[3, 7, 7, 3]",0.004074958153069,1074.0,1092.0,324,Coastal Carolina,fbs,Sun Belt,28.0,"[14, 7, 7, 0]",0.995925041846931,1537.0,1519.0,3.927872135226452,Lincoln Financial Field,68532.0,39.900748900488125,-75.16749143600464,68532.0,0.20348158524484913,0
401628353,2024,3,regular,2024-09-14 19:30:00+00:00,False,True,False,True,89993.0,3634.0,Ben Hill Griffin Stadium,57,Florida,fbs,SEC,20.0,"[0, 0, 14, 6]",0.0,1497.0,1485.0,245,Texas A&M,fbs,SEC,33.0,"[10, 10, 13, 0]",1.0,1677.0,1689.0,3.654215822352354,Ben Hill Griffin Stadium,88548.0,29.649868677972304,-82.34866619110107,88548.0,1.0,0
401628480,2024,3,regular,2024-09-14 19:30:00+00:00,False,True,False,False,70066.0,3936.0,Spartan Stadium,127,Michigan State,fbs,Big Ten,40.0,"[14, 13, 3, 10]",0.9989534090095522,1418.0,1418.0,2504,Prairie View A&M,fcs,SWAC,0.0,"[0, 0, 0, 0]",0.0010465909904477,735.0,748.0,4.723501427,Spartan Stadium,75005.0,42.7281691163326,-84.48487535119057,75005.0,0.9341510565962269,1
401628358,2024,3,regular,2024-09-14 19:30:00+00:00,False,True,False,False,83325.0,3835.0,"Memorial Stadium (Norman, OK)",201,Oklahoma,fbs,SEC,34.0,"[7, 14, 3, 10]",0.9835195541381836,1840.0,1848.0,2655,Tulane,fbs,American Athletic,19.0,"[0, 6, 7, 6]",0.0164804458618164,1569.0,1561.0,3.1322348119924444,Gaylord Family Oklahoma Memorial Stadium,82112.0,35.20589959488508,-97.44255065917967,82112.0,1.0,0
401644734,2024,3,regular,2024-09-14 19:30:00+00:00,False,True,False,False,20438.0,3876.0,Peden Stadium,195,Ohio,fbs,Mid-American,21.0,"[14, 0, 7, 0]",0.8430721163749695,1481.0,1481.0,2415,Morgan State,fcs,MEAC,6.0,"[3, 3, 0, 0]",0.1569278836250305,735.0,748.0,3.015360689493553,Peden Stadium,24000.0,39.32130908459409,-82.10343944652357,24000.0,0.8515833333333334,1
401628481,2024,3,regular,2024-09-14 19:30:00+00:00,False,True,False,False,44534.0,3953.0,Huntington Bank Stadium,135,Minnesota,fbs,Big Ten,27.0,"[6, 14, 7, 0]",0.9812129735946656,1492.0,1537.0,2440,Nevada,fbs,Mountain West,0.0,"[0, 0, 0, 0]",0.0187870264053344,1273.0,1228.0,2.9014800341251017,TCF Bank Stadium,52525.0,44.97652496911191,-93.224575817585,52525.0,0.8478629224178963,0
401635543,2024,3,regular,2024-09-14 19:30:00+00:00,False,True,False,False,31729.0,721.0,Bobby Dodd Stadium,59,Georgia Tech,fbs,ACC,59.0,"[17, 21, 14, 7]",0.9889745712280272,1551.0,1551.0,2678,VMI,fcs,Southern,7.0,"[0, 0, 0, 7]",0.0110254287719726,735.0,748.0,2.0443414361625067,Bobby Dodd Stadium at Historic Grant Field,55000.0,33.772556921319435,-84.39285278320312,55000.0,0.5768909090909091,1
401628978,2024,3,regular,2024-09-14 19:30:00+00:00,False,True,False,False,61441.0,3907.0,Ross-Ade Stadium,2509,Purdue,fbs,Big Ten,7.0,"[0, 0, 7, 0]",0.0025152238085865,1492.0,1358.0,87,Notre Dame,fbs,FBS Independents,66.0,"[14, 28, 10, 14]",0.9974847761914134,1858.0,1992.0,2.7477523069061163,Ross–Ade Stadium,56400.0,40.434323,-86.918485,56400.0,1.0,0
401635547,2024,3,regular,2024-09-14 19:30:00+00:00,False,True,False,False,66087.0,3752.0,Acrisure Stadium,221,Pittsburgh,fbs,ACC,38.0,"[10, 7, 7, 14]",0.8928661942481995,1483.0,1488.0,277,West Virginia,fbs,Big 12,34.0,"[7, 10, 7, 10]",0.1071338057518005,1546.0,1541.0,7.626738119968978,Heinz Field,68400.0,40.44678376501633,-80.01575589179993,68400.0,0.9661842105263158,0
401635544,2024,3,regular,2024-09-14 19:30:00+00:00,False,True,False,False,51564.0,3948.0,Hard Rock Stadium,2390,Miami,fbs,ACC,62.0,"[10, 21, 10, 21]",0.9958403706550598,1618.0,1774.0,2050,Ball State,fbs,Mid-American,0.0,"[0, 0, 0, 0]",0.0041596293449401,1341.0,1185.0,2.3338679639664366,Sun Life Stadium,65326.0,25.957933739028963,-80.23884057998657,65326.0,0.7893334966169672,0
401628483,2024,3,regular,2024-09-14 19:30:00+00:00,False,True,False,False,38419.0,3893.0,Reser Stadium,204,Oregon State,fbs,Pac-12,14.0,"[7, 7, 0, 0]",0.0677145346999168,1676.0,1604.0,2483,Oregon,fbs,Big Ten,49.0,"[7, 15, 10, 17]",0.9322854653000832,1902.0,1974.0,3.944500730041556,Reser Stadium,45674.0,44.5594768421455,-123.2814073562622,45674.0,0.8411568945132898,0
401643785,2024,3,regular,2024-09-14 20:00:00+00:00,False,True,False,False,46117.0,3699.0,Dowdy-Ficklen Stadium,151,East Carolina,fbs,American Athletic,19.0,"[16, 0, 0, 3]",0.2384249567985534,1415.0,1414.0,2026,App State,fbs,Sun Belt,21.0,"[0, 14, 7, 0]",0.7615750432014465,1446.0,1447.0,5.442081487067743,Dowdy–Ficklen Stadium,50000.0,35.59642579698931,-77.36522912979126,50000.0,0.92234,0
401628477,2024,3,regular,2024-09-14 20:00:00+00:00,False,True,False,False,69250.0,3793.0,Kinnick Stadium,2294,Iowa,fbs,Big Ten,38.0,"[0, 10, 14, 14]",0.9894864559173584,1552.0,1591.0,2653,Troy,fbs,Sun Belt,21.0,"[0, 14, 7, 0]",0.0105135440826416,1573.0,1534.0,5.312994459776912,Kinnick Stadium,70585.0,41.65838893680983,-91.55147552490234,70585.0,0.9810866331373521,0
401628351,2024,3,regular,2024-09-14 20:15:00+00:00,False,True,False,False,75021.0,3887.0,Razorback Stadium,8,Arkansas,fbs,SEC,37.0,"[3, 17, 7, 10]",0.7729232311248779,1446.0,1451.0,5,UAB,fbs,American Athletic,27.0,"[10, 10, 0, 7]",0.227076768875122,1270.0,1265.0,5.779283553160291,Donald W. Reynolds Razorback Stadium,72000.0,36.067850785167344,-94.17879581451416,72000.0,1.0,0
401640980,2024,3,regular,2024-09-14 22:00:00+00:00,False,True,False,False,24283.0,3715.0,FAU Stadium,2226,Florida Atlantic,fbs,American Athletic,38.0,"[7, 17, 14, 0]",0.9960647821426392,1373.0,1403.0,2229,Florida International,fbs,Conference USA,20.0,"[7, 0, 7, 6]",0.0039352178573608,1271.0,1241.0,3.4934517284480853,FAU Stadium,30000.0,26.3754535636523,-80.10168313980103,30000.0,0.8094333333333333,0
401635545,2024,3,regular,2024-09-14 22:00:00+00:00,False,True,False,False,45491.0,3787.0,Kenan Stadium,153,North Carolina,fbs,ACC,45.0,"[0, 17, 0, 28]",0.9901700019836426,1567.0,1567.0,2428,North Carolina Central,fcs,MEAC,10.0,"[7, 3, 0, 0]",0.0098299980163574,735.0,748.0,3.345880348242891,Kenan Memorial Stadium,62980.0,35.90698834747853,-79.04791831970215,62980.0,0.7223086694188632,1
401640990,2024,3,regular,2024-09-14 22:00:00+00:00,False,True,False,True,21805.0,3992.0,Williams Stadium (VA),2335,Liberty,fbs,Conference USA,28.0,"[7, 7, 7, 7]",0.9947829246520996,1573.0,1582.0,2638,UTEP,fbs,Conference USA,10.0,"[3, 0, 7, 0]",0.0052170753479003,1232.0,1223.0,3.1827042473961518,Williams Stadium,19200.0,37.354414,-79.175047,19200.0,1.0,0
401629030,2024,3,regular,2024-09-14 22:00:00+00:00,False,True,False,False,20174.0,3982.0,Wallace Wade Stadium,150,Duke,fbs,ACC,26.0,"[7, 10, 0, 9]",0.4436784982681274,1602.0,1590.0,41,UConn,fbs,FBS Independents,21.0,"[0, 7, 14, 0]",0.5563215017318726,1157.0,1169.0,4.568506657521192,Wallace Wade Stadium,33941.0,35.9953166502013,-78.94172430038452,33941.0,0.5943843728823547,0
401643787,2024,3,regular,2024-09-14 22:00:00+00:00,False,True,False,False,21617.0,3608.0,Allen E. Paulson Stadium,290,Georgia Southern,fbs,Sun Belt,42.0,"[7, 14, 14, 7]",0.9908620138574958,1383.0,1383.0,2569,South Carolina State,fcs,MEAC,14.0,"[0, 7, 7, 0]",0.0091379861425041,735.0,748.0,4.1223384087,Paulson Stadium,24300.0,32.41221167634779,-81.78317070007324,24300.0,0.8895884773662551,1
401635548,2024,3,regular,2024-09-14 22:00:00+00:00,False,True,False,False,22208.0,3918.0,S.B. Ballard Stadium,295,Old Dominion,fbs,Sun Belt,17.0,"[0, 10, 0, 7]",0.0318658761680126,1397.0,1368.0,259,Virginia Tech,fbs,ACC,37.0,"[14, 0, 6, 17]",0.9681341238319874,1597.0,1626.0,4.184047274718791,Foreman Field,20118.0,36.88878131523489,-76.30567610263824,20118.0,1.0,0
401644733,2024,3,regular,2024-09-14 22:00:00+00:00,False,True,False,False,8932.0,3768.0,InfoCision Stadium,2006,Akron,fbs,Mid-American,31.0,"[7, 21, 0, 3]",0.7864969968795776,1098.0,1098.0,2142,Colgate,fcs,Patriot,20.0,"[17, 0, 3, 0]",0.2135030031204223,735.0,748.0,4.138617444909076,Summa Field at InfoCision Stadium,30000.0,41.07256951528711,-81.50838375091553,30000.0,0.29773333333333335,1
401636364,2024,3,regular,2024-09-14 22:30:00+00:00,False,True,False,False,23476.0,3980.0,Waldo Stadium,2711,Western Michigan,fbs,Mid-American,59.0,"[14, 21, 14, 10]",0.9989684442331264,1193.0,1193.0,2065,Bethune-Cookman,fcs,SWAC,31.0,"[0, 14, 7, 10]",0.0010315557668735,735.0,748.0,2.73963378,Waldo Stadium,30200.0,42.285755487470176,-85.60100421309471,30200.0,0.7773509933774835,1
401628355,2024,3,regular,2024-09-14 22:30:00+00:00,False,True,False,False,32849.0,3630.0,Allegacy Federal Credit Union Stadium,154,Wake Forest,fbs,ACC,6.0,"[3, 3, 0, 0]",0.0078091919422149,1424.0,1370.0,145,Ole Miss,fbs,SEC,40.0,"[20, 3, 7, 10]",0.992190808057785,1770.0,1824.0,3.315449663673108,BB&T Field,31500.0,36.09183481061275,-80.25534152984619,31500.0,1.0,0
401641024,2024,3,regular,2024-09-14 23:00:00+00:00,False,True,False,True,12227.0,3725.0,Johnny Red Floyd Stadium,2393,Middle Tennessee,fbs,Conference USA,21.0,"[0, 0, 14, 7]",0.4053521454334259,1288.0,1215.0,98,Western Kentucky,fbs,Conference USA,49.0,"[14, 7, 21, 7]",0.5946478545665741,1323.0,1396.0,3.0731356880504253,"Johnny ""Red"" Floyd Stadium",31000.0,35.85110908054087,-86.36844992637634,31000.0,0.39441935483870966,0
401640999,2024,3,regular,2024-09-14 23:00:00+00:00,False,True,False,False,17501.0,3912.0,Rynearson Stadium,2199,Eastern Michigan,fbs,Mid-American,37.0,"[14, 14, 3, 0, 3, 3]",0.7924458980560303,1298.0,1300.0,55,Jacksonville State,fbs,Conference USA,34.0,"[7, 13, 0, 11, 3, 0]",0.2075541019439697,1374.0,1372.0,10.219832788583032,Rynearson Stadium,30200.0,42.2557607087688,-83.64775657653809,30200.0,0.5795033112582781,0
401628361,2024,3,regular,2024-09-14 23:00:00+00:00,False,True,False,False,101892.0,3910.0,DKR-Texas Memorial Stadium,251,Texas,fbs,SEC,56.0,"[14, 14, 14, 14]",0.9780104756355286,1991.0,2068.0,2636,UTSA,fbs,American Athletic,7.0,"[0, 7, 0, 0]",0.0219895243644714,1467.0,1390.0,2.25223890795822,Darrell K Royal–Texas Memorial Stadium,100119.0,30.28360340206824,-97.73233652114868,100119.0,1.0,0
401641017,2024,3,regular,2024-09-14 23:00:00+00:00,False,True,False,False,11090.0,3935.0,CEFCU Stadium,23,San José State,fbs,Mountain West,31.0,"[0, 17, 7, 7]",0.98399418592453,1567.0,1602.0,338,Kennesaw State,fbs,Conference USA,10.0,"[3, 0, 7, 0]",0.0160058140754699,1423.0,1388.0,4.335946622324489,Spartan Stadium,30456.0,37.320105186690846,-121.86811613079064,30456.0,0.36413186235881273,0
401641040,2024,3,regular,2024-09-14 23:00:00+00:00,False,True,False,False,15134.0,3647.0,Elliott T. Bowers Stadium,2534,Sam Houston,fbs,Conference USA,31.0,"[7, 10, 7, 7]",0.986011266708374,1370.0,1398.0,62,Hawai'i,fbs,Mountain West,13.0,"[0, 3, 10, 0]",0.0139887332916259,1242.0,1214.0,2.984345611425696,Bowers Stadium,14000.0,30.71394673763343,-95.54191589355467,14000.0,1.0,0
401643789,2024,3,regular,2024-09-14 23:00:00+00:00,False,True,False,False,23537.0,3815.0,M. M. Roberts Stadium,2572,Southern Miss,fbs,Sun Belt,24.0,"[14, 7, 0, 3]",0.0138516100123524,1230.0,1187.0,58,South Florida,fbs,American Athletic,49.0,"[14, 14, 14, 7]",0.9861483899876476,1433.0,1476.0,4.910981018121328,M. M. Roberts Stadium,36000.0,31.32897842661232,-89.33133065700531,36000.0,0.6538055555555555,0
401628482,2024,3,regular,2024-09-14 23:30:00+00:00,False,True,False,False,86546.0,3834.0,"Memorial Stadium (Lincoln, NE)",158,Nebraska,fbs,Big Ten,34.0,"[7, 14, 6, 7]",0.9602840542793274,1596.0,1596.0,2460,Northern Iowa,fcs,MVFC,3.0,"[3, 0, 0, 0]",0.0397159457206726,735.0,748.0,2.769869337986109,Memorial Stadium,87091.0,40.82048352329494,-96.70571565628052,87091.0,0.9937421777221527,1
401628354,2024,3,regular,2024-09-14 23:30:00+00:00,False,True,False,True,61663.0,3683.0,Kroger Field,96,Kentucky,fbs,SEC,12.0,"[3, 3, 3, 3]",0.2070510400248718,1563.0,1583.0,61,Georgia,fbs,SEC,13.0,"[0, 3, 3, 7]",0.7929489599751282,2066.0,2046.0,8.9509868466,Commonwealth Stadium,62093.0,38.02262168129363,-84.50520515441895,62093.0,0.9930749037733722,0
401636860,2024,3,regular,2024-09-14 23:30:00+00:00,False,True,False,False,46212.0,4727.0,McLane Stadium,239,Baylor,fbs,Big 12,31.0,"[3, 3, 17, 8]",0.9136401414871216,1417.0,1507.0,2005,Air Force,fbs,Mountain West,3.0,"[0, 3, 0, 0]",0.0863598585128784,1549.0,1459.0,3.2091531397528774,McLane Stadium,45140.0,31.55866263551169,-97.11560010910034,45140.0,1.0,0
401628476,2024,3,regular,2024-09-14 23:30:00+00:00,False,True,False,True,47811.0,1056.0,Rose Bowl,26,UCLA,fbs,Big Ten,13.0,"[0, 7, 3, 3]",0.0025374109391123,1553.0,1456.0,84,Indiana,fbs,Big Ten,42.0,"[14, 7, 7, 14]",0.9974625890608876,1430.0,1527.0,2.97119558859487,Rose Bowl,92542.0,34.16156958726264,-118.1676149368286,92542.0,0.5166410926930475,0
401628352,2024,3,regular,2024-09-14 23:30:00+00:00,False,True,False,False,88043.0,3785.0,Jordan-Hare Stadium,2,Auburn,fbs,SEC,45.0,"[14, 3, 14, 14]",1.0,1537.0,1569.0,167,New Mexico,fbs,Mountain West,19.0,"[10, 3, 0, 6]",0.0,1228.0,1196.0,3.8850884808092574,Jordan–Hare Stadium,87451.0,32.602361666817515,-85.48891067504883,87451.0,1.0,0
401628356,2024,3,regular,2024-09-14 23:30:00+00:00,False,True,False,False,47412.0,3693.0,Davis Wade Stadium,344,Mississippi State,fbs,SEC,17.0,"[0, 3, 7, 7]",0.0015195030719041,1440.0,1386.0,2649,Toledo,fbs,Mid-American,41.0,"[7, 21, 7, 6]",0.9984804969280958,1524.0,1578.0,2.8171227897501727,Davis Wade Stadium,61337.0,33.456230599072065,-88.79342436790466,61337.0,0.772975528636875,0
401636866,2024,3,regular,2024-09-14 23:30:00+00:00,False,True,False,True,48889.0,3616.0,Amon G. Carter Stadium,2628,TCU,fbs,Big 12,34.0,"[14, 7, 10, 3]",0.0084335957263219,1578.0,1580.0,2116,UCF,fbs,Big 12,35.0,"[0, 7, 13, 15]",0.991566404273678,1644.0,1642.0,6.913846806,Amon G. Carter Stadium,45000.0,32.70991596942349,-97.36799597740172,45000.0,1.0,0
401628360,2024,3,regular,2024-09-14 23:45:00+00:00,False,True,False,False,101915.0,3853.0,Neyland Stadium,2633,Tennessee,fbs,SEC,71.0,"[37, 28, 3, 3]",0.9935073256492616,1845.0,1964.0,2309,Kent State,fbs,Mid-American,0.0,"[0, 0, 0, 0]",0.0064926743507385,1108.0,989.0,2.0779291542707257,Neyland Stadium,102455.0,35.95473437262258,-83.92533302307129,102455.0,0.994729393392221,0
401636862,2024,3,regular,2024-09-15 00:00:00+00:00,False,True,False,False,28146.0,4728.0,TDECU Stadium,248,Houston,fbs,Big 12,33.0,"[14, 6, 6, 7]",0.9921762347221376,1411.0,1466.0,242,Rice,fbs,American Athletic,7.0,"[0, 0, 0, 7]",0.0078237652778625,1314.0,1259.0,2.749624746329975,TDECU Stadium,40000.0,29.721767963293527,-95.34909841095214,40000.0,0.70365,0
401636871,2024,3,regular,2024-09-15 01:00:00+00:00,False,True,False,False,24513.0,3984.0,War Memorial Stadium,2751,Wyoming,fbs,Mountain West,14.0,"[0, 7, 0, 7]",0.0,1354.0,1312.0,252,BYU,fbs,Big 12,34.0,"[7, 10, 17, 0]",1.0,1430.0,1472.0,3.678719564365576,War Memorial Stadium,29181.0,41.31193599299248,-105.56906461715698,29181.0,0.8400328981186388,0
401635541,2024,3,regular,2024-09-15 02:30:00+00:00,False,True,False,False,35197.0,3831.0,California Memorial Stadium,25,California,fbs,ACC,31.0,"[7, 0, 14, 10]",0.9842265248298644,1502.0,1540.0,21,San Diego State,fbs,Mountain West,10.0,"[3, 0, 0, 7]",0.0157734751701354,1388.0,1350.0,3.223226181936825,California Memorial Stadium,62717.0,37.87068660370429,-122.2507095336914,62717.0,0.5612035014429899,0
401641033,2024,3,regular,2024-09-15 02:30:00+00:00,False,True,False,False,39079.0,3660.0,Valley Children's Stadium,278,Fresno State,fbs,Mountain West,48.0,"[14, 17, 17, 0]",0.9954609870910645,1551.0,1680.0,166,New Mexico State,fbs,Conference USA,0.0,"[0, 0, 0, 0]",0.0045390129089355,1431.0,1302.0,2.2254907252015874,Bulldog Stadium,41031.0,36.81431969524593,-119.75810156690552,41031.0,0.9524262143257537,0
401643790,2024,4,regular,2024-09-19 23:30:00+00:00,False,True,False,True,34133.0,3792.0,Kidd Brewer Stadium,2026,App State,fbs,Sun Belt,14.0,"[0, 7, 0, 7]",0.0039782403036952,1447.0,1366.0,6,South Alabama,fbs,Sun Belt,48.0,"[14, 14, 13, 7]",0.9960217596963048,1576.0,1657.0,4.057191545935922,Kidd Brewer Stadium,40168.0,36.21151530169309,-81.68550610542297,24050.0,0.8497560246962756,0
401634766,2024,4,regular,2024-09-20 23:30:00+00:00,False,True,False,True,39290.0,1964.0,JMA Wireless Dome,183,Syracuse,fbs,ACC,24.0,"[0, 10, 7, 7]",0.5641607642173767,1386.0,1378.0,24,Stanford,fbs,ACC,26.0,"[7, 6, 7, 6]",0.4358392357826233,1295.0,1303.0,6.915791134482115,Carrier Dome,49250.0,43.036132820423234,-76.13651990890503,49250.0,0.797766497461929,0
401628485,2024,4,regular,2024-09-21 00:00:00+00:00,False,True,False,True,86936.0,3834.0,"Memorial Stadium (Lincoln, NE)",158,Nebraska,fbs,Big Ten,24.0,"[10, 7, 0, 7, 0]",0.6159760355949402,1588.0,1570.0,356,Illinois,fbs,Big Ten,31.0,"[7, 3, 7, 7, 7]",0.3840239644050598,1533.0,1551.0,7.430048519275258,Memorial Stadium,87091.0,40.82048352329494,-96.70571565628052,87091.0,0.9982202523796948,0
401643714,2024,4,regular,2024-09-21 02:00:00+00:00,False,True,False,False,24808.0,3820.0,Gesa Field,265,Washington State,fbs,Pac-12,54.0,"[7, 17, 0, 22, 0, 8]",0.823604166507721,1595.0,1596.0,23,San José State,fbs,Mountain West,52.0,"[10, 7, 21, 8, 0, 6]",0.176395833492279,1602.0,1601.0,10.3224878267992,Martin Stadium,32248.0,46.731967978653024,-117.16058578781136,32248.0,0.7692880178615729,0
401635552,2024,4,regular,2024-09-21 16:00:00+00:00,False,True,False,True,81500.0,3836.0,"Memorial Stadium (Clemson, SC)",228,Clemson,fbs,ACC,59.0,"[28, 17, 14, 0]",0.952256202697754,1757.0,1790.0,152,NC State,fbs,ACC,35.0,"[0, 7, 7, 21]",0.047743797302246,1511.0,1478.0,2.128813280475961,Memorial Stadium,81500.0,34.67874665741346,-82.84317970275879,81500.0,1.0,0
401636873,2024,4,regular,2024-09-21 16:00:00+00:00,False,True,False,True,38007.0,3854.0,Nippert Stadium,2132,Cincinnati,fbs,Big 12,34.0,"[14, 10, 7, 3]",0.9920600652694702,1429.0,1529.0,248,Houston,fbs,Big 12,0.0,"[0, 0, 0, 0]",0.0079399347305297,1466.0,1366.0,1.859134174515357,Nippert Stadium,40000.0,39.13128425273405,-84.51626143741578,40000.0,0.950175,0
401628488,2024,4,regular,2024-09-21 16:00:00+00:00,False,True,False,False,38006.0,3665.0,SECU Stadium,120,Maryland,fbs,Big Ten,38.0,"[17, 7, 7, 7]",0.9886807203292848,1698.0,1698.0,222,Villanova,fcs,Coastal Athletic,20.0,"[0, 0, 10, 10]",0.0113192796707153,735.0,748.0,2.0431528856606778,Byrd Stadium,51802.0,38.99120275144426,-76.94731173248788,51802.0,0.7336782363615304,1
401636879,2024,4,regular,2024-09-21 16:00:00+00:00,False,True,False,True,52428.0,3842.0,Milan Puskar Stadium,277,West Virginia,fbs,Big 12,32.0,"[7, 7, 3, 15]",0.5754549503326416,1541.0,1546.0,2305,Kansas,fbs,Big 12,28.0,"[0, 7, 14, 7]",0.4245450496673584,1603.0,1598.0,6.941278126933258,Mountaineer Field at Milan Puskar Stadium,60000.0,39.65221992482815,-79.9551753012939,60000.0,0.8738,0
401643791,2024,4,regular,2024-09-21 16:00:00+00:00,False,True,False,False,22534.0,3666.0,Cajun Field,309,Louisiana,fbs,Sun Belt,33.0,"[7, 6, 13, 7]",0.0063133873045444,1558.0,1543.0,2655,Tulane,fbs,American Athletic,41.0,"[0, 17, 21, 3]",0.9936866126954556,1561.0,1576.0,6.59110307135616,Cajun Field,36900.0,30.21579609675613,-92.01626413552384,36900.0,0.6106775067750677,0
401635556,2024,4,regular,2024-09-21 16:00:00+00:00,False,True,False,False,50500.0,3787.0,Kenan Stadium,153,North Carolina,fbs,ACC,50.0,"[14, 7, 17, 12]",0.0330797024071216,1554.0,1519.0,256,James Madison,fbs,Sun Belt,70.0,"[25, 28, 7, 10]",0.9669202975928785,1699.0,1734.0,5.790149590031702,Kenan Memorial Stadium,62980.0,35.90698834747853,-79.04791831970215,62980.0,0.8018418545570022,0
401645328,2024,4,regular,2024-09-21 16:00:00+00:00,False,True,False,True,26654.0,3841.0,Michie Stadium,349,Army,fbs,American Athletic,37.0,"[7, 21, 9, 0]",0.9984307056725568,1465.0,1499.0,242,Rice,fbs,American Athletic,14.0,"[0, 0, 7, 7]",0.0015692943274431,1259.0,1225.0,2.632426298283298,Michie Stadium,38000.0,41.38708043477422,-73.96408081054688,38000.0,0.701421052631579,0
401628492,2024,4,regular,2024-09-21 16:00:00+00:00,False,True,False,False,103871.0,3861.0,Ohio Stadium,194,Ohio State,fbs,Big Ten,49.0,"[7, 21, 14, 7]",0.9988671629158616,2014.0,2038.0,276,Marshall,fbs,Sun Belt,14.0,"[7, 7, 0, 0]",0.0011328370841384,1384.0,1360.0,3.6816411505,Ohio Stadium,104944.0,40.0016856893694,-83.01972806453705,104944.0,0.9897754993139198,0
401628486,2024,4,regular,2024-09-21 16:00:00+00:00,False,True,False,False,43109.0,3830.0,"Memorial Stadium (Bloomington, IN)",84,Indiana,fbs,Big Ten,52.0,"[10, 21, 14, 7]",1.0,1527.0,1592.0,2429,Charlotte,fbs,American Athletic,14.0,"[0, 14, 0, 0]",0.0,1187.0,1122.0,2.89408512364107,Memorial Stadium,52959.0,39.18090913372923,-86.52557373046875,52959.0,0.8140070620668819,0
401628367,2024,4,regular,2024-09-21 16:00:00+00:00,False,True,False,True,49655.0,3693.0,Davis Wade Stadium,344,Mississippi State,fbs,SEC,28.0,"[7, 7, 7, 7]",0.273383766412735,1386.0,1355.0,57,Florida,fbs,SEC,45.0,"[7, 21, 7, 10]",0.726616233587265,1485.0,1516.0,4.291553664896677,Davis Wade Stadium,61337.0,33.456230599072065,-88.79342436790466,61337.0,0.8095439946524936,0
401628364,2024,4,regular,2024-09-21 16:45:00+00:00,False,True,False,False,61783.0,3683.0,Kroger Field,96,Kentucky,fbs,SEC,41.0,"[3, 14, 10, 14]",0.9856982231140136,1583.0,1668.0,195,Ohio,fbs,Mid-American,6.0,"[0, 0, 0, 6]",0.0143017768859863,1486.0,1401.0,2.002807128481186,Commonwealth Stadium,62093.0,38.02262168129363,-84.50520515441895,62093.0,0.9950074887668497,0
401644735,2024,4,regular,2024-09-21 17:00:00+00:00,False,True,False,True,18011.0,3786.0,Kelly/Shorts Stadium,2117,Central Michigan,fbs,Mid-American,37.0,"[0, 23, 0, 14]",0.7515473365783691,1173.0,1174.0,2050,Ball State,fbs,Mid-American,34.0,"[10, 7, 7, 10]",0.2484526634216308,1185.0,1184.0,8.058088460054421,Kelly/Shorts Stadium,32885.0,43.577612282574535,-84.77082967758179,32885.0,0.5476965181693781,0
401643715,2024,4,regular,2024-09-21 18:00:00+00:00,False,True,False,False,11384.0,3806.0,Lincoln Financial Field,218,Temple,fbs,American Athletic,45.0,"[0, 17, 7, 21]",0.8281865119934082,1092.0,1141.0,328,Utah State,fbs,Mountain West,29.0,"[0, 21, 0, 8]",0.1718134880065918,1242.0,1193.0,6.27985534771323,Lincoln Financial Field,68532.0,39.900748900488125,-75.16749143600464,68532.0,0.1661121811708399,0
401635558,2024,4,regular,2024-09-21 18:00:00+00:00,False,True,False,False,22104.0,3654.0,Brooks Stadium (SC),324,Coastal Carolina,fbs,Sun Belt,24.0,"[3, 7, 7, 7]",0.0011874930933117,1519.0,1448.0,258,Virginia,fbs,ACC,43.0,"[14, 13, 10, 6]",0.9988125069066882,1318.0,1389.0,3.550006693827249,Brooks Stadium,22217.0,33.792838175224496,-79.01702282805255,9214.0,0.9949138047441148,0
401644737,2024,4,regular,2024-09-21 18:00:00+00:00,False,True,False,False,15509.0,3912.0,Rynearson Stadium,2199,Eastern Michigan,fbs,Mid-American,36.0,"[10, 3, 16, 7]",1.0,1303.0,1303.0,2598,Saint Francis,fcs,NEC,0.0,"[0, 0, 0, 0]",0.0,735.0,748.0,2.757676238548781,Rynearson Stadium,30200.0,42.2557607087688,-83.64775657653809,30200.0,0.5135430463576159,1
401636875,2024,4,regular,2024-09-21 18:00:00+00:00,False,True,False,False,55428.0,3772.0,Jack Trice Stadium,66,Iowa State,fbs,Big 12,52.0,"[14, 17, 7, 14]",0.9954066276550292,1610.0,1718.0,2032,Arkansas State,fbs,Sun Belt,7.0,"[0, 0, 0, 7]",0.0045933723449707,1421.0,1313.0,2.3695602193065555,Jack Trice Stadium,61500.0,42.01400541108485,-93.6358094215393,61500.0,0.9012682926829269,0
401641000,2024,4,regular,2024-09-21 19:00:00+00:00,False,True,False,False,21788.0,3662.0,AmFirst Stadium,55,Jacksonville State,fbs,Conference USA,44.0,"[14, 7, 23, 0]",0.9907800555229188,1372.0,1453.0,2572,Southern Miss,fbs,Sun Belt,7.0,"[0, 7, 0, 0]",0.0092199444770812,1187.0,1106.0,3.1711650523982904,JSU Stadium,24000.0,33.82031030570401,-85.76646566390991,24000.0,0.9078333333333334,0
401643713,2024,4,regular,2024-09-21 19:00:00+00:00,False,True,False,False,16399.0,3816.0,Mackay Stadium,2440,Nevada,fbs,Mountain West,49.0,"[14, 7, 14, 14]",0.9938949942588806,1220.0,1220.0,331,Eastern Washington,fcs,Big Sky,16.0,"[0, 3, 0, 13]",0.0061050057411193,735.0,748.0,2.918452961385513,Mackay Stadium,30000.0,39.54692485017159,-119.8175597190857,30000.0,0.5466333333333333,1
401628979,2024,4,regular,2024-09-21 19:30:00+00:00,False,True,False,False,77622.0,3855.0,Notre Dame Stadium,87,Notre Dame,fbs,FBS Independents,28.0,"[0, 14, 7, 7]",0.8538546562194824,1992.0,2000.0,193,Miami (OH),fbs,Mid-American,3.0,"[0, 3, 0, 0]",0.1461453437805175,1458.0,1450.0,3.9821329822911538,Notre Dame Stadium,80795.0,41.69842312158612,-86.23382449150085,80795.0,0.9607277678074139,0
401644736,2024,4,regular,2024-09-21 19:30:00+00:00,False,True,False,True,18688.0,3764.0,Huskie Stadium,2459,Northern Illinois,fbs,Mid-American,20.0,"[7, 7, 0, 6, 0]",0.8238315582275391,1476.0,1464.0,2084,Buffalo,fbs,Mid-American,23.0,"[0, 3, 7, 10, 3]",0.1761684417724609,1360.0,1372.0,6.307420576315963,Huskie Stadium,25500.0,41.934014,-88.778222,25500.0,0.7328627450980392,0
401628494,2024,4,regular,2024-09-21 19:30:00+00:00,False,True,False,False,65632.0,3799.0,Lane Stadium,259,Virginia Tech,fbs,ACC,23.0,"[0, 7, 0, 16]",0.0,1626.0,1614.0,164,Rutgers,fbs,Big Ten,26.0,"[14, 2, 7, 3]",1.0,1511.0,1523.0,5.706352177935635,Lane Stadium,66233.0,37.2199742830054,-80.41805505752563,66233.0,0.99092597345734,0
401628489,2024,4,regular,2024-09-21 19:30:00+00:00,False,True,False,True,110702.0,3558.0,Michigan Stadium,130,Michigan,fbs,Big Ten,27.0,"[7, 7, 6, 7]",0.9074043035507202,1911.0,1910.0,30,USC,fbs,Big Ten,24.0,"[0, 3, 14, 7]",0.0925956964492797,1768.0,1769.0,5.5009964542679,Michigan Stadium,107601.0,42.26586873251738,-83.7487256526947,107601.0,1.0,0
401628493,2024,4,regular,2024-09-21 19:30:00+00:00,False,True,False,False,109526.0,3632.0,Beaver Stadium,213,Penn State,fbs,Big Ten,56.0,"[7, 21, 14, 14]",0.971174955368042,1848.0,1905.0,2309,Kent State,fbs,Mid-American,0.0,"[0, 0, 0, 0]",0.028825044631958,989.0,932.0,2.2329938890864844,Beaver Stadium,106572.0,40.81215273275043,-77.85620212554932,106572.0,1.0,0
401628363,2024,4,regular,2024-09-21 19:30:00+00:00,False,True,False,True,88043.0,3785.0,Jordan-Hare Stadium,2,Auburn,fbs,SEC,14.0,"[0, 0, 7, 7]",0.2529009878635406,1569.0,1537.0,8,Arkansas,fbs,SEC,24.0,"[0, 7, 7, 10]",0.7470990121364594,1451.0,1483.0,6.433586929726095,Jordan–Hare Stadium,87451.0,32.602361666817515,-85.48891067504883,87451.0,1.0,0
401636877,2024,4,regular,2024-09-21 19:30:00+00:00,False,True,False,True,58795.0,3784.0,Jones AT&T Stadium,2641,Texas Tech,fbs,Big 12,30.0,"[14, 3, 7, 6]",0.9260770678520204,1623.0,1628.0,9,Arizona State,fbs,Big 12,22.0,"[0, 10, 6, 6]",0.0739229321479797,1511.0,1506.0,3.4628401533085724,Jones AT&T Stadium,60862.0,33.59102829801104,-101.87293767929076,60862.0,0.9660379218560021,0
401645329,2024,4,regular,2024-09-21 19:30:00+00:00,False,True,False,True,31268.0,3852.0,Navy-Marine Corps Memorial Stadium,2426,Navy,fbs,American Athletic,56.0,"[7, 21, 7, 21]",1.0,1409.0,1451.0,235,Memphis,fbs,American Athletic,44.0,"[14, 3, 13, 14]",0.0,1639.0,1597.0,5.220624905310474,Navy–Marine Corps Memorial Stadium,34000.0,38.98483263543365,-76.5071153640747,34000.0,0.9196470588235294,0
401629042,2024,4,regular,2024-09-21 19:30:00+00:00,False,True,False,False,10847.0,3985.0,Warren McGuirk Alumni Stadium,113,Massachusetts,fbs,FBS Independents,35.0,"[7, 14, 7, 7]",0.8933273553848267,1057.0,1057.0,2115,Central Connecticut,fcs,NEC,31.0,"[0, 21, 7, 3]",0.1066726446151733,735.0,748.0,5.5633250465661686,Warren McGuirk Alumni Stadium,17000.0,42.377513236004525,-72.53562686052412,17000.0,0.6380588235294118,1
401645330,2024,4,regular,2024-09-21 19:30:00+00:00,False,True,False,False,20973.0,3604.0,Alamodome,2636,UTSA,fbs,American Athletic,45.0,"[10, 21, 7, 7]",0.9927331805229188,1366.0,1366.0,2277,Houston Christian,fcs,Southland,7.0,"[0, 7, 0, 0]",0.0072668194770812,735.0,748.0,2.4317269517375237,Alamodome,65000.0,29.41693712868156,-98.47890257835388,65000.0,0.32266153846153844,1
401634247,2024,4,regular,2024-09-21 19:30:00+00:00,False,True,False,False,48437.0,3752.0,Acrisure Stadium,221,Pittsburgh,fbs,ACC,73.0,"[21, 21, 10, 21]",0.9907395243644714,1488.0,1488.0,2754,Youngstown State,fcs,MVFC,17.0,"[0, 10, 7, 0]",0.0092604756355285,735.0,748.0,1.8742891515214448,Heinz Field,68400.0,40.44678376501633,-80.01575589179993,68400.0,0.7081432748538011,1
401635554,2024,4,regular,2024-09-21 19:30:00+00:00,False,True,False,True,50727.0,3873.0,L&N Federal Credit Union Stadium,97,Louisville,fbs,ACC,31.0,"[7, 10, 7, 7]",0.6945644021034241,1700.0,1711.0,59,Georgia Tech,fbs,ACC,19.0,"[7, 7, 3, 2]",0.3054355978965759,1556.0,1545.0,4.210164828138383,Papa John's Cardinal Stadium,55000.0,38.20542168521144,-85.75810561566809,55000.0,0.9223090909090909,0
401628365,2024,4,regular,2024-09-21 19:30:00+00:00,False,True,False,False,100315.0,3958.0,Tiger Stadium (LA),99,LSU,fbs,SEC,34.0,"[7, 10, 7, 10]",0.9904523491859436,1798.0,1805.0,26,UCLA,fbs,Big Ten,17.0,"[10, 7, 0, 0]",0.0095476508140563,1456.0,1449.0,3.8979996016107856,Tiger Stadium,102321.0,30.4120123982997,-91.183819770813,102321.0,0.9803950313229933,0
401635553,2024,4,regular,2024-09-21 20:00:00+00:00,False,True,False,False,15209.0,3725.0,Johnny Red Floyd Stadium,2393,Middle Tennessee,fbs,Conference USA,17.0,"[10, 0, 7, 0]",0.0062244543805718,1215.0,1182.0,150,Duke,fbs,ACC,45.0,"[28, 7, 3, 7]",0.9937755456194282,1590.0,1623.0,3.916944759245837,"Johnny ""Red"" Floyd Stadium",31000.0,35.85110908054087,-86.36844992637634,31000.0,0.4906129032258065,0
401636876,2024,4,regular,2024-09-21 20:00:00+00:00,False,True,False,True,52202.0,3646.0,Boone Pickens Stadium,197,Oklahoma State,fbs,Big 12,19.0,"[3, 0, 0, 16]",0.1163474172353744,1595.0,1593.0,254,Utah,fbs,Big 12,22.0,"[0, 10, 3, 9]",0.8836525827646255,1631.0,1633.0,5.74390961391896,Boone Pickens Stadium,60218.0,36.12570866235855,-97.06650495529176,60218.0,0.8668836560496861,0
401628368,2024,4,regular,2024-09-21 20:15:00+00:00,False,True,False,True,62621.0,3838.0,Memorial Stadium,142,Missouri,fbs,SEC,30.0,"[7, 3, 10, 0, 10]",0.297999620437622,1795.0,1790.0,238,Vanderbilt,fbs,SEC,27.0,"[7, 6, 7, 0, 7]",0.7020003795623779,1312.0,1317.0,8.600016469755994,Faurot Field,71168.0,38.93589529672232,-92.33311414718628,71168.0,0.8799038893884892,0
401635557,2024,4,regular,2024-09-21 21:00:00+00:00,False,True,False,False,33168.0,3735.0,Gerald J. Ford Stadium,2567,SMU,fbs,ACC,66.0,"[17, 24, 18, 7]",1.0,1648.0,1700.0,2628,TCU,fbs,Big 12,42.0,"[0, 21, 7, 14]",0.0,1580.0,1528.0,3.8417505414631994,Gerald J. Ford Stadium,32000.0,32.83771580994254,-96.782705783844,32000.0,1.0,0
401641037,2024,4,regular,2024-09-21 23:00:00+00:00,False,True,False,False,19127.0,3796.0,Houchens Industries-L.T. Smith Stadium,98,Western Kentucky,fbs,Conference USA,26.0,"[0, 7, 5, 14]",0.7308276891708374,1396.0,1409.0,2649,Toledo,fbs,Mid-American,21.0,"[0, 14, 7, 0]",0.2691723108291626,1578.0,1565.0,7.880144688905045,Houchens Industries–L. T. Smith Stadium,22113.0,36.98487662989466,-86.459013971646,22113.0,0.8649663094107538,0
401629031,2024,4,regular,2024-09-21 23:00:00+00:00,False,True,False,False,20144.0,3892.0,Pratt & Whitney Stadium,41,UConn,fbs,FBS Independents,48.0,"[3, 14, 10, 21]",0.9857614636421204,1169.0,1297.0,2226,Florida Atlantic,fbs,American Athletic,14.0,"[0, 0, 7, 7]",0.0142385363578796,1403.0,1275.0,2.0760775895125123,Rentschler Field,40000.0,41.75988427820291,-72.61894226074219,40000.0,0.5036,0
401635551,2024,4,regular,2024-09-21 23:00:00+00:00,False,True,False,True,55107.0,3697.0,Doak Campbell Stadium,52,Florida State,fbs,ACC,14.0,"[7, 0, 0, 7]",0.5811159610748291,1596.0,1599.0,25,California,fbs,ACC,9.0,"[0, 6, 3, 0]",0.4188840389251709,1540.0,1537.0,5.638096189838385,Bobby Bowden Field at Doak Campbell Stadium,82300.0,30.437547584621285,-84.30453398103501,82300.0,0.6695868772782503,0
401628491,2024,4,regular,2024-09-21 23:00:00+00:00,False,True,False,True,69788.0,3765.0,Husky Stadium,264,Washington,fbs,Big Ten,24.0,"[7, 10, 0, 7]",0.9771302938461304,1745.0,1766.0,77,Northwestern,fbs,Big Ten,5.0,"[0, 2, 3, 0]",0.0228697061538696,1514.0,1493.0,2.738652224446903,Husky Stadium,70500.0,47.65043054401222,-122.30291984739304,70500.0,0.9899007092198582,0
401636374,2024,4,regular,2024-09-21 23:00:00+00:00,False,True,False,False,29024.0,3975.0,Veterans Memorial Stadium (AL),2653,Troy,fbs,Sun Belt,34.0,"[7, 7, 7, 13]",0.9955223798751832,1538.0,1538.0,50,Florida A&M,fcs,SWAC,12.0,"[6, 3, 3, 0]",0.0044776201248168,735.0,748.0,5.124597050664124,Veterans Memorial Stadium,30000.0,31.799527415252125,-85.95217691586194,30000.0,0.9674666666666667,1
401643716,2024,4,regular,2024-09-21 23:00:00+00:00,False,True,False,False,27049.0,3825.0,DATCU Stadium,249,North Texas,fbs,American Athletic,44.0,"[7, 20, 14, 3]",0.9589176177978516,1336.0,1403.0,2751,Wyoming,fbs,Mountain West,17.0,"[3, 14, 0, 0]",0.0410823822021484,1312.0,1245.0,3.135620328767114,Apogee Stadium,30850.0,33.20393508408917,-97.15922355651855,30850.0,0.8767909238249595,0
401635555,2024,4,regular,2024-09-21 23:00:00+00:00,False,True,False,False,58616.0,3886.0,Raymond James Stadium,58,South Florida,fbs,American Athletic,15.0,"[9, 6, 0, 0]",0.0,1476.0,1413.0,2390,Miami,fbs,ACC,50.0,"[14, 8, 14, 14]",1.0,1774.0,1837.0,5.66321325576855,Raymond James Stadium,65857.0,27.975994470037183,-82.50334918498993,65857.0,0.8900496530361237,0
401641008,2024,4,regular,2024-09-21 23:00:00+00:00,False,True,False,False,18152.0,3776.0,Joe Aillet Stadium,2348,Louisiana Tech,fbs,Conference USA,20.0,"[0, 7, 0, 13, 0]",0.2885181903839111,1247.0,1239.0,202,Tulsa,fbs,American Athletic,23.0,"[7, 3, 7, 3, 3]",0.7114818096160889,1185.0,1193.0,7.719292005155993,Joe Aillet Stadium,30600.0,32.53223809915824,-92.6560188758494,30600.0,0.593202614379085,0
401628487,2024,4,regular,2024-09-21 23:30:00+00:00,False,True,False,True,52048.0,3953.0,Huntington Bank Stadium,135,Minnesota,fbs,Big Ten,14.0,"[0, 14, 0, 0]",0.0,1537.0,1502.0,2294,Iowa,fbs,Big Ten,31.0,"[7, 0, 17, 7]",1.0,1591.0,1626.0,4.427280280439658,TCF Bank Stadium,52525.0,44.97652496911191,-93.224575817585,52525.0,0.9909186101856259,0
401628372,2024,4,regular,2024-09-21 23:30:00+00:00,False,True,False,False,99523.0,3795.0,Kyle Field,245,Texas A&M,fbs,SEC,26.0,"[7, 6, 7, 6]",0.7209299206733704,1689.0,1685.0,189,Bowling Green,fbs,Mid-American,20.0,"[0, 3, 14, 3]",0.2790700793266296,1444.0,1448.0,5.004361087392084,Kyle Field,102733.0,30.61009757817476,-96.34072922859283,102733.0,0.9687539544255497,0
401628370,2024,4,regular,2024-09-21 23:30:00+00:00,False,True,False,False,78704.0,3994.0,Williams-Brice Stadium,2579,South Carolina,fbs,SEC,50.0,"[15, 7, 7, 21]",0.9921769499778748,1642.0,1699.0,2006,Akron,fbs,Mid-American,7.0,"[0, 7, 0, 0]",0.0078230500221252,1110.0,1053.0,2.489517887205231,Williams-Brice Stadium,80250.0,33.97259115457693,-81.02021634578705,80250.0,0.9807352024922118,0
401628369,2024,4,regular,2024-09-21 23:30:00+00:00,False,True,False,True,84701.0,3835.0,"Memorial Stadium (Norman, OK)",201,Oklahoma,fbs,SEC,15.0,"[3, 0, 0, 12]",0.0408115908503532,1848.0,1837.0,2633,Tennessee,fbs,SEC,25.0,"[10, 9, 3, 3]",0.9591884091496468,1964.0,1975.0,4.829868566330654,Gaylord Family Oklahoma Memorial Stadium,82112.0,35.20589959488508,-97.44255065917967,82112.0,1.0,0
401628366,2024,4,regular,2024-09-21 23:45:00+00:00,False,True,False,False,67505.0,3974.0,Vaught-Hemingway Stadium,145,Ole Miss,fbs,SEC,52.0,"[17, 7, 14, 14]",0.9887562394142152,1824.0,1879.0,290,Georgia Southern,fbs,Sun Belt,13.0,"[0, 7, 3, 3]",0.0112437605857849,1379.0,1324.0,2.44474715686388,Vaught–Hemingway Stadium,60580.0,34.362154302992906,-89.53414626020904,60580.0,1.0,0
401628371,2024,4,regular,2024-09-22 00:00:00+00:00,False,True,False,False,102850.0,3910.0,DKR-Texas Memorial Stadium,251,Texas,fbs,SEC,51.0,"[21, 7, 9, 14]",0.992832601070404,2068.0,2107.0,2433,UL Monroe,fbs,Sun Belt,3.0,"[0, 3, 0, 0]",0.0071673989295959,1249.0,1210.0,2.236391702671336,Darrell K Royal–Texas Memorial Stadium,100119.0,30.28360340206824,-97.73233652114868,100119.0,1.0,0
401628490,2024,4,regular,2024-09-22 00:00:00+00:00,False,True,False,False,44500.0,3615.0,"Alumni Stadium (Chestnut Hill, MA)",103,Boston College,fbs,ACC,23.0,"[0, 6, 10, 7]",0.9297201633453368,1470.0,1472.0,127,Michigan State,fbs,Big Ten,19.0,"[3, 10, 3, 3]",0.070279836654663,1425.0,1423.0,6.324382094153756,Alumni Stadium,44500.0,42.33510834895851,-71.16647243499756,44500.0,1.0,0
401636874,2024,4,regular,2024-09-22 00:00:00+00:00,False,True,False,True,52794.0,3726.0,Folsom Field,38,Colorado,fbs,Big 12,38.0,"[7, 10, 7, 7, 7]",0.21607506275177,1349.0,1368.0,239,Baylor,fbs,Big 12,31.0,"[3, 21, 0, 7, 0]",0.78392493724823,1507.0,1488.0,8.46437222447611,Folsom Field,50183.0,40.00939837446321,-105.26688694953918,50183.0,1.0,0
401643711,2024,4,regular,2024-09-22 00:30:00+00:00,False,True,False,True,18019.0,3971.0,University Stadium (NM),167,New Mexico,fbs,Mountain West,21.0,"[3, 7, 0, 11]",0.0114439399912953,1196.0,1201.0,278,Fresno State,fbs,Mountain West,38.0,"[8, 17, 3, 10]",0.9885560600087048,1680.0,1675.0,3.3265878162078084,University Stadium,39224.0,35.06761048267165,-106.6281028358157,39224.0,0.45938710993269427,0
401643717,2024,4,regular,2024-09-22 00:30:00+00:00,False,True,False,False,34340.0,3893.0,Reser Stadium,204,Oregon State,fbs,Pac-12,38.0,"[7, 10, 7, 14]",0.9467328190803528,1604.0,1619.0,2509,Purdue,fbs,Big Ten,21.0,"[0, 7, 0, 14]",0.0532671809196472,1358.0,1343.0,2.77119307074766,Reser Stadium,45674.0,44.5594768421455,-123.2814073562622,45674.0,0.7518500678723125,0
401637162,2024,4,regular,2024-09-22 01:45:00+00:00,False,True,False,False,36972.0,3653.0,Albertsons Stadium,68,Boise State,fbs,Mountain West,56.0,"[7, 21, 14, 14]",0.9875921010971068,1636.0,1636.0,2502,Portland State,fcs,Big Sky,14.0,"[7, 0, 0, 7]",0.012407898902893,735.0,748.0,2.753746520858333,Albertsons Stadium,37000.0,43.6027080538683,-116.19591236114502,37000.0,0.9992432432432432,1
401636872,2024,4,regular,2024-09-22 02:30:00+00:00,False,True,False,True,64201.0,3801.0,LaVell Edwards Stadium,252,BYU,fbs,Big 12,38.0,"[0, 17, 14, 7]",0.924456775188446,1472.0,1600.0,2306,Kansas State,fbs,Big 12,9.0,"[3, 3, 3, 0]",0.0755432248115539,1842.0,1714.0,2.7061728878384272,LaVell Edwards Stadium,63725.0,40.25748799746312,-111.65443897247314,63725.0,1.0,0
401645331,2024,5,regular,2024-09-26 23:30:00+00:00,False,True,False,True,13255.0,3806.0,Lincoln Financial Field,218,Temple,fbs,American Athletic,14.0,"[0, 0, 6, 8]",0.0205343756824731,1141.0,1106.0,349,Army,fbs,American Athletic,42.0,"[7, 7, 14, 14]",0.9794656243175268,1499.0,1534.0,3.3827349029229423,Lincoln Financial Field,68532.0,39.900748900488125,-75.16749143600464,68532.0,0.19341329597852097,0
401634767,2024,5,regular,2024-09-27 23:30:00+00:00,False,True,False,True,59539.0,3948.0,Hard Rock Stadium,2390,Miami,fbs,ACC,38.0,"[14, 3, 7, 14]",0.6991567611694336,1837.0,1834.0,259,Virginia Tech,fbs,ACC,34.0,"[7, 17, 3, 7]",0.3008432388305664,1614.0,1617.0,6.633167407077739,Sun Life Stadium,65326.0,25.957933739028963,-80.23884057998657,65326.0,0.9114135260080213,0
401628501,2024,5,regular,2024-09-28 00:00:00+00:00,False,True,False,True,54079.0,6577.0,SHI Stadium,164,Rutgers,fbs,Big Ten,21.0,"[0, 14, 0, 7]",0.2600826323032379,1523.0,1527.0,264,Washington,fbs,Big Ten,18.0,"[3, 0, 7, 8]",0.7399173676967621,1766.0,1762.0,4.468477902526276,High Point Solutions Stadium,52454.0,40.51378289308872,-74.46504457087282,52454.0,1.0,0
401635560,2024,5,regular,2024-09-28 16:00:00+00:00,False,True,False,False,41403.0,3615.0,"Alumni Stadium (Chestnut Hill, MA)",103,Boston College,fbs,ACC,21.0,"[0, 7, 0, 14]",0.6856840252876282,1472.0,1471.0,98,Western Kentucky,fbs,Conference USA,20.0,"[7, 10, 3, 0]",0.3143159747123718,1409.0,1410.0,5.86963118204976,Alumni Stadium,44500.0,42.33510834895851,-71.16647243499756,44500.0,0.9304044943820224,0
401629032,2024,5,regular,2024-09-28 16:00:00+00:00,False,True,False,False,20347.0,3892.0,Pratt & Whitney Stadium,41,UConn,fbs,FBS Independents,47.0,"[10, 13, 14, 10]",0.9923335909843444,1297.0,1441.0,2084,Buffalo,fbs,Mid-American,3.0,"[0, 3, 0, 0]",0.0076664090156555,1372.0,1228.0,2.006999417015906,Rentschler Field,40000.0,41.75988427820291,-72.61894226074219,40000.0,0.508675,0
401636880,2024,5,regular,2024-09-28 16:00:00+00:00,False,True,False,True,39583.0,4727.0,McLane Stadium,239,Baylor,fbs,Big 12,28.0,"[7, 7, 7, 7]",0.2047928720712661,1488.0,1485.0,252,BYU,fbs,Big 12,34.0,"[21, 10, 3, 0]",0.7952071279287338,1600.0,1603.0,4.791392082381215,McLane Stadium,45140.0,31.55866263551169,-97.11560010910034,45140.0,0.876894107221976,0
401635564,2024,5,regular,2024-09-28 16:00:00+00:00,False,True,False,False,56919.0,3670.0,Carter-Finley Stadium,152,NC State,fbs,ACC,24.0,"[7, 10, 7, 0]",0.3055113852024078,1478.0,1487.0,2459,Northern Illinois,fbs,Mid-American,17.0,"[7, 7, 0, 3]",0.6944886147975922,1464.0,1455.0,3.456801072905933,Carter–Finley Stadium,57583.0,35.80075968207897,-78.71948719024658,57583.0,0.9884688189222514,0
401635565,2024,5,regular,2024-09-28 16:00:00+00:00,False,True,False,False,43455.0,1964.0,JMA Wireless Dome,183,Syracuse,fbs,ACC,42.0,"[14, 14, 7, 7]",0.952070653438568,1379.0,1379.0,107,Holy Cross,fcs,Patriot,14.0,"[0, 14, 0, 0]",0.0479293465614318,735.0,748.0,2.742182343528432,Carrier Dome,49250.0,43.036132820423234,-76.13651990890503,49250.0,0.8823350253807106,1
401628497,2024,5,regular,2024-09-28 16:00:00+00:00,False,True,False,True,110340.0,3558.0,Michigan Stadium,130,Michigan,fbs,Big Ten,27.0,"[7, 14, 3, 3]",0.7718184590339661,1910.0,1906.0,135,Minnesota,fbs,Big Ten,24.0,"[0, 3, 0, 21]",0.2281815409660339,1502.0,1506.0,3.932367913630144,Michigan Stadium,107601.0,42.26586873251738,-83.7487256526947,107601.0,1.0,0
401628496,2024,5,regular,2024-09-28 16:00:00+00:00,False,True,False,True,48323.0,3830.0,"Memorial Stadium (Bloomington, IN)",84,Indiana,fbs,Big Ten,42.0,"[0, 14, 14, 14]",0.9862840175628662,1592.0,1628.0,120,Maryland,fbs,Big Ten,28.0,"[0, 7, 14, 7]",0.0137159824371337,1678.0,1642.0,6.342837825588786,Memorial Stadium,52959.0,39.18090913372923,-86.52557373046875,52959.0,0.9124605827149305,0
401628499,2024,5,regular,2024-09-28 16:00:00+00:00,False,True,False,True,61441.0,3907.0,Ross-Ade Stadium,2509,Purdue,fbs,Big Ten,10.0,"[0, 0, 3, 7]",0.0074978106280811,1343.0,1322.0,158,Nebraska,fbs,Big Ten,28.0,"[0, 0, 7, 21]",0.9925021893719188,1570.0,1591.0,4.3493917902,Ross–Ade Stadium,56400.0,40.434323,-86.918485,56400.0,1.0,0
401645337,2024,5,regular,2024-09-28 16:00:00+00:00,False,True,False,True,20783.0,4729.0,Yulman Stadium,2655,Tulane,fbs,American Athletic,45.0,"[14, 17, 0, 14]",0.9921887516975404,1576.0,1653.0,58,South Florida,fbs,American Athletic,10.0,"[0, 7, 3, 0]",0.0078112483024597,1413.0,1336.0,2.0047079637740195,Benson Field at Yulman Stadium,30000.0,29.945898112528432,-90.11519112306328,30000.0,0.6927666666666666,0
401643793,2024,5,regular,2024-09-28 17:30:00+00:00,False,True,False,False,25786.0,3651.0,Bridgeforth Stadium,256,James Madison,fbs,Sun Belt,63.0,"[22, 7, 20, 14]",0.9847715497016908,1734.0,1830.0,2050,Ball State,fbs,Mid-American,7.0,"[7, 0, 0, 0]",0.0152284502983093,1184.0,1088.0,2.648229197201901,Bridgeforth Stadium,24878.0,38.43508893585215,-78.87340330403673,24878.0,1.0,0
401635659,2024,5,regular,2024-09-28 19:30:00+00:00,False,True,False,False,31061.0,3630.0,Allegacy Federal Credit Union Stadium,154,Wake Forest,fbs,ACC,38.0,"[3, 14, 14, 7]",0.203826293349266,1370.0,1376.0,309,Louisiana,fbs,Sun Belt,41.0,"[14, 7, 10, 10]",0.796173706650734,1543.0,1537.0,6.702318198251937,BB&T Field,31500.0,36.09183481061275,-80.25534152984619,31500.0,0.9860634920634921,0
401636885,2024,5,regular,2024-09-28 19:30:00+00:00,False,True,False,True,45702.0,3652.0,FBC Mortgage Stadium,2116,UCF,fbs,Big 12,21.0,"[7, 7, 7, 0]",0.1149534583091735,1642.0,1531.0,38,Colorado,fbs,Big 12,48.0,"[14, 13, 14, 7]",0.8850465416908264,1368.0,1479.0,4.71159698637873,Bright House Networks Stadium,45323.0,28.607958859227068,-81.1929988861084,45323.0,1.0,0
401628375,2024,5,regular,2024-09-28 19:30:00+00:00,False,True,False,True,88043.0,3785.0,Jordan-Hare Stadium,2,Auburn,fbs,SEC,21.0,"[0, 14, 0, 7]",0.1879265755414962,1537.0,1547.0,201,Oklahoma,fbs,SEC,27.0,"[7, 0, 3, 17]",0.8120734244585037,1837.0,1827.0,5.241636323770405,Jordan–Hare Stadium,87451.0,32.602361666817515,-85.48891067504883,87451.0,1.0,0
401628980,2024,5,regular,2024-09-28 19:30:00+00:00,False,True,False,False,77622.0,3855.0,Notre Dame Stadium,87,Notre Dame,fbs,FBS Independents,31.0,"[21, 3, 0, 7]",1.0,2000.0,1994.0,97,Louisville,fbs,ACC,24.0,"[7, 7, 0, 10]",0.0,1711.0,1717.0,3.806097270133003,Notre Dame Stadium,80795.0,41.69842312158612,-86.23382449150085,80795.0,0.9607277678074139,0
401643794,2024,5,regular,2024-09-28 19:30:00+00:00,False,True,False,False,18723.0,3775.0,Joan C. Edwards Stadium,276,Marshall,fbs,Sun Belt,27.0,"[7, 10, 3, 7]",0.9485005736351012,1360.0,1362.0,2711,Western Michigan,fbs,Mid-American,20.0,"[3, 0, 14, 3]",0.0514994263648986,1222.0,1220.0,4.335581187180763,Joan C. Edwards Stadium,38019.0,38.42486536179161,-82.42185831069946,38019.0,0.49246429416870513,0
401644738,2024,5,regular,2024-09-28 19:30:00+00:00,False,True,False,True,21265.0,3876.0,Peden Stadium,195,Ohio,fbs,Mid-American,30.0,"[0, 14, 2, 14]",0.9968971610069276,1401.0,1414.0,2006,Akron,fbs,Mid-American,10.0,"[3, 7, 0, 0]",0.0031028389930725,1053.0,1040.0,4.774582767571226,Peden Stadium,24000.0,39.32130908459409,-82.10343944652357,24000.0,0.8860416666666666,0
401644739,2024,5,regular,2024-09-28 19:30:00+00:00,False,True,False,True,10899.0,3696.0,Dix Stadium,2309,Kent State,fbs,Mid-American,33.0,"[7, 7, 7, 12]",0.0196321941912174,932.0,922.0,2199,Eastern Michigan,fbs,Mid-American,52.0,"[7, 14, 17, 14]",0.9803678058087826,1300.0,1310.0,5.958633177679434,Dix Stadium,25000.0,41.13908682549516,-81.31343945860863,25000.0,0.43596,0
401628502,2024,5,regular,2024-09-28 19:30:00+00:00,False,True,False,True,74118.0,477.0,Los Angeles Memorial Coliseum,30,USC,fbs,Big Ten,38.0,"[7, 3, 14, 14]",0.8885719180107117,1769.0,1786.0,275,Wisconsin,fbs,Big Ten,21.0,"[7, 14, 0, 0]",0.1114280819892883,1553.0,1536.0,4.893055804158604,Los Angeles Memorial Coliseum,93607.0,34.01400974062912,-118.28789591789246,93607.0,0.7917997585650646,0
401629043,2024,5,regular,2024-09-28 19:30:00+00:00,False,True,False,False,9542.0,3996.0,Yager Stadium,193,Miami (OH),fbs,Mid-American,23.0,"[7, 3, 7, 3, 3]",0.3106794953346252,1450.0,1446.0,113,Massachusetts,fbs,FBS Independents,20.0,"[7, 3, 0, 10, 0]",0.6893205046653748,1063.0,1067.0,5.882854451126603,Yager Stadium,24286.0,39.51942113142349,-84.73335450140017,24286.0,0.39290125998517667,0
401643721,2024,5,regular,2024-09-28 19:30:00+00:00,False,True,False,False,27072.0,3786.0,Kelly/Shorts Stadium,2117,Central Michigan,fbs,Mid-American,22.0,"[10, 3, 6, 3]",0.1411760747432708,1174.0,1180.0,21,San Diego State,fbs,Mountain West,21.0,"[7, 14, 0, 0]",0.8588239252567291,1350.0,1344.0,6.85704964976188,Kelly/Shorts Stadium,32885.0,43.577612282574535,-84.77082967758179,32885.0,0.8232324768131367,0
401645334,2024,5,regular,2024-09-28 20:00:00+00:00,False,True,False,True,41851.0,3699.0,Dowdy-Ficklen Stadium,151,East Carolina,fbs,American Athletic,30.0,"[3, 7, 14, 6]",0.9182283282279968,1407.0,1423.0,2636,UTSA,fbs,American Athletic,20.0,"[10, 3, 0, 7]",0.0817716717720031,1390.0,1374.0,5.574780443874977,Dowdy–Ficklen Stadium,50000.0,35.59642579698931,-77.36522912979126,50000.0,0.83702,0
401635562,2024,5,regular,2024-09-28 20:00:00+00:00,False,True,False,True,35018.0,3982.0,Wallace Wade Stadium,150,Duke,fbs,ACC,21.0,"[0, 0, 7, 14]",0.7672407031059265,1623.0,1621.0,153,North Carolina,fbs,ACC,20.0,"[10, 7, 3, 0]",0.2327592968940735,1519.0,1521.0,5.668896176963781,Wallace Wade Stadium,33941.0,35.9953166502013,-78.94172430038452,33941.0,1.0,0
401628378,2024,5,regular,2024-09-28 20:15:00+00:00,False,True,False,True,101388.0,3910.0,DKR-Texas Memorial Stadium,251,Texas,fbs,SEC,35.0,"[7, 7, 7, 14]",0.9928284883499146,2107.0,2091.0,344,Mississippi State,fbs,SEC,13.0,"[0, 6, 0, 7]",0.0071715116500854,1355.0,1371.0,2.975920800201398,Darrell K Royal–Texas Memorial Stadium,100119.0,30.28360340206824,-97.73233652114868,100119.0,1.0,0
401643795,2024,5,regular,2024-09-28 21:00:00+00:00,False,True,False,False,19140.0,3700.0,Doyt L. Perry Stadium,189,Bowling Green,fbs,Mid-American,27.0,"[7, 7, 7, 6]",0.2428672462701797,1448.0,1439.0,295,Old Dominion,fbs,Sun Belt,30.0,"[14, 3, 0, 13]",0.7571327537298203,1368.0,1377.0,7.260718089857533,Doyt Perry Stadium,23724.0,41.37805439803228,-83.62248212099075,23724.0,0.8067779463834092,0
401645335,2024,5,regular,2024-09-28 22:00:00+00:00,False,True,False,False,21151.0,3715.0,FAU Stadium,2226,Florida Atlantic,fbs,American Athletic,41.0,"[10, 7, 10, 14]",0.9910696744918824,1295.0,1295.0,2681,Wagner,fcs,NEC,10.0,"[0, 10, 0, 0]",0.0089303255081176,735.0,748.0,2.262692577993847,FAU Stadium,30000.0,26.3754535636523,-80.10168313980103,30000.0,0.7050333333333333,1
401643796,2024,5,regular,2024-09-28 23:00:00+00:00,False,True,False,True,21253.0,3975.0,Veterans Memorial Stadium (AL),2653,Troy,fbs,Sun Belt,9.0,"[3, 3, 0, 3]",0.525316059589386,1534.0,1504.0,2433,UL Monroe,fbs,Sun Belt,13.0,"[3, 0, 3, 7]",0.474683940410614,1210.0,1240.0,4.500055975736567,Veterans Memorial Stadium,30000.0,31.799527415252125,-85.95217691586194,30000.0,0.7084333333333334,0
401636881,2024,5,regular,2024-09-28 23:00:00+00:00,False,True,False,True,25138.0,4728.0,TDECU Stadium,248,Houston,fbs,Big 12,0.0,"[0, 0, 0, 0]",0.0158988386392593,1366.0,1352.0,66,Iowa State,fbs,Big 12,20.0,"[3, 0, 7, 10]",0.9841011613607408,1718.0,1732.0,3.3323357311680826,TDECU Stadium,40000.0,29.721767963293527,-95.34909841095214,40000.0,0.62845,0
401645333,2024,5,regular,2024-09-28 23:00:00+00:00,False,True,False,True,17455.0,3895.0,Rice Stadium,242,Rice,fbs,American Athletic,20.0,"[0, 10, 0, 10]",0.6797924041748047,1225.0,1219.0,2429,Charlotte,fbs,American Athletic,21.0,"[0, 0, 14, 7]",0.3202075958251953,1122.0,1128.0,7.392244364159925,Rice Stadium,47000.0,29.71623402909437,-95.40926456451416,47000.0,0.37138297872340426,0
401635561,2024,5,regular,2024-09-28 23:00:00+00:00,False,True,False,True,80295.0,3836.0,"Memorial Stadium (Clemson, SC)",228,Clemson,fbs,ACC,40.0,"[10, 7, 10, 13]",0.9117518067359924,1790.0,1805.0,24,Stanford,fbs,ACC,14.0,"[0, 7, 0, 7]",0.0882481932640075,1303.0,1288.0,2.449033875396446,Memorial Stadium,81500.0,34.67874665741346,-82.84317970275879,81500.0,0.9852147239263803,0
401645336,2024,5,regular,2024-09-28 23:00:00+00:00,False,True,False,True,18529.0,3825.0,DATCU Stadium,249,North Texas,fbs,American Athletic,52.0,"[0, 24, 21, 7]",1.0,1403.0,1464.0,202,Tulsa,fbs,American Athletic,20.0,"[0, 3, 0, 17]",0.0,1193.0,1132.0,3.643862437707139,Apogee Stadium,30850.0,33.20393508408917,-97.15922355651855,30850.0,0.6006158833063209,0
401641025,2024,5,regular,2024-09-28 23:30:00+00:00,False,True,False,False,25266.0,3805.0,Simmons Bank Liberty Stadium,235,Memphis,fbs,American Athletic,24.0,"[0, 14, 10, 0]",0.9820258617401124,1597.0,1598.0,2393,Middle Tennessee,fbs,Conference USA,7.0,"[0, 0, 7, 0]",0.0179741382598876,1182.0,1181.0,3.506962461212653,Liberty Bowl Memorial Stadium,62380.0,35.120856917268995,-89.97805741128388,62380.0,0.4050336646361013,0
401628374,2024,5,regular,2024-09-28 23:30:00+00:00,False,True,False,True,100077.0,3657.0,Bryant-Denny Stadium,333,Alabama,fbs,SEC,41.0,"[21, 9, 3, 8]",0.9645187854766846,2046.0,2056.0,61,Georgia,fbs,SEC,34.0,"[0, 7, 8, 19]",0.0354812145233154,2046.0,2036.0,5.455698136787349,Bryant–Denny Stadium,101821.0,33.2074899449518,-87.5503921508789,101821.0,0.9828719026526944,0
401628498,2024,5,regular,2024-09-28 23:30:00+00:00,False,True,False,True,71114.0,3936.0,Spartan Stadium,127,Michigan State,fbs,Big Ten,7.0,"[0, 7, 0, 0]",0.0365330688655376,1423.0,1407.0,194,Ohio State,fbs,Big Ten,38.0,"[3, 21, 14, 0]",0.9634669311344624,2038.0,2054.0,3.35399564726513,Spartan Stadium,75005.0,42.7281691163326,-84.48487535119057,75005.0,0.9481234584361042,0
401628495,2024,5,regular,2024-09-28 23:30:00+00:00,False,True,False,True,109911.0,3632.0,Beaver Stadium,213,Penn State,fbs,Big Ten,21.0,"[7, 0, 7, 7]",0.998822808265686,1905.0,1905.0,356,Illinois,fbs,Big Ten,7.0,"[7, 0, 0, 0]",0.0011771917343139,1551.0,1551.0,4.203267884989727,Beaver Stadium,106572.0,40.81215273275043,-77.85620212554932,106572.0,1.0,0
401628376,2024,5,regular,2024-09-28 23:45:00+00:00,False,True,False,False,102143.0,3958.0,Tiger Stadium (LA),99,LSU,fbs,SEC,42.0,"[21, 14, 0, 7]",0.8056033849716187,1805.0,1874.0,6,South Alabama,fbs,Sun Belt,10.0,"[0, 3, 7, 0]",0.1943966150283813,1657.0,1588.0,1.597189385976028,Tiger Stadium,102321.0,30.4120123982997,-91.183819770813,102321.0,0.9982603766577731,0
401641035,2024,5,regular,2024-09-29 00:00:00+00:00,False,True,False,False,21062.0,3601.0,Aggie Memorial Stadium,166,New Mexico State,fbs,Conference USA,40.0,"[7, 3, 7, 23]",0.0413626344275595,1265.0,1238.0,167,New Mexico,fbs,Mountain West,50.0,"[7, 14, 9, 20]",0.9586373655724404,1201.0,1228.0,3.8931490083,Aggie Memorial Stadium,30343.0,32.27974938226407,-106.74113631248474,30343.0,0.6941304419470719,0
401643718,2024,5,regular,2024-09-29 00:00:00+00:00,False,True,False,True,23068.0,3984.0,War Memorial Stadium,2751,Wyoming,fbs,Mountain West,31.0,"[7, 0, 14, 10]",0.9572429656982422,1245.0,1286.0,2005,Air Force,fbs,Mountain West,19.0,"[0, 13, 0, 6]",0.0427570343017578,1459.0,1418.0,4.323679796710635,War Memorial Stadium,29181.0,41.31193599299248,-105.56906461715698,29181.0,0.7905143757924677,0
401636884,2024,5,regular,2024-09-29 00:00:00+00:00,False,True,False,True,60229.0,3784.0,Jones AT&T Stadium,2641,Texas Tech,fbs,Big 12,44.0,"[10, 14, 10, 10]",0.8620567321777344,1628.0,1628.0,2132,Cincinnati,fbs,Big 12,41.0,"[14, 10, 3, 14]",0.1379432678222656,1529.0,1529.0,5.918366187474399,Jones AT&T Stadium,60862.0,33.59102829801104,-101.87293767929076,60862.0,0.9895994216424041,0
401635563,2024,5,regular,2024-09-29 00:00:00+00:00,False,True,False,True,34879.0,3735.0,Gerald J. Ford Stadium,2567,SMU,fbs,ACC,42.0,"[7, 7, 14, 14]",0.9965049624443054,1700.0,1755.0,52,Florida State,fbs,ACC,16.0,"[7, 2, 7, 0]",0.0034950375556945,1599.0,1544.0,4.281181150530368,Gerald J. Ford Stadium,32000.0,32.83771580994254,-96.782705783844,32000.0,1.0,0
401643719,2024,5,regular,2024-09-29 02:00:00+00:00,False,True,False,False,37711.0,3653.0,Albertsons Stadium,68,Boise State,fbs,Mountain West,45.0,"[7, 10, 7, 21]",0.9958304166793824,1631.0,1677.0,265,Washington State,fbs,Pac-12,24.0,"[7, 3, 0, 14]",0.0041695833206176,1596.0,1550.0,4.616660796431069,Albertsons Stadium,37000.0,43.6027080538683,-116.19591236114502,37000.0,1.0,0
401636886,2024,5,regular,2024-09-29 02:15:00+00:00,False,True,False,True,52898.0,587.0,Rice-Eccles Stadium,254,Utah,fbs,Big 12,10.0,"[0, 3, 0, 7]",0.1215648874640464,1633.0,1607.0,12,Arizona,fbs,Big 12,23.0,"[3, 7, 6, 7]",0.8784351125359535,1668.0,1694.0,4.424599585963263,Rice-Eccles Stadium,54383.0,40.75994782004573,-111.84882402420044,45017.0,0.9726936726550577,0
401628500,2024,5,regular,2024-09-29 03:00:00+00:00,False,True,False,True,43051.0,1056.0,Rose Bowl,26,UCLA,fbs,Big Ten,13.0,"[3, 7, 3, 0]",0.0354288630187511,1449.0,1449.0,2483,Oregon,fbs,Big Ten,34.0,"[7, 21, 0, 6]",0.9645711369812487,1974.0,1974.0,2.9419494294997683,Rose Bowl,92542.0,34.16156958726264,-118.1676149368286,92542.0,0.4652049880054462,0
401643797,2024,6,regular,2024-10-03 23:00:00+00:00,False,True,False,True,20349.0,3975.0,Veterans Memorial Stadium (AL),2653,Troy,fbs,Sun Belt,17.0,"[0, 10, 7, 0]",0.0094035845249891,1504.0,1454.0,326,Texas State,fbs,Sun Belt,38.0,"[14, 14, 10, 0]",0.9905964154750108,1534.0,1584.0,3.514585454987595,Veterans Memorial Stadium,30000.0,31.799527415252125,-85.95217691586194,30000.0,0.6783,0
401641029,2024,6,regular,2024-10-04 01:00:00+00:00,False,True,False,True,14454.0,3946.0,Sun Bowl,2638,UTEP,fbs,Conference USA,21.0,"[0, 7, 7, 7]",0.0074710519984364,1206.0,1181.0,2534,Sam Houston,fbs,Conference USA,41.0,"[7, 10, 21, 3]",0.9925289480015635,1439.0,1464.0,4.59150709163615,Sun Bowl Stadium,51500.0,31.77334530512776,-106.50789678096773,51500.0,0.2806601941747573,0
401641001,2024,6,regular,2024-10-04 23:00:00+00:00,False,True,False,True,10029.0,4899.0,Fifth Third Stadium,338,Kennesaw State,fbs,Conference USA,24.0,"[3, 14, 0, 7]",0.0155305946245789,1388.0,1281.0,55,Jacksonville State,fbs,Conference USA,63.0,"[7, 14, 21, 21]",0.984469405375421,1453.0,1560.0,4.883545820424374,Fifth Third Bank Stadium,11040.0,34.0234337,-84.6154897,8318.0,0.9084239130434782,0
401636891,2024,6,regular,2024-10-04 23:30:00+00:00,False,True,False,True,44211.0,3616.0,Amon G. Carter Stadium,2628,TCU,fbs,Big 12,19.0,"[0, 6, 6, 7]",0.0,1551.0,1508.0,248,Houston,fbs,Big 12,30.0,"[7, 17, 0, 6]",1.0,1352.0,1395.0,3.82560606902406,Amon G. Carter Stadium,45000.0,32.70991596942349,-97.36799597740172,45000.0,0.9824666666666667,0
401628506,2024,6,regular,2024-10-05 01:00:00+00:00,False,True,False,True,59802.0,3626.0,Autzen Stadium,2483,Oregon,fbs,Big Ten,31.0,"[7, 14, 3, 7]",0.963258683681488,1974.0,1971.0,127,Michigan State,fbs,Big Ten,10.0,"[0, 0, 0, 10]",0.0367413163185119,1407.0,1410.0,3.202566472285447,Autzen Stadium,54000.0,44.058272724266615,-123.0685043334961,54000.0,1.0,0
401628383,2024,6,regular,2024-10-05 16:00:00+00:00,False,True,False,True,97049.0,3795.0,Kyle Field,245,Texas A&M,fbs,SEC,41.0,"[10, 14, 10, 7]",0.9771588444709778,1683.0,1781.0,142,Missouri,fbs,SEC,10.0,"[0, 0, 7, 3]",0.0228411555290222,1790.0,1692.0,2.6072692092656373,Kyle Field,102733.0,30.61009757817476,-96.34072922859283,102733.0,0.9446721112008799,0
401643722,2024,6,regular,2024-10-05 16:00:00+00:00,False,True,False,False,39441.0,3713.0,Falcon Stadium,2005,Air Force,fbs,Mountain West,7.0,"[0, 7, 0, 0]",0.073302611708641,1418.0,1353.0,2426,Navy,fbs,American Athletic,34.0,"[14, 7, 6, 7]",0.926697388291359,1490.0,1555.0,3.6482887489039553,Falcon Stadium,46692.0,38.99690743122685,-104.84368801116943,46692.0,0.8447057311745053,0
401628509,2024,6,regular,2024-10-05 16:00:00+00:00,False,True,False,True,76091.0,347.0,Camp Randall Stadium,275,Wisconsin,fbs,Big Ten,52.0,"[14, 7, 21, 10]",0.988965630531311,1536.0,1644.0,2509,Purdue,fbs,Big Ten,6.0,"[0, 6, 0, 0]",0.0110343694686889,1322.0,1214.0,2.51004429737512,Camp Randall Stadium,80321.0,43.06993802646878,-89.41274642944336,80321.0,0.9473363130439113,0
401628510,2024,6,regular,2024-10-05 16:00:00+00:00,False,True,False,True,110047.0,3632.0,Beaver Stadium,213,Penn State,fbs,Big Ten,27.0,"[0, 14, 10, 3]",0.9934830069541932,1905.0,1901.0,26,UCLA,fbs,Big Ten,11.0,"[0, 3, 0, 8]",0.0065169930458068,1449.0,1453.0,3.031364543107889,Beaver Stadium,106572.0,40.81215273275043,-77.85620212554932,106572.0,1.0,0
401629044,2024,6,regular,2024-10-05 16:00:00+00:00,False,True,False,False,12466.0,3764.0,Huskie Stadium,2459,Northern Illinois,fbs,Mid-American,34.0,"[7, 0, 6, 21]",0.9888418912887572,1455.0,1452.0,113,Massachusetts,fbs,FBS Independents,20.0,"[7, 6, 0, 7]",0.0111581087112426,1067.0,1070.0,4.927837725355851,Huskie Stadium,25500.0,41.934014,-88.778222,25500.0,0.48886274509803923,0
401635567,2024,6,regular,2024-10-05 16:00:00+00:00,False,True,False,True,38285.0,3923.0,Scott Stadium,258,Virginia,fbs,ACC,24.0,"[0, 6, 0, 18]",0.977406680583954,1389.0,1412.0,103,Boston College,fbs,ACC,14.0,"[7, 7, 0, 0]",0.0225933194160461,1471.0,1448.0,4.599998551357442,Scott Stadium,61500.0,38.03112372855688,-78.51370811462402,61500.0,0.6225203252032521,0
401635571,2024,6,regular,2024-10-05 16:00:00+00:00,False,True,False,True,50254.0,3873.0,L&N Federal Credit Union Stadium,97,Louisville,fbs,ACC,27.0,"[10, 3, 14, 0]",0.0943855345249176,1717.0,1707.0,2567,SMU,fbs,ACC,34.0,"[14, 10, 3, 7]",0.9056144654750824,1755.0,1765.0,6.538803670743081,Papa John's Cardinal Stadium,55000.0,38.20542168521144,-85.75810561566809,55000.0,0.9137090909090909,0
401635572,2024,6,regular,2024-10-05 16:00:00+00:00,False,True,False,True,46033.0,3787.0,Kenan Stadium,153,North Carolina,fbs,ACC,24.0,"[7, 10, 7, 0]",0.0413968488574028,1521.0,1497.0,221,Pittsburgh,fbs,ACC,34.0,"[3, 14, 7, 10]",0.9586031511425972,1488.0,1512.0,7.067075991557994,Kenan Memorial Stadium,62980.0,35.90698834747853,-79.04791831970215,62980.0,0.7309145760558907,0
401635638,2024,6,regular,2024-10-05 16:00:00+00:00,False,True,False,True,56919.0,3670.0,Carter-Finley Stadium,152,NC State,fbs,ACC,30.0,"[3, 13, 7, 7]",0.3928472399711609,1487.0,1473.0,154,Wake Forest,fbs,ACC,34.0,"[10, 7, 3, 14]",0.6071527600288391,1376.0,1390.0,6.599172766224135,Carter–Finley Stadium,57583.0,35.80075968207897,-78.71948719024658,57583.0,0.9884688189222514,0
401644741,2024,6,regular,2024-10-05 18:00:00+00:00,False,True,False,True,10342.0,3919.0,Scheumann Stadium,2050,Ball State,fbs,Mid-American,42.0,"[14, 7, 14, 7]",0.3125140368938446,1088.0,1091.0,2711,Western Michigan,fbs,Mid-American,45.0,"[21, 0, 10, 14]",0.6874859631061554,1220.0,1217.0,7.657498887229761,Scheumann Stadium,22500.0,40.21602764466651,-85.41769962206614,22500.0,0.45964444444444447,0
401643799,2024,6,regular,2024-10-05 19:30:00+00:00,False,True,False,True,28023.0,3775.0,Joan C. Edwards Stadium,276,Marshall,fbs,Sun Belt,52.0,"[7, 21, 10, 14]",0.9953216314315796,1362.0,1394.0,2026,App State,fbs,Sun Belt,37.0,"[3, 14, 7, 13]",0.0046783685684204,1366.0,1334.0,3.31941412942144,Joan C. Edwards Stadium,38019.0,38.42486536179161,-82.42185831069946,38019.0,0.7370788290065493,0
401645340,2024,6,regular,2024-10-05 19:30:00+00:00,False,True,False,True,17102.0,4418.0,Jerry Richardson Stadium,2429,Charlotte,fbs,American Athletic,55.0,"[14, 17, 3, 21]",0.9722815155982972,1128.0,1253.0,151,East Carolina,fbs,American Athletic,24.0,"[3, 7, 7, 7]",0.0277184844017028,1423.0,1298.0,2.80882516722376,Jerry Richardson Stadium,15314.0,35.31028067616406,-80.74049377106525,15314.0,1.0,0
401644684,2024,6,regular,2024-10-05 19:30:00+00:00,False,True,False,True,25027.0,3739.0,Glass Bowl,2649,Toledo,fbs,Mid-American,30.0,"[14, 6, 3, 7]",0.3547420799732208,1565.0,1574.0,193,Miami (OH),fbs,Mid-American,20.0,"[3, 3, 7, 7]",0.6452579200267792,1446.0,1437.0,2.6837314610309235,Glass Bowl,26248.0,41.65739077895321,-83.61401719150295,26248.0,0.9534821700701006,0
401644740,2024,6,regular,2024-10-05 19:30:00+00:00,False,True,False,True,9337.0,3768.0,InfoCision Stadium,2006,Akron,fbs,Mid-American,20.0,"[10, 0, 0, 10]",0.3126498758792877,1040.0,1055.0,189,Bowling Green,fbs,Mid-American,27.0,"[7, 10, 0, 10]",0.6873501241207123,1439.0,1424.0,6.198860902942839,Summa Field at InfoCision Stadium,30000.0,41.07256951528711,-81.50838375091553,30000.0,0.3112333333333333,0
401628504,2024,6,regular,2024-10-05 19:30:00+00:00,False,True,False,True,105135.0,3861.0,Ohio Stadium,194,Ohio State,fbs,Big Ten,35.0,"[7, 0, 21, 7]",0.9984027844674852,2054.0,2080.0,2294,Iowa,fbs,Big Ten,7.0,"[0, 0, 0, 7]",0.0015972155325146,1626.0,1600.0,3.5455149433,Ohio Stadium,104944.0,40.0016856893694,-83.01972806453705,104944.0,1.0,0
401628382,2024,6,regular,2024-10-05 19:30:00+00:00,False,True,False,True,79837.0,3994.0,Williams-Brice Stadium,2579,South Carolina,fbs,SEC,3.0,"[0, 3, 0, 0]",0.0169772766530513,1699.0,1654.0,145,Ole Miss,fbs,SEC,27.0,"[14, 10, 3, 0]",0.9830227233469486,1861.0,1906.0,5.508233788647158,Williams-Brice Stadium,80250.0,33.97259115457693,-81.02021634578705,80250.0,0.9948535825545172,0
401628381,2024,6,regular,2024-10-05 19:30:00+00:00,False,True,False,True,93033.0,3917.0,Sanford Stadium,61,Georgia,fbs,SEC,31.0,"[7, 7, 7, 10]",0.987847089767456,2036.0,2033.0,2,Auburn,fbs,SEC,13.0,"[3, 0, 7, 3]",0.0121529102325439,1547.0,1550.0,3.4510686910910557,Sanford Stadium,92746.0,33.949821489498824,-83.37344169616699,92746.0,1.0,0
401629033,2024,6,regular,2024-10-05 19:30:00+00:00,False,True,False,False,28921.0,3892.0,Pratt & Whitney Stadium,41,UConn,fbs,FBS Independents,29.0,"[3, 6, 7, 13]",0.5503116250038147,1441.0,1434.0,218,Temple,fbs,American Athletic,20.0,"[0, 7, 6, 7]",0.4496883749961853,1106.0,1113.0,7.622746685912569,Rentschler Field,40000.0,41.75988427820291,-72.61894226074219,40000.0,0.723025,0
401635573,2024,6,regular,2024-10-05 19:30:00+00:00,False,True,False,True,36277.0,3940.0,Stanford Stadium,24,Stanford,fbs,ACC,7.0,"[0, 0, 7, 0]",0.0249591339379549,1288.0,1261.0,259,Virginia Tech,fbs,ACC,31.0,"[7, 7, 7, 10]",0.9750408660620452,1617.0,1644.0,3.371701277291301,Stanford Stadium,50000.0,37.43472641329173,-122.1610164642334,50000.0,0.72554,0
401636890,2024,6,regular,2024-10-05 20:00:00+00:00,False,True,False,True,52202.0,3646.0,Boone Pickens Stadium,197,Oklahoma State,fbs,Big 12,14.0,"[0, 7, 0, 7]",0.0358624458312988,1553.0,1489.0,277,West Virginia,fbs,Big 12,38.0,"[10, 21, 0, 7]",0.9641375541687012,1546.0,1610.0,2.3982952073111408,Boone Pickens Stadium,60218.0,36.12570866235855,-97.06650495529176,60218.0,0.8668836560496861,0
401628508,2024,6,regular,2024-10-05 20:00:00+00:00,False,True,False,True,87464.0,3834.0,"Memorial Stadium (Lincoln, NE)",158,Nebraska,fbs,Big Ten,14.0,"[7, 7, 0, 0]",0.6832271218299866,1591.0,1597.0,164,Rutgers,fbs,Big Ten,7.0,"[0, 0, 0, 7]",0.3167728781700134,1527.0,1521.0,2.805150725976728,Memorial Stadium,87091.0,40.82048352329494,-96.70571565628052,87091.0,1.0,0
401628384,2024,6,regular,2024-10-05 20:15:00+00:00,False,True,False,True,28934.0,3973.0,FirstBank Stadium,238,Vanderbilt,fbs,SEC,40.0,"[13, 10, 7, 10]",0.8807790275067171,1317.0,1359.0,333,Alabama,fbs,SEC,35.0,"[7, 7, 14, 7]",0.1192209724932829,2056.0,2014.0,7.6288286297,Vanderbilt Stadium,40350.0,36.14355849696379,-86.80877208709717,40350.0,0.7170755885997522,0
401643724,2024,6,regular,2024-10-05 22:30:00+00:00,False,True,False,False,46433.0,3893.0,Reser Stadium,204,Oregon State,fbs,Pac-12,39.0,"[0, 14, 0, 10, 7, 8]",0.2576045393943786,1619.0,1609.0,36,Colorado State,fbs,Mountain West,31.0,"[7, 3, 0, 14, 7, 0]",0.7423954606056213,1236.0,1246.0,9.144433733912097,Reser Stadium,45674.0,44.5594768421455,-123.2814073562622,45674.0,1.0,0
401635569,2024,6,regular,2024-10-05 23:00:00+00:00,False,True,False,True,55107.0,3697.0,Doak Campbell Stadium,52,Florida State,fbs,ACC,13.0,"[0, 7, 0, 6]",0.0460380092263221,1544.0,1532.0,228,Clemson,fbs,ACC,29.0,"[17, 6, 0, 6]",0.9539619907736778,1805.0,1817.0,3.255671376623969,Bobby Bowden Field at Doak Campbell Stadium,82300.0,30.437547584621285,-84.30453398103501,82300.0,0.6695868772782503,0
401643801,2024,6,regular,2024-10-05 23:00:00+00:00,False,True,False,True,19976.0,3817.0,Malone Stadium,2433,UL Monroe,fbs,Sun Belt,21.0,"[0, 14, 0, 7]",0.8283641338348389,1240.0,1247.0,256,James Madison,fbs,Sun Belt,19.0,"[10, 3, 0, 6]",0.1716358661651611,1830.0,1823.0,5.595758821048348,Malone Stadium,30427.0,32.53106869451547,-92.06644075067642,30427.0,0.6565221678114832,0
401643798,2024,6,regular,2024-10-05 23:00:00+00:00,False,True,False,True,18552.0,3654.0,Brooks Stadium (SC),324,Coastal Carolina,fbs,Sun Belt,45.0,"[7, 14, 14, 10]",0.9837321639060974,1448.0,1456.0,295,Old Dominion,fbs,Sun Belt,37.0,"[7, 10, 7, 13]",0.0162678360939025,1377.0,1369.0,5.103882293881193,Brooks Stadium,22217.0,33.792838175224496,-79.01702282805255,9214.0,0.835036233514876,0
401643723,2024,6,regular,2024-10-05 23:00:00+00:00,False,True,False,True,37210.0,3653.0,Albertsons Stadium,68,Boise State,fbs,Mountain West,62.0,"[14, 35, 6, 7]",0.983163595199585,1677.0,1708.0,328,Utah State,fbs,Mountain West,30.0,"[3, 14, 7, 6]",0.016836404800415,1193.0,1162.0,2.649008775781136,Albertsons Stadium,37000.0,43.6027080538683,-116.19591236114502,37000.0,1.0,0
401643800,2024,6,regular,2024-10-05 23:00:00+00:00,False,True,False,True,21427.0,3625.0,Centennial Bank Stadium,2032,Arkansas State,fbs,Sun Belt,18.0,"[3, 3, 3, 9]",0.4255731403827667,1313.0,1317.0,6,South Alabama,fbs,Sun Belt,16.0,"[0, 3, 7, 6]",0.5744268596172333,1588.0,1584.0,6.176001129045938,Centennial Bank Stadium,30964.0,35.84899009532366,-90.66769494362912,30964.0,0.6919971579899238,0
401643802,2024,6,regular,2024-10-05 23:00:00+00:00,False,True,False,True,24041.0,3815.0,M. M. Roberts Stadium,2572,Southern Miss,fbs,Sun Belt,13.0,"[0, 13, 0, 0]",0.0828480926744626,1106.0,1120.0,309,Louisiana,fbs,Sun Belt,23.0,"[3, 14, 3, 3]",0.9171519073255374,1537.0,1523.0,3.8168976361,M. M. Roberts Stadium,36000.0,31.32897842661232,-89.33133065700531,36000.0,0.6678055555555555,0
401636889,2024,6,regular,2024-10-05 23:30:00+00:00,False,True,False,True,61500.0,3772.0,Jack Trice Stadium,66,Iowa State,fbs,Big 12,43.0,"[3, 16, 14, 10]",0.9558457732200624,1732.0,1760.0,239,Baylor,fbs,Big 12,21.0,"[7, 7, 7, 0]",0.0441542267799377,1485.0,1457.0,4.545177904250398,Jack Trice Stadium,61500.0,42.01400541108485,-93.6358094215393,61500.0,1.0,0
401643726,2024,6,regular,2024-10-05 23:30:00+00:00,False,True,False,True,17099.0,3935.0,CEFCU Stadium,23,San José State,fbs,Mountain West,35.0,"[7, 14, 7, 7]",0.473463624715805,1601.0,1594.0,2440,Nevada,fbs,Mountain West,31.0,"[7, 14, 7, 3]",0.526536375284195,1228.0,1235.0,6.560084570080647,Spartan Stadium,30456.0,37.320105186690846,-121.86811613079064,30456.0,0.5614328867874967,0
401628507,2024,6,regular,2024-10-05 23:30:00+00:00,False,True,False,True,50913.0,3953.0,Huntington Bank Stadium,135,Minnesota,fbs,Big Ten,24.0,"[3, 7, 0, 14]",0.5733951926231384,1506.0,1533.0,30,USC,fbs,Big Ten,17.0,"[0, 10, 7, 0]",0.4266048073768616,1786.0,1759.0,4.678179540982626,TCF Bank Stadium,52525.0,44.97652496911191,-93.224575817585,52525.0,0.9693098524512137,0
401628505,2024,6,regular,2024-10-05 23:30:00+00:00,False,True,False,True,72132.0,3765.0,Husky Stadium,264,Washington,fbs,Big Ten,27.0,"[7, 7, 0, 13]",0.9672155976295472,1762.0,1790.0,130,Michigan,fbs,Big Ten,17.0,"[0, 10, 7, 0]",0.0327844023704528,1906.0,1878.0,4.928699329047888,Husky Stadium,70500.0,47.65043054401222,-122.30291984739304,70500.0,1.0,0
401628379,2024,6,regular,2024-10-05 23:30:00+00:00,False,True,False,True,75573.0,3887.0,Razorback Stadium,8,Arkansas,fbs,SEC,19.0,"[3, 0, 7, 9]",0.7092388868331909,1485.0,1513.0,2633,Tennessee,fbs,SEC,14.0,"[0, 0, 14, 0]",0.2907611131668091,1975.0,1947.0,6.621208239819063,Donald W. Reynolds Razorback Stadium,72000.0,36.067850785167344,-94.17879581451416,72000.0,1.0,0
401628380,2024,6,regular,2024-10-05 23:45:00+00:00,False,True,False,False,90369.0,3634.0,Ben Hill Griffin Stadium,57,Florida,fbs,SEC,24.0,"[7, 17, 0, 0]",0.9724757075309752,1516.0,1537.0,2116,UCF,fbs,Big 12,13.0,"[3, 0, 3, 7]",0.0275242924690246,1531.0,1510.0,2.3992846496751765,Ben Hill Griffin Stadium,88548.0,29.649868677972304,-82.34866619110107,88548.0,1.0,0
401636888,2024,6,regular,2024-10-06 00:00:00+00:00,False,True,False,True,54639.0,3947.0,Mountain America Stadium,9,Arizona State,fbs,Big 12,35.0,"[7, 7, 0, 21]",0.9970276951789856,1506.0,1511.0,2305,Kansas,fbs,Big 12,31.0,"[7, 7, 3, 14]",0.0029723048210144,1575.0,1570.0,8.605481945861555,Sun Devil Stadium Frank Kush Field,71706.0,33.426364,-111.932616,71706.0,0.7619864446489834,0
401635570,2024,6,regular,2024-10-06 00:00:00+00:00,False,True,False,True,37287.0,721.0,Bobby Dodd Stadium,59,Georgia Tech,fbs,ACC,24.0,"[7, 3, 0, 14]",0.894904613494873,1545.0,1568.0,150,Duke,fbs,ACC,14.0,"[0, 7, 7, 0]",0.1050953865051269,1621.0,1598.0,4.220935481536408,Bobby Dodd Stadium at Historic Grant Field,55000.0,33.772556921319435,-84.39285278320312,55000.0,0.6779454545454545,0
401635568,2024,6,regular,2024-10-06 02:30:00+00:00,False,True,False,True,52428.0,3831.0,California Memorial Stadium,25,California,fbs,ACC,38.0,"[7, 14, 14, 3]",0.5155603885650635,1537.0,1549.0,2390,Miami,fbs,ACC,39.0,"[7, 3, 8, 21]",0.4844396114349365,1834.0,1822.0,5.2899739485667805,California Memorial Stadium,62717.0,37.87068660370429,-122.2507095336914,62717.0,0.8359455968876063,0
401636887,2024,6,regular,2024-10-06 03:00:00+00:00,False,True,False,True,45773.0,3619.0,Arizona Stadium,12,Arizona,fbs,Big 12,22.0,"[3, 0, 13, 6]",0.021289873868227,1694.0,1678.0,2641,Texas Tech,fbs,Big 12,28.0,"[7, 11, 0, 10]",0.978710126131773,1628.0,1644.0,6.574064411063272,Arizona Stadium,51811.0,32.228340232071496,-110.94903945922852,51811.0,0.8834610410916601,0
401640982,2024,7,regular,2024-10-08 23:00:00+00:00,False,True,False,True,16343.0,3992.0,Williams Stadium (VA),2335,Liberty,fbs,Conference USA,31.0,"[3, 14, 0, 7, 7]",0.9849969744682312,1589.0,1581.0,2229,Florida International,fbs,Conference USA,24.0,"[3, 7, 0, 14, 0]",0.0150030255317687,1257.0,1265.0,5.575549214423984,Williams Stadium,19200.0,37.354414,-79.175047,19200.0,0.8511979166666667,0
401641002,2024,7,regular,2024-10-09 23:30:00+00:00,False,True,False,True,16555.0,3662.0,AmFirst Stadium,55,Jacksonville State,fbs,Conference USA,54.0,"[7, 26, 14, 7]",0.986560583114624,1560.0,1637.0,166,New Mexico State,fbs,Conference USA,13.0,"[3, 3, 0, 7]",0.0134394168853759,1238.0,1161.0,3.2356494590579663,JSU Stadium,24000.0,33.82031030570401,-85.76646566390991,24000.0,0.6897916666666667,0
401643803,2024,7,regular,2024-10-10 23:30:00+00:00,False,True,False,True,25622.0,3651.0,Bridgeforth Stadium,256,James Madison,fbs,Sun Belt,39.0,"[7, 22, 7, 3]",0.9913663268089294,1823.0,1866.0,324,Coastal Carolina,fbs,Sun Belt,7.0,"[7, 0, 0, 0]",0.0086336731910705,1456.0,1413.0,2.8990087695057847,Bridgeforth Stadium,24878.0,38.43508893585215,-78.87340330403673,24878.0,1.0,0
401641009,2024,7,regular,2024-10-11 00:00:00+00:00,False,True,False,True,15072.0,3776.0,Joe Aillet Stadium,2348,Louisiana Tech,fbs,Conference USA,48.0,"[20, 14, 14, 0]",0.9903640151023864,1223.0,1288.0,2393,Middle Tennessee,fbs,Conference USA,21.0,"[14, 0, 7, 0]",0.0096359848976135,1181.0,1116.0,3.8041596957293153,Joe Aillet Stadium,30600.0,32.53223809915824,-92.6560188758494,30600.0,0.49254901960784314,0
401641030,2024,7,regular,2024-10-11 00:00:00+00:00,False,True,False,True,12723.0,3796.0,Houchens Industries-L.T. Smith Stadium,98,Western Kentucky,fbs,Conference USA,44.0,"[14, 13, 7, 10]",0.9953188300132751,1410.0,1454.0,2638,UTEP,fbs,Conference USA,17.0,"[7, 0, 10, 0]",0.0046811699867248,1181.0,1137.0,3.3952132096036083,Houchens Industries–L. T. Smith Stadium,22113.0,36.98487662989466,-86.459013971646,22113.0,0.5753629086962421,0
401628513,2024,7,regular,2024-10-12 00:00:00+00:00,False,True,False,True,39371.0,3665.0,SECU Stadium,120,Maryland,fbs,Big Ten,10.0,"[0, 7, 0, 3]",0.020320301875472,1642.0,1546.0,77,Northwestern,fbs,Big Ten,37.0,"[7, 10, 0, 20]",0.979679698124528,1473.0,1569.0,3.888886765537353,Byrd Stadium,51802.0,38.99120275144426,-76.94731173248788,51802.0,0.7600285703254701,0
401643733,2024,7,regular,2024-10-12 01:00:00+00:00,False,True,False,True,20295.0,3905.0,Maverik Stadium,328,Utah State,fbs,Mountain West,34.0,"[7, 0, 14, 13]",0.0319853313267231,1162.0,1172.0,2439,UNLV,fbs,Mountain West,50.0,"[14, 27, 6, 3]",0.9680146686732768,1675.0,1665.0,3.5288577413424003,Romney Stadium,25513.0,41.75153188612883,-111.81210567885644,25513.0,0.7954768157409948,0
401636892,2024,7,regular,2024-10-12 02:30:00+00:00,False,True,False,True,45310.0,3947.0,Mountain America Stadium,9,Arizona State,fbs,Big 12,27.0,"[6, 7, 7, 7]",0.7982373237609863,1511.0,1529.0,254,Utah,fbs,Big 12,19.0,"[6, 3, 7, 3]",0.2017626762390136,1607.0,1589.0,4.449459880157044,Sun Devil Stadium Frank Kush Field,71706.0,33.426364,-111.932616,71706.0,0.631885755724765,0
401644745,2024,7,regular,2024-10-12 16:00:00+00:00,False,True,False,True,13996.0,3965.0,UB Stadium,2084,Buffalo,fbs,Mid-American,30.0,"[7, 0, 14, 9]",1.0,1228.0,1294.0,2649,Toledo,fbs,Mid-American,15.0,"[0, 0, 7, 8]",0.0,1574.0,1508.0,3.6172234545022257,UB Stadium,29013.0,42.99906838239644,-78.7775194644928,29013.0,0.4824044393892393,0
401628517,2024,7,regular,2024-10-12 16:00:00+00:00,False,True,False,True,50111.0,6577.0,SHI Stadium,164,Rutgers,fbs,Big Ten,7.0,"[0, 0, 0, 7]",0.0006891470402479,1521.0,1436.0,275,Wisconsin,fbs,Big Ten,42.0,"[14, 0, 14, 14]",0.999310852959752,1644.0,1729.0,3.5733833096011014,High Point Solutions Stadium,52454.0,40.51378289308872,-74.46504457087282,52454.0,0.9553322911503412,0
401628512,2024,7,regular,2024-10-12 16:00:00+00:00,False,True,False,True,69250.0,3793.0,Kinnick Stadium,2294,Iowa,fbs,Big Ten,40.0,"[7, 13, 3, 17]",0.9860123991966248,1600.0,1683.0,264,Washington,fbs,Big Ten,16.0,"[0, 10, 0, 6]",0.0139876008033752,1790.0,1707.0,3.105873547623971,Kinnick Stadium,70585.0,41.65838893680983,-91.55147552490234,70585.0,0.9810866331373521,0
401644743,2024,7,regular,2024-10-12 16:00:00+00:00,False,True,False,True,7322.0,3696.0,Dix Stadium,2309,Kent State,fbs,Mid-American,35.0,"[0, 7, 7, 21]",0.2648608386516571,922.0,928.0,2050,Ball State,fbs,Mid-American,37.0,"[10, 10, 7, 10]",0.7351391613483429,1091.0,1085.0,5.165950219142929,Dix Stadium,25000.0,41.13908682549516,-81.31343945860863,25000.0,0.29288,0
401645342,2024,7,regular,2024-10-12 16:00:00+00:00,False,True,False,True,29002.0,3841.0,Michie Stadium,349,Army,fbs,American Athletic,44.0,"[20, 14, 7, 3]",1.0,1606.0,1643.0,5,UAB,fbs,American Athletic,10.0,"[3, 0, 0, 7]",0.0,1128.0,1091.0,4.139247461329194,Michie Stadium,38000.0,41.38708043477422,-73.96408081054688,38000.0,0.7632105263157895,0
401628385,2024,7,regular,2024-10-12 16:00:00+00:00,False,True,False,True,100077.0,3657.0,Bryant-Denny Stadium,333,Alabama,fbs,SEC,27.0,"[7, 7, 0, 13]",0.7796367406845093,2014.0,2010.0,2579,South Carolina,fbs,SEC,25.0,"[0, 12, 7, 6]",0.2203632593154907,1654.0,1658.0,5.932774080878053,Bryant–Denny Stadium,101821.0,33.2074899449518,-87.5503921508789,101821.0,0.9828719026526944,0
401635577,2024,7,regular,2024-10-12 16:00:00+00:00,False,True,False,True,44482.0,3787.0,Kenan Stadium,153,North Carolina,fbs,ACC,34.0,"[7, 7, 10, 10]",0.075326383113861,1497.0,1489.0,59,Georgia Tech,fbs,ACC,41.0,"[7, 13, 7, 14]",0.9246736168861388,1568.0,1576.0,6.737118202591687,Kenan Memorial Stadium,62980.0,35.90698834747853,-79.04791831970215,62980.0,0.706287710384249,0
401628389,2024,7,regular,2024-10-12 16:00:00+00:00,False,True,False,False,16102.0,3985.0,Warren McGuirk Alumni Stadium,113,Massachusetts,fbs,FBS Independents,3.0,"[0, 3, 0, 0]",0.0045592971146106,1070.0,1025.0,142,Missouri,fbs,SEC,45.0,"[14, 10, 21, 0]",0.9954407028853892,1692.0,1737.0,2.964388205224502,Warren McGuirk Alumni Stadium,17000.0,42.377513236004525,-72.53562686052412,17000.0,0.9471764705882353,0
401635576,2024,7,regular,2024-10-12 16:00:00+00:00,False,True,False,True,31553.0,3630.0,Allegacy Federal Credit Union Stadium,154,Wake Forest,fbs,ACC,14.0,"[7, 7, 0, 0]",0.0205763522535562,1390.0,1343.0,228,Clemson,fbs,ACC,49.0,"[0, 28, 14, 7]",0.9794236477464436,1817.0,1864.0,4.084976603226811,BB&T Field,31500.0,36.09183481061275,-80.25534152984619,31500.0,1.0,0
401644685,2024,7,regular,2024-10-12 18:00:00+00:00,False,True,False,True,16903.0,3912.0,Rynearson Stadium,2199,Eastern Michigan,fbs,Mid-American,14.0,"[7, 0, 7, 0]",0.0004365760833024,1310.0,1261.0,193,Miami (OH),fbs,Mid-American,38.0,"[7, 14, 0, 17]",0.9995634239166976,1437.0,1486.0,3.968206402911867,Rynearson Stadium,30200.0,42.2557607087688,-83.64775657653809,30200.0,0.5597019867549669,0
401635575,2024,7,regular,2024-10-12 19:30:00+00:00,False,True,False,True,49773.0,3752.0,Acrisure Stadium,221,Pittsburgh,fbs,ACC,17.0,"[7, 10, 0, 0]",0.3935903906822204,1512.0,1513.0,25,California,fbs,ACC,15.0,"[6, 3, 0, 6]",0.6064096093177795,1549.0,1548.0,4.797974682802336,Heinz Field,68400.0,40.44678376501633,-80.01575589179993,68400.0,0.7276754385964912,0
401644742,2024,7,regular,2024-10-12 19:30:00+00:00,False,True,False,True,19507.0,3980.0,Waldo Stadium,2711,Western Michigan,fbs,Mid-American,34.0,"[0, 24, 7, 3]",0.9201413989067078,1217.0,1223.0,2006,Akron,fbs,Mid-American,24.0,"[10, 7, 7, 0]",0.0798586010932922,1055.0,1049.0,5.792504416419392,Waldo Stadium,30200.0,42.285755487470176,-85.60100421309471,30200.0,0.6459271523178808,0
401644744,2024,7,regular,2024-10-12 19:30:00+00:00,False,True,False,True,9559.0,3700.0,Doyt L. Perry Stadium,189,Bowling Green,fbs,Mid-American,7.0,"[7, 0, 0, 0]",0.0,1424.0,1406.0,2459,Northern Illinois,fbs,Mid-American,17.0,"[3, 3, 0, 11]",1.0,1452.0,1470.0,4.748623967988504,Doyt Perry Stadium,23724.0,41.37805439803228,-83.62248212099075,23724.0,0.40292530770527735,0
401643732,2024,7,regular,2024-10-12 19:30:00+00:00,False,True,False,True,23155.0,3984.0,War Memorial Stadium,2751,Wyoming,fbs,Mountain West,24.0,"[7, 7, 3, 7]",0.0136657170951366,1286.0,1285.0,21,San Diego State,fbs,Mountain West,27.0,"[10, 7, 0, 10]",0.9863342829048634,1343.0,1344.0,7.082121173816998,War Memorial Stadium,29181.0,41.31193599299248,-105.56906461715698,29181.0,0.7934957677941126,0
401628981,2024,7,regular,2024-10-12 19:30:00+00:00,False,True,False,False,77622.0,3855.0,Notre Dame Stadium,87,Notre Dame,fbs,FBS Independents,49.0,"[7, 14, 21, 7]",0.9925447702407836,1994.0,2026.0,24,Stanford,fbs,ACC,7.0,"[7, 0, 0, 0]",0.0074552297592163,1261.0,1229.0,3.303728214444246,Notre Dame Stadium,80795.0,41.69842312158612,-86.23382449150085,80795.0,0.9607277678074139,0
401635578,2024,7,regular,2024-10-12 19:30:00+00:00,False,True,False,True,32688.0,3923.0,Scott Stadium,258,Virginia,fbs,ACC,20.0,"[7, 0, 6, 7]",8.440273813903332e-05,1412.0,1424.0,97,Louisville,fbs,ACC,24.0,"[0, 7, 10, 7]",0.999915597261861,1707.0,1695.0,6.237201452785016,Scott Stadium,61500.0,38.03112372855688,-78.51370811462402,61500.0,0.5315121951219512,0
401636895,2024,7,regular,2024-10-12 19:30:00+00:00,False,True,False,True,42611.0,3652.0,FBC Mortgage Stadium,2116,UCF,fbs,Big 12,13.0,"[0, 3, 7, 3]",0.5972757339477539,1510.0,1501.0,2132,Cincinnati,fbs,Big 12,19.0,"[3, 7, 3, 6]",0.4027242660522461,1529.0,1538.0,5.835677390572894,Bright House Networks Stadium,45323.0,28.607958859227068,-81.1929988861084,45323.0,0.94016283123359,0
401628511,2024,7,regular,2024-10-12 19:30:00+00:00,False,True,False,True,55815.0,3832.0,"Memorial Stadium (Champaign, IL)",356,Illinois,fbs,Big Ten,50.0,"[10, 14, 3, 16, 7]",0.4977999627590179,1551.0,1541.0,2509,Purdue,fbs,Big Ten,49.0,"[0, 3, 17, 23, 6]",0.5022000372409821,1214.0,1224.0,5.179256788410114,Memorial Stadium,60670.0,40.09930573133053,-88.23598623275757,60670.0,0.9199769243448163,0
401628516,2024,7,regular,2024-10-12 19:30:00+00:00,False,True,False,True,75250.0,477.0,Los Angeles Memorial Coliseum,30,USC,fbs,Big Ten,30.0,"[7, 13, 3, 7, 0]",0.845148503780365,1759.0,1763.0,213,Penn State,fbs,Big Ten,33.0,"[3, 3, 14, 10, 3]",0.154851496219635,1901.0,1897.0,7.435288652766232,Los Angeles Memorial Coliseum,93607.0,34.01400974062912,-118.28789591789246,93607.0,0.803892871259628,0
401636893,2024,7,regular,2024-10-12 20:00:00+00:00,False,True,False,True,64420.0,3801.0,LaVell Edwards Stadium,252,BYU,fbs,Big 12,41.0,"[0, 14, 13, 14]",0.980163276195526,1603.0,1665.0,12,Arizona,fbs,Big 12,19.0,"[7, 0, 3, 9]",0.0198367238044738,1678.0,1616.0,3.951878786589223,LaVell Edwards Stadium,63725.0,40.25748799746312,-111.65443897247314,63725.0,1.0,0
401644746,2024,7,regular,2024-10-12 20:00:00+00:00,False,True,False,True,22437.0,3786.0,Kelly/Shorts Stadium,2117,Central Michigan,fbs,Mid-American,25.0,"[0, 0, 8, 17]",0.5244964957237244,1180.0,1189.0,195,Ohio,fbs,Mid-American,27.0,"[3, 21, 0, 3]",0.4755035042762756,1414.0,1405.0,5.5026236644584126,Kelly/Shorts Stadium,32885.0,43.577612282574535,-84.77082967758179,32885.0,0.6822867568800365,0
401628386,2024,7,regular,2024-10-12 20:15:00+00:00,False,True,False,True,93033.0,3917.0,Sanford Stadium,61,Georgia,fbs,SEC,41.0,"[10, 17, 7, 7]",0.8298102617263794,2033.0,2009.0,344,Mississippi State,fbs,SEC,31.0,"[3, 7, 14, 7]",0.1701897382736206,1371.0,1395.0,3.818850203413535,Sanford Stadium,92746.0,33.949821489498824,-83.37344169616699,92746.0,1.0,0
401643807,2024,7,regular,2024-10-12 21:00:00+00:00,False,True,False,True,22645.0,3817.0,Malone Stadium,2433,UL Monroe,fbs,Sun Belt,38.0,"[7, 7, 3, 21]",1.0,1247.0,1272.0,2572,Southern Miss,fbs,Sun Belt,21.0,"[3, 3, 8, 7]",0.0,1120.0,1095.0,4.119005874457292,Malone Stadium,30427.0,32.53106869451547,-92.06644075067642,30427.0,0.7442403128800079,0
401643730,2024,7,regular,2024-10-12 23:00:00+00:00,False,True,False,False,41031.0,3660.0,Valley Children's Stadium,278,Fresno State,fbs,Mountain West,17.0,"[7, 0, 7, 3]",0.4026740548379605,1518.0,1505.0,265,Washington State,fbs,Pac-12,25.0,"[13, 0, 3, 9]",0.5973259451620394,1550.0,1563.0,5.9016419656,Bulldog Stadium,41031.0,36.81431969524593,-119.75810156690552,41031.0,1.0,0
401643727,2024,7,regular,2024-10-12 23:00:00+00:00,False,True,False,True,15561.0,3971.0,University Stadium (NM),167,New Mexico,fbs,Mountain West,52.0,"[7, 21, 17, 7]",0.9362213015556335,1228.0,1271.0,2005,Air Force,fbs,Mountain West,37.0,"[3, 14, 0, 20]",0.0637786984443664,1353.0,1310.0,3.502879105672355,University Stadium,39224.0,35.06761048267165,-106.6281028358157,39224.0,0.39672139506424636,0
401645344,2024,7,regular,2024-10-12 23:00:00+00:00,False,True,False,True,18660.0,3895.0,Rice Stadium,242,Rice,fbs,American Athletic,29.0,"[0, 9, 14, 6]",0.8926241993904114,1219.0,1222.0,2636,UTSA,fbs,American Athletic,27.0,"[0, 10, 3, 14]",0.1073758006095886,1374.0,1371.0,7.833819706575591,Rice Stadium,47000.0,29.71623402909437,-95.40926456451416,47000.0,0.39702127659574465,0
401628391,2024,7,regular,2024-10-12 23:00:00+00:00,False,True,False,True,101915.0,3853.0,Neyland Stadium,2633,Tennessee,fbs,SEC,23.0,"[0, 0, 10, 7, 6]",0.8346436619758606,1947.0,1936.0,57,Florida,fbs,SEC,17.0,"[3, 0, 7, 7, 0]",0.1653563380241394,1537.0,1548.0,6.810202313184021,Neyland Stadium,102455.0,35.95473437262258,-83.92533302307129,102455.0,0.994729393392221,0
401645343,2024,7,regular,2024-10-12 23:00:00+00:00,False,True,False,True,14576.0,3715.0,FAU Stadium,2226,Florida Atlantic,fbs,American Athletic,37.0,"[7, 20, 7, 3]",0.9890259504318236,1275.0,1280.0,249,North Texas,fbs,American Athletic,41.0,"[14, 3, 10, 14]",0.0109740495681762,1464.0,1459.0,7.340358695286385,FAU Stadium,30000.0,26.3754535636523,-80.10168313980103,30000.0,0.48586666666666667,0
401643808,2024,7,regular,2024-10-12 23:00:00+00:00,False,True,False,True,28000.0,3644.0,Bobcat Stadium (TX),326,Texas State,fbs,Sun Belt,41.0,"[14, 3, 14, 10]",0.9880865812301636,1584.0,1639.0,2032,Arkansas State,fbs,Sun Belt,9.0,"[3, 6, 0, 0]",0.0119134187698364,1317.0,1262.0,3.1800871571036144,Bobcat Stadium,30000.0,29.89134454879716,-97.92531180559462,30000.0,0.9333333333333333,0
401628388,2024,7,regular,2024-10-12 23:30:00+00:00,False,True,False,True,102212.0,3958.0,Tiger Stadium (LA),99,LSU,fbs,SEC,29.0,"[0, 13, 3, 7, 6]",0.2957136631011963,1874.0,1875.0,145,Ole Miss,fbs,SEC,26.0,"[0, 17, 3, 3, 3]",0.7042863368988037,1906.0,1905.0,10.014421124674865,Tiger Stadium,102321.0,30.4120123982997,-91.183819770813,102321.0,0.9989347250320071,0
401643731,2024,7,regular,2024-10-12 23:30:00+00:00,False,True,False,False,21541.0,3816.0,Mackay Stadium,2440,Nevada,fbs,Mountain West,42.0,"[7, 7, 7, 21]",0.9812478423118592,1235.0,1257.0,204,Oregon State,fbs,Pac-12,37.0,"[7, 10, 7, 13]",0.0187521576881408,1609.0,1587.0,6.365450160254874,Mackay Stadium,30000.0,39.54692485017159,-119.8175597190857,30000.0,0.7180333333333333,0
401628515,2024,7,regular,2024-10-12 23:30:00+00:00,False,True,False,True,60129.0,3626.0,Autzen Stadium,2483,Oregon,fbs,Big Ten,32.0,"[6, 16, 0, 10]",0.5034250020980835,1971.0,1975.0,194,Ohio State,fbs,Big Ten,31.0,"[7, 14, 7, 3]",0.4965749979019165,2080.0,2076.0,7.863148217991516,Autzen Stadium,54000.0,44.058272724266615,-123.0685043334961,54000.0,1.0,0
401643806,2024,7,regular,2024-10-12 23:30:00+00:00,False,True,False,True,14058.0,3666.0,Cajun Field,309,Louisiana,fbs,Sun Belt,34.0,"[3, 14, 3, 14]",0.9915509819984436,1523.0,1527.0,2026,App State,fbs,Sun Belt,24.0,"[0, 14, 3, 7]",0.0084490180015563,1334.0,1330.0,5.458345709162929,Cajun Field,36900.0,30.21579609675613,-92.01626413552384,36900.0,0.38097560975609757,0
401628387,2024,7,regular,2024-10-12 23:45:00+00:00,False,True,False,True,62120.0,3683.0,Kroger Field,96,Kentucky,fbs,SEC,13.0,"[0, 7, 0, 6]",0.5447068810462952,1686.0,1645.0,238,Vanderbilt,fbs,SEC,20.0,"[7, 7, 3, 3]",0.4552931189537048,1359.0,1400.0,3.819952962320292,Commonwealth Stadium,62093.0,38.02262168129363,-84.50520515441895,62093.0,1.0,0
401635574,2024,7,regular,2024-10-13 00:00:00+00:00,False,True,False,True,56919.0,3670.0,Carter-Finley Stadium,152,NC State,fbs,ACC,17.0,"[0, 7, 0, 10]",0.7724953293800354,1473.0,1454.0,183,Syracuse,fbs,ACC,24.0,"[3, 7, 7, 7]",0.2275046706199646,1404.0,1423.0,4.593175310001405,Carter–Finley Stadium,57583.0,35.80075968207897,-78.71948719024658,57583.0,0.9884688189222514,0
401643804,2024,7,regular,2024-10-13 00:00:00+00:00,False,True,False,True,24048.0,3608.0,Allen E. Paulson Stadium,290,Georgia Southern,fbs,Sun Belt,24.0,"[3, 0, 0, 21]",0.6515949964523315,1370.0,1371.0,276,Marshall,fbs,Sun Belt,23.0,"[6, 10, 7, 0]",0.3484050035476684,1394.0,1393.0,5.256480778244205,Paulson Stadium,24300.0,32.41221167634779,-81.78317070007324,24300.0,0.9896296296296296,0
401636896,2024,7,regular,2024-10-13 00:00:00+00:00,False,True,False,True,55202.0,3842.0,Milan Puskar Stadium,277,West Virginia,fbs,Big 12,16.0,"[7, 3, 0, 6]",0.0602878630161285,1610.0,1597.0,66,Iowa State,fbs,Big 12,28.0,"[0, 14, 0, 14]",0.9397121369838716,1760.0,1773.0,4.8661659701257,Mountaineer Field at Milan Puskar Stadium,60000.0,39.65221992482815,-79.9551753012939,60000.0,0.9200333333333334,0
401628514,2024,7,regular,2024-10-13 01:00:00+00:00,False,True,False,True,42012.0,1056.0,Rose Bowl,26,UCLA,fbs,Big Ten,17.0,"[7, 3, 0, 7]",0.2941101789474487,1453.0,1452.0,135,Minnesota,fbs,Big Ten,21.0,"[0, 0, 14, 7]",0.7058898210525513,1533.0,1534.0,5.011058792371055,Rose Bowl,92542.0,34.16156958726264,-118.1676149368286,92542.0,0.4539776533898122,0
401636894,2024,7,regular,2024-10-13 02:15:00+00:00,False,True,False,True,53972.0,3726.0,Folsom Field,38,Colorado,fbs,Big 12,28.0,"[7, 0, 7, 14]",0.5851468443870544,1479.0,1490.0,2306,Kansas State,fbs,Big 12,31.0,"[7, 7, 10, 7]",0.4148531556129455,1754.0,1743.0,6.2557581438811125,Folsom Field,50183.0,40.00939837446321,-105.26688694953918,50183.0,1.0,0
401641019,2024,8,regular,2024-10-16 00:00:00+00:00,False,True,False,True,10200.0,3725.0,Johnny Red Floyd Stadium,2393,Middle Tennessee,fbs,Conference USA,14.0,"[7, 0, 7, 0]",0.6059287786483765,1116.0,1142.0,338,Kennesaw State,fbs,Conference USA,5.0,"[2, 0, 0, 3]",0.3940712213516235,1281.0,1255.0,3.9708541209811847,"Johnny ""Red"" Floyd Stadium",31000.0,35.85110908054087,-86.36844992637634,31000.0,0.32903225806451614,0
401641010,2024,8,regular,2024-10-16 01:00:00+00:00,False,True,False,True,9671.0,3601.0,Aggie Memorial Stadium,166,New Mexico State,fbs,Conference USA,33.0,"[0, 10, 7, 7, 3, 6]",0.6458162069320679,1161.0,1164.0,2348,Louisiana Tech,fbs,Conference USA,30.0,"[0, 14, 0, 10, 3, 3]",0.3541837930679321,1288.0,1285.0,8.600416261731684,Aggie Memorial Stadium,30343.0,32.27974938226407,-106.74113631248474,30343.0,0.3187226048841578,0
401641038,2024,8,regular,2024-10-16 23:00:00+00:00,False,True,False,True,8914.0,3647.0,Elliott T. Bowers Stadium,2534,Sam Houston,fbs,Conference USA,14.0,"[0, 14, 0, 0]",0.0,1464.0,1422.0,98,Western Kentucky,fbs,Conference USA,31.0,"[7, 10, 0, 14]",1.0,1454.0,1496.0,5.311077546785247,Bowers Stadium,14000.0,30.71394673763343,-95.54191589355467,14000.0,0.6367142857142857,0
401640983,2024,8,regular,2024-10-17 01:00:00+00:00,False,True,False,True,11373.0,3946.0,Sun Bowl,2638,UTEP,fbs,Conference USA,30.0,"[3, 14, 3, 10]",0.840137779712677,1137.0,1161.0,2229,Florida International,fbs,Conference USA,21.0,"[7, 7, 7, 0]",0.159862220287323,1265.0,1241.0,5.450209147901211,Sun Bowl Stadium,51500.0,31.77334530512776,-106.50789678096773,51500.0,0.22083495145631069,0
401643810,2024,8,regular,2024-10-17 23:00:00+00:00,False,True,False,True,20703.0,3775.0,Joan C. Edwards Stadium,276,Marshall,fbs,Sun Belt,35.0,"[11, 14, 0, 10]",0.9758923649787904,1393.0,1417.0,2247,Georgia State,fbs,Sun Belt,20.0,"[0, 10, 7, 3]",0.0241076350212097,1315.0,1291.0,3.292274188249841,Joan C. Edwards Stadium,38019.0,38.42486536179161,-82.42185831069946,38019.0,0.5445435177148268,0
401634768,2024,8,regular,2024-10-17 23:30:00+00:00,False,True,False,True,65632.0,3799.0,Lane Stadium,259,Virginia Tech,fbs,ACC,42.0,"[14, 14, 0, 14]",0.9866065382957458,1644.0,1674.0,103,Boston College,fbs,ACC,21.0,"[0, 0, 21, 0]",0.0133934617042541,1448.0,1418.0,2.427537921731776,Lane Stadium,66233.0,37.2199742830054,-80.41805505752563,66233.0,0.99092597345734,0
401634769,2024,8,regular,2024-10-18 23:00:00+00:00,False,True,False,True,30735.0,3982.0,Wallace Wade Stadium,150,Duke,fbs,ACC,23.0,"[7, 10, 3, 3]",0.9367383122444152,1598.0,1604.0,52,Florida State,fbs,ACC,16.0,"[3, 3, 7, 3]",0.0632616877555847,1532.0,1526.0,3.870999752569357,Wallace Wade Stadium,33941.0,35.9953166502013,-78.94172430038452,33941.0,0.9055419698889249,0
401628523,2024,8,regular,2024-10-19 00:00:00+00:00,False,True,False,True,57463.0,3907.0,Ross-Ade Stadium,2509,Purdue,fbs,Big Ten,0.0,"[0, 0, 0, 0]",0.0147117441520094,1224.0,1212.0,2483,Oregon,fbs,Big Ten,35.0,"[14, 7, 0, 14]",0.9852882558479904,1975.0,1987.0,3.239203073613974,Ross–Ade Stadium,56400.0,40.434323,-86.918485,56400.0,1.0,0
401636898,2024,8,regular,2024-10-19 02:15:00+00:00,False,True,False,True,62841.0,3801.0,LaVell Edwards Stadium,252,BYU,fbs,Big 12,38.0,"[7, 7, 14, 10]",0.7566320300102234,1665.0,1664.0,197,Oklahoma State,fbs,Big 12,35.0,"[7, 14, 0, 14]",0.2433679699897766,1489.0,1490.0,6.999418650820871,LaVell Edwards Stadium,63725.0,40.25748799746312,-111.65443897247314,63725.0,0.9861278932914869,0
401643735,2024,8,regular,2024-10-19 02:30:00+00:00,False,True,False,True,18319.0,3816.0,Mackay Stadium,2440,Nevada,fbs,Mountain West,21.0,"[7, 14, 0, 0]",0.0747996866703033,1257.0,1267.0,278,Fresno State,fbs,Mountain West,24.0,"[3, 14, 7, 0]",0.9252003133296968,1505.0,1495.0,6.196437684814096,Mackay Stadium,30000.0,39.54692485017159,-119.8175597190857,30000.0,0.6106333333333334,0
401628519,2024,8,regular,2024-10-19 16:00:00+00:00,False,True,False,True,53082.0,3830.0,"Memorial Stadium (Bloomington, IN)",84,Indiana,fbs,Big Ten,56.0,"[7, 21, 14, 14]",0.9864884614944458,1648.0,1791.0,158,Nebraska,fbs,Big Ten,7.0,"[0, 7, 0, 0]",0.0135115385055542,1597.0,1454.0,2.70777878082143,Memorial Stadium,52959.0,39.18090913372923,-86.52557373046875,52959.0,1.0,0
401629034,2024,8,regular,2024-10-19 16:00:00+00:00,False,True,False,False,30122.0,3892.0,Pratt & Whitney Stadium,41,UConn,fbs,FBS Independents,20.0,"[3, 3, 7, 7]",0.1908698081970214,1434.0,1424.0,154,Wake Forest,fbs,ACC,23.0,"[3, 10, 7, 3]",0.8091301918029785,1343.0,1353.0,5.400494261464476,Rentschler Field,40000.0,41.75988427820291,-72.61894226074219,40000.0,0.75305,0
401635588,2024,8,regular,2024-10-19 16:00:00+00:00,False,True,False,True,80100.0,3836.0,"Memorial Stadium (Clemson, SC)",228,Clemson,fbs,ACC,48.0,"[3, 14, 21, 10]",0.9713402986526488,1864.0,1863.0,258,Virginia,fbs,ACC,31.0,"[3, 7, 0, 21]",0.028659701347351,1424.0,1425.0,4.398025565166455,Memorial Stadium,81500.0,34.67874665741346,-82.84317970275879,81500.0,0.9828220858895705,0
401628395,2024,8,regular,2024-10-19 16:00:00+00:00,False,True,False,True,62621.0,3838.0,Memorial Stadium,142,Missouri,fbs,SEC,21.0,"[3, 0, 3, 15]",0.3512254953384399,1737.0,1735.0,2,Auburn,fbs,SEC,17.0,"[0, 3, 14, 0]",0.6487745046615601,1550.0,1552.0,6.958922973553182,Faurot Field,71168.0,38.93589529672232,-92.33311414718628,71168.0,0.8799038893884892,0
401635589,2024,8,regular,2024-10-19 16:00:00+00:00,False,True,False,True,59115.0,3873.0,L&N Federal Credit Union Stadium,97,Louisville,fbs,ACC,45.0,"[7, 10, 14, 14]",0.4344169199466705,1695.0,1691.0,2390,Miami,fbs,ACC,52.0,"[10, 14, 14, 14]",0.5655830800533295,1822.0,1826.0,7.676636998140976,Papa John's Cardinal Stadium,55000.0,38.20542168521144,-85.75810561566809,55000.0,1.0,0
401645346,2024,8,regular,2024-10-19 16:00:00+00:00,False,True,False,True,23044.0,3841.0,Michie Stadium,349,Army,fbs,American Athletic,45.0,"[7, 17, 14, 7]",1.0,1643.0,1649.0,151,East Carolina,fbs,American Athletic,28.0,"[0, 0, 7, 21]",0.0,1298.0,1292.0,1.8072816939294,Michie Stadium,38000.0,41.38708043477422,-73.96408081054688,38000.0,0.606421052631579,0
401628524,2024,8,regular,2024-10-19 16:00:00+00:00,False,True,False,True,53726.0,6577.0,SHI Stadium,164,Rutgers,fbs,Big Ten,32.0,"[7, 3, 9, 13]",0.2262929528951645,1436.0,1432.0,26,UCLA,fbs,Big Ten,35.0,"[7, 14, 7, 7]",0.7737070471048355,1452.0,1456.0,5.6914151695824335,High Point Solutions Stadium,52454.0,40.51378289308872,-74.46504457087282,52454.0,1.0,0
401636899,2024,8,regular,2024-10-19 16:00:00+00:00,False,True,False,True,38007.0,3854.0,Nippert Stadium,2132,Cincinnati,fbs,Big 12,24.0,"[10, 14, 0, 0]",0.9564058780670166,1538.0,1554.0,9,Arizona State,fbs,Big 12,14.0,"[7, 0, 7, 0]",0.0435941219329834,1529.0,1513.0,3.521534842171289,Nippert Stadium,40000.0,39.13128425273405,-84.51626143741578,40000.0,0.950175,0
401643811,2024,8,regular,2024-10-19 16:00:00+00:00,False,True,False,True,17812.0,3654.0,Brooks Stadium (SC),324,Coastal Carolina,fbs,Sun Belt,24.0,"[0, 14, 3, 7]",0.0376482562118136,1413.0,1402.0,309,Louisiana,fbs,Sun Belt,34.0,"[7, 10, 0, 17]",0.9623517437881864,1527.0,1538.0,6.4922501001,Brooks Stadium,22217.0,33.792838175224496,-79.01702282805255,9214.0,0.8017284061754513,0
401628396,2024,8,regular,2024-10-19 16:45:00+00:00,False,True,False,True,83331.0,3835.0,"Memorial Stadium (Norman, OK)",201,Oklahoma,fbs,SEC,9.0,"[0, 3, 6, 0]",0.1511518928251808,1780.0,1694.0,2579,South Carolina,fbs,SEC,35.0,"[21, 11, 0, 3]",0.8488481071748192,1658.0,1744.0,1.9556014898,Gaylord Family Oklahoma Memorial Stadium,82112.0,35.20589959488508,-97.44255065917967,82112.0,1.0,0
401645351,2024,8,regular,2024-10-19 18:00:00+00:00,False,True,False,True,18721.0,3806.0,Lincoln Financial Field,218,Temple,fbs,American Athletic,20.0,"[3, 14, 0, 3]",0.9404991269111632,1113.0,1126.0,202,Tulsa,fbs,American Athletic,10.0,"[0, 0, 10, 0]",0.0595008730888366,1060.0,1047.0,3.382527914711326,Lincoln Financial Field,68532.0,39.900748900488125,-75.16749143600464,68532.0,0.2731716570361291,0
401644750,2024,8,regular,2024-10-19 18:00:00+00:00,False,True,False,True,17974.0,3912.0,Rynearson Stadium,2199,Eastern Michigan,fbs,Mid-American,38.0,"[10, 6, 0, 22]",0.8311103582382202,1261.0,1262.0,2117,Central Michigan,fbs,Mid-American,34.0,"[0, 14, 13, 7]",0.1688896417617797,1189.0,1188.0,5.890326306878259,Rynearson Stadium,30200.0,42.2557607087688,-83.64775657653809,30200.0,0.5951655629139073,0
401645350,2024,8,regular,2024-10-19 19:30:00+00:00,False,True,False,True,22897.0,4729.0,Yulman Stadium,2655,Tulane,fbs,American Athletic,24.0,"[3, 7, 0, 14]",0.9935743808746338,1751.0,1738.0,242,Rice,fbs,American Athletic,10.0,"[0, 7, 3, 0]",0.0064256191253662,1222.0,1235.0,5.058264463347478,Benson Field at Yulman Stadium,30000.0,29.945898112528432,-90.11519112306328,30000.0,0.7632333333333333,0
401644751,2024,8,regular,2024-10-19 19:30:00+00:00,False,True,False,True,18350.0,3764.0,Huskie Stadium,2459,Northern Illinois,fbs,Mid-American,6.0,"[3, 3, 0, 0]",0.4665923714637756,1470.0,1460.0,2649,Toledo,fbs,Mid-American,13.0,"[0, 7, 3, 3]",0.5334076285362244,1508.0,1518.0,5.654923866645938,Huskie Stadium,25500.0,41.934014,-88.778222,25500.0,0.7196078431372549,0
401644748,2024,8,regular,2024-10-19 19:30:00+00:00,False,True,False,True,20858.0,3700.0,Doyt L. Perry Stadium,189,Bowling Green,fbs,Mid-American,27.0,"[10, 10, 0, 7]",0.9956725835800172,1406.0,1410.0,2309,Kent State,fbs,Mid-American,6.0,"[3, 3, 0, 0]",0.0043274164199829,928.0,924.0,3.554507312152441,Doyt Perry Stadium,23724.0,41.37805439803228,-83.62248212099075,23724.0,0.8791940650817738,0
401628518,2024,8,regular,2024-10-19 19:30:00+00:00,False,True,False,True,60670.0,3832.0,"Memorial Stadium (Champaign, IL)",356,Illinois,fbs,Big Ten,21.0,"[3, 10, 8, 0]",0.9921573996543884,1541.0,1602.0,130,Michigan,fbs,Big Ten,7.0,"[0, 7, 0, 0]",0.0078426003456115,1878.0,1817.0,3.292831516970069,Memorial Stadium,60670.0,40.09930573133053,-88.23598623275757,60670.0,1.0,0
401644686,2024,8,regular,2024-10-19 19:30:00+00:00,False,True,False,True,17021.0,3996.0,Yager Stadium,193,Miami (OH),fbs,Mid-American,30.0,"[3, 13, 14, 0]",0.969575583934784,1486.0,1497.0,195,Ohio,fbs,Mid-American,20.0,"[0, 0, 6, 14]",0.030424416065216,1405.0,1394.0,2.6801207401442384,Yager Stadium,24286.0,39.51942113142349,-84.73335450140017,24286.0,0.7008564605122293,0
401644749,2024,8,regular,2024-10-19 19:30:00+00:00,False,True,False,True,18487.0,3965.0,UB Stadium,2084,Buffalo,fbs,Mid-American,41.0,"[10, 7, 7, 17]",0.5770455002784729,1294.0,1275.0,2711,Western Michigan,fbs,Mid-American,48.0,"[7, 21, 7, 13]",0.4229544997215271,1223.0,1242.0,6.95619988524523,UB Stadium,29013.0,42.99906838239644,-78.7775194644928,29013.0,0.6371971185330714,0
401643736,2024,8,regular,2024-10-19 19:30:00+00:00,False,True,False,False,25112.0,3820.0,Gesa Field,265,Washington State,fbs,Pac-12,42.0,"[7, 14, 7, 14]",0.98169606924057,1563.0,1608.0,62,Hawai'i,fbs,Mountain West,10.0,"[3, 0, 7, 0]",0.0183039307594299,1212.0,1167.0,2.9640863034941414,Martin Stadium,32248.0,46.731967978653024,-117.16058578781136,32248.0,0.778714959067229,0
401628397,2024,8,regular,2024-10-19 19:30:00+00:00,False,True,False,True,101915.0,3853.0,Neyland Stadium,2633,Tennessee,fbs,SEC,24.0,"[0, 0, 14, 10]",0.9950047135353088,1936.0,1950.0,333,Alabama,fbs,SEC,17.0,"[0, 7, 3, 7]",0.0049952864646911,2010.0,1996.0,6.986754327403018,Neyland Stadium,102455.0,35.95473437262258,-83.92533302307129,102455.0,0.994729393392221,0
401645348,2024,8,regular,2024-10-19 19:30:00+00:00,False,True,False,True,20802.0,3604.0,Alamodome,2636,UTSA,fbs,American Athletic,38.0,"[3, 14, 7, 14]",0.7265111804008484,1371.0,1391.0,2226,Florida Atlantic,fbs,American Athletic,24.0,"[7, 10, 7, 0]",0.2734888195991516,1280.0,1260.0,6.823454332688041,Alamodome,65000.0,29.41693712868156,-98.47890257835388,65000.0,0.32003076923076923,0
401645347,2024,8,regular,2024-10-19 19:30:00+00:00,False,True,False,True,35094.0,3852.0,Navy-Marine Corps Memorial Stadium,2426,Navy,fbs,American Athletic,51.0,"[24, 14, 13, 0]",0.9756401181221008,1555.0,1612.0,2429,Charlotte,fbs,American Athletic,17.0,"[0, 10, 7, 0]",0.0243598818778991,1253.0,1196.0,2.112060176236047,Navy–Marine Corps Memorial Stadium,34000.0,38.98483263543365,-76.5071153640747,34000.0,1.0,0
401635587,2024,8,regular,2024-10-19 19:30:00+00:00,False,True,False,True,35303.0,3831.0,California Memorial Stadium,25,California,fbs,ACC,23.0,"[7, 6, 10, 0]",0.1323164850473404,1548.0,1542.0,152,NC State,fbs,ACC,24.0,"[3, 7, 0, 14]",0.8676835149526596,1454.0,1460.0,5.85613016014124,California Memorial Stadium,62717.0,37.87068660370429,-122.2507095336914,62717.0,0.5628936333051645,0
401643813,2024,8,regular,2024-10-19 19:30:00+00:00,False,True,False,True,19129.0,3918.0,S.B. Ballard Stadium,295,Old Dominion,fbs,Sun Belt,24.0,"[7, 7, 0, 10]",0.9074426670592894,1379.0,1416.0,326,Texas State,fbs,Sun Belt,14.0,"[0, 0, 7, 7]",0.0925573329407105,1639.0,1602.0,6.364009365,Foreman Field,20118.0,36.88878131523489,-76.30567610263824,20118.0,0.9508400437419227,0
401645345,2024,8,regular,2024-10-19 19:30:00+00:00,False,True,False,True,28154.0,3886.0,Raymond James Stadium,58,South Florida,fbs,American Athletic,35.0,"[0, 7, 13, 15]",0.9628206491470336,1325.0,1326.0,5,UAB,fbs,American Athletic,25.0,"[3, 6, 10, 6]",0.0371793508529663,1091.0,1090.0,7.974299090802465,Raymond James Stadium,65857.0,27.975994470037183,-82.50334918498993,65857.0,0.42750201193494997,0
401643738,2024,8,regular,2024-10-19 20:00:00+00:00,False,True,False,True,17101.0,3935.0,CEFCU Stadium,23,San José State,fbs,Mountain West,24.0,"[7, 7, 3, 7]",0.9138110876083374,1563.0,1561.0,2751,Wyoming,fbs,Mountain West,14.0,"[0, 0, 7, 7]",0.0861889123916626,1285.0,1287.0,3.2445338597032163,Spartan Stadium,30456.0,37.320105186690846,-121.86811613079064,30456.0,0.5614985552928815,0
401628521,2024,8,regular,2024-10-19 20:00:00+00:00,False,True,False,True,43013.0,3665.0,SECU Stadium,120,Maryland,fbs,Big Ten,29.0,"[0, 7, 7, 15]",0.3784219026565552,1546.0,1553.0,30,USC,fbs,Big Ten,28.0,"[7, 14, 0, 7]",0.6215780973434448,1763.0,1756.0,7.155283535151233,Byrd Stadium,51802.0,38.99120275144426,-76.94731173248788,51802.0,0.8303347361105748,0
401643737,2024,8,regular,2024-10-19 20:00:00+00:00,False,True,False,True,14584.0,3905.0,Maverik Stadium,328,Utah State,fbs,Mountain West,45.0,"[14, 10, 14, 7]",0.9988764389108926,1172.0,1170.0,167,New Mexico,fbs,Mountain West,50.0,"[0, 15, 14, 21]",0.0011235610891073,1271.0,1273.0,1.661834419,Romney Stadium,25513.0,41.75153188612883,-111.81210567885644,25513.0,0.5716301493356328,0
401636902,2024,8,regular,2024-10-19 20:00:00+00:00,False,True,False,True,60229.0,3784.0,Jones AT&T Stadium,2641,Texas Tech,fbs,Big 12,35.0,"[7, 7, 7, 14]",0.0049520833417773,1644.0,1556.0,239,Baylor,fbs,Big 12,59.0,"[7, 17, 14, 21]",0.9950479166582228,1457.0,1545.0,4.976409905154393,Jones AT&T Stadium,60862.0,33.59102829801104,-101.87293767929076,60862.0,0.9895994216424041,0
401643812,2024,8,regular,2024-10-19 20:00:00+00:00,False,True,False,True,20153.0,3608.0,Allen E. Paulson Stadium,290,Georgia Southern,fbs,Sun Belt,28.0,"[7, 14, 7, 0]",0.7774406671524048,1371.0,1449.0,256,James Madison,fbs,Sun Belt,14.0,"[0, 0, 7, 7]",0.2225593328475952,1866.0,1788.0,3.3272118078267137,Paulson Stadium,24300.0,32.41221167634779,-81.78317070007324,24300.0,0.8293415637860082,0
401636897,2024,8,regular,2024-10-19 20:00:00+00:00,False,True,False,True,50724.0,3619.0,Arizona Stadium,12,Arizona,fbs,Big 12,7.0,"[7, 0, 0, 0]",0.0,1616.0,1526.0,38,Colorado,fbs,Big 12,34.0,"[14, 14, 3, 3]",1.0,1490.0,1580.0,3.4283520459791763,Arizona Stadium,51811.0,32.228340232071496,-110.94903945922852,51811.0,0.9790198992491942,0
401628394,2024,8,regular,2024-10-19 20:15:00+00:00,False,True,False,True,50127.0,3693.0,Davis Wade Stadium,344,Mississippi State,fbs,SEC,24.0,"[7, 10, 0, 7]",0.0088977953419089,1395.0,1405.0,245,Texas A&M,fbs,SEC,34.0,"[7, 14, 10, 3]",0.9911022046580912,1781.0,1771.0,5.55105020302855,Davis Wade Stadium,61337.0,33.456230599072065,-88.79342436790466,61337.0,0.8172391867877464,0
401628399,2024,8,regular,2024-10-19 23:00:00+00:00,False,True,False,False,27884.0,3973.0,FirstBank Stadium,238,Vanderbilt,fbs,SEC,24.0,"[3, 11, 0, 10]",0.9042891884815736,1400.0,1396.0,2050,Ball State,fbs,Mid-American,14.0,"[7, 0, 7, 0]",0.0957108115184263,1085.0,1089.0,7.2337044479,Vanderbilt Stadium,40350.0,36.14355849696379,-86.80877208709717,40350.0,0.6910532837670385,0
401643814,2024,8,regular,2024-10-19 23:00:00+00:00,False,True,False,True,24542.0,3815.0,M. M. Roberts Stadium,2572,Southern Miss,fbs,Sun Belt,28.0,"[7, 14, 0, 7]",0.0518193691968917,1095.0,1074.0,2032,Arkansas State,fbs,Sun Belt,44.0,"[21, 7, 13, 3]",0.9481806308031082,1262.0,1283.0,5.045361051060517,M. M. Roberts Stadium,36000.0,31.32897842661232,-89.33133065700531,36000.0,0.6817222222222222,0
401628392,2024,8,regular,2024-10-19 23:00:00+00:00,False,True,False,True,75893.0,3887.0,Razorback Stadium,8,Arkansas,fbs,SEC,10.0,"[0, 7, 3, 0]",0.0,1513.0,1490.0,99,LSU,fbs,SEC,34.0,"[10, 6, 8, 10]",1.0,1875.0,1898.0,3.833839574786413,Donald W. Reynolds Razorback Stadium,72000.0,36.067850785167344,-94.17879581451416,72000.0,1.0,0
401636900,2024,8,regular,2024-10-19 23:30:00+00:00,False,True,False,True,61500.0,3772.0,Jack Trice Stadium,66,Iowa State,fbs,Big 12,38.0,"[14, 0, 13, 11]",0.0969436392188072,1773.0,1771.0,2116,UCF,fbs,Big 12,35.0,"[7, 14, 7, 7]",0.9030563607811928,1501.0,1503.0,8.103253061192863,Jack Trice Stadium,61500.0,42.01400541108485,-93.6358094215393,61500.0,1.0,0
401636904,2024,8,regular,2024-10-19 23:30:00+00:00,False,True,False,True,54327.0,3842.0,Milan Puskar Stadium,277,West Virginia,fbs,Big 12,18.0,"[3, 7, 0, 8]",0.002744939411059,1597.0,1541.0,2306,Kansas State,fbs,Big 12,45.0,"[10, 7, 14, 14]",0.997255060588941,1743.0,1799.0,4.3488724142883255,Mountaineer Field at Milan Puskar Stadium,60000.0,39.65221992482815,-79.9551753012939,60000.0,0.90545,0
401628398,2024,8,regular,2024-10-19 23:30:00+00:00,False,True,False,True,105215.0,3910.0,DKR-Texas Memorial Stadium,251,Texas,fbs,SEC,15.0,"[0, 0, 15, 0]",0.3337695300579071,2138.0,2089.0,61,Georgia,fbs,SEC,30.0,"[7, 16, 0, 7]",0.6662304699420929,2009.0,2058.0,4.350208777361713,Darrell K Royal–Texas Memorial Stadium,100119.0,30.28360340206824,-97.73233652114868,100119.0,1.0,0
401645349,2024,8,regular,2024-10-19 23:30:00+00:00,False,True,False,True,24110.0,3805.0,Simmons Bank Liberty Stadium,235,Memphis,fbs,American Athletic,52.0,"[14, 14, 7, 17]",0.9536851644515992,1609.0,1612.0,249,North Texas,fbs,American Athletic,44.0,"[21, 3, 7, 13]",0.0463148355484008,1459.0,1456.0,7.475456141052176,Liberty Bowl Memorial Stadium,62380.0,35.120856917268995,-89.97805741128388,62380.0,0.38650208400128244,0
401628520,2024,8,regular,2024-10-19 23:30:00+00:00,False,True,False,True,69682.0,3936.0,Spartan Stadium,127,Michigan State,fbs,Big Ten,32.0,"[6, 6, 7, 13]",0.9808642864227296,1410.0,1456.0,2294,Iowa,fbs,Big Ten,20.0,"[0, 0, 14, 6]",0.0191357135772705,1683.0,1637.0,3.686659810334258,Spartan Stadium,75005.0,42.7281691163326,-84.48487535119057,75005.0,0.9290313979068062,0
401635590,2024,8,regular,2024-10-20 00:00:00+00:00,False,True,False,True,19117.0,3940.0,Stanford Stadium,24,Stanford,fbs,ACC,10.0,"[0, 7, 3, 0]",0.2712072432041168,1229.0,1208.0,2567,SMU,fbs,ACC,40.0,"[21, 10, 0, 9]",0.7287927567958832,1765.0,1786.0,4.0477402139248335,Stanford Stadium,50000.0,37.43472641329173,-122.1610164642334,50000.0,0.38234,0
401643734,2024,8,regular,2024-10-20 00:00:00+00:00,False,True,False,True,27598.0,3713.0,Falcon Stadium,2005,Air Force,fbs,Mountain West,13.0,"[0, 0, 0, 13]",0.0363237522542476,1310.0,1292.0,36,Colorado State,fbs,Mountain West,21.0,"[0, 14, 7, 0]",0.9636762477457524,1277.0,1295.0,3.8664348374018416,Falcon Stadium,46692.0,38.99690743122685,-104.84368801116943,46692.0,0.5910648505097232,0
401643739,2024,8,regular,2024-10-20 02:00:00+00:00,False,True,False,False,35195.0,3893.0,Reser Stadium,204,Oregon State,fbs,Pac-12,25.0,"[3, 14, 0, 8]",0.0081561775878071,1587.0,1578.0,2439,UNLV,fbs,Mountain West,33.0,"[3, 13, 7, 10]",0.9918438224121928,1665.0,1674.0,4.828604315834429,Reser Stadium,45674.0,44.5594768421455,-123.2814073562622,45674.0,0.7705696895389061,0
401636903,2024,8,regular,2024-10-20 02:30:00+00:00,False,True,False,True,53299.0,587.0,Rice-Eccles Stadium,254,Utah,fbs,Big 12,7.0,"[0, 0, 7, 0]",0.0624671764671802,1589.0,1572.0,2628,TCU,fbs,Big 12,13.0,"[0, 10, 3, 0]",0.9375328235328196,1508.0,1525.0,4.922202442752592,Rice-Eccles Stadium,54383.0,40.75994782004573,-111.84882402420044,45017.0,0.9800673004431532,0
401641011,2024,9,regular,2024-10-23 00:00:00+00:00,False,True,False,True,15168.0,3776.0,Joe Aillet Stadium,2348,Louisiana Tech,fbs,Conference USA,14.0,"[0, 7, 0, 7]",0.5261403918266296,1285.0,1284.0,2638,UTEP,fbs,Conference USA,10.0,"[7, 0, 3, 0]",0.4738596081733703,1161.0,1162.0,6.062660627315135,Joe Aillet Stadium,30600.0,32.53223809915824,-92.6560188758494,30600.0,0.4956862745098039,0
401640993,2024,9,regular,2024-10-23 23:00:00+00:00,False,True,False,True,8209.0,4899.0,Fifth Third Stadium,338,Kennesaw State,fbs,Conference USA,27.0,"[7, 7, 7, 6]",0.8931236267089844,1255.0,1261.0,2335,Liberty,fbs,Conference USA,24.0,"[7, 7, 3, 7]",0.1068763732910156,1581.0,1575.0,5.463549571815046,Fifth Third Bank Stadium,11040.0,34.0234337,-84.6154897,8318.0,0.7435688405797102,0
401641003,2024,9,regular,2024-10-23 23:30:00+00:00,False,True,False,True,17988.0,3662.0,AmFirst Stadium,55,Jacksonville State,fbs,Conference USA,42.0,"[14, 0, 21, 7]",0.9147096276283264,1637.0,1642.0,2393,Middle Tennessee,fbs,Conference USA,20.0,"[10, 0, 3, 7]",0.0852903723716735,1142.0,1137.0,3.7580919765213023,JSU Stadium,24000.0,33.82031030570401,-85.76646566390991,24000.0,0.7495,0
401643815,2024,9,regular,2024-10-24 23:00:00+00:00,False,True,False,True,18281.0,3918.0,S.B. Ballard Stadium,295,Old Dominion,fbs,Sun Belt,47.0,"[13, 17, 14, 3]",0.9953979849815368,1416.0,1494.0,290,Georgia Southern,fbs,Sun Belt,19.0,"[0, 7, 6, 6]",0.0046020150184631,1449.0,1371.0,2.680605598327148,Foreman Field,20118.0,36.88878131523489,-76.30567610263824,20118.0,0.908688736454916,0
401634770,2024,9,regular,2024-10-24 23:30:00+00:00,False,True,False,True,47266.0,3752.0,Acrisure Stadium,221,Pittsburgh,fbs,ACC,41.0,"[17, 14, 0, 10]",0.9981264472007751,1513.0,1576.0,183,Syracuse,fbs,ACC,13.0,"[0, 0, 6, 7]",0.0018735527992248,1423.0,1360.0,2.134847606448981,Heinz Field,68400.0,40.44678376501633,-80.01575589179993,68400.0,0.6910233918128655,0
401634771,2024,9,regular,2024-10-25 23:30:00+00:00,False,True,False,True,42887.0,3615.0,"Alumni Stadium (Chestnut Hill, MA)",103,Boston College,fbs,ACC,27.0,"[7, 13, 7, 0]",0.3663735687732696,1418.0,1428.0,97,Louisville,fbs,ACC,31.0,"[0, 7, 10, 14]",0.6336264312267303,1691.0,1681.0,5.73443917987525,Alumni Stadium,44500.0,42.33510834895851,-71.16647243499756,44500.0,0.963752808988764,0
401628532,2024,9,regular,2024-10-26 03:00:00+00:00,False,True,False,True,63404.0,477.0,Los Angeles Memorial Coliseum,30,USC,fbs,Big Ten,42.0,"[14, 14, 14, 0]",0.9954424500465392,1756.0,1776.0,164,Rutgers,fbs,Big Ten,20.0,"[3, 9, 8, 0]",0.0045575499534606,1432.0,1412.0,2.833277906387177,Los Angeles Memorial Coliseum,93607.0,34.01400974062912,-118.28789591789246,93607.0,0.6773425064364844,0
401628402,2024,9,regular,2024-10-26 16:00:00+00:00,False,True,False,True,67926.0,3974.0,Vaught-Hemingway Stadium,145,Ole Miss,fbs,SEC,26.0,"[7, 3, 13, 3]",0.9788252711296082,1905.0,1911.0,201,Oklahoma,fbs,SEC,14.0,"[7, 7, 0, 0]",0.0211747288703918,1694.0,1688.0,4.50648850376662,Vaught–Hemingway Stadium,60580.0,34.362154302992906,-89.53414626020904,60580.0,1.0,0
401644755,2024,9,regular,2024-10-26 16:00:00+00:00,False,True,False,True,16048.0,3876.0,Peden Stadium,195,Ohio,fbs,Mid-American,47.0,"[3, 21, 9, 14]",0.98528653383255,1394.0,1463.0,2084,Buffalo,fbs,Mid-American,16.0,"[0, 10, 6, 0]",0.0147134661674499,1275.0,1206.0,3.440412121223079,Peden Stadium,24000.0,39.32130908459409,-82.10343944652357,24000.0,0.6686666666666666,0
401645353,2024,9,regular,2024-10-26 16:00:00+00:00,False,True,False,True,25478.0,3805.0,Simmons Bank Liberty Stadium,235,Memphis,fbs,American Athletic,33.0,"[0, 7, 14, 12]",0.6314959526062012,1612.0,1601.0,2429,Charlotte,fbs,American Athletic,28.0,"[7, 0, 0, 21]",0.3685040473937988,1196.0,1207.0,7.099446363986192,Liberty Bowl Memorial Stadium,62380.0,35.120856917268995,-89.97805741128388,62380.0,0.4084321898044245,0
401635598,2024,9,regular,2024-10-26 16:00:00+00:00,False,True,False,True,44550.0,3923.0,Scott Stadium,258,Virginia,fbs,ACC,14.0,"[3, 3, 0, 8]",0.0019394317641854,1425.0,1359.0,153,North Carolina,fbs,ACC,41.0,"[7, 17, 14, 3]",0.9980605682358146,1489.0,1555.0,3.711502284379472,Scott Stadium,61500.0,38.03112372855688,-78.51370811462402,61500.0,0.724390243902439,0
401628526,2024,9,regular,2024-10-26 16:00:00+00:00,False,True,False,True,53082.0,3830.0,"Memorial Stadium (Bloomington, IN)",84,Indiana,fbs,Big Ten,31.0,"[7, 10, 7, 7]",0.9245380163192748,1791.0,1812.0,264,Washington,fbs,Big Ten,17.0,"[0, 7, 7, 3]",0.0754619836807251,1707.0,1686.0,3.7298396708999006,Memorial Stadium,52959.0,39.18090913372923,-86.52557373046875,52959.0,1.0,0
401645354,2024,9,regular,2024-10-26 16:00:00+00:00,False,True,False,True,23138.0,3825.0,DATCU Stadium,249,North Texas,fbs,American Athletic,37.0,"[3, 14, 7, 13]",0.03623753413558,1456.0,1462.0,2655,Tulane,fbs,American Athletic,45.0,"[21, 10, 14, 0]",0.96376246586442,1738.0,1732.0,4.429286316382255,Apogee Stadium,30850.0,33.20393508408917,-97.15922355651855,30850.0,0.7500162074554295,0
401635597,2024,9,regular,2024-10-26 16:00:00+00:00,False,True,False,True,65633.0,3799.0,Lane Stadium,259,Virginia Tech,fbs,ACC,21.0,"[0, 14, 7, 0]",0.8615702986717224,1674.0,1697.0,59,Georgia Tech,fbs,ACC,6.0,"[3, 3, 0, 0]",0.1384297013282776,1581.0,1558.0,3.885755240419359,Lane Stadium,66233.0,37.2199742830054,-80.41805505752563,66233.0,0.9909410716712213,0
401628530,2024,9,regular,2024-10-26 16:00:00+00:00,False,True,False,True,104830.0,3861.0,Ohio Stadium,194,Ohio State,fbs,Big Ten,21.0,"[7, 7, 0, 7]",0.9222075939178468,2076.0,2063.0,158,Nebraska,fbs,Big Ten,17.0,"[0, 6, 3, 8]",0.0777924060821533,1454.0,1467.0,5.056567931514018,Ohio Stadium,104944.0,40.0016856893694,-83.01972806453705,104944.0,0.9989137063576765,0
401628403,2024,9,regular,2024-10-26 16:45:00+00:00,False,True,False,True,49303.0,3693.0,Davis Wade Stadium,344,Mississippi State,fbs,SEC,25.0,"[7, 3, 15, 0]",0.0,1405.0,1322.0,8,Arkansas,fbs,SEC,58.0,"[17, 14, 10, 17]",1.0,1490.0,1573.0,3.582759494031044,Davis Wade Stadium,61337.0,33.456230599072065,-88.79342436790466,61337.0,0.8038052072973898,0
401643816,2024,9,regular,2024-10-26 17:00:00+00:00,False,True,False,True,33783.0,3792.0,Kidd Brewer Stadium,2026,App State,fbs,Sun Belt,33.0,"[2, 16, 7, 8]",1.0,1330.0,1337.0,2247,Georgia State,fbs,Sun Belt,26.0,"[0, 16, 7, 3]",0.0,1291.0,1284.0,6.175118715623405,Kidd Brewer Stadium,40168.0,36.21151530169309,-81.68550610542297,24050.0,0.8410426209918342,0
401644687,2024,9,regular,2024-10-26 18:00:00+00:00,False,True,False,True,10661.0,3996.0,Yager Stadium,193,Miami (OH),fbs,Mid-American,46.0,"[3, 13, 10, 20]",0.990860402584076,1497.0,1569.0,2117,Central Michigan,fbs,Mid-American,7.0,"[7, 0, 0, 0]",0.009139597415924,1188.0,1116.0,3.5626283030138493,Yager Stadium,24286.0,39.51942113142349,-84.73335450140017,24286.0,0.4389771885036647,0
401645352,2024,9,regular,2024-10-26 18:00:00+00:00,False,True,False,True,33744.0,3699.0,Dowdy-Ficklen Stadium,151,East Carolina,fbs,American Athletic,56.0,"[13, 14, 29, 0]",1.0,1292.0,1328.0,218,Temple,fbs,American Athletic,34.0,"[14, 7, 7, 6]",0.0,1126.0,1090.0,4.914125950658528,Dowdy–Ficklen Stadium,50000.0,35.59642579698931,-77.36522912979126,50000.0,0.67488,0
401628527,2024,9,regular,2024-10-26 19:30:00+00:00,False,True,False,True,69250.0,3793.0,Kinnick Stadium,2294,Iowa,fbs,Big Ten,40.0,"[3, 9, 28, 0]",1.0,1637.0,1693.0,77,Northwestern,fbs,Big Ten,14.0,"[0, 7, 0, 7]",0.0,1543.0,1487.0,4.0583559696859774,Kinnick Stadium,70585.0,41.65838893680983,-91.55147552490234,70585.0,0.9810866331373521,0
401629035,2024,9,regular,2024-10-26 19:30:00+00:00,False,True,False,False,23711.0,3892.0,Pratt & Whitney Stadium,41,UConn,fbs,FBS Independents,17.0,"[0, 0, 7, 10]",0.8282886743545532,1424.0,1423.0,242,Rice,fbs,American Athletic,10.0,"[3, 0, 0, 7]",0.1717113256454467,1235.0,1236.0,4.909096802623582,Rentschler Field,40000.0,41.75988427820291,-72.61894226074219,40000.0,0.592775,0
401645308,2024,9,regular,2024-10-26 19:30:00+00:00,False,True,False,False,14374.0,3985.0,Warren McGuirk Alumni Stadium,113,Massachusetts,fbs,FBS Independents,35.0,"[7, 14, 0, 14]",0.9525712132453918,986.0,986.0,2681,Wagner,fcs,NEC,7.0,"[0, 0, 7, 0]",0.0474287867546081,735.0,748.0,2.255712112623948,Warren McGuirk Alumni Stadium,17000.0,42.377513236004525,-72.53562686052412,17000.0,0.8455294117647059,1
401645355,2024,9,regular,2024-10-26 19:30:00+00:00,False,True,False,True,17439.0,3674.0,Chapman Stadium,202,Tulsa,fbs,American Athletic,46.0,"[0, 7, 17, 22]",0.7328147292137146,1047.0,1057.0,2636,UTSA,fbs,American Athletic,45.0,"[14, 21, 7, 3]",0.2671852707862854,1391.0,1381.0,6.671301551029746,Skelly Field at H. A. Chapman Stadium,35542.0,36.14886067519205,-95.943603515625,35542.0,0.4906589387203871,0
401643817,2024,9,regular,2024-10-26 19:30:00+00:00,False,True,False,True,25399.0,3651.0,Bridgeforth Stadium,256,James Madison,fbs,Sun Belt,32.0,"[0, 17, 8, 7]",1.0,1788.0,1766.0,2572,Southern Miss,fbs,Sun Belt,15.0,"[3, 6, 6, 0]",0.0,1074.0,1096.0,4.295523738194905,Bridgeforth Stadium,24878.0,38.43508893585215,-78.87340330403673,24878.0,1.0,0
401644752,2024,9,regular,2024-10-26 19:30:00+00:00,False,True,False,True,4277.0,3768.0,InfoCision Stadium,2006,Akron,fbs,Mid-American,25.0,"[8, 10, 0, 7]",0.8456786274909973,1049.0,1059.0,2199,Eastern Michigan,fbs,Mid-American,21.0,"[0, 0, 14, 7]",0.1543213725090026,1262.0,1252.0,5.118649271685231,Summa Field at InfoCision Stadium,30000.0,41.07256951528711,-81.50838375091553,30000.0,0.14256666666666667,0
401644753,2024,9,regular,2024-10-26 19:30:00+00:00,False,True,False,True,15318.0,3919.0,Scheumann Stadium,2050,Ball State,fbs,Mid-American,25.0,"[7, 12, 0, 6]",0.958755373954773,1089.0,1094.0,2459,Northern Illinois,fbs,Mid-American,23.0,"[7, 7, 0, 9]",0.041244626045227,1460.0,1455.0,6.495835801520888,Scheumann Stadium,22500.0,40.21602764466651,-85.41769962206614,22500.0,0.6808,0
401644754,2024,9,regular,2024-10-26 19:30:00+00:00,False,True,False,True,29697.0,3739.0,Glass Bowl,2649,Toledo,fbs,Mid-American,26.0,"[7, 13, 6, 0]",0.0017360690981149,1518.0,1472.0,189,Bowling Green,fbs,Mid-American,41.0,"[14, 14, 3, 10]",0.998263930901885,1410.0,1456.0,5.322220181025405,Glass Bowl,26248.0,41.65739077895321,-83.61401719150295,26248.0,1.0,0
401628400,2024,9,regular,2024-10-26 19:30:00+00:00,False,True,False,True,100077.0,3657.0,Bryant-Denny Stadium,333,Alabama,fbs,SEC,34.0,"[3, 10, 14, 7]",0.9217037558555604,1996.0,2058.0,142,Missouri,fbs,SEC,0.0,"[0, 0, 0, 0]",0.0782962441444397,1735.0,1673.0,2.7240010291755583,Bryant–Denny Stadium,101821.0,33.2074899449518,-87.5503921508789,101821.0,0.9828719026526944,0
401644756,2024,9,regular,2024-10-26 19:30:00+00:00,False,True,False,True,23537.0,3980.0,Waldo Stadium,2711,Western Michigan,fbs,Mid-American,52.0,"[14, 24, 7, 7]",0.9937936067581176,1242.0,1288.0,2309,Kent State,fbs,Mid-American,21.0,"[0, 7, 0, 14]",0.0062063932418823,924.0,878.0,2.477533288037109,Waldo Stadium,30200.0,42.285755487470176,-85.60100421309471,30200.0,0.7793708609271524,0
401636910,2024,9,regular,2024-10-26 19:30:00+00:00,False,True,False,True,42144.0,3616.0,Amon G. Carter Stadium,2628,TCU,fbs,Big 12,35.0,"[14, 0, 7, 14]",0.346099853515625,1525.0,1527.0,2641,Texas Tech,fbs,Big 12,34.0,"[3, 14, 14, 3]",0.653900146484375,1556.0,1554.0,6.063593280346528,Amon G. Carter Stadium,45000.0,32.70991596942349,-97.36799597740172,45000.0,0.9365333333333333,0
401636911,2024,9,regular,2024-10-26 19:30:00+00:00,False,True,False,True,42144.0,3652.0,FBC Mortgage Stadium,2116,UCF,fbs,Big 12,24.0,"[0, 10, 0, 14]",0.0072669200599193,1503.0,1489.0,252,BYU,fbs,Big 12,37.0,"[7, 17, 10, 3]",0.9927330799400806,1664.0,1678.0,3.679114012173504,Bright House Networks Stadium,45323.0,28.607958859227068,-81.1929988861084,45323.0,0.9298590119806721,0
401636906,2024,9,regular,2024-10-26 19:30:00+00:00,False,True,False,True,44987.0,4727.0,McLane Stadium,239,Baylor,fbs,Big 12,38.0,"[3, 14, 7, 14]",0.9991186261177064,1545.0,1558.0,197,Oklahoma State,fbs,Big 12,28.0,"[3, 14, 3, 8]",0.0008813738822937,1490.0,1477.0,5.355524893847398,McLane Stadium,45140.0,31.55866263551169,-97.11560010910034,45140.0,0.9966105449712007,0
401628525,2024,9,regular,2024-10-26 19:30:00+00:00,False,True,False,True,59830.0,3626.0,Autzen Stadium,2483,Oregon,fbs,Big Ten,38.0,"[14, 21, 0, 3]",0.9915086627006532,1987.0,2020.0,356,Illinois,fbs,Big Ten,9.0,"[3, 0, 6, 0]",0.0084913372993469,1602.0,1569.0,2.4308420092151564,Autzen Stadium,54000.0,44.058272724266615,-123.0685043334961,54000.0,1.0,0
401628528,2024,9,regular,2024-10-26 19:30:00+00:00,False,True,False,True,48696.0,3953.0,Huntington Bank Stadium,135,Minnesota,fbs,Big Ten,48.0,"[21, 13, 7, 7]",0.9913734793663024,1534.0,1599.0,120,Maryland,fbs,Big Ten,23.0,"[0, 10, 0, 13]",0.0086265206336975,1553.0,1488.0,2.563468529499896,TCF Bank Stadium,52525.0,44.97652496911191,-93.224575817585,52525.0,0.9271013802950976,0
401635599,2024,9,regular,2024-10-26 19:30:00+00:00,False,True,False,True,23471.0,3940.0,Stanford Stadium,24,Stanford,fbs,ACC,24.0,"[0, 17, 0, 7]",0.208140343427658,1208.0,1212.0,154,Wake Forest,fbs,ACC,27.0,"[14, 10, 0, 3]",0.7918596565723419,1353.0,1349.0,6.332700759681029,Stanford Stadium,50000.0,37.43472641329173,-122.1610164642334,50000.0,0.46942,0
401635594,2024,9,regular,2024-10-26 20:00:00+00:00,False,True,False,False,33090.0,3831.0,California Memorial Stadium,25,California,fbs,ACC,44.0,"[14, 17, 10, 3]",0.9847278594970704,1542.0,1653.0,204,Oregon State,fbs,Pac-12,7.0,"[0, 0, 0, 7]",0.0152721405029296,1578.0,1467.0,2.275637894676169,California Memorial Stadium,62717.0,37.87068660370429,-122.2507095336914,62717.0,0.5276081445222188,0
401628405,2024,9,regular,2024-10-26 20:15:00+00:00,False,True,False,True,28934.0,3973.0,FirstBank Stadium,238,Vanderbilt,fbs,SEC,24.0,"[7, 3, 7, 7]",0.1281256973743438,1396.0,1428.0,251,Texas,fbs,SEC,27.0,"[14, 7, 3, 3]",0.8718743026256561,2089.0,2057.0,4.903072463361272,Vanderbilt Stadium,40350.0,36.14355849696379,-86.80877208709717,40350.0,0.7170755885997522,0
401643818,2024,9,regular,2024-10-26 23:00:00+00:00,False,True,False,True,17162.0,3625.0,Centennial Bank Stadium,2032,Arkansas State,fbs,Sun Belt,34.0,"[13, 10, 3, 8]",0.4746299088001251,1283.0,1286.0,2653,Troy,fbs,Sun Belt,31.0,"[0, 3, 21, 7]",0.5253700911998749,1432.0,1429.0,5.435176444959132,Centennial Bank Stadium,30964.0,35.84899009532366,-90.66769494362912,30964.0,0.5542565560005167,0
401643745,2024,9,regular,2024-10-26 23:00:00+00:00,False,True,False,True,17724.0,3984.0,War Memorial Stadium,2751,Wyoming,fbs,Mountain West,25.0,"[3, 7, 6, 9]",0.3917310535907745,1287.0,1278.0,328,Utah State,fbs,Mountain West,27.0,"[7, 10, 0, 10]",0.6082689464092255,1170.0,1179.0,7.644928469167064,War Memorial Stadium,29181.0,41.31193599299248,-105.56906461715698,29181.0,0.6073815153695898,0
401636908,2024,9,regular,2024-10-26 23:00:00+00:00,False,True,False,True,28251.0,4728.0,TDECU Stadium,248,Houston,fbs,Big 12,17.0,"[0, 7, 0, 10]",0.5616101622581482,1334.0,1338.0,254,Utah,fbs,Big 12,14.0,"[7, 0, 7, 0]",0.4383898377418518,1572.0,1568.0,5.9040531125440525,TDECU Stadium,40000.0,29.721767963293527,-95.34909841095214,40000.0,0.706275,0
401636905,2024,9,regular,2024-10-26 23:00:00+00:00,False,True,False,True,49888.0,3619.0,Arizona Stadium,12,Arizona,fbs,Big 12,26.0,"[0, 7, 6, 13]",0.286799669265747,1526.0,1518.0,277,West Virginia,fbs,Big 12,31.0,"[10, 7, 7, 7]",0.7132003307342529,1541.0,1549.0,4.518043074678402,Arizona Stadium,51811.0,32.228340232071496,-110.94903945922852,51811.0,0.9628843295825211,0
401635596,2024,9,regular,2024-10-26 23:00:00+00:00,False,True,False,True,66200.0,3948.0,Hard Rock Stadium,2390,Miami,fbs,ACC,36.0,"[7, 10, 6, 13]",0.9931332468986512,1826.0,1848.0,52,Florida State,fbs,ACC,14.0,"[0, 7, 0, 7]",0.0068667531013488,1526.0,1504.0,3.433825428896072,Sun Life Stadium,65326.0,25.957933739028963,-80.23884057998657,65326.0,1.0,0
401628529,2024,9,regular,2024-10-26 23:30:00+00:00,False,True,False,True,110849.0,3558.0,Michigan Stadium,130,Michigan,fbs,Big Ten,24.0,"[0, 9, 7, 8]",0.7940862774848938,1817.0,1808.0,127,Michigan State,fbs,Big Ten,17.0,"[7, 0, 3, 7]",0.2059137225151062,1456.0,1465.0,4.483565449869636,Michigan Stadium,107601.0,42.26586873251738,-83.7487256526947,107601.0,1.0,0
401628531,2024,9,regular,2024-10-26 23:30:00+00:00,False,True,False,True,76403.0,347.0,Camp Randall Stadium,275,Wisconsin,fbs,Big Ten,13.0,"[3, 7, 3, 0]",0.087540790438652,1755.0,1734.0,213,Penn State,fbs,Big Ten,28.0,"[0, 7, 7, 14]",0.912459209561348,1897.0,1918.0,6.345095632845743,Camp Randall Stadium,80321.0,43.06993802646878,-89.41274642944336,80321.0,0.9512207268335803,0
401628404,2024,9,regular,2024-10-26 23:30:00+00:00,False,True,False,True,108852.0,3795.0,Kyle Field,245,Texas A&M,fbs,SEC,38.0,"[7, 0, 14, 17]",0.9708772301673888,1771.0,1814.0,99,LSU,fbs,SEC,23.0,"[10, 7, 0, 6]",0.029122769832611,1898.0,1855.0,6.148302054512559,Kyle Field,102733.0,30.61009757817476,-96.34072922859283,102733.0,1.0,0
401628401,2024,9,regular,2024-10-26 23:45:00+00:00,False,True,False,True,60605.0,3683.0,Kroger Field,96,Kentucky,fbs,SEC,10.0,"[10, 0, 0, 0]",0.0531665086746215,1559.0,1526.0,2,Auburn,fbs,SEC,24.0,"[0, 10, 7, 7]",0.9468334913253784,1552.0,1585.0,3.807051391040596,Commonwealth Stadium,62093.0,38.02262168129363,-84.50520515441895,62093.0,0.9760359460808787,0
401636909,2024,9,regular,2024-10-27 00:00:00+00:00,False,True,False,True,52074.0,3636.0,Bill Snyder Family Stadium,2306,Kansas State,fbs,Big 12,29.0,"[0, 16, 7, 6]",0.953384280204773,1799.0,1797.0,2305,Kansas,fbs,Big 12,27.0,"[7, 7, 13, 0]",0.046615719795227,1631.0,1633.0,7.37618899217119,Bill Snyder Family Football Stadium,50000.0,39.20186361814248,-96.59379243850708,50000.0,1.0,0
401643742,2024,9,regular,2024-10-27 00:00:00+00:00,False,True,False,True,41343.0,3660.0,Valley Children's Stadium,278,Fresno State,fbs,Mountain West,33.0,"[3, 17, 7, 6]",1.0,1495.0,1559.0,23,San José State,fbs,Mountain West,10.0,"[7, 0, 0, 3]",0.0,1561.0,1497.0,3.6010194088145857,Bulldog Stadium,41031.0,36.81431969524593,-119.75810156690552,41031.0,1.0,0
401635595,2024,9,regular,2024-10-27 00:00:00+00:00,False,True,False,True,30241.0,3982.0,Wallace Wade Stadium,150,Duke,fbs,ACC,27.0,"[7, 0, 6, 8, 6]",0.8280710577964783,1604.0,1611.0,2567,SMU,fbs,ACC,28.0,"[0, 14, 7, 0, 7]",0.1719289422035217,1786.0,1779.0,8.955365777255066,Wallace Wade Stadium,33941.0,35.9953166502013,-78.94172430038452,33941.0,0.8909873014937686,0
401636907,2024,9,regular,2024-10-27 02:15:00+00:00,False,True,False,True,53202.0,3726.0,Folsom Field,38,Colorado,fbs,Big 12,34.0,"[14, 10, 7, 3]",0.9759601950645448,1580.0,1598.0,2132,Cincinnati,fbs,Big 12,23.0,"[7, 7, 0, 9]",0.0240398049354553,1554.0,1536.0,3.91995310646956,Folsom Field,50183.0,40.00939837446321,-105.26688694953918,50183.0,1.0,0
401643820,2024,10,regular,2024-10-29 23:30:00+00:00,False,True,False,True,16831.0,3644.0,Bobcat Stadium (TX),326,Texas State,fbs,Sun Belt,17.0,"[6, 0, 8, 3]",0.2351609617471695,1602.0,1586.0,309,Louisiana,fbs,Sun Belt,23.0,"[7, 7, 3, 6]",0.7648390382528305,1538.0,1554.0,5.83142085409525,Bobcat Stadium,30000.0,29.89134454879716,-97.92531180559462,30000.0,0.5610333333333334,0
401641012,2024,10,regular,2024-10-30 00:00:00+00:00,False,True,False,True,9128.0,3647.0,Elliott T. Bowers Stadium,2534,Sam Houston,fbs,Conference USA,9.0,"[2, 0, 7, 0]",0.714531421661377,1415.0,1416.0,2348,Louisiana Tech,fbs,Conference USA,3.0,"[3, 0, 0, 0]",0.285468578338623,1284.0,1283.0,4.5651586288576365,Bowers Stadium,14000.0,30.71394673763343,-95.54191589355467,14000.0,0.652,0
401640994,2024,10,regular,2024-10-30 23:00:00+00:00,False,True,False,True,18069.0,3992.0,Williams Stadium (VA),2335,Liberty,fbs,Conference USA,21.0,"[7, 7, 0, 7]",0.0115880900993943,1575.0,1560.0,55,Jacksonville State,fbs,Conference USA,31.0,"[7, 7, 10, 7]",0.9884119099006056,1642.0,1657.0,6.156632346638025,Williams Stadium,19200.0,37.354414,-79.175047,19200.0,0.94109375,0
401641020,2024,10,regular,2024-10-30 23:30:00+00:00,False,True,False,True,14547.0,3796.0,Houchens Industries-L.T. Smith Stadium,98,Western Kentucky,fbs,Conference USA,31.0,"[21, 3, 0, 7]",0.9927964806556702,1496.0,1512.0,338,Kennesaw State,fbs,Conference USA,14.0,"[7, 0, 0, 7]",0.0072035193443298,1261.0,1245.0,2.9656071851762587,Houchens Industries–L. T. Smith Stadium,22113.0,36.98487662989466,-86.459013971646,22113.0,0.6578483245149912,0
401645356,2024,10,regular,2024-10-31 23:30:00+00:00,False,True,False,True,12268.0,4418.0,Jerry Richardson Stadium,2429,Charlotte,fbs,American Athletic,3.0,"[0, 3, 0, 0]",0.0057939738035202,1207.0,1182.0,2655,Tulane,fbs,American Athletic,34.0,"[3, 7, 10, 14]",0.9942060261964798,1732.0,1757.0,3.2096889745517068,Jerry Richardson Stadium,15314.0,35.31028067616406,-80.74049377106525,15314.0,0.8010970353924514,0
401629036,2024,10,regular,2024-11-01 23:00:00+00:00,False,True,False,False,22028.0,3892.0,Pratt & Whitney Stadium,41,UConn,fbs,FBS Independents,34.0,"[10, 3, 7, 14]",0.9898902773857116,1423.0,1425.0,2247,Georgia State,fbs,Sun Belt,27.0,"[0, 10, 3, 14]",0.0101097226142883,1284.0,1282.0,3.981907283892783,Rentschler Field,40000.0,41.75988427820291,-72.61894226074219,40000.0,0.5507,0
401645357,2024,10,regular,2024-11-01 23:30:00+00:00,False,True,False,True,20111.0,3715.0,FAU Stadium,2226,Florida Atlantic,fbs,American Athletic,21.0,"[7, 7, 7, 0]",0.0018254781607538,1260.0,1207.0,58,South Florida,fbs,American Athletic,44.0,"[0, 7, 24, 13]",0.9981745218392462,1326.0,1379.0,6.177527721032722,FAU Stadium,30000.0,26.3754535636523,-80.10168313980103,30000.0,0.6703666666666667,0
401643747,2024,10,regular,2024-11-02 00:00:00+00:00,False,True,False,True,36838.0,3653.0,Albertsons Stadium,68,Boise State,fbs,Mountain West,56.0,"[21, 14, 7, 14]",0.99709951877594,1717.0,1761.0,21,San Diego State,fbs,Mountain West,24.0,"[0, 10, 0, 14]",0.00290048122406,1355.0,1311.0,2.450384884905396,Albertsons Stadium,37000.0,43.6027080538683,-116.19591236114502,37000.0,0.9956216216216216,0
401635516,2024,10,regular,2024-11-02 16:00:00+00:00,False,True,False,True,56919.0,3670.0,Carter-Finley Stadium,152,NC State,fbs,ACC,59.0,"[14, 17, 21, 7]",0.9803693294525146,1460.0,1514.0,24,Stanford,fbs,ACC,28.0,"[7, 7, 7, 7]",0.0196306705474853,1212.0,1158.0,3.308469134963688,Carter–Finley Stadium,57583.0,35.80075968207897,-78.71948719024658,57583.0,0.9884688189222514,0
401628539,2024,10,regular,2024-11-02 16:00:00+00:00,False,True,False,True,111030.0,3632.0,Beaver Stadium,213,Penn State,fbs,Big Ten,13.0,"[10, 0, 3, 0]",0.1642239242792129,1918.0,1916.0,194,Ohio State,fbs,Big Ten,20.0,"[7, 7, 3, 3]",0.835776075720787,2063.0,2065.0,4.860483080617873,Beaver Stadium,106572.0,40.81215273275043,-77.85620212554932,106572.0,1.0,0
401628538,2024,10,regular,2024-11-02 16:00:00+00:00,False,True,False,True,61141.0,3907.0,Ross-Ade Stadium,2509,Purdue,fbs,Big Ten,20.0,"[3, 7, 3, 7, 0]",0.0769179314374923,1212.0,1220.0,77,Northwestern,fbs,Big Ten,26.0,"[10, 7, 0, 3, 6]",0.9230820685625076,1487.0,1479.0,7.667213991707471,Ross–Ade Stadium,56400.0,40.434323,-86.918485,56400.0,1.0,0
401628533,2024,10,regular,2024-11-02 16:00:00+00:00,False,True,False,True,58088.0,3832.0,"Memorial Stadium (Champaign, IL)",356,Illinois,fbs,Big Ten,17.0,"[0, 10, 0, 7]",0.2151127755641937,1569.0,1556.0,135,Minnesota,fbs,Big Ten,25.0,"[3, 10, 3, 9]",0.7848872244358063,1599.0,1612.0,6.328111491613599,Memorial Stadium,60670.0,40.09930573133053,-88.23598623275757,60670.0,0.9574418987967694,0
401628410,2024,10,regular,2024-11-02 16:00:00+00:00,False,True,False,False,82831.0,3835.0,"Memorial Stadium (Norman, OK)",201,Oklahoma,fbs,SEC,59.0,"[7, 28, 14, 10]",0.9941574335098268,1682.0,1682.0,311,Maine,fcs,Coastal Athletic,14.0,"[7, 0, 0, 7]",0.0058425664901733,735.0,748.0,2.8021941362466065,Gaylord Family Oklahoma Memorial Stadium,82112.0,35.20589959488508,-97.44255065917967,82112.0,1.0,1
401635601,2024,10,regular,2024-11-02 16:00:00+00:00,False,True,False,True,60189.0,3948.0,Hard Rock Stadium,2390,Miami,fbs,ACC,53.0,"[14, 3, 15, 21]",0.9826810359954834,1848.0,1877.0,150,Duke,fbs,ACC,31.0,"[7, 14, 7, 3]",0.0173189640045166,1611.0,1582.0,6.166394966042118,Sun Life Stadium,65326.0,25.957933739028963,-80.23884057998657,65326.0,0.9213636224474175,0
401643746,2024,10,regular,2024-11-02 16:00:00+00:00,False,True,False,False,30046.0,3841.0,Michie Stadium,349,Army,fbs,American Athletic,20.0,"[3, 3, 7, 7]",0.9585425853729248,1649.0,1654.0,2005,Air Force,fbs,Mountain West,3.0,"[0, 3, 0, 0]",0.0414574146270751,1292.0,1287.0,3.1865616903686504,Michie Stadium,38000.0,41.38708043477422,-73.96408081054688,38000.0,0.7906842105263158,0
401644758,2024,10,regular,2024-11-02 16:00:00+00:00,False,True,False,True,13044.0,3912.0,Rynearson Stadium,2199,Eastern Michigan,fbs,Mid-American,28.0,"[7, 3, 9, 9]",0.4525200128555298,1252.0,1261.0,2649,Toledo,fbs,Mid-American,29.0,"[0, 7, 0, 22]",0.5474799871444702,1472.0,1463.0,6.203814989111249,Rynearson Stadium,30200.0,42.2557607087688,-83.64775657653809,30200.0,0.4319205298013245,0
401644757,2024,10,regular,2024-11-02 16:00:00+00:00,False,True,False,True,4610.0,3768.0,InfoCision Stadium,2006,Akron,fbs,Mid-American,30.0,"[7, 0, 0, 23]",0.0,1059.0,1048.0,2084,Buffalo,fbs,Mid-American,41.0,"[14, 10, 14, 3]",1.0,1206.0,1217.0,4.879553385883938,Summa Field at InfoCision Stadium,30000.0,41.07256951528711,-81.50838375091553,30000.0,0.15366666666666667,0
401635604,2024,10,regular,2024-11-02 16:00:00+00:00,False,True,False,True,38454.0,1964.0,JMA Wireless Dome,183,Syracuse,fbs,ACC,38.0,"[0, 3, 15, 13, 7]",0.1981149762868881,1360.0,1391.0,259,Virginia Tech,fbs,ACC,31.0,"[14, 0, 7, 10, 0]",0.8018850237131119,1697.0,1666.0,5.848225410628227,Carrier Dome,49250.0,43.036132820423234,-76.13651990890503,49250.0,0.7807918781725889,0
401645359,2024,10,regular,2024-11-02 16:00:00+00:00,False,True,False,True,17198.0,3604.0,Alamodome,2636,UTSA,fbs,American Athletic,44.0,"[14, 10, 10, 10]",0.9894375205039978,1381.0,1408.0,235,Memphis,fbs,American Athletic,36.0,"[10, 14, 0, 12]",0.0105624794960021,1601.0,1574.0,5.674827280077521,Alamodome,65000.0,29.41693712868156,-98.47890257835388,65000.0,0.26458461538461536,0
401628406,2024,10,regular,2024-11-02 16:00:00+00:00,False,True,False,True,72894.0,3887.0,Razorback Stadium,8,Arkansas,fbs,SEC,31.0,"[3, 7, 14, 7]",0.0743925869464874,1573.0,1524.0,145,Ole Miss,fbs,SEC,63.0,"[7, 28, 21, 7]",0.9256074130535126,1911.0,1960.0,4.1063445756722805,Donald W. Reynolds Razorback Stadium,72000.0,36.067850785167344,-94.17879581451416,72000.0,1.0,0
401628407,2024,10,regular,2024-11-02 16:45:00+00:00,False,True,False,True,88043.0,3785.0,Jordan-Hare Stadium,2,Auburn,fbs,SEC,7.0,"[0, 7, 0, 0]",0.5273105502128601,1585.0,1550.0,238,Vanderbilt,fbs,SEC,17.0,"[7, 0, 3, 7]",0.4726894497871399,1428.0,1463.0,4.866180279550277,Jordan–Hare Stadium,87451.0,32.602361666817515,-85.48891067504883,87451.0,1.0,0
401643821,2024,10,regular,2024-11-02 18:30:00+00:00,False,True,False,True,34954.0,3792.0,Kidd Brewer Stadium,2026,App State,fbs,Sun Belt,28.0,"[7, 7, 7, 7]",0.9052767753601074,1337.0,1359.0,295,Old Dominion,fbs,Sun Belt,20.0,"[3, 14, 3, 0]",0.0947232246398925,1494.0,1472.0,5.052457299850726,Kidd Brewer Stadium,40168.0,36.21151530169309,-81.68550610542297,24050.0,0.8701951802429795,0
401628534,2024,10,regular,2024-11-02 19:30:00+00:00,False,True,False,True,68423.0,3936.0,Spartan Stadium,127,Michigan State,fbs,Big Ten,10.0,"[10, 0, 0, 0]",0.006686651147902,1465.0,1402.0,84,Indiana,fbs,Big Ten,47.0,"[0, 21, 12, 14]",0.993313348852098,1812.0,1875.0,3.925909702849767,Spartan Stadium,75005.0,42.7281691163326,-84.48487535119057,75005.0,0.9122458502766482,0
401628537,2024,10,regular,2024-11-02 19:30:00+00:00,False,True,False,True,87453.0,3834.0,"Memorial Stadium (Lincoln, NE)",158,Nebraska,fbs,Big Ten,20.0,"[0, 7, 7, 6]",0.0749712139368057,1467.0,1453.0,26,UCLA,fbs,Big Ten,27.0,"[3, 10, 14, 0]",0.9250287860631944,1456.0,1470.0,4.7542760354638665,Memorial Stadium,87091.0,40.82048352329494,-96.70571565628052,87091.0,1.0,0
401628536,2024,10,regular,2024-11-02 19:30:00+00:00,False,True,False,True,110576.0,3558.0,Michigan Stadium,130,Michigan,fbs,Big Ten,17.0,"[7, 3, 7, 0]",0.1012860611081123,1808.0,1778.0,2483,Oregon,fbs,Big Ten,38.0,"[7, 21, 3, 7]",0.8987139388918877,2020.0,2050.0,3.8779406947745674,Michigan Stadium,107601.0,42.26586873251738,-83.7487256526947,107601.0,1.0,0
401636915,2024,10,regular,2024-11-02 19:30:00+00:00,False,True,False,True,52202.0,3646.0,Boone Pickens Stadium,197,Oklahoma State,fbs,Big 12,21.0,"[0, 14, 0, 7]",0.0097057595849037,1477.0,1427.0,9,Arizona State,fbs,Big 12,42.0,"[7, 14, 7, 14]",0.9902942404150964,1513.0,1563.0,4.804736047054614,Boone Pickens Stadium,60218.0,36.12570866235855,-97.06650495529176,60218.0,0.8668836560496861,0
401641026,2024,10,regular,2024-11-02 19:30:00+00:00,False,True,False,True,14775.0,3946.0,Sun Bowl,2638,UTEP,fbs,Conference USA,13.0,"[3, 7, 3, 0]",0.5200823545455933,1162.0,1147.0,2393,Middle Tennessee,fbs,Conference USA,20.0,"[3, 7, 3, 7]",0.4799176454544067,1137.0,1152.0,4.804823095507587,Sun Bowl Stadium,51500.0,31.77334530512776,-106.50789678096773,51500.0,0.28689320388349515,0
401635602,2024,10,regular,2024-11-02 19:30:00+00:00,False,True,False,True,55107.0,3697.0,Doak Campbell Stadium,52,Florida State,fbs,ACC,11.0,"[3, 0, 8, 0]",0.0058413613587617,1504.0,1447.0,153,North Carolina,fbs,ACC,35.0,"[0, 14, 14, 7]",0.9941586386412382,1555.0,1612.0,3.522912846803519,Bobby Bowden Field at Doak Campbell Stadium,82300.0,30.437547584621285,-84.30453398103501,82300.0,0.6695868772782503,0
401636914,2024,10,regular,2024-11-02 19:30:00+00:00,False,True,False,True,61500.0,3772.0,Jack Trice Stadium,66,Iowa State,fbs,Big 12,22.0,"[3, 10, 0, 9]",0.6836656928062439,1771.0,1759.0,2641,Texas Tech,fbs,Big 12,23.0,"[10, 0, 7, 6]",0.3163343071937561,1554.0,1566.0,7.071012957315944,Jack Trice Stadium,61500.0,42.01400541108485,-93.6358094215393,61500.0,1.0,0
401636916,2024,10,regular,2024-11-02 19:30:00+00:00,False,True,False,True,42110.0,3652.0,FBC Mortgage Stadium,2116,UCF,fbs,Big 12,56.0,"[14, 21, 14, 7]",0.9734269976615906,1489.0,1625.0,12,Arizona,fbs,Big 12,12.0,"[0, 6, 6, 0]",0.0265730023384094,1518.0,1382.0,2.687398572208911,Bright House Networks Stadium,45323.0,28.607958859227068,-81.1929988861084,45323.0,0.9291088409858129,0
401643822,2024,10,regular,2024-11-02 19:30:00+00:00,False,True,False,True,21478.0,3775.0,Joan C. Edwards Stadium,276,Marshall,fbs,Sun Belt,28.0,"[7, 7, 0, 14]",0.6684921979904175,1417.0,1415.0,2433,UL Monroe,fbs,Sun Belt,23.0,"[7, 7, 0, 9]",0.3315078020095825,1234.0,1236.0,5.233381523300132,Joan C. Edwards Stadium,38019.0,38.42486536179161,-82.42185831069946,38019.0,0.5649280622846472,0
401636913,2024,10,regular,2024-11-02 19:30:00+00:00,False,True,False,True,23085.0,4728.0,TDECU Stadium,248,Houston,fbs,Big 12,24.0,"[0, 10, 0, 14]",0.9561502933502196,1338.0,1364.0,2306,Kansas State,fbs,Big 12,19.0,"[3, 13, 3, 0]",0.0438497066497802,1797.0,1771.0,5.861245109673602,TDECU Stadium,40000.0,29.721767963293527,-95.34909841095214,40000.0,0.577125,0
401645360,2024,10,regular,2024-11-02 20:00:00+00:00,False,True,False,True,21253.0,3895.0,Rice Stadium,242,Rice,fbs,American Athletic,24.0,"[14, 3, 7, 0]",0.933373212814331,1236.0,1296.0,2426,Navy,fbs,American Athletic,10.0,"[0, 7, 0, 3]",0.0666267871856689,1564.0,1504.0,2.8035960498783488,Rice Stadium,47000.0,29.71623402909437,-95.40926456451416,47000.0,0.4521914893617021,0
401643824,2024,10,regular,2024-11-02 20:00:00+00:00,False,True,False,True,24223.0,3975.0,Veterans Memorial Stadium (AL),2653,Troy,fbs,Sun Belt,38.0,"[7, 21, 7, 3]",1.0,1429.0,1455.0,324,Coastal Carolina,fbs,Sun Belt,24.0,"[7, 0, 17, 0]",0.0,1402.0,1376.0,3.5175536293160845,Veterans Memorial Stadium,30000.0,31.799527415252125,-85.95217691586194,30000.0,0.8074333333333333,0
401643750,2024,10,regular,2024-11-02 20:00:00+00:00,False,True,False,True,15046.0,3971.0,University Stadium (NM),167,New Mexico,fbs,Mountain West,45.0,"[13, 22, 10, 0]",0.2683567404747009,1255.0,1250.0,2751,Wyoming,fbs,Mountain West,49.0,"[14, 21, 0, 14]",0.7316432595252991,1278.0,1283.0,7.343661416480424,University Stadium,39224.0,35.06761048267165,-106.6281028358157,39224.0,0.3835916785641444,0
401628409,2024,10,regular,2024-11-02 20:15:00+00:00,False,True,False,False,48617.0,3693.0,Davis Wade Stadium,344,Mississippi State,fbs,SEC,45.0,"[0, 21, 14, 10]",0.8929276466369629,1322.0,1353.0,113,Massachusetts,fbs,FBS Independents,20.0,"[10, 0, 0, 10]",0.1070723533630371,1025.0,994.0,3.783012780583112,Davis Wade Stadium,61337.0,33.456230599072065,-88.79342436790466,61337.0,0.7926210933042046,0
401643749,2024,10,regular,2024-11-02 23:00:00+00:00,False,True,False,True,41575.0,3660.0,Valley Children's Stadium,278,Fresno State,fbs,Mountain West,20.0,"[7, 6, 7, 0]",0.8474671244621277,1559.0,1540.0,62,Hawai'i,fbs,Mountain West,21.0,"[7, 0, 0, 14]",0.1525328755378723,1228.0,1247.0,6.068856142364836,Bulldog Stadium,41031.0,36.81431969524593,-119.75810156690552,41031.0,1.0,0
401628411,2024,10,regular,2024-11-02 23:30:00+00:00,False,True,False,True,80298.0,3994.0,Williams-Brice Stadium,2579,South Carolina,fbs,SEC,44.0,"[14, 6, 10, 14]",0.9189313650131226,1744.0,1812.0,245,Texas A&M,fbs,SEC,20.0,"[3, 17, 0, 0]",0.0810686349868774,1814.0,1746.0,4.371877774814291,Williams-Brice Stadium,80250.0,33.97259115457693,-81.02021634578705,80250.0,1.0,0
401635600,2024,10,regular,2024-11-02 23:30:00+00:00,False,True,False,True,80446.0,3836.0,"Memorial Stadium (Clemson, SC)",228,Clemson,fbs,ACC,21.0,"[7, 0, 0, 14]",0.3266951739788055,1863.0,1819.0,97,Louisville,fbs,ACC,33.0,"[3, 14, 9, 7]",0.6733048260211945,1681.0,1725.0,4.880672018932013,Memorial Stadium,81500.0,34.67874665741346,-82.84317970275879,81500.0,0.9870674846625767,0
401628535,2024,10,regular,2024-11-02 23:30:00+00:00,False,True,False,True,69250.0,3793.0,Kinnick Stadium,2294,Iowa,fbs,Big Ten,42.0,"[0, 14, 14, 14]",0.9891756176948548,1693.0,1786.0,275,Wisconsin,fbs,Big Ten,10.0,"[3, 0, 0, 7]",0.0108243823051452,1734.0,1641.0,3.032425102181227,Kinnick Stadium,70585.0,41.65838893680983,-91.55147552490234,70585.0,0.9810866331373521,0
401628540,2024,10,regular,2024-11-02 23:30:00+00:00,False,True,False,True,71251.0,3765.0,Husky Stadium,264,Washington,fbs,Big Ten,26.0,"[10, 10, 0, 6]",0.7126648426055908,1686.0,1695.0,30,USC,fbs,Big Ten,21.0,"[0, 7, 14, 0]",0.2873351573944092,1776.0,1767.0,5.546024447983016,Husky Stadium,70500.0,47.65043054401222,-122.30291984739304,70500.0,1.0,0
401628412,2024,10,regular,2024-11-02 23:45:00+00:00,False,True,False,True,101915.0,3853.0,Neyland Stadium,2633,Tennessee,fbs,SEC,28.0,"[0, 7, 14, 7]",0.9791595339775084,1950.0,1939.0,96,Kentucky,fbs,SEC,18.0,"[7, 3, 0, 8]",0.0208404660224914,1526.0,1537.0,5.698385150253387,Neyland Stadium,102455.0,35.95473437262258,-83.92533302307129,102455.0,0.994729393392221,0
401643748,2024,10,regular,2024-11-03 00:00:00+00:00,False,True,False,True,16019.0,3816.0,Mackay Stadium,2440,Nevada,fbs,Mountain West,21.0,"[0, 0, 7, 14]",0.1572398543357849,1206.0,1176.0,36,Colorado State,fbs,Mountain West,38.0,"[14, 3, 11, 10]",0.8427601456642151,1313.0,1343.0,3.849563937984213,Mackay Stadium,30000.0,39.54692485017159,-119.8175597190857,30000.0,0.5339666666666667,0
401636912,2024,10,regular,2024-11-03 00:00:00+00:00,False,True,False,True,44171.0,4727.0,McLane Stadium,239,Baylor,fbs,Big 12,37.0,"[7, 6, 7, 17]",0.4343437778950179,1558.0,1559.0,2628,TCU,fbs,Big 12,34.0,"[7, 10, 10, 7]",0.5656562221049821,1527.0,1526.0,8.663106695,McLane Stadium,45140.0,31.55866263551169,-97.11560010910034,45140.0,0.9785334514842712,0
401635627,2024,10,regular,2024-11-03 00:00:00+00:00,False,True,False,True,34648.0,3735.0,Gerald J. Ford Stadium,2567,SMU,fbs,ACC,48.0,"[7, 24, 3, 14]",0.992806315422058,1779.0,1814.0,221,Pittsburgh,fbs,ACC,25.0,"[3, 0, 8, 14]",0.0071936845779418,1576.0,1541.0,2.9127401147276983,Gerald J. Ford Stadium,32000.0,32.83771580994254,-96.782705783844,32000.0,1.0,0
401644760,2024,11,regular,2024-11-06 00:30:00+00:00,False,True,False,True,7832.0,3786.0,Kelly/Shorts Stadium,2117,Central Michigan,fbs,Mid-American,13.0,"[0, 7, 0, 6]",0.0788438618183136,1116.0,1123.0,189,Bowling Green,fbs,Mid-American,23.0,"[3, 6, 7, 7]",0.9211561381816864,1456.0,1449.0,4.298725467982059,Kelly/Shorts Stadium,32885.0,43.577612282574535,-84.77082967758179,32885.0,0.23816329633571537,0
401644688,2024,11,regular,2024-11-06 01:00:00+00:00,False,True,False,True,6412.0,3919.0,Scheumann Stadium,2050,Ball State,fbs,Mid-American,21.0,"[7, 6, 8, 0]",0.0992359668016433,1094.0,1115.0,193,Miami (OH),fbs,Mid-American,27.0,"[7, 14, 0, 6]",0.9007640331983566,1569.0,1548.0,5.072698714033837,Scheumann Stadium,22500.0,40.21602764466651,-85.41769962206614,22500.0,0.2849777777777778,0
401644762,2024,11,regular,2024-11-07 00:00:00+00:00,False,True,False,True,10346.0,3980.0,Waldo Stadium,2711,Western Michigan,fbs,Mid-American,28.0,"[7, 7, 7, 7]",0.0196178182959556,1288.0,1272.0,2459,Northern Illinois,fbs,Mid-American,42.0,"[0, 21, 21, 0]",0.9803821817040445,1455.0,1471.0,4.920891555805441,Waldo Stadium,30200.0,42.285755487470176,-85.60100421309471,30200.0,0.34258278145695364,0
401644761,2024,11,regular,2024-11-07 00:00:00+00:00,False,True,False,True,5662.0,3696.0,Dix Stadium,2309,Kent State,fbs,Mid-American,0.0,"[0, 0, 0, 0]",0.001964213559404,878.0,831.0,195,Ohio,fbs,Mid-American,41.0,"[10, 10, 14, 7]",0.998035786440596,1463.0,1510.0,2.9994586920806343,Dix Stadium,25000.0,41.13908682549516,-81.31343945860863,25000.0,0.22648,0
401643825,2024,11,regular,2024-11-08 01:00:00+00:00,False,True,False,True,19415.0,3654.0,Brooks Stadium (SC),324,Coastal Carolina,fbs,Sun Belt,38.0,"[14, 3, 14, 7]",0.985301911830902,1376.0,1403.0,2026,App State,fbs,Sun Belt,24.0,"[0, 10, 0, 14]",0.0146980881690979,1359.0,1332.0,2.7128332628103915,Brooks Stadium,22217.0,33.792838175224496,-79.01702282805255,9214.0,0.873880361885043,0
401645361,2024,11,regular,2024-11-08 01:00:00+00:00,False,True,False,True,30573.0,3699.0,Dowdy-Ficklen Stadium,151,East Carolina,fbs,American Athletic,49.0,"[21, 14, 7, 7]",0.989633321762085,1328.0,1410.0,2226,Florida Atlantic,fbs,American Athletic,14.0,"[0, 7, 0, 7]",0.010366678237915,1207.0,1125.0,2.290036594726945,Dowdy–Ficklen Stadium,50000.0,35.59642579698931,-77.36522912979126,50000.0,0.61146,0
401634773,2024,11,regular,2024-11-09 01:00:00+00:00,False,True,False,True,28455.0,3630.0,Allegacy Federal Credit Union Stadium,154,Wake Forest,fbs,ACC,36.0,"[7, 7, 7, 15]",0.0805263742804527,1349.0,1353.0,25,California,fbs,ACC,46.0,"[10, 19, 7, 10]",0.9194736257195472,1653.0,1649.0,6.764454071066815,BB&T Field,31500.0,36.09183481061275,-80.25534152984619,31500.0,0.9033333333333333,0
401645362,2024,11,regular,2024-11-09 02:00:00+00:00,False,True,False,True,23692.0,3805.0,Simmons Bank Liberty Stadium,235,Memphis,fbs,American Athletic,27.0,"[0, 17, 0, 10]",0.4616771340370178,1574.0,1569.0,242,Rice,fbs,American Athletic,20.0,"[6, 7, 0, 7]",0.5383228659629822,1296.0,1301.0,5.092991023986161,Liberty Bowl Memorial Stadium,62380.0,35.120856917268995,-89.97805741128388,62380.0,0.37980121833921127,0
401628542,2024,11,regular,2024-11-09 02:00:00+00:00,False,True,False,True,53467.0,1056.0,Rose Bowl,26,UCLA,fbs,Big Ten,20.0,"[0, 17, 0, 3]",0.7959715723991394,1470.0,1476.0,2294,Iowa,fbs,Big Ten,17.0,"[10, 0, 0, 7]",0.2040284276008606,1786.0,1780.0,5.237328950971543,Rose Bowl,92542.0,34.16156958726264,-118.1676149368286,92542.0,0.5777592876747855,0
401643828,2024,11,regular,2024-11-09 17:00:00+00:00,False,True,False,True,13720.0,3817.0,Malone Stadium,2433,UL Monroe,fbs,Sun Belt,17.0,"[0, 0, 14, 3]",0.0,1236.0,1220.0,326,Texas State,fbs,Sun Belt,38.0,"[14, 14, 0, 10]",1.0,1586.0,1602.0,4.335981193553452,Malone Stadium,30427.0,32.53106869451547,-92.06644075067642,30427.0,0.4509153054852598,0
401628545,2024,11,regular,2024-11-09 17:00:00+00:00,False,True,False,True,103463.0,3861.0,Ohio Stadium,194,Ohio State,fbs,Big Ten,45.0,"[7, 14, 17, 7]",0.9925447702407836,2065.0,2093.0,2509,Purdue,fbs,Big Ten,0.0,"[0, 0, 0, 0]",0.0074552297592163,1220.0,1192.0,2.070666937290162,Ohio Stadium,104944.0,40.0016856893694,-83.01972806453705,104944.0,0.9858877115413935,0
401636918,2024,11,regular,2024-11-09 17:00:00+00:00,False,True,False,True,38007.0,3854.0,Nippert Stadium,2132,Cincinnati,fbs,Big 12,24.0,"[7, 0, 7, 10]",0.3638865053653717,1536.0,1524.0,277,West Virginia,fbs,Big 12,31.0,"[0, 17, 7, 7]",0.6361134946346283,1549.0,1561.0,4.949353077761328,Nippert Stadium,40000.0,39.13128425273405,-84.51626143741578,40000.0,0.950175,0
401635609,2024,11,regular,2024-11-09 17:00:00+00:00,False,True,False,True,47358.0,721.0,Bobby Dodd Stadium,59,Georgia Tech,fbs,ACC,28.0,"[7, 7, 7, 7]",0.94644433259964,1558.0,1577.0,2390,Miami,fbs,ACC,23.0,"[10, 0, 6, 7]",0.0535556674003601,1877.0,1858.0,4.196556885753501,Bobby Dodd Stadium at Historic Grant Field,55000.0,33.772556921319435,-84.39285278320312,55000.0,0.8610545454545454,0
401645363,2024,11,regular,2024-11-09 17:00:00+00:00,False,True,False,True,34091.0,3886.0,Raymond James Stadium,58,South Florida,fbs,American Athletic,7.0,"[0, 0, 0, 7]",0.0,1379.0,1339.0,2426,Navy,fbs,American Athletic,28.0,"[14, 7, 0, 7]",1.0,1504.0,1544.0,3.4064884581414354,Raymond James Stadium,65857.0,27.975994470037183,-82.50334918498993,65857.0,0.5176518821082041,0
401628417,2024,11,regular,2024-11-09 17:00:00+00:00,False,True,False,True,103375.0,3910.0,DKR-Texas Memorial Stadium,251,Texas,fbs,SEC,49.0,"[14, 21, 7, 7]",0.9840566515922546,2057.0,2094.0,57,Florida,fbs,SEC,17.0,"[0, 0, 10, 7]",0.0159433484077453,1635.0,1598.0,2.707622964244444,Darrell K Royal–Texas Memorial Stadium,100119.0,30.28360340206824,-97.73233652114868,100119.0,1.0,0
401635606,2024,11,regular,2024-11-09 17:00:00+00:00,False,True,False,True,44500.0,3615.0,"Alumni Stadium (Chestnut Hill, MA)",103,Boston College,fbs,ACC,37.0,"[7, 7, 16, 7]",0.984311580657959,1428.0,1433.0,183,Syracuse,fbs,ACC,31.0,"[0, 14, 7, 10]",0.015688419342041,1391.0,1386.0,5.818692236052835,Alumni Stadium,44500.0,42.33510834895851,-71.16647243499756,44500.0,1.0,0
401628544,2024,11,regular,2024-11-09 17:00:00+00:00,False,True,False,True,44120.0,6577.0,SHI Stadium,164,Rutgers,fbs,Big Ten,26.0,"[7, 7, 0, 12]",0.8420133590698242,1412.0,1434.0,135,Minnesota,fbs,Big Ten,19.0,"[9, 0, 7, 3]",0.1579866409301757,1612.0,1590.0,6.209530180999019,High Point Solutions Stadium,52454.0,40.51378289308872,-74.46504457087282,52454.0,0.8411179319022382,0
401640995,2024,11,regular,2024-11-09 18:00:00+00:00,False,True,False,True,13500.0,3725.0,Johnny Red Floyd Stadium,2393,Middle Tennessee,fbs,Conference USA,17.0,"[7, 0, 0, 10]",0.0335895605385303,1152.0,1144.0,2335,Liberty,fbs,Conference USA,37.0,"[7, 20, 3, 7]",0.9664104394614697,1560.0,1568.0,4.006155846955029,"Johnny ""Red"" Floyd Stadium",31000.0,35.85110908054087,-86.36844992637634,31000.0,0.43548387096774194,0
401643829,2024,11,regular,2024-11-09 20:00:00+00:00,False,True,False,True,20502.0,3815.0,M. M. Roberts Stadium,2572,Southern Miss,fbs,Sun Belt,3.0,"[0, 3, 0, 0]",0.0,1096.0,1039.0,276,Marshall,fbs,Sun Belt,37.0,"[3, 14, 17, 3]",1.0,1415.0,1472.0,4.52027593030672,M. M. Roberts Stadium,36000.0,31.32897842661232,-89.33133065700531,36000.0,0.5695,0
401643755,2024,11,regular,2024-11-09 20:30:00+00:00,False,True,False,False,37187.0,3893.0,Reser Stadium,204,Oregon State,fbs,Pac-12,13.0,"[0, 10, 3, 0]",0.110768124461174,1467.0,1446.0,23,San José State,fbs,Mountain West,24.0,"[0, 10, 0, 14]",0.889231875538826,1497.0,1518.0,6.9531628349288495,Reser Stadium,45674.0,44.5594768421455,-123.2814073562622,45674.0,0.8141831238779175,0
401643826,2024,11,regular,2024-11-09 20:30:00+00:00,False,True,False,True,25709.0,3651.0,Bridgeforth Stadium,256,James Madison,fbs,Sun Belt,38.0,"[14, 14, 10, 0]",0.9870517253875732,1766.0,1794.0,2247,Georgia State,fbs,Sun Belt,7.0,"[0, 7, 0, 0]",0.0129482746124267,1282.0,1254.0,2.912088059362898,Bridgeforth Stadium,24878.0,38.43508893585215,-78.87340330403673,24878.0,1.0,0
401635608,2024,11,regular,2024-11-09 20:30:00+00:00,False,True,False,True,56919.0,3670.0,Carter-Finley Stadium,152,NC State,fbs,ACC,19.0,"[0, 9, 3, 7]",0.0084523893892765,1514.0,1499.0,150,Duke,fbs,ACC,29.0,"[12, 0, 7, 10]",0.9915476106107236,1582.0,1597.0,5.086037529480641,Carter–Finley Stadium,57583.0,35.80075968207897,-78.71948719024658,57583.0,0.9884688189222514,0
401629045,2024,11,regular,2024-11-09 20:30:00+00:00,False,True,False,True,28519.0,3825.0,DATCU Stadium,249,North Texas,fbs,American Athletic,3.0,"[3, 0, 0, 0]",0.1450608968734741,1462.0,1455.0,349,Army,fbs,American Athletic,14.0,"[7, 0, 0, 7]",0.8549391031265259,1654.0,1661.0,3.740931562565803,Apogee Stadium,30850.0,33.20393508408917,-97.15922355651855,30850.0,0.9244408427876823,0
401635607,2024,11,regular,2024-11-09 20:30:00+00:00,False,True,False,True,65632.0,3799.0,Lane Stadium,259,Virginia Tech,fbs,ACC,14.0,"[0, 7, 0, 7]",0.0557882115244865,1666.0,1658.0,228,Clemson,fbs,ACC,24.0,"[0, 0, 14, 10]",0.9442117884755136,1819.0,1827.0,4.747879883851768,Lane Stadium,66233.0,37.2199742830054,-80.41805505752563,66233.0,0.99092597345734,0
401628541,2024,11,regular,2024-11-09 20:30:00+00:00,False,True,False,True,53082.0,3830.0,"Memorial Stadium (Bloomington, IN)",84,Indiana,fbs,Big Ten,20.0,"[7, 10, 0, 3]",0.4176797866821289,1875.0,1876.0,130,Michigan,fbs,Big Ten,15.0,"[3, 0, 6, 6]",0.5823202133178711,1778.0,1777.0,3.557968252059709,Memorial Stadium,52959.0,39.18090913372923,-86.52557373046875,52959.0,1.0,0
401628414,2024,11,regular,2024-11-09 20:30:00+00:00,False,True,False,True,68126.0,3974.0,Vaught-Hemingway Stadium,145,Ole Miss,fbs,SEC,28.0,"[10, 6, 6, 6]",0.9801396131515504,1960.0,2010.0,61,Georgia,fbs,SEC,10.0,"[7, 0, 3, 0]",0.0198603868484497,2057.0,2007.0,3.6730757093012345,Vaught–Hemingway Stadium,60580.0,34.362154302992906,-89.53414626020904,60580.0,1.0,0
401645364,2024,11,regular,2024-11-09 21:00:00+00:00,False,True,False,True,30000.0,4729.0,Yulman Stadium,2655,Tulane,fbs,American Athletic,52.0,"[7, 21, 14, 10]",0.9935848712921144,1757.0,1807.0,218,Temple,fbs,American Athletic,6.0,"[0, 0, 0, 6]",0.0064151287078857,1090.0,1040.0,2.0949126866221155,Benson Field at Yulman Stadium,30000.0,29.945898112528432,-90.11519112306328,30000.0,1.0,0
401636921,2024,11,regular,2024-11-09 21:00:00+00:00,False,True,False,True,60229.0,3784.0,Jones AT&T Stadium,2641,Texas Tech,fbs,Big 12,27.0,"[13, 0, 7, 7]",0.2288302481174469,1566.0,1537.0,38,Colorado,fbs,Big 12,41.0,"[0, 10, 21, 10]",0.7711697518825531,1598.0,1627.0,6.0061020927037045,Jones AT&T Stadium,60862.0,33.59102829801104,-101.87293767929076,60862.0,0.9895994216424041,0
401641021,2024,11,regular,2024-11-09 21:00:00+00:00,False,True,False,True,14728.0,3946.0,Sun Bowl,2638,UTEP,fbs,Conference USA,43.0,"[7, 7, 7, 7, 7, 8]",0.9805501103401184,1147.0,1165.0,338,Kennesaw State,fbs,Conference USA,35.0,"[7, 0, 14, 7, 7, 0]",0.0194498896598815,1245.0,1227.0,7.522709172950741,Sun Bowl Stadium,51500.0,31.77334530512776,-106.50789678096773,51500.0,0.28598058252427183,0
401628418,2024,11,regular,2024-11-09 21:15:00+00:00,False,True,False,True,28934.0,3973.0,FirstBank Stadium,238,Vanderbilt,fbs,SEC,7.0,"[0, 0, 7, 0]",0.0054902089759707,1463.0,1446.0,2579,South Carolina,fbs,SEC,28.0,"[0, 7, 14, 7]",0.9945097910240293,1812.0,1829.0,3.867304664494592,Vanderbilt Stadium,40350.0,36.14355849696379,-86.80877208709717,40350.0,0.7170755885997522,0
401641004,2024,11,regular,2024-11-09 21:30:00+00:00,False,True,False,True,16345.0,3776.0,Joe Aillet Stadium,2348,Louisiana Tech,fbs,Conference USA,37.0,"[7, 14, 9, 7, 0]",0.9360070824623108,1283.0,1297.0,55,Jacksonville State,fbs,Conference USA,44.0,"[7, 21, 0, 9, 7]",0.0639929175376892,1657.0,1643.0,8.017644628510453,Joe Aillet Stadium,30600.0,32.53223809915824,-92.6560188758494,30600.0,0.5341503267973856,0
401643827,2024,11,regular,2024-11-09 22:00:00+00:00,False,True,False,True,16451.0,3666.0,Cajun Field,309,Louisiana,fbs,Sun Belt,55.0,"[10, 21, 17, 7]",0.9592593908309937,1554.0,1621.0,2032,Arkansas State,fbs,Sun Belt,19.0,"[0, 6, 6, 7]",0.0407406091690063,1286.0,1219.0,1.9155071452309809,Cajun Field,36900.0,30.21579609675613,-92.01626413552384,36900.0,0.44582655826558265,0
401641036,2024,11,regular,2024-11-09 23:00:00+00:00,False,True,False,True,12710.0,3601.0,Aggie Memorial Stadium,166,New Mexico State,fbs,Conference USA,28.0,"[7, 0, 14, 7]",0.0695853233337402,1115.0,1121.0,98,Western Kentucky,fbs,Conference USA,41.0,"[14, 10, 7, 10]",0.9304146766662598,1512.0,1506.0,4.935904961781535,Aggie Memorial Stadium,30343.0,32.27974938226407,-106.74113631248474,30343.0,0.4188775005767393,0
401636917,2024,11,regular,2024-11-10 00:00:00+00:00,False,True,False,True,44940.0,3947.0,Mountain America Stadium,9,Arizona State,fbs,Big 12,35.0,"[7, 14, 7, 7]",0.0337408706545829,1563.0,1568.0,2116,UCF,fbs,Big 12,31.0,"[7, 10, 7, 7]",0.966259129345417,1625.0,1620.0,7.0504533673603,Sun Devil Stadium Frank Kush Field,71706.0,33.426364,-111.932616,71706.0,0.6267257970044348,0
401636920,2024,11,regular,2024-11-10 00:00:00+00:00,False,True,False,True,45348.0,3616.0,Amon G. Carter Stadium,2628,TCU,fbs,Big 12,38.0,"[10, 14, 7, 7]",0.9064395427703856,1526.0,1578.0,197,Oklahoma State,fbs,Big 12,13.0,"[0, 0, 6, 7]",0.0935604572296142,1427.0,1375.0,3.101668597329723,Amon G. Carter Stadium,45000.0,32.70991596942349,-97.36799597740172,45000.0,1.0,0
401628416,2024,11,regular,2024-11-10 00:00:00+00:00,False,True,False,True,101915.0,3853.0,Neyland Stadium,2633,Tennessee,fbs,SEC,33.0,"[7, 13, 10, 3]",0.9013736844062804,1939.0,1930.0,344,Mississippi State,fbs,SEC,14.0,"[0, 7, 7, 0]",0.0986263155937194,1353.0,1362.0,3.599230832604964,Neyland Stadium,102455.0,35.95473437262258,-83.92533302307129,102455.0,0.994729393392221,0
401628543,2024,11,regular,2024-11-10 00:00:00+00:00,False,True,False,True,59245.0,3626.0,Autzen Stadium,2483,Oregon,fbs,Big Ten,39.0,"[7, 14, 8, 10]",0.983059823513031,2050.0,2047.0,120,Maryland,fbs,Big Ten,18.0,"[3, 7, 0, 8]",0.0169401764869689,1488.0,1491.0,3.4341120328594306,Autzen Stadium,54000.0,44.058272724266615,-123.0685043334961,54000.0,1.0,0
401628413,2024,11,regular,2024-11-10 00:30:00+00:00,False,True,False,True,102283.0,3958.0,Tiger Stadium (LA),99,LSU,fbs,SEC,13.0,"[3, 3, 0, 7]",0.0,1855.0,1800.0,333,Alabama,fbs,SEC,42.0,"[14, 7, 7, 14]",1.0,2058.0,2113.0,3.23146818895538,Tiger Stadium,102321.0,30.4120123982997,-91.183819770813,102321.0,0.9996286197359291,0
401628984,2024,11,regular,2024-11-10 00:30:00+00:00,False,True,False,False,77622.0,3855.0,Notre Dame Stadium,87,Notre Dame,fbs,FBS Independents,52.0,"[7, 14, 10, 21]",0.961488664150238,2069.0,2133.0,52,Florida State,fbs,ACC,3.0,"[3, 0, 0, 0]",0.0385113358497619,1447.0,1383.0,2.5071287390928783,Notre Dame Stadium,80795.0,41.69842312158612,-86.23382449150085,80795.0,0.9607277678074139,0
401628415,2024,11,regular,2024-11-10 00:45:00+00:00,False,True,False,True,62621.0,3838.0,Memorial Stadium,142,Missouri,fbs,SEC,30.0,"[0, 3, 7, 20]",0.9700127840042114,1673.0,1683.0,201,Oklahoma,fbs,SEC,23.0,"[0, 9, 0, 14]",0.0299872159957885,1688.0,1678.0,6.5294130720775945,Faurot Field,71168.0,38.93589529672232,-92.33311414718628,71168.0,0.8799038893884892,0
401628546,2024,11,regular,2024-11-10 01:00:00+00:00,False,True,False,True,110233.0,3632.0,Beaver Stadium,213,Penn State,fbs,Big Ten,35.0,"[7, 21, 0, 7]",0.988656520843506,1916.0,1967.0,264,Washington,fbs,Big Ten,6.0,"[0, 0, 3, 3]",0.0113434791564941,1695.0,1644.0,2.254180776434667,Beaver Stadium,106572.0,40.81215273275043,-77.85620212554932,106572.0,1.0,0
401635610,2024,11,regular,2024-11-10 01:00:00+00:00,False,True,False,True,56693.0,3752.0,Acrisure Stadium,221,Pittsburgh,fbs,ACC,19.0,"[0, 13, 0, 6]",0.334987461566925,1541.0,1519.0,258,Virginia,fbs,ACC,24.0,"[0, 7, 14, 3]",0.665012538433075,1359.0,1381.0,6.285908291028621,Heinz Field,68400.0,40.44678376501633,-80.01575589179993,68400.0,0.8288450292397661,0
401643752,2024,11,regular,2024-11-10 01:00:00+00:00,False,True,False,True,37143.0,3653.0,Albertsons Stadium,68,Boise State,fbs,Mountain West,28.0,"[14, 0, 7, 7]",0.9336748123168944,1761.0,1741.0,2440,Nevada,fbs,Mountain West,21.0,"[7, 7, 0, 7]",0.0663251876831054,1176.0,1196.0,3.9524291350627223,Albertsons Stadium,37000.0,43.6027080538683,-116.19591236114502,37000.0,1.0,0
401643751,2024,11,regular,2024-11-10 02:45:00+00:00,False,True,False,True,14794.0,3713.0,Falcon Stadium,2005,Air Force,fbs,Mountain West,36.0,"[7, 10, 9, 10]",0.9903101325035096,1287.0,1316.0,278,Fresno State,fbs,Mountain West,28.0,"[7, 14, 0, 7]",0.0096898674964904,1540.0,1511.0,5.360165094674511,Falcon Stadium,46692.0,38.99690743122685,-104.84368801116943,46692.0,0.31684228561637967,0
401636922,2024,11,regular,2024-11-10 03:15:00+00:00,False,True,False,True,54383.0,587.0,Rice-Eccles Stadium,254,Utah,fbs,Big 12,21.0,"[0, 21, 0, 0]",0.7878780364990234,1568.0,1572.0,252,BYU,fbs,Big 12,22.0,"[3, 7, 3, 9]",0.2121219635009765,1678.0,1674.0,5.725567163015939,Rice-Eccles Stadium,54383.0,40.75994782004573,-111.84882402420044,45017.0,1.0,0
401643756,2024,11,regular,2024-11-10 03:30:00+00:00,False,True,False,False,20011.0,3820.0,Gesa Field,265,Washington State,fbs,Pac-12,49.0,"[7, 14, 14, 14]",0.9887107014656068,1597.0,1606.0,328,Utah State,fbs,Mountain West,28.0,"[7, 0, 7, 14]",0.0112892985343933,1179.0,1170.0,2.707086332110177,Martin Stadium,32248.0,46.731967978653024,-117.16058578781136,32248.0,0.6205346067973208,0
401644763,2024,12,regular,2024-11-13 00:00:00+00:00,False,True,False,True,12708.0,3965.0,UB Stadium,2084,Buffalo,fbs,Mid-American,51.0,"[7, 17, 7, 14, 6]",0.6031242609024048,1217.0,1217.0,2050,Ball State,fbs,Mid-American,48.0,"[7, 21, 7, 10, 3]",0.3968757390975952,1115.0,1115.0,8.024189777437115,UB Stadium,29013.0,42.99906838239644,-78.7775194644928,29013.0,0.43801054699617414,0
401644764,2024,12,regular,2024-11-13 00:00:00+00:00,False,True,False,True,1156.0,3700.0,Doyt L. Perry Stadium,189,Bowling Green,fbs,Mid-American,31.0,"[3, 14, 14, 0]",0.9908657670021056,1449.0,1472.0,2711,Western Michigan,fbs,Mid-American,13.0,"[0, 7, 6, 0]",0.0091342329978942,1272.0,1249.0,3.5183895347971648,Doyt Perry Stadium,23724.0,41.37805439803228,-83.62248212099075,23724.0,0.04872702748271792,0
401644765,2024,12,regular,2024-11-13 00:00:00+00:00,False,True,False,True,14661.0,3739.0,Glass Bowl,2649,Toledo,fbs,Mid-American,37.0,"[7, 20, 7, 3]",0.9873344302177428,1463.0,1495.0,2117,Central Michigan,fbs,Mid-American,10.0,"[3, 0, 0, 7]",0.012665569782257,1123.0,1091.0,2.9983125258226258,Glass Bowl,26248.0,41.65739077895321,-83.61401719150295,26248.0,0.5585568424260896,0
401644767,2024,12,regular,2024-11-14 00:00:00+00:00,False,True,False,True,14133.0,3876.0,Peden Stadium,195,Ohio,fbs,Mid-American,35.0,"[0, 14, 7, 14]",0.992637574672699,1510.0,1546.0,2199,Eastern Michigan,fbs,Mid-American,10.0,"[0, 7, 0, 3]",0.007362425327301,1261.0,1225.0,4.563829030956917,Peden Stadium,24000.0,39.32130908459409,-82.10343944652357,24000.0,0.588875,0
401644766,2024,12,regular,2024-11-14 00:00:00+00:00,False,True,False,True,6795.0,3764.0,Huskie Stadium,2459,Northern Illinois,fbs,Mid-American,29.0,"[17, 6, 0, 6]",1.0,1471.0,1464.0,2006,Akron,fbs,Mid-American,16.0,"[6, 10, 0, 0]",0.0,1048.0,1055.0,3.8803958567107646,Huskie Stadium,25500.0,41.934014,-88.778222,25500.0,0.2664705882352941,0
401644689,2024,12,regular,2024-11-14 00:00:00+00:00,False,True,False,True,5328.0,3996.0,Yager Stadium,193,Miami (OH),fbs,Mid-American,34.0,"[10, 7, 14, 3]",0.8739778995513916,1548.0,1544.0,2309,Kent State,fbs,Mid-American,7.0,"[7, 0, 0, 0]",0.12602210044860834,831.0,835.0,4.160286333292163,Yager Stadium,24286.0,39.51942113142349,-84.73335450140017,24286.0,0.21938565428642015,0
401645365,2024,12,regular,2024-11-15 00:30:00+00:00,False,True,False,True,17979.0,3674.0,Chapman Stadium,202,Tulsa,fbs,American Athletic,31.0,"[3, 14, 7, 7]",0.058173332363367,952.0,971.0,151,East Carolina,fbs,American Athletic,38.0,"[7, 10, 7, 14]",0.9418266676366328,1410.0,1391.0,7.659156769468611,Skelly Field at H. A. Chapman Stadium,35542.0,36.14886067519205,-95.943603515625,35542.0,0.5058522311631309,0
401645366,2024,12,regular,2024-11-16 01:00:00+00:00,False,True,False,True,21350.0,3604.0,Alamodome,2636,UTSA,fbs,American Athletic,48.0,"[14, 13, 3, 18]",0.974008560180664,1408.0,1463.0,249,North Texas,fbs,American Athletic,27.0,"[0, 7, 13, 7]",0.0259914398193359,1455.0,1400.0,3.298597258798221,Alamodome,65000.0,29.41693712868156,-98.47890257835388,65000.0,0.32846153846153847,0
401628553,2024,12,regular,2024-11-16 02:00:00+00:00,False,True,False,True,68811.0,3765.0,Husky Stadium,264,Washington,fbs,Big Ten,31.0,"[7, 7, 3, 14]",0.5107772946357727,1644.0,1654.0,26,UCLA,fbs,Big Ten,19.0,"[0, 10, 3, 6]",0.4892227053642273,1476.0,1466.0,4.397378392583857,Husky Stadium,70500.0,47.65043054401222,-122.30291984739304,70500.0,0.9760425531914894,0
401636923,2024,12,regular,2024-11-16 03:15:00+00:00,False,True,False,True,38538.0,3619.0,Arizona Stadium,12,Arizona,fbs,Big 12,27.0,"[7, 3, 17, 0]",0.7833019495010376,1382.0,1440.0,248,Houston,fbs,Big 12,3.0,"[0, 3, 0, 0]",0.2166980504989624,1364.0,1306.0,2.989002931254109,Arizona Stadium,51811.0,32.228340232071496,-110.94903945922852,51811.0,0.7438188801605836,0
401636925,2024,12,regular,2024-11-16 17:00:00+00:00,False,True,False,True,54646.0,3726.0,Folsom Field,38,Colorado,fbs,Big 12,49.0,"[14, 7, 7, 21]",0.9381392002105712,1627.0,1684.0,254,Utah,fbs,Big 12,24.0,"[3, 6, 7, 8]",0.0618607997894287,1572.0,1515.0,3.598671095629092,Folsom Field,50183.0,40.00939837446321,-105.26688694953918,50183.0,1.0,0
401629046,2024,12,regular,2024-11-16 17:00:00+00:00,False,True,False,False,9115.0,3985.0,Warren McGuirk Alumni Stadium,113,Massachusetts,fbs,FBS Independents,34.0,"[7, 13, 0, 8, 6]",0.2587684094905853,994.0,1017.0,2335,Liberty,fbs,Conference USA,35.0,"[0, 7, 7, 14, 7]",0.7412315905094147,1568.0,1545.0,6.031051648660567,Warren McGuirk Alumni Stadium,17000.0,42.377513236004525,-72.53562686052412,17000.0,0.5361764705882353,0
401635582,2024,12,regular,2024-11-16 17:00:00+00:00,False,True,False,True,58667.0,3752.0,Acrisure Stadium,221,Pittsburgh,fbs,ACC,20.0,"[7, 0, 0, 13]",0.292782574892044,1519.0,1531.0,228,Clemson,fbs,ACC,24.0,"[7, 10, 0, 7]",0.7072174251079559,1827.0,1815.0,8.447491259663193,Heinz Field,68400.0,40.44678376501633,-80.01575589179993,68400.0,0.8577046783625731,0
401628419,2024,12,regular,2024-11-16 17:00:00+00:00,False,True,False,True,74929.0,3887.0,Razorback Stadium,8,Arkansas,fbs,SEC,10.0,"[0, 0, 7, 3]",0.0831659510731697,1524.0,1547.0,251,Texas,fbs,SEC,20.0,"[7, 3, 3, 7]",0.9168340489268304,2094.0,2071.0,4.4377816556590295,Donald W. Reynolds Razorback Stadium,72000.0,36.067850785167344,-94.17879581451416,72000.0,1.0,0
401645370,2024,12,regular,2024-11-16 17:00:00+00:00,False,True,False,True,38914.0,3852.0,Navy-Marine Corps Memorial Stadium,2426,Navy,fbs,American Athletic,0.0,"[0, 0, 0, 0]",0.0070918947458267,1544.0,1477.0,2655,Tulane,fbs,American Athletic,35.0,"[7, 7, 7, 14]",0.9929081052541732,1807.0,1874.0,2.540248784403309,Navy–Marine Corps Memorial Stadium,34000.0,38.98483263543365,-76.5071153640747,34000.0,1.0,0
401641013,2024,12,regular,2024-11-16 17:00:00+00:00,False,True,False,True,13312.0,3796.0,Houchens Industries-L.T. Smith Stadium,98,Western Kentucky,fbs,Conference USA,7.0,"[0, 7, 0, 0]",0.4548585712909698,1506.0,1482.0,2348,Louisiana Tech,fbs,Conference USA,12.0,"[3, 6, 0, 3]",0.5451414287090302,1297.0,1321.0,4.040177810951153,Houchens Industries–L. T. Smith Stadium,22113.0,36.98487662989466,-86.459013971646,22113.0,0.6019988242210464,0
401628426,2024,12,regular,2024-11-16 17:45:00+00:00,False,True,False,False,88043.0,3785.0,Jordan-Hare Stadium,2,Auburn,fbs,SEC,48.0,"[10, 14, 14, 10]",0.9928672313690186,1550.0,1604.0,2433,UL Monroe,fbs,Sun Belt,14.0,"[0, 0, 7, 7]",0.0071327686309814,1220.0,1166.0,1.6541832310807754,Jordan–Hare Stadium,87451.0,32.602361666817515,-85.48891067504883,87451.0,1.0,0
401643832,2024,12,regular,2024-11-16 18:00:00+00:00,False,True,False,True,24175.0,3775.0,Joan C. Edwards Stadium,276,Marshall,fbs,Sun Belt,31.0,"[3, 14, 7, 7]",0.9655942916870116,1472.0,1489.0,324,Coastal Carolina,fbs,Sun Belt,19.0,"[7, 0, 0, 12]",0.0344057083129882,1403.0,1386.0,3.971071956949464,Joan C. Edwards Stadium,38019.0,38.42486536179161,-82.42185831069946,38019.0,0.635866277387622,0
401628422,2024,12,regular,2024-11-16 18:30:00+00:00,False,True,False,False,48370.0,3683.0,Kroger Field,96,Kentucky,fbs,SEC,48.0,"[14, 10, 10, 14]",0.9877020716667176,1527.0,1527.0,93,Murray State,fcs,MVFC,6.0,"[0, 0, 3, 3]",0.0122979283332824,735.0,748.0,2.375985203105853,Commonwealth Stadium,62093.0,38.02262168129363,-84.50520515441895,62093.0,0.7789928011208993,1
401628425,2024,12,regular,2024-11-16 19:00:00+00:00,False,True,False,False,100077.0,3657.0,Bryant-Denny Stadium,333,Alabama,fbs,SEC,52.0,"[14, 17, 7, 14]",0.990824282169342,2130.0,2130.0,2382,Mercer,fcs,Southern,7.0,"[0, 7, 0, 0]",0.0091757178306579,735.0,748.0,2.210549656090027,Bryant–Denny Stadium,101821.0,33.2074899449518,-87.5503921508789,101821.0,0.9828719026526944,1
401640986,2024,12,regular,2024-11-16 19:00:00+00:00,False,True,False,True,17688.0,3662.0,AmFirst Stadium,55,Jacksonville State,fbs,Conference USA,34.0,"[3, 17, 0, 14]",0.9359528422355652,1643.0,1640.0,2229,Florida International,fbs,Conference USA,31.0,"[3, 14, 7, 7]",0.0640471577644348,1297.0,1300.0,7.484719132951689,JSU Stadium,24000.0,33.82031030570401,-85.76646566390991,24000.0,0.737,0
401645369,2024,12,regular,2024-11-16 19:00:00+00:00,False,True,False,True,12291.0,3806.0,Lincoln Financial Field,218,Temple,fbs,American Athletic,18.0,"[3, 0, 3, 9, 3]",0.6021506786346436,1040.0,1042.0,2226,Florida Atlantic,fbs,American Athletic,15.0,"[0, 7, 0, 8, 0]",0.3978493213653564,1125.0,1123.0,6.296938715983375,Lincoln Financial Field,68532.0,39.900748900488125,-75.16749143600464,68532.0,0.17934687445281036,0
401628547,2024,12,regular,2024-11-16 19:30:00+00:00,False,True,False,True,52660.0,3832.0,"Memorial Stadium (Champaign, IL)",356,Illinois,fbs,Big Ten,38.0,"[14, 7, 3, 14]",0.99127197265625,1556.0,1593.0,127,Michigan State,fbs,Big Ten,16.0,"[6, 3, 7, 0]",0.00872802734375,1402.0,1365.0,3.933595519465396,Memorial Stadium,60670.0,40.09930573133053,-88.23598623275757,60670.0,0.8679742871270809,0
401641022,2024,12,regular,2024-11-16 20:00:00+00:00,False,True,False,True,7736.0,4899.0,Fifth Third Stadium,338,Kennesaw State,fbs,Conference USA,17.0,"[0, 3, 7, 7, 0]",0.5700892210006714,1227.0,1230.0,2534,Sam Houston,fbs,Conference USA,23.0,"[0, 3, 7, 7, 6]",0.4299107789993286,1416.0,1413.0,5.869494169814326,Fifth Third Bank Stadium,11040.0,34.0234337,-84.6154897,8318.0,0.7007246376811594,0
401635581,2024,12,regular,2024-11-16 20:00:00+00:00,False,True,False,True,33493.0,3831.0,California Memorial Stadium,25,California,fbs,ACC,25.0,"[0, 7, 7, 11]",0.1700242608785629,1649.0,1610.0,183,Syracuse,fbs,ACC,33.0,"[6, 21, 3, 3]",0.8299757391214371,1386.0,1425.0,4.887377138531948,California Memorial Stadium,62717.0,37.87068660370429,-122.2507095336914,62717.0,0.5340338345265239,0
401645368,2024,12,regular,2024-11-16 20:30:00+00:00,False,True,False,True,15030.0,4418.0,Jerry Richardson Stadium,2429,Charlotte,fbs,American Athletic,24.0,"[7, 3, 7, 7]",0.0334261618554592,1182.0,1101.0,58,South Florida,fbs,American Athletic,59.0,"[7, 7, 31, 14]",0.9665738381445408,1339.0,1420.0,5.271316672734322,Jerry Richardson Stadium,15314.0,35.31028067616406,-80.74049377106525,15314.0,0.9814548778895129,0
401628552,2024,12,regular,2024-11-16 20:30:00+00:00,False,True,False,True,58346.0,3907.0,Ross-Ade Stadium,2509,Purdue,fbs,Big Ten,10.0,"[0, 3, 0, 7]",0.0008376220197177,1192.0,1172.0,213,Penn State,fbs,Big Ten,49.0,"[14, 7, 21, 7]",0.9991623779802824,1967.0,1987.0,1.8035917166,Ross–Ade Stadium,56400.0,40.434323,-86.918485,56400.0,1.0,0
401635517,2024,12,regular,2024-11-16 20:30:00+00:00,False,True,False,True,18685.0,3940.0,Stanford Stadium,24,Stanford,fbs,ACC,38.0,"[10, 3, 8, 17]",0.8145387172698975,1158.0,1168.0,97,Louisville,fbs,ACC,35.0,"[7, 14, 7, 7]",0.1854612827301025,1725.0,1715.0,5.764665266658283,Stanford Stadium,50000.0,37.43472641329173,-122.1610164642334,50000.0,0.3737,0
401628420,2024,12,regular,2024-11-16 20:30:00+00:00,False,True,False,True,90067.0,3634.0,Ben Hill Griffin Stadium,57,Florida,fbs,SEC,27.0,"[7, 3, 3, 14]",0.959041953086853,1598.0,1634.0,99,LSU,fbs,SEC,16.0,"[0, 10, 3, 3]",0.0409580469131469,1800.0,1764.0,5.33315691554045,Ben Hill Griffin Stadium,88548.0,29.649868677972304,-82.34866619110107,88548.0,1.0,0
401643757,2024,12,regular,2024-11-16 20:30:00+00:00,False,True,False,False,21385.0,3713.0,Falcon Stadium,2005,Air Force,fbs,Mountain West,28.0,"[7, 7, 0, 14]",0.993308961391449,1316.0,1406.0,204,Oregon State,fbs,Pac-12,0.0,"[0, 0, 0, 0]",0.006691038608551,1446.0,1356.0,1.8552075852714327,Falcon Stadium,46692.0,38.99690743122685,-104.84368801116943,46692.0,0.45800137068448554,0
401628985,2024,12,regular,2024-11-16 20:30:00+00:00,False,True,False,False,77622.0,3855.0,Notre Dame Stadium,87,Notre Dame,fbs,FBS Independents,35.0,"[7, 21, 7, 0]",0.9839110970497132,2133.0,2115.0,258,Virginia,fbs,ACC,14.0,"[0, 0, 7, 7]",0.0160889029502868,1381.0,1399.0,2.6804055780137226,Notre Dame Stadium,80795.0,41.69842312158612,-86.23382449150085,80795.0,0.9607277678074139,0
401635580,2024,12,regular,2024-11-16 20:30:00+00:00,False,True,False,True,34438.0,3735.0,Gerald J. Ford Stadium,2567,SMU,fbs,ACC,38.0,"[10, 10, 11, 7]",0.9798381328582764,1814.0,1806.0,103,Boston College,fbs,ACC,28.0,"[0, 14, 7, 7]",0.0201618671417236,1433.0,1441.0,5.301375495397462,Gerald J. Ford Stadium,32000.0,32.83771580994254,-96.782705783844,32000.0,1.0,0
401636929,2024,12,regular,2024-11-16 21:00:00+00:00,False,True,False,True,52376.0,3842.0,Milan Puskar Stadium,277,West Virginia,fbs,Big 12,35.0,"[7, 21, 0, 7]",0.0,1561.0,1529.0,239,Baylor,fbs,Big 12,49.0,"[14, 21, 0, 14]",1.0,1559.0,1591.0,6.470057922278158,Mountaineer Field at Milan Puskar Stadium,60000.0,39.65221992482815,-79.9551753012939,60000.0,0.8729333333333333,0
401643830,2024,12,regular,2024-11-16 21:00:00+00:00,False,True,False,True,21762.0,3608.0,Allen E. Paulson Stadium,290,Georgia Southern,fbs,Sun Belt,20.0,"[7, 3, 7, 3]",0.0,1397.0,1386.0,2653,Troy,fbs,Sun Belt,28.0,"[0, 7, 7, 14]",1.0,1455.0,1466.0,5.32145550117369,Paulson Stadium,24300.0,32.41221167634779,-81.78317070007324,24300.0,0.8955555555555555,0
401643833,2024,12,regular,2024-11-16 21:00:00+00:00,False,True,False,True,21984.0,3918.0,S.B. Ballard Stadium,295,Old Dominion,fbs,Sun Belt,32.0,"[7, 17, 0, 8]",0.4122559850553954,1472.0,1486.0,256,James Madison,fbs,Sun Belt,35.0,"[7, 14, 7, 7]",0.5877440149446045,1794.0,1780.0,8.3624957585,Foreman Field,20118.0,36.88878131523489,-76.30567610263824,20118.0,1.0,0
401628549,2024,12,regular,2024-11-16 21:00:00+00:00,False,True,False,True,75304.0,477.0,Los Angeles Memorial Coliseum,30,USC,fbs,Big Ten,28.0,"[7, 7, 7, 7]",0.995826166219086,1767.0,1761.0,158,Nebraska,fbs,Big Ten,20.0,"[7, 7, 6, 0]",0.0041738337809139,1453.0,1459.0,7.8481713683,Los Angeles Memorial Coliseum,93607.0,34.01400974062912,-118.28789591789246,93607.0,0.804469751193821,0
401628423,2024,12,regular,2024-11-16 21:15:00+00:00,False,True,False,True,79361.0,3994.0,Williams-Brice Stadium,2579,South Carolina,fbs,SEC,34.0,"[7, 14, 0, 13]",0.1737814992666244,1829.0,1828.0,142,Missouri,fbs,SEC,30.0,"[6, 0, 6, 18]",0.8262185007333755,1683.0,1684.0,5.160145911289666,Williams-Brice Stadium,80250.0,33.97259115457693,-81.02021634578705,80250.0,0.9889221183800623,0
401628548,2024,12,regular,2024-11-16 23:00:00+00:00,False,True,False,True,31433.0,3665.0,SECU Stadium,120,Maryland,fbs,Big Ten,17.0,"[3, 7, 7, 0]",0.0672183334827423,1491.0,1453.0,164,Rutgers,fbs,Big Ten,31.0,"[0, 14, 7, 10]",0.9327816665172576,1434.0,1472.0,5.984811442880731,Byrd Stadium,51802.0,38.99120275144426,-76.94731173248788,51802.0,0.6067912435813289,0
401643758,2024,12,regular,2024-11-17 00:00:00+00:00,False,True,False,True,20517.0,3935.0,CEFCU Stadium,23,San José State,fbs,Mountain West,21.0,"[7, 7, 7, 0]",0.1697279959917068,1518.0,1489.0,68,Boise State,fbs,Mountain West,42.0,"[0, 14, 14, 14]",0.8302720040082932,1741.0,1770.0,4.752790814634451,Spartan Stadium,30456.0,37.320105186690846,-121.86811613079064,30456.0,0.6736603624901497,0
401643835,2024,12,regular,2024-11-17 00:00:00+00:00,False,True,False,True,22618.0,3644.0,Bobcat Stadium (TX),326,Texas State,fbs,Sun Belt,58.0,"[21, 13, 17, 7]",0.9452369213104248,1602.0,1693.0,2572,Southern Miss,fbs,Sun Belt,3.0,"[0, 3, 0, 0]",0.0547630786895751,1039.0,948.0,2.197632369476356,Bobcat Stadium,30000.0,29.89134454879716,-97.92531180559462,30000.0,0.7539333333333333,0
401643834,2024,12,regular,2024-11-17 00:00:00+00:00,False,True,False,True,16063.0,3666.0,Cajun Field,309,Louisiana,fbs,Sun Belt,22.0,"[0, 3, 3, 16]",0.4230353236198425,1621.0,1618.0,6,South Alabama,fbs,Sun Belt,24.0,"[7, 17, 0, 0]",0.5769646763801575,1618.0,1621.0,3.605417965941981,Cajun Field,36900.0,30.21579609675613,-92.01626413552384,36900.0,0.43531165311653114,0
401636927,2024,12,regular,2024-11-17 00:00:00+00:00,False,True,False,True,51880.0,3636.0,Bill Snyder Family Stadium,2306,Kansas State,fbs,Big 12,14.0,"[0, 0, 6, 8]",0.0651992633938789,1771.0,1731.0,9,Arizona State,fbs,Big 12,24.0,"[7, 14, 3, 0]",0.9348007366061212,1568.0,1608.0,3.739081231971401,Bill Snyder Family Football Stadium,50000.0,39.20186361814248,-96.59379243850708,50000.0,1.0,0
401628551,2024,12,regular,2024-11-17 00:30:00+00:00,False,True,False,True,76298.0,347.0,Camp Randall Stadium,275,Wisconsin,fbs,Big Ten,13.0,"[0, 10, 3, 0]",0.0,1641.0,1659.0,2483,Oregon,fbs,Big Ten,16.0,"[6, 0, 0, 10]",1.0,2047.0,2029.0,6.273681476727409,Camp Randall Stadium,80321.0,43.06993802646878,-89.41274642944336,80321.0,0.9499134721928263,0
401628421,2024,12,regular,2024-11-17 00:30:00+00:00,False,True,False,True,93033.0,3917.0,Sanford Stadium,61,Georgia,fbs,SEC,31.0,"[0, 17, 7, 7]",0.9929498434066772,2007.0,2029.0,2633,Tennessee,fbs,SEC,17.0,"[10, 7, 0, 0]",0.0070501565933227,1930.0,1908.0,5.512019683714967,Sanford Stadium,92746.0,33.949821489498824,-83.37344169616699,92746.0,1.0,0
401628424,2024,12,regular,2024-11-17 00:45:00+00:00,False,True,False,False,105815.0,3795.0,Kyle Field,245,Texas A&M,fbs,SEC,38.0,"[17, 7, 7, 7]",0.9867249131202698,1746.0,1770.0,166,New Mexico State,fbs,Conference USA,3.0,"[0, 0, 0, 3]",0.0132750868797302,1121.0,1097.0,1.9732749908394775,Kyle Field,102733.0,30.61009757817476,-96.34072922859283,102733.0,1.0,0
401635583,2024,12,regular,2024-11-17 01:00:00+00:00,False,True,False,True,48364.0,3787.0,Kenan Stadium,153,North Carolina,fbs,ACC,31.0,"[0, 10, 14, 7]",0.7997316718101501,1612.0,1608.0,154,Wake Forest,fbs,ACC,24.0,"[3, 0, 14, 7]",0.2002683281898498,1353.0,1357.0,4.931720440611799,Kenan Memorial Stadium,62980.0,35.90698834747853,-79.04791831970215,62980.0,0.7679263258177199,0
401636926,2024,12,regular,2024-11-17 01:00:00+00:00,False,True,False,True,52881.0,3772.0,Jack Trice Stadium,66,Iowa State,fbs,Big 12,34.0,"[7, 3, 10, 14]",0.7731809020042419,1728.0,1746.0,2132,Cincinnati,fbs,Big 12,17.0,"[7, 3, 0, 7]",0.226819097995758,1524.0,1506.0,5.345293457370588,Jack Trice Stadium,61500.0,42.01400541108485,-93.6358094215393,61500.0,0.8598536585365854,0
401645367,2024,12,regular,2024-11-17 01:00:00+00:00,False,True,False,True,24225.0,3805.0,Simmons Bank Liberty Stadium,235,Memphis,fbs,American Athletic,53.0,"[11, 7, 7, 28]",0.9952467679977416,1569.0,1621.0,5,UAB,fbs,American Athletic,18.0,"[0, 8, 3, 7]",0.0047532320022583,1197.0,1145.0,2.766654220313084,Liberty Bowl Memorial Stadium,62380.0,35.120856917268995,-89.97805741128388,62380.0,0.38834562359730684,0
401643761,2024,12,regular,2024-11-17 02:30:00+00:00,False,True,False,False,14067.0,3971.0,University Stadium (NM),167,New Mexico,fbs,Mountain West,38.0,"[7, 7, 14, 10]",0.389329601231146,1263.0,1269.0,265,Washington State,fbs,Pac-12,35.0,"[14, 14, 0, 7]",0.610670398768854,1606.0,1600.0,8.4413070753,University Stadium,39224.0,35.06761048267165,-106.6281028358157,39224.0,0.3586324699163777,0
401636924,2024,12,regular,2024-11-17 03:15:00+00:00,False,True,False,True,62704.0,3801.0,LaVell Edwards Stadium,252,BYU,fbs,Big 12,13.0,"[0, 10, 3, 0]",0.2802194952964782,1674.0,1667.0,2305,Kansas,fbs,Big 12,17.0,"[7, 3, 0, 7]",0.7197805047035217,1664.0,1671.0,5.333465718202751,LaVell Edwards Stadium,63725.0,40.25748799746312,-111.65443897247314,63725.0,0.9839780306002354,0
401644769,2024,13,regular,2024-11-20 00:00:00+00:00,False,True,False,True,6768.0,3696.0,Dix Stadium,2309,Kent State,fbs,Mid-American,17.0,"[7, 3, 0, 7]",0.0742044076323509,835.0,805.0,2006,Akron,fbs,Mid-American,38.0,"[10, 13, 15, 0]",0.9257955923676492,1055.0,1085.0,3.804020533717492,Dix Stadium,25000.0,41.13908682549516,-81.31343945860863,25000.0,0.27072,0
401644770,2024,13,regular,2024-11-20 00:30:00+00:00,False,True,False,True,13102.0,3786.0,Kelly/Shorts Stadium,2117,Central Michigan,fbs,Mid-American,16.0,"[7, 6, 0, 3]",0.9996080994606018,1091.0,1094.0,2711,Western Michigan,fbs,Mid-American,14.0,"[0, 0, 7, 7]",0.0003919005393981,1249.0,1246.0,4.326444538979832,Kelly/Shorts Stadium,32885.0,43.577612282574535,-84.77082967758179,32885.0,0.3984187319446556,0
401644690,2024,13,regular,2024-11-20 01:00:00+00:00,False,True,False,True,5891.0,3996.0,Yager Stadium,193,Miami (OH),fbs,Mid-American,20.0,"[7, 10, 0, 3]",0.5566905736923218,1544.0,1558.0,2459,Northern Illinois,fbs,Mid-American,9.0,"[0, 3, 0, 6]",0.4433094263076782,1464.0,1450.0,2.8304017864524567,Yager Stadium,24286.0,39.51942113142349,-84.73335450140017,24286.0,0.2425677344972412,0
401644773,2024,13,regular,2024-11-21 00:00:00+00:00,False,True,False,True,14543.0,3739.0,Glass Bowl,2649,Toledo,fbs,Mid-American,7.0,"[0, 7, 0, 0]",0.0526498444378376,1495.0,1459.0,195,Ohio,fbs,Mid-American,24.0,"[0, 0, 7, 17]",0.9473501555621624,1546.0,1582.0,4.535534597248482,Glass Bowl,26248.0,41.65739077895321,-83.61401719150295,26248.0,0.5540612618104237,0
401644772,2024,13,regular,2024-11-21 00:00:00+00:00,False,True,False,True,12004.0,3912.0,Rynearson Stadium,2199,Eastern Michigan,fbs,Mid-American,20.0,"[0, 0, 13, 7]",0.0,1225.0,1183.0,2084,Buffalo,fbs,Mid-American,37.0,"[8, 9, 6, 14]",1.0,1217.0,1259.0,5.37936371321777,Rynearson Stadium,30200.0,42.2557607087688,-83.64775657653809,30200.0,0.3974834437086093,0
401634772,2024,13,regular,2024-11-22 00:30:00+00:00,False,True,False,True,34591.0,721.0,Bobby Dodd Stadium,59,Georgia Tech,fbs,ACC,30.0,"[7, 6, 3, 14]",0.8967820405960083,1577.0,1575.0,152,NC State,fbs,ACC,29.0,"[7, 0, 0, 22]",0.1032179594039917,1499.0,1501.0,6.921749317598019,Bobby Dodd Stadium at Historic Grant Field,55000.0,33.772556921319435,-84.39285278320312,55000.0,0.6289272727272728,0
401645374,2024,13,regular,2024-11-23 00:00:00+00:00,False,True,False,True,20121.0,3604.0,Alamodome,2636,UTSA,fbs,American Athletic,51.0,"[7, 21, 10, 13]",0.990747332572937,1463.0,1479.0,218,Temple,fbs,American Athletic,27.0,"[3, 14, 7, 3]",0.0092526674270629,1042.0,1026.0,4.093751479209763,Alamodome,65000.0,29.41693712868156,-98.47890257835388,65000.0,0.3095538461538462,0
401628558,2024,13,regular,2024-11-23 01:00:00+00:00,False,True,False,True,57558.0,3936.0,Spartan Stadium,127,Michigan State,fbs,Big Ten,24.0,"[7, 17, 0, 0]",0.8620511293411255,1365.0,1364.0,2509,Purdue,fbs,Big Ten,17.0,"[3, 0, 7, 7]",0.1379488706588745,1172.0,1173.0,3.171925120433743,Spartan Stadium,75005.0,42.7281691163326,-84.48487535119057,75005.0,0.7673888407439504,0
401643767,2024,13,regular,2024-11-23 03:00:00+00:00,False,True,False,True,13671.0,3935.0,CEFCU Stadium,23,San José State,fbs,Mountain West,16.0,"[0, 16, 0, 0]",0.1400045305490493,1489.0,1481.0,2439,UNLV,fbs,Mountain West,27.0,"[3, 7, 10, 7]",0.8599954694509506,1665.0,1673.0,5.654143139953593,Spartan Stadium,30456.0,37.320105186690846,-121.86811613079064,30456.0,0.44887706855791965,0
401641005,2024,13,regular,2024-11-23 17:00:00+00:00,False,True,False,True,16312.0,3662.0,AmFirst Stadium,55,Jacksonville State,fbs,Conference USA,21.0,"[7, 7, 0, 7]",0.447383314371109,1640.0,1641.0,2534,Sam Houston,fbs,Conference USA,11.0,"[0, 3, 8, 0]",0.552616685628891,1413.0,1412.0,3.31710391580976,JSU Stadium,24000.0,33.82031030570401,-85.76646566390991,24000.0,0.6796666666666666,0
401635618,2024,13,regular,2024-11-23 17:00:00+00:00,False,True,False,True,64210.0,3948.0,Hard Rock Stadium,2390,Miami,fbs,ACC,42.0,"[10, 10, 0, 22]",0.9769409894943236,1858.0,1877.0,154,Wake Forest,fbs,ACC,14.0,"[7, 7, 0, 0]",0.0230590105056762,1357.0,1338.0,3.6548371226781655,Sun Life Stadium,65326.0,25.957933739028963,-80.23884057998657,65326.0,0.9829164498055905,0
401635518,2024,13,regular,2024-11-23 17:00:00+00:00,False,True,False,False,35453.0,1964.0,JMA Wireless Dome,183,Syracuse,fbs,ACC,31.0,"[7, 14, 3, 7]",0.9888649582862854,1425.0,1434.0,41,UConn,fbs,FBS Independents,24.0,"[7, 7, 3, 7]",0.0111350417137146,1423.0,1414.0,3.7018182922725513,Carrier Dome,49250.0,43.036132820423234,-76.13651990890503,49250.0,0.7198578680203046,0
401635619,2024,13,regular,2024-11-23 17:00:00+00:00,False,True,False,True,36305.0,3923.0,Scott Stadium,258,Virginia,fbs,ACC,7.0,"[0, 0, 0, 7]",0.0009218386840075,1399.0,1375.0,2567,SMU,fbs,ACC,33.0,"[7, 10, 3, 13]",0.9990781613159924,1806.0,1830.0,3.876500710518288,Scott Stadium,61500.0,38.03112372855688,-78.51370811462402,61500.0,0.5903252032520325,0
401635612,2024,13,regular,2024-11-23 17:00:00+00:00,False,True,False,True,37801.0,3615.0,"Alumni Stadium (Chestnut Hill, MA)",103,Boston College,fbs,ACC,41.0,"[3, 21, 3, 14]",0.9886507987976074,1441.0,1506.0,153,North Carolina,fbs,ACC,21.0,"[0, 7, 0, 14]",0.0113492012023925,1608.0,1543.0,3.8425672072818897,Alumni Stadium,44500.0,42.33510834895851,-71.16647243499756,44500.0,0.8494606741573034,0
401628556,2024,13,regular,2024-11-23 17:00:00+00:00,False,True,False,True,30214.0,3665.0,SECU Stadium,120,Maryland,fbs,Big Ten,13.0,"[0, 0, 6, 7]",0.0179356802254915,1453.0,1447.0,2294,Iowa,fbs,Big Ten,29.0,"[3, 10, 6, 10]",0.9820643197745084,1780.0,1786.0,3.7794278238840353,Byrd Stadium,51802.0,38.99120275144426,-76.94731173248788,51802.0,0.5832593336164626,0
401628555,2024,13,regular,2024-11-23 17:00:00+00:00,False,True,False,True,105751.0,3861.0,Ohio Stadium,194,Ohio State,fbs,Big Ten,38.0,"[0, 14, 14, 10]",0.9810001850128174,2086.0,2120.0,84,Indiana,fbs,Big Ten,15.0,"[7, 0, 0, 8]",0.0189998149871826,1876.0,1842.0,3.5133640512372524,Ohio Stadium,104944.0,40.0016856893694,-83.01972806453705,104944.0,1.0,0
401628554,2024,13,regular,2024-11-23 17:00:00+00:00,False,True,False,True,47524.0,6577.0,SHI Stadium,164,Rutgers,fbs,Big Ten,31.0,"[3, 14, 0, 14]",0.0811499133706092,1472.0,1468.0,356,Illinois,fbs,Big Ten,38.0,"[0, 9, 6, 23]",0.9188500866293908,1593.0,1597.0,7.133938527182541,High Point Solutions Stadium,52454.0,40.51378289308872,-74.46504457087282,52454.0,0.9060128874823655,0
401628429,2024,13,regular,2024-11-23 17:00:00+00:00,False,True,False,True,89942.0,3634.0,Ben Hill Griffin Stadium,57,Florida,fbs,SEC,24.0,"[0, 14, 3, 7]",0.5597763657569885,1634.0,1667.0,145,Ole Miss,fbs,SEC,17.0,"[0, 14, 3, 0]",0.4402236342430115,2010.0,1977.0,6.418535554203734,Ben Hill Griffin Stadium,88548.0,29.649868677972304,-82.34866619110107,88548.0,1.0,0
401628430,2024,13,regular,2024-11-23 17:45:00+00:00,False,True,False,False,93033.0,3917.0,Sanford Stadium,61,Georgia,fbs,SEC,59.0,"[7, 21, 17, 14]",0.9873310327529908,2029.0,2023.0,113,Massachusetts,fbs,FBS Independents,21.0,"[7, 7, 7, 0]",0.0126689672470092,1017.0,1023.0,3.1187392814344728,Sanford Stadium,92746.0,33.949821489498824,-83.37344169616699,92746.0,1.0,0
401628435,2024,13,regular,2024-11-23 18:00:00+00:00,False,True,False,False,101915.0,3853.0,Neyland Stadium,2633,Tennessee,fbs,SEC,56.0,"[0, 28, 21, 7]",0.9860267043113708,1908.0,1979.0,2638,UTEP,fbs,Conference USA,0.0,"[0, 0, 0, 0]",0.0139732956886291,1165.0,1094.0,3.726334917101529,Neyland Stadium,102455.0,35.95473437262258,-83.92533302307129,102455.0,0.994729393392221,0
401640996,2024,13,regular,2024-11-23 18:00:00+00:00,False,True,False,True,17930.0,3992.0,Williams Stadium (VA),2335,Liberty,fbs,Conference USA,38.0,"[0, 21, 7, 10]",0.9917790293693542,1545.0,1576.0,98,Western Kentucky,fbs,Conference USA,21.0,"[0, 7, 14, 0]",0.0082209706306457,1482.0,1451.0,4.000666168120101,Williams Stadium,19200.0,37.354414,-79.175047,19200.0,0.9338541666666667,0
401635616,2024,13,regular,2024-11-23 18:30:00+00:00,False,True,False,False,43711.0,3697.0,Doak Campbell Stadium,52,Florida State,fbs,ACC,41.0,"[0, 17, 14, 10]",0.9945473670959472,1353.0,1353.0,2127,Charleston Southern,fcs,Big South-OVC,7.0,"[0, 0, 0, 7]",0.0054526329040527,735.0,748.0,3.047874592245136,Bobby Bowden Field at Doak Campbell Stadium,82300.0,30.437547584621285,-84.30453398103501,82300.0,0.5311178614823815,1
401644774,2024,13,regular,2024-11-23 19:00:00+00:00,False,True,False,True,7116.0,3919.0,Scheumann Stadium,2050,Ball State,fbs,Mid-American,13.0,"[0, 7, 0, 6]",0.001220466918312,1115.0,1089.0,189,Bowling Green,fbs,Mid-American,38.0,"[7, 3, 18, 10]",0.998779533081688,1472.0,1498.0,4.915044510800161,Scheumann Stadium,22500.0,40.21602764466651,-85.41769962206614,22500.0,0.31626666666666664,0
401643836,2024,13,regular,2024-11-23 19:30:00+00:00,False,True,False,True,34012.0,3792.0,Kidd Brewer Stadium,2026,App State,fbs,Sun Belt,34.0,"[0, 24, 7, 3]",0.9537871479988098,1332.0,1405.0,256,James Madison,fbs,Sun Belt,20.0,"[7, 10, 3, 0]",0.0462128520011901,1780.0,1707.0,3.850713345646687,Kidd Brewer Stadium,40168.0,36.21151530169309,-81.68550610542297,24050.0,0.8467436765584545,0
401641027,2024,13,regular,2024-11-23 19:30:00+00:00,False,True,False,True,10123.0,3725.0,Johnny Red Floyd Stadium,2393,Middle Tennessee,fbs,Conference USA,21.0,"[0, 7, 7, 7]",0.0,1144.0,1104.0,166,New Mexico State,fbs,Conference USA,36.0,"[10, 3, 13, 10]",1.0,1097.0,1137.0,4.994034360974621,"Johnny ""Red"" Floyd Stadium",31000.0,35.85110908054087,-86.36844992637634,31000.0,0.3265483870967742,0
401640987,2024,13,regular,2024-11-23 20:00:00+00:00,False,True,False,True,6210.0,4899.0,Fifth Third Stadium,338,Kennesaw State,fbs,Conference USA,27.0,"[3, 14, 0, 10]",0.2514111995697021,1230.0,1233.0,2229,Florida International,fbs,Conference USA,26.0,"[0, 20, 6, 0]",0.7485888004302979,1300.0,1297.0,6.317093636173363,Fifth Third Bank Stadium,11040.0,34.0234337,-84.6154897,8318.0,0.5625,0
401643839,2024,13,regular,2024-11-23 20:00:00+00:00,False,True,False,True,14029.0,3625.0,Centennial Bank Stadium,2032,Arkansas State,fbs,Sun Belt,28.0,"[7, 7, 7, 7]",0.9449933767318726,1235.0,1241.0,2433,UL Monroe,fbs,Sun Belt,21.0,"[7, 0, 7, 7]",0.0550066232681274,1166.0,1160.0,5.680124569362166,Centennial Bank Stadium,30964.0,35.84899009532366,-90.66769494362912,30964.0,0.45307453817336263,0
401645371,2024,13,regular,2024-11-23 20:00:00+00:00,False,True,False,True,15066.0,3715.0,FAU Stadium,2226,Florida Atlantic,fbs,American Athletic,27.0,"[3, 7, 10, 7]",0.4641828835010528,1123.0,1095.0,2429,Charlotte,fbs,American Athletic,39.0,"[10, 6, 10, 13]",0.5358171164989471,1101.0,1129.0,6.810475733496954,FAU Stadium,30000.0,26.3754535636523,-80.10168313980103,30000.0,0.5022,0
401643841,2024,13,regular,2024-11-23 20:00:00+00:00,False,True,False,True,20074.0,3815.0,M. M. Roberts Stadium,2572,Southern Miss,fbs,Sun Belt,14.0,"[8, 3, 0, 3]",0.0226865243166685,948.0,961.0,6,South Alabama,fbs,Sun Belt,35.0,"[0, 14, 14, 7]",0.9773134756833316,1621.0,1608.0,4.708429732587975,M. M. Roberts Stadium,36000.0,31.32897842661232,-89.33133065700531,36000.0,0.5576111111111111,0
401636935,2024,13,regular,2024-11-23 20:00:00+00:00,False,True,False,True,42977.0,3616.0,Amon G. Carter Stadium,2628,TCU,fbs,Big 12,49.0,"[14, 7, 14, 14]",1.0,1578.0,1614.0,12,Arizona,fbs,Big 12,28.0,"[7, 6, 0, 15]",0.0,1440.0,1404.0,3.2501533187441023,Amon G. Carter Stadium,45000.0,32.70991596942349,-97.36799597740172,45000.0,0.9550444444444445,0
401636934,2024,13,regular,2024-11-23 20:30:00+00:00,False,True,False,True,52202.0,3646.0,Boone Pickens Stadium,197,Oklahoma State,fbs,Big 12,48.0,"[7, 7, 14, 20]",0.4204517304897308,1375.0,1372.0,2641,Texas Tech,fbs,Big 12,56.0,"[14, 7, 14, 21]",0.5795482695102692,1537.0,1540.0,9.9350296909894,Boone Pickens Stadium,60218.0,36.12570866235855,-97.06650495529176,60218.0,0.8668836560496861,0
401643837,2024,13,regular,2024-11-23 20:30:00+00:00,False,True,False,True,14556.0,3654.0,Brooks Stadium (SC),324,Coastal Carolina,fbs,Sun Belt,6.0,"[3, 0, 3, 0]",0.0,1386.0,1335.0,290,Georgia Southern,fbs,Sun Belt,26.0,"[10, 3, 0, 13]",1.0,1386.0,1437.0,3.786611354215834,Brooks Stadium,22217.0,33.792838175224496,-79.01702282805255,9214.0,0.6551739658819823,0
401628560,2024,13,regular,2024-11-23 20:30:00+00:00,False,True,False,True,86923.0,3834.0,"Memorial Stadium (Lincoln, NE)",158,Nebraska,fbs,Big Ten,44.0,"[7, 17, 10, 10]",0.9763728976249696,1459.0,1524.0,275,Wisconsin,fbs,Big Ten,25.0,"[7, 3, 7, 8]",0.0236271023750305,1659.0,1594.0,3.812255433388763,Memorial Stadium,87091.0,40.82048352329494,-96.70571565628052,87091.0,0.9980709832244434,0
401643766,2024,13,regular,2024-11-23 20:30:00+00:00,False,True,False,True,12583.0,3905.0,Maverik Stadium,328,Utah State,fbs,Mountain West,41.0,"[0, 14, 7, 20]",0.9596592783927916,1321.0,1367.0,21,San Diego State,fbs,Mountain West,20.0,"[3, 10, 0, 7]",0.0403407216072082,1283.0,1237.0,5.257574675451709,Romney Stadium,25513.0,41.75153188612883,-111.81210567885644,25513.0,0.49319954532983185,0
401636937,2024,13,regular,2024-11-23 20:30:00+00:00,False,True,False,True,40722.0,3842.0,Milan Puskar Stadium,277,West Virginia,fbs,Big 12,31.0,"[14, 7, 7, 3]",0.8476546406745911,1529.0,1553.0,2116,UCF,fbs,Big 12,21.0,"[0, 7, 7, 7]",0.1523453593254089,1620.0,1596.0,2.795864662961764,Mountaineer Field at Milan Puskar Stadium,60000.0,39.65221992482815,-79.9551753012939,60000.0,0.6787,0
401645375,2024,13,regular,2024-11-23 20:30:00+00:00,False,True,False,True,27623.0,3886.0,Raymond James Stadium,58,South Florida,fbs,American Athletic,63.0,"[28, 14, 7, 14]",0.9899627566337584,1420.0,1457.0,202,Tulsa,fbs,American Athletic,30.0,"[0, 7, 0, 23]",0.0100372433662414,971.0,934.0,2.8025375964279213,Raymond James Stadium,65857.0,27.975994470037183,-82.50334918498993,65857.0,0.4194390877203638,0
401635613,2024,13,regular,2024-11-23 20:30:00+00:00,False,True,False,True,52428.0,3831.0,California Memorial Stadium,25,California,fbs,ACC,24.0,"[0, 7, 3, 14]",0.9074411392211914,1610.0,1606.0,24,Stanford,fbs,ACC,21.0,"[14, 0, 7, 0]",0.0925588607788086,1168.0,1172.0,5.624663686290698,California Memorial Stadium,62717.0,37.87068660370429,-122.2507095336914,62717.0,0.8359455968876063,0
401635614,2024,13,regular,2024-11-23 20:30:00+00:00,False,True,False,False,80300.0,3836.0,"Memorial Stadium (Clemson, SC)",228,Clemson,fbs,ACC,51.0,"[14, 21, 10, 6]",0.9824963808059692,1824.0,1824.0,2643,The Citadel,fcs,Southern,14.0,"[0, 0, 7, 7]",0.0175036191940307,735.0,748.0,2.128136332550022,Memorial Stadium,81500.0,34.67874665741346,-82.84317970275879,81500.0,0.9852760736196319,1
401645372,2024,13,regular,2024-11-23 20:30:00+00:00,False,True,False,True,17387.0,3825.0,DATCU Stadium,249,North Texas,fbs,American Athletic,28.0,"[14, 7, 7, 0]",0.1044515743851661,1400.0,1373.0,151,East Carolina,fbs,American Athletic,40.0,"[0, 7, 24, 9]",0.8955484256148338,1391.0,1418.0,5.721435480516302,Apogee Stadium,30850.0,33.20393508408917,-97.15922355651855,30850.0,0.5635980551053484,0
401636930,2024,13,regular,2024-11-23 20:30:00+00:00,False,True,False,True,55400.0,3947.0,Mountain America Stadium,9,Arizona State,fbs,Big 12,28.0,"[7, 14, 7, 0]",1.0,1608.0,1615.0,252,BYU,fbs,Big 12,23.0,"[0, 3, 14, 6]",0.0,1667.0,1660.0,3.8783119818220886,Sun Devil Stadium Frank Kush Field,71706.0,33.426364,-111.932616,71706.0,0.7725992246116085,0
401628559,2024,13,regular,2024-11-23 20:30:00+00:00,False,True,False,True,44266.0,3953.0,Huntington Bank Stadium,135,Minnesota,fbs,Big Ten,25.0,"[7, 12, 3, 3]",0.1375134438276291,1590.0,1606.0,213,Penn State,fbs,Big Ten,26.0,"[0, 16, 7, 3]",0.8624865561723709,1987.0,1971.0,4.8314334971113935,TCF Bank Stadium,52525.0,44.97652496911191,-93.224575817585,52525.0,0.8427605901951452,0
401628557,2024,13,regular,2024-11-23 20:30:00+00:00,False,True,False,True,109830.0,3558.0,Michigan Stadium,130,Michigan,fbs,Big Ten,50.0,"[10, 7, 14, 19]",0.9438161849975586,1777.0,1867.0,77,Northwestern,fbs,Big Ten,6.0,"[0, 6, 0, 0]",0.0561838150024414,1486.0,1396.0,2.983166654095502,Michigan Stadium,107601.0,42.26586873251738,-83.7487256526947,107601.0,1.0,0
401628436,2024,13,regular,2024-11-23 20:30:00+00:00,False,True,False,True,102811.0,3910.0,DKR-Texas Memorial Stadium,251,Texas,fbs,SEC,31.0,"[7, 17, 0, 7]",0.8899090886116028,2071.0,2063.0,96,Kentucky,fbs,SEC,14.0,"[0, 7, 7, 0]",0.1100909113883972,1537.0,1545.0,3.1557316581143477,Darrell K Royal–Texas Memorial Stadium,100119.0,30.28360340206824,-97.73233652114868,100119.0,1.0,0
401635617,2024,13,regular,2024-11-23 21:00:00+00:00,False,True,False,True,49441.0,3873.0,L&N Federal Credit Union Stadium,97,Louisville,fbs,ACC,37.0,"[10, 17, 10, 0]",0.9911055564880372,1715.0,1767.0,221,Pittsburgh,fbs,ACC,9.0,"[0, 0, 7, 2]",0.0088944435119628,1531.0,1479.0,2.455487113037938,Papa John's Cardinal Stadium,55000.0,38.20542168521144,-85.75810561566809,55000.0,0.8989272727272727,0
401628434,2024,13,regular,2024-11-23 21:00:00+00:00,False,True,False,False,79078.0,3994.0,Williams-Brice Stadium,2579,South Carolina,fbs,SEC,56.0,"[7, 14, 14, 21]",0.904030978679657,1827.0,1827.0,2747,Wofford,fcs,Southern,12.0,"[3, 6, 0, 3]",0.095969021320343,735.0,748.0,3.0588180580645528,Williams-Brice Stadium,80250.0,33.97259115457693,-81.02021634578705,80250.0,0.9853956386292835,1
401628427,2024,13,regular,2024-11-23 21:00:00+00:00,False,True,False,False,66041.0,3887.0,Razorback Stadium,8,Arkansas,fbs,SEC,35.0,"[0, 14, 7, 14]",0.9892511367797852,1547.0,1574.0,2348,Louisiana Tech,fbs,Conference USA,14.0,"[0, 0, 7, 7]",0.0107488632202148,1321.0,1294.0,4.053954592704638,Donald W. Reynolds Razorback Stadium,72000.0,36.067850785167344,-94.17879581451416,72000.0,0.9172361111111111,0
401628432,2024,13,regular,2024-11-23 21:15:00+00:00,False,True,False,True,47824.0,3693.0,Davis Wade Stadium,344,Mississippi State,fbs,SEC,20.0,"[10, 3, 7, 0]",0.010199312120676,1362.0,1348.0,142,Missouri,fbs,SEC,39.0,"[14, 14, 3, 8]",0.989800687879324,1684.0,1698.0,3.683423411213274,Davis Wade Stadium,61337.0,33.456230599072065,-88.79342436790466,61337.0,0.7796925183820532,0
401643840,2024,13,regular,2024-11-23 22:00:00+00:00,False,True,False,True,15501.0,3666.0,Cajun Field,309,Louisiana,fbs,Sun Belt,51.0,"[7, 27, 3, 14]",0.9979888200759888,1618.0,1652.0,2653,Troy,fbs,Sun Belt,30.0,"[14, 0, 8, 8]",0.0020111799240112,1466.0,1432.0,4.467095687825893,Cajun Field,36900.0,30.21579609675613,-92.01626413552384,36900.0,0.42008130081300815,0
401643764,2024,13,regular,2024-11-24 00:00:00+00:00,False,True,False,True,18094.0,3984.0,War Memorial Stadium,2751,Wyoming,fbs,Mountain West,13.0,"[3, 7, 0, 3]",0.3241929411888122,1260.0,1283.0,68,Boise State,fbs,Mountain West,17.0,"[7, 3, 0, 7]",0.6758070588111877,1770.0,1747.0,5.479898315638003,War Memorial Stadium,29181.0,41.31193599299248,-105.56906461715698,29181.0,0.6200609985949762,0
401643842,2024,13,regular,2024-11-24 00:00:00+00:00,False,True,False,True,18271.0,3644.0,Bobcat Stadium (TX),326,Texas State,fbs,Sun Belt,44.0,"[14, 7, 0, 23]",0.281713455915451,1693.0,1635.0,2247,Georgia State,fbs,Sun Belt,52.0,"[14, 24, 7, 7]",0.718286544084549,1238.0,1296.0,5.968950373645084,Bobcat Stadium,30000.0,29.89134454879716,-97.92531180559462,30000.0,0.6090333333333333,0
401636931,2024,13,regular,2024-11-24 00:00:00+00:00,False,True,False,True,34166.0,4728.0,TDECU Stadium,248,Houston,fbs,Big 12,10.0,"[7, 0, 0, 3]",0.2282697856426239,1306.0,1309.0,239,Baylor,fbs,Big 12,20.0,"[7, 10, 0, 3]",0.7717302143573761,1591.0,1588.0,4.749040455339252,TDECU Stadium,40000.0,29.721767963293527,-95.34909841095214,40000.0,0.85415,0
401628572,2024,13,regular,2024-11-24 00:00:00+00:00,False,True,False,True,38008.0,3893.0,Reser Stadium,204,Oregon State,fbs,Pac-12,41.0,"[7, 14, 10, 10]",0.3890833854675293,1356.0,1360.0,265,Washington State,fbs,Pac-12,38.0,"[7, 10, 7, 14]",0.6109166145324707,1600.0,1596.0,6.569601233246732,Reser Stadium,45674.0,44.5594768421455,-123.2814073562622,45674.0,0.8321583395367167,0
401628428,2024,13,regular,2024-11-24 00:30:00+00:00,False,True,False,True,88043.0,3785.0,Jordan-Hare Stadium,2,Auburn,fbs,SEC,43.0,"[14, 7, 7, 3, 7, 3, 0, 2]",0.1604197770357132,1604.0,1607.0,245,Texas A&M,fbs,SEC,41.0,"[0, 7, 14, 10, 7, 3, 0, 0]",0.8395802229642868,1770.0,1767.0,10.269865547929546,Jordan–Hare Stadium,87451.0,32.602361666817515,-85.48891067504883,87451.0,1.0,0
401628433,2024,13,regular,2024-11-24 00:30:00+00:00,False,True,False,True,84053.0,3835.0,"Memorial Stadium (Norman, OK)",201,Oklahoma,fbs,SEC,24.0,"[0, 10, 14, 0]",0.9999362230300904,1678.0,1780.0,333,Alabama,fbs,SEC,3.0,"[3, 0, 0, 0]",6.377696990966797e-05,2113.0,2011.0,3.3117644923004925,Gaylord Family Oklahoma Memorial Stadium,82112.0,35.20589959488508,-97.44255065917967,82112.0,1.0,0
401643838,2024,13,regular,2024-11-24 00:30:00+00:00,False,True,False,True,18083.0,3918.0,S.B. Ballard Stadium,295,Old Dominion,fbs,Sun Belt,35.0,"[0, 7, 21, 7]",0.2705864608287811,1486.0,1473.0,276,Marshall,fbs,Sun Belt,42.0,"[3, 14, 10, 15]",0.7294135391712189,1489.0,1502.0,8.788548843802724,Foreman Field,20118.0,36.88878131523489,-76.30567610263824,20118.0,0.8988468038572422,0
401636936,2024,13,regular,2024-11-24 00:30:00+00:00,False,True,False,True,52152.0,587.0,Rice-Eccles Stadium,254,Utah,fbs,Big 12,28.0,"[3, 10, 0, 15]",0.7425057291984558,1515.0,1524.0,66,Iowa State,fbs,Big 12,31.0,"[7, 10, 7, 7]",0.2574942708015442,1746.0,1737.0,7.181723247913672,Rice-Eccles Stadium,54383.0,40.75994782004573,-111.84882402420044,45017.0,0.9589761506353088,0
401628431,2024,13,regular,2024-11-24 00:45:00+00:00,False,True,False,True,102086.0,3958.0,Tiger Stadium (LA),99,LSU,fbs,SEC,24.0,"[7, 7, 7, 3]",0.7792057991027832,1764.0,1757.0,238,Vanderbilt,fbs,SEC,17.0,"[7, 0, 3, 7]",0.2207942008972168,1446.0,1453.0,3.717449497673473,Tiger Stadium,102321.0,30.4120123982997,-91.183819770813,102321.0,0.9977033062616667,0
401635615,2024,13,regular,2024-11-24 01:00:00+00:00,False,True,False,True,22462.0,3982.0,Wallace Wade Stadium,150,Duke,fbs,ACC,31.0,"[14, 7, 10, 0]",0.8735338449478149,1597.0,1599.0,259,Virginia Tech,fbs,ACC,28.0,"[7, 10, 0, 11]",0.126466155052185,1658.0,1656.0,6.427808567249802,Wallace Wade Stadium,33941.0,35.9953166502013,-78.94172430038452,33941.0,0.6617954686072891,0
401636933,2024,13,regular,2024-11-24 01:00:00+00:00,False,True,False,True,50988.0,3636.0,Bill Snyder Family Stadium,2306,Kansas State,fbs,Big 12,41.0,"[10, 17, 0, 14]",0.9963854551315308,1731.0,1772.0,2132,Cincinnati,fbs,Big 12,15.0,"[0, 3, 6, 6]",0.0036145448684692,1506.0,1465.0,2.0829546566241928,Bill Snyder Family Football Stadium,50000.0,39.20186361814248,-96.59379243850708,50000.0,1.0,0
401643765,2024,13,regular,2024-11-24 03:30:00+00:00,False,True,False,True,39543.0,3660.0,Valley Children's Stadium,278,Fresno State,fbs,Mountain West,28.0,"[7, 21, 0, 0]",0.8744219541549683,1511.0,1511.0,36,Colorado State,fbs,Mountain West,22.0,"[7, 0, 7, 8]",0.1255780458450317,1366.0,1366.0,5.041555870377935,Bulldog Stadium,41031.0,36.81431969524593,-119.75810156690552,41031.0,0.9637347371499598,0
401628561,2024,13,regular,2024-11-24 03:30:00+00:00,False,True,False,True,59473.0,1056.0,Rose Bowl,26,UCLA,fbs,Big Ten,13.0,"[3, 0, 10, 0]",0.2288723737001419,1466.0,1476.0,30,USC,fbs,Big Ten,19.0,"[3, 6, 0, 10]",0.7711276262998581,1761.0,1751.0,5.472270490531233,Rose Bowl,92542.0,34.16156958726264,-118.1676149368286,92542.0,0.6426595491776707,0
401643763,2024,13,regular,2024-11-24 03:30:00+00:00,False,True,False,True,12228.0,3816.0,Mackay Stadium,2440,Nevada,fbs,Mountain West,19.0,"[0, 6, 6, 7]",0.0386248268187046,1196.0,1204.0,2005,Air Force,fbs,Mountain West,22.0,"[0, 7, 0, 15]",0.9613751731812954,1406.0,1398.0,5.562163641400027,Mackay Stadium,30000.0,39.54692485017159,-119.8175597190857,30000.0,0.4076,0
401644776,2024,14,regular,2024-11-27 00:00:00+00:00,False,True,False,True,11916.0,3965.0,UB Stadium,2084,Buffalo,fbs,Mid-American,43.0,"[13, 13, 7, 10]",0.9937936067581176,1259.0,1304.0,2309,Kent State,fbs,Mid-American,7.0,"[0, 0, 7, 0]",0.0062063932418823,805.0,760.0,2.3923176955994445,UB Stadium,29013.0,42.99906838239644,-78.7775194644928,29013.0,0.4107124392513701,0
401644775,2024,14,regular,2024-11-27 00:00:00+00:00,False,True,False,True,4716.0,3768.0,InfoCision Stadium,2006,Akron,fbs,Mid-American,21.0,"[7, 0, 0, 7, 7]",0.3837621808052063,1085.0,1118.0,2649,Toledo,fbs,Mid-American,14.0,"[0, 0, 0, 14, 0]",0.6162378191947937,1459.0,1426.0,4.878281443759803,Summa Field at InfoCision Stadium,30000.0,41.07256951528711,-81.50838375091553,30000.0,0.1572,0
401645376,2024,14,regular,2024-11-29 00:30:00+00:00,False,True,False,True,25021.0,4729.0,Yulman Stadium,2655,Tulane,fbs,American Athletic,24.0,"[10, 0, 0, 14]",0.0545661523938179,1874.0,1829.0,235,Memphis,fbs,American Athletic,34.0,"[7, 10, 7, 10]",0.945433847606182,1621.0,1666.0,4.388342962218865,Benson Field at Yulman Stadium,30000.0,29.945898112528432,-90.11519112306328,30000.0,0.8340333333333333,0
401644777,2024,14,regular,2024-11-29 17:00:00+00:00,False,True,False,True,11804.0,3876.0,Peden Stadium,195,Ohio,fbs,Mid-American,42.0,"[14, 7, 14, 7]",0.9950094819068908,1582.0,1585.0,2050,Ball State,fbs,Mid-American,21.0,"[0, 7, 7, 7]",0.0049905180931091,1089.0,1086.0,2.4739106721701223,Peden Stadium,24000.0,39.32130908459409,-82.10343944652357,24000.0,0.49183333333333334,0
401644691,2024,14,regular,2024-11-29 17:00:00+00:00,False,True,False,True,9345.0,3700.0,Doyt L. Perry Stadium,189,Bowling Green,fbs,Mid-American,12.0,"[0, 5, 0, 7]",0.0134301800280809,1498.0,1466.0,193,Miami (OH),fbs,Mid-American,28.0,"[7, 7, 0, 14]",0.9865698199719192,1558.0,1590.0,4.472534727593184,Doyt Perry Stadium,23724.0,41.37805439803228,-83.62248212099075,23724.0,0.39390490642387455,0
401645379,2024,14,regular,2024-11-29 17:00:00+00:00,False,True,False,True,35663.0,3699.0,Dowdy-Ficklen Stadium,151,East Carolina,fbs,American Athletic,20.0,"[0, 3, 0, 17]",0.0166326519101858,1418.0,1392.0,2426,Navy,fbs,American Athletic,34.0,"[0, 0, 14, 20]",0.9833673480898142,1477.0,1503.0,4.944710414409827,Dowdy–Ficklen Stadium,50000.0,35.59642579698931,-77.36522912979126,50000.0,0.71326,0
401643769,2024,14,regular,2024-11-29 17:00:00+00:00,False,True,False,False,37264.0,3653.0,Albertsons Stadium,68,Boise State,fbs,Mountain West,34.0,"[14, 7, 6, 7]",1.0,1747.0,1748.0,204,Oregon State,fbs,Pac-12,18.0,"[0, 7, 3, 8]",0.0,1360.0,1359.0,2.562092216867285,Albertsons Stadium,37000.0,43.6027080538683,-116.19591236114502,37000.0,1.0,0
401636938,2024,14,regular,2024-11-29 17:00:00+00:00,False,True,False,True,51030.0,3726.0,Folsom Field,38,Colorado,fbs,Big 12,52.0,"[21, 0, 17, 14]",0.987844705581665,1641.0,1762.0,197,Oklahoma State,fbs,Big 12,0.0,"[0, 0, 0, 0]",0.0121552944183349,1372.0,1251.0,2.6517819193600864,Folsom Field,50183.0,40.00939837446321,-105.26688694953918,50183.0,1.0,0
401628568,2024,14,regular,2024-11-29 17:00:00+00:00,False,True,False,True,76059.0,347.0,Camp Randall Stadium,275,Wisconsin,fbs,Big Ten,7.0,"[0, 0, 7, 0]",0.0,1594.0,1554.0,135,Minnesota,fbs,Big Ten,24.0,"[7, 7, 7, 3]",1.0,1606.0,1646.0,3.3706385083800288,Camp Randall Stadium,80321.0,43.06993802646878,-89.41274642944336,80321.0,0.9469379116295863,0
401628442,2024,14,regular,2024-11-29 20:30:00+00:00,False,True,False,True,67896.0,3974.0,Vaught-Hemingway Stadium,145,Ole Miss,fbs,SEC,26.0,"[10, 7, 3, 6]",0.9883589148521424,1977.0,1956.0,344,Mississippi State,fbs,SEC,14.0,"[14, 0, 0, 0]",0.0116410851478576,1348.0,1369.0,5.7009099652296,Vaught–Hemingway Stadium,60580.0,34.362154302992906,-89.53414626020904,60580.0,1.0,0
401640997,2024,14,regular,2024-11-29 20:30:00+00:00,False,True,False,True,8651.0,3647.0,Elliott T. Bowers Stadium,2534,Sam Houston,fbs,Conference USA,20.0,"[3, 14, 3, 0]",1.0,1412.0,1415.0,2335,Liberty,fbs,Conference USA,18.0,"[2, 7, 0, 9]",0.0,1576.0,1573.0,4.081954283167375,Bowers Stadium,14000.0,30.71394673763343,-95.54191589355467,14000.0,0.6179285714285714,0
401635625,2024,14,regular,2024-11-29 21:00:00+00:00,False,True,False,False,19117.0,3935.0,CEFCU Stadium,23,San José State,fbs,Mountain West,34.0,"[0, 17, 10, 7]",0.8878703713417053,1481.0,1478.0,24,Stanford,fbs,ACC,31.0,"[3, 7, 7, 14]",0.1121296286582946,1172.0,1175.0,5.89567207354352,Spartan Stadium,30456.0,37.320105186690846,-121.86811613079064,30456.0,0.6276924087207775,0
401628439,2024,14,regular,2024-11-30 00:30:00+00:00,False,True,False,False,93033.0,3917.0,Sanford Stadium,61,Georgia,fbs,SEC,44.0,"[0, 0, 6, 21, 7, 6, 0, 0, 2, 0, 0, 2]",0.5666486620903015,2023.0,2017.0,59,Georgia Tech,fbs,ACC,42.0,"[3, 14, 0, 10, 7, 6, 0, 0, 2, 0, 0, 0]",0.4333513379096985,1575.0,1581.0,8.225850887789113,Sanford Stadium,92746.0,33.949821489498824,-83.37344169616699,92746.0,1.0,0
401628562,2024,14,regular,2024-11-30 00:30:00+00:00,False,True,False,True,69250.0,3793.0,Kinnick Stadium,2294,Iowa,fbs,Big Ten,13.0,"[0, 0, 3, 10]",0.0608288582453514,1786.0,1784.0,158,Nebraska,fbs,Big Ten,10.0,"[3, 7, 0, 0]",0.9391711417546486,1524.0,1526.0,6.8061849771,Kinnick Stadium,70585.0,41.65838893680983,-91.55147552490234,70585.0,0.9810866331373521,0
401636939,2024,14,regular,2024-11-30 01:00:00+00:00,False,True,False,True,40747.0,3652.0,FBC Mortgage Stadium,2116,UCF,fbs,Big 12,14.0,"[0, 7, 0, 7]",0.1048488318920135,1596.0,1557.0,254,Utah,fbs,Big 12,28.0,"[3, 10, 0, 15]",0.8951511681079865,1524.0,1563.0,4.912997487441696,Bright House Networks Stadium,45323.0,28.607958859227068,-81.1929988861084,45323.0,0.8990358096330782,0
401629038,2024,14,regular,2024-11-30 17:00:00+00:00,False,True,False,True,10365.0,3985.0,Warren McGuirk Alumni Stadium,113,Massachusetts,fbs,FBS Independents,42.0,"[14, 14, 0, 14]",0.9002549648284912,1023.0,1040.0,41,UConn,fbs,FBS Independents,47.0,"[14, 13, 6, 14]",0.0997450351715087,1414.0,1397.0,6.982458727450796,Warren McGuirk Alumni Stadium,17000.0,42.377513236004525,-72.53562686052412,17000.0,0.6097058823529412,0
401636945,2024,14,regular,2024-11-30 17:00:00+00:00,False,True,False,True,52785.0,3784.0,Jones AT&T Stadium,2641,Texas Tech,fbs,Big 12,52.0,"[6, 29, 7, 10]",0.9802547097206116,1540.0,1647.0,277,West Virginia,fbs,Big 12,15.0,"[3, 0, 6, 6]",0.0197452902793884,1553.0,1446.0,2.836670370370417,Jones AT&T Stadium,60862.0,33.59102829801104,-101.87293767929076,60862.0,0.8672899346061582,0
401635622,2024,14,regular,2024-11-30 17:00:00+00:00,False,True,False,True,24776.0,3630.0,Allegacy Federal Credit Union Stadium,154,Wake Forest,fbs,ACC,17.0,"[0, 10, 7, 0]",0.9492907524108888,1338.0,1346.0,150,Duke,fbs,ACC,23.0,"[0, 3, 7, 13]",0.0507092475891113,1599.0,1591.0,5.1814565047653245,BB&T Field,31500.0,36.09183481061275,-80.25534152984619,31500.0,0.7865396825396825,0
401628440,2024,14,regular,2024-11-30 17:00:00+00:00,False,True,False,False,58612.0,3683.0,Kroger Field,96,Kentucky,fbs,SEC,14.0,"[0, 0, 7, 7]",0.0359741933643817,1545.0,1498.0,97,Louisville,fbs,ACC,41.0,"[7, 13, 14, 7]",0.9640258066356182,1767.0,1814.0,3.1345997755382915,Commonwealth Stadium,62093.0,38.02262168129363,-84.50520515441895,62093.0,0.9439389303142061,0
401628444,2024,14,regular,2024-11-30 17:00:00+00:00,False,True,False,False,81500.0,3836.0,"Memorial Stadium (Clemson, SC)",228,Clemson,fbs,ACC,14.0,"[0, 7, 7, 0]",0.1117021068930625,1815.0,1811.0,2579,South Carolina,fbs,SEC,17.0,"[0, 7, 0, 10]",0.8882978931069374,1828.0,1832.0,6.196028401357402,Memorial Stadium,81500.0,34.67874665741346,-82.84317970275879,81500.0,1.0,0
401628446,2024,14,regular,2024-11-30 17:00:00+00:00,False,True,False,True,28934.0,3973.0,FirstBank Stadium,238,Vanderbilt,fbs,SEC,23.0,"[17, 0, 0, 6]",0.1300984472036361,1453.0,1469.0,2633,Tennessee,fbs,SEC,36.0,"[7, 17, 9, 3]",0.8699015527963638,1979.0,1963.0,3.355829925434262,Vanderbilt Stadium,40350.0,36.14355849696379,-86.80877208709717,40350.0,0.7170755885997522,0
401628566,2024,14,regular,2024-11-30 17:00:00+00:00,False,True,False,True,106005.0,3861.0,Ohio Stadium,194,Ohio State,fbs,Big Ten,10.0,"[3, 7, 0, 0]",0.0744833275675773,2120.0,2099.0,130,Michigan,fbs,Big Ten,13.0,"[0, 10, 0, 3]",0.9255166724324226,1867.0,1888.0,5.026016630386382,Ohio Stadium,104944.0,40.0016856893694,-83.01972806453705,104944.0,1.0,0
401643848,2024,14,regular,2024-11-30 17:00:00+00:00,False,True,False,True,15006.0,3817.0,Malone Stadium,2433,UL Monroe,fbs,Sun Belt,23.0,"[3, 10, 3, 7]",0.0189692676067352,1160.0,1172.0,309,Louisiana,fbs,Sun Belt,37.0,"[6, 7, 7, 17]",0.9810307323932648,1652.0,1640.0,6.197964668702797,Malone Stadium,30427.0,32.53106869451547,-92.06644075067642,30427.0,0.49318039898774113,0
401645378,2024,14,regular,2024-11-30 17:00:00+00:00,False,True,False,True,22120.0,3841.0,Michie Stadium,349,Army,fbs,American Athletic,29.0,"[7, 6, 3, 13]",0.99054753780365,1611.0,1611.0,2636,UTSA,fbs,American Athletic,24.0,"[7, 3, 7, 7]",0.00945246219635,1479.0,1479.0,6.883645164285345,Michie Stadium,38000.0,41.38708043477422,-73.96408081054688,38000.0,0.5821052631578948,0
401636941,2024,14,regular,2024-11-30 17:00:00+00:00,False,True,False,True,36585.0,4727.0,McLane Stadium,239,Baylor,fbs,Big 12,45.0,"[14, 7, 21, 3]",0.9468156099319458,1588.0,1677.0,2305,Kansas,fbs,Big 12,17.0,"[7, 3, 7, 0]",0.0531843900680542,1714.0,1625.0,3.253403767857007,McLane Stadium,45140.0,31.55866263551169,-97.11560010910034,45140.0,0.8104785112981834,0
401645382,2024,14,regular,2024-11-30 19:00:00+00:00,False,True,False,True,16430.0,3895.0,Rice Stadium,242,Rice,fbs,American Athletic,35.0,"[17, 10, 8, 0]",0.8131147027015686,1215.0,1239.0,58,South Florida,fbs,American Athletic,28.0,"[7, 0, 7, 14]",0.1868852972984314,1457.0,1433.0,4.180401515622044,Rice Stadium,47000.0,29.71623402909437,-95.40926456451416,47000.0,0.3495744680851064,0
401643849,2024,14,regular,2024-11-30 19:00:00+00:00,False,True,False,True,19521.0,3975.0,Veterans Memorial Stadium (AL),2653,Troy,fbs,Sun Belt,52.0,"[10, 7, 14, 21]",1.0,1432.0,1464.0,2572,Southern Miss,fbs,Sun Belt,20.0,"[8, 0, 6, 6]",0.0,961.0,929.0,4.211109236915879,Veterans Memorial Stadium,30000.0,31.799527415252125,-85.95217691586194,30000.0,0.6507,0
401643847,2024,14,regular,2024-11-30 20:00:00+00:00,False,True,False,True,13584.0,3625.0,Centennial Bank Stadium,2032,Arkansas State,fbs,Sun Belt,32.0,"[7, 7, 15, 3]",0.0071091018617153,1241.0,1243.0,295,Old Dominion,fbs,Sun Belt,40.0,"[14, 7, 19, 0]",0.9928908981382848,1473.0,1471.0,6.38650796218999,Centennial Bank Stadium,30964.0,35.84899009532366,-90.66769494362912,30964.0,0.43870300994703526,0
401635620,2024,14,regular,2024-11-30 20:00:00+00:00,False,True,False,True,29704.0,3615.0,"Alumni Stadium (Chestnut Hill, MA)",103,Boston College,fbs,ACC,34.0,"[6, 14, 7, 7]",0.981151521205902,1506.0,1524.0,221,Pittsburgh,fbs,ACC,23.0,"[0, 10, 7, 6]",0.0188484787940979,1479.0,1461.0,4.561281172203917,Alumni Stadium,44500.0,42.33510834895851,-71.16647243499756,44500.0,0.667505617977528,0
401636940,2024,14,regular,2024-11-30 20:30:00+00:00,False,True,False,True,49813.0,3619.0,Arizona Stadium,12,Arizona,fbs,Big 12,7.0,"[0, 0, 7, 0]",0.0016093913000077,1404.0,1307.0,9,Arizona State,fbs,Big 12,49.0,"[14, 21, 0, 14]",0.9983906086999924,1615.0,1712.0,2.702761958657678,Arizona Stadium,51811.0,32.228340232071496,-110.94903945922852,51811.0,0.9614367605334775,0
401645380,2024,14,regular,2024-11-30 20:30:00+00:00,False,True,False,True,15243.0,3674.0,Chapman Stadium,202,Tulsa,fbs,American Athletic,16.0,"[2, 7, 7, 0]",0.0,934.0,812.0,2226,Florida Atlantic,fbs,American Athletic,63.0,"[7, 35, 14, 7]",1.0,1095.0,1217.0,3.2889448497001577,Skelly Field at H. A. Chapman Stadium,35542.0,36.14886067519205,-95.943603515625,35542.0,0.4288728827865624,0
401628567,2024,14,regular,2024-11-30 20:30:00+00:00,False,True,False,True,50038.0,3936.0,Spartan Stadium,127,Michigan State,fbs,Big Ten,14.0,"[7, 0, 0, 7]",0.0031516663730144,1364.0,1303.0,164,Rutgers,fbs,Big Ten,41.0,"[10, 13, 8, 10]",0.9968483336269855,1468.0,1529.0,4.387602558642776,Spartan Stadium,75005.0,42.7281691163326,-84.48487535119057,75005.0,0.6671288580761282,0
401628443,2024,14,regular,2024-11-30 20:30:00+00:00,False,True,False,True,62621.0,3838.0,Memorial Stadium,142,Missouri,fbs,SEC,28.0,"[7, 0, 3, 18]",0.9334843158721924,1698.0,1701.0,8,Arkansas,fbs,SEC,21.0,"[0, 7, 7, 7]",0.0665156841278076,1574.0,1571.0,6.0145398828883,Faurot Field,71168.0,38.93589529672232,-92.33311414718628,71168.0,0.8799038893884892,0
401628437,2024,14,regular,2024-11-30 20:30:00+00:00,False,True,False,True,100077.0,3657.0,Bryant-Denny Stadium,333,Alabama,fbs,SEC,28.0,"[7, 7, 14, 0]",0.8266636729240417,2011.0,2007.0,2,Auburn,fbs,SEC,14.0,"[0, 6, 8, 0]",0.1733363270759582,1607.0,1611.0,3.3247335585616766,Bryant–Denny Stadium,101821.0,33.2074899449518,-87.5503921508789,101821.0,0.9828719026526944,0
401635624,2024,14,regular,2024-11-30 20:30:00+00:00,False,True,False,True,50500.0,3787.0,Kenan Stadium,153,North Carolina,fbs,ACC,30.0,"[0, 6, 14, 10]",0.0007380731403827,1543.0,1531.0,152,NC State,fbs,ACC,35.0,"[7, 0, 6, 22]",0.9992619268596172,1501.0,1513.0,7.287584943060739,Kenan Memorial Stadium,62980.0,35.90698834747853,-79.04791831970215,62980.0,0.8018418545570022,0
401645377,2024,14,regular,2024-11-30 20:30:00+00:00,False,True,False,True,8091.0,4418.0,Jerry Richardson Stadium,2429,Charlotte,fbs,American Athletic,29.0,"[7, 6, 6, 10]",0.1671954691410064,1129.0,1131.0,5,UAB,fbs,American Athletic,27.0,"[0, 14, 0, 13]",0.8328045308589935,1231.0,1229.0,7.197260328251095,Jerry Richardson Stadium,15314.0,35.31028067616406,-80.74049377106525,15314.0,0.52834008097166,0
401628571,2024,14,regular,2024-11-30 20:30:00+00:00,False,True,False,False,73241.0,477.0,Los Angeles Memorial Coliseum,30,USC,fbs,Big Ten,35.0,"[0, 14, 7, 14]",0.1243626475334167,1751.0,1756.0,87,Notre Dame,fbs,FBS Independents,49.0,"[7, 7, 21, 14]",0.8756373524665833,2165.0,2160.0,6.866238201944575,Los Angeles Memorial Coliseum,93607.0,34.01400974062912,-118.28789591789246,93607.0,0.7824308011153012,0
401628565,2024,14,regular,2024-11-30 20:30:00+00:00,False,True,False,True,104044.0,3632.0,Beaver Stadium,213,Penn State,fbs,Big Ten,44.0,"[3, 28, 0, 13]",0.9880518913269044,1971.0,2011.0,120,Maryland,fbs,Big Ten,7.0,"[7, 0, 0, 0]",0.0119481086730957,1447.0,1407.0,3.879484605046563,Beaver Stadium,106572.0,40.81215273275043,-77.85620212554932,106572.0,0.9762789475659648,0
401635621,2024,14,regular,2024-11-30 20:30:00+00:00,False,True,False,True,33178.0,3735.0,Gerald J. Ford Stadium,2567,SMU,fbs,ACC,38.0,"[14, 7, 0, 17]",0.9911704063415528,1830.0,1890.0,25,California,fbs,ACC,6.0,"[0, 0, 3, 3]",0.0088295936584472,1606.0,1546.0,2.316742877026849,Gerald J. Ford Stadium,32000.0,32.83771580994254,-96.782705783844,32000.0,1.0,0
401628570,2024,14,regular,2024-11-30 20:30:00+00:00,False,True,False,False,35018.0,1056.0,Rose Bowl,26,UCLA,fbs,Big Ten,20.0,"[3, 3, 7, 7]",0.7204728126525879,1476.0,1488.0,278,Fresno State,fbs,Mountain West,13.0,"[0, 10, 0, 3]",0.2795271873474121,1511.0,1499.0,4.766963413103574,Rose Bowl,92542.0,34.16156958726264,-118.1676149368286,92542.0,0.3784011583929459,0
401635623,2024,14,regular,2024-11-30 20:30:00+00:00,False,True,False,True,40486.0,1964.0,JMA Wireless Dome,183,Syracuse,fbs,ACC,42.0,"[0, 14, 21, 7]",0.7667104005813599,1434.0,1452.0,2390,Miami,fbs,ACC,38.0,"[14, 7, 7, 10]",0.2332895994186401,1877.0,1859.0,6.603588936042728,Carrier Dome,49250.0,43.036132820423234,-76.13651990890503,49250.0,0.8220507614213198,0
401644779,2024,14,regular,2024-11-30 20:30:00+00:00,False,True,False,True,5843.0,3764.0,Huskie Stadium,2459,Northern Illinois,fbs,Mid-American,24.0,"[19, 2, 3, 0]",0.9561448693275452,1450.0,1441.0,2117,Central Michigan,fbs,Mid-American,16.0,"[0, 16, 0, 0]",0.0438551306724548,1094.0,1103.0,3.175100138706417,Huskie Stadium,25500.0,41.934014,-88.778222,25500.0,0.2291372549019608,0
401641014,2024,14,regular,2024-11-30 21:00:00+00:00,False,True,False,True,14686.0,3776.0,Joe Aillet Stadium,2348,Louisiana Tech,fbs,Conference USA,33.0,"[7, 10, 9, 7]",0.9912545084953308,1294.0,1377.0,338,Kennesaw State,fbs,Conference USA,0.0,"[0, 0, 0, 0]",0.0087454915046691,1233.0,1150.0,2.4459853079649654,Joe Aillet Stadium,30600.0,32.53223809915824,-92.6560188758494,30600.0,0.4799346405228758,0
401641006,2024,14,regular,2024-11-30 21:00:00+00:00,False,True,False,True,6547.0,3796.0,Houchens Industries-L.T. Smith Stadium,98,Western Kentucky,fbs,Conference USA,19.0,"[7, 3, 3, 6]",0.7082599997520447,1451.0,1454.0,55,Jacksonville State,fbs,Conference USA,17.0,"[3, 7, 0, 7]",0.2917400002479553,1641.0,1638.0,5.890768750011016,Houchens Industries–L. T. Smith Stadium,22113.0,36.98487662989466,-86.459013971646,22113.0,0.29607018495907383,0
401641031,2024,14,regular,2024-11-30 21:00:00+00:00,False,True,False,True,15358.0,3601.0,Aggie Memorial Stadium,166,New Mexico State,fbs,Conference USA,35.0,"[17, 7, 0, 11]",0.2509662508964538,1137.0,1120.0,2638,UTEP,fbs,Conference USA,42.0,"[7, 7, 14, 14]",0.7490337491035461,1094.0,1111.0,6.160766566482527,Aggie Memorial Stadium,30343.0,32.27974938226407,-106.74113631248474,30343.0,0.5061463929077546,0
401636943,2024,14,regular,2024-11-30 23:00:00+00:00,False,True,False,True,30021.0,3854.0,Nippert Stadium,2132,Cincinnati,fbs,Big 12,13.0,"[0, 7, 0, 6]",0.0877544954419136,1465.0,1463.0,2628,TCU,fbs,Big 12,20.0,"[7, 13, 0, 0]",0.9122455045580864,1614.0,1616.0,3.845641432534461,Nippert Stadium,40000.0,39.13128425273405,-84.51626143741578,40000.0,0.750525,0
401643844,2024,14,regular,2024-11-30 23:00:00+00:00,False,True,False,True,23383.0,3608.0,Allen E. Paulson Stadium,290,Georgia Southern,fbs,Sun Belt,29.0,"[8, 7, 0, 14]",0.6559457182884216,1437.0,1449.0,2026,App State,fbs,Sun Belt,20.0,"[0, 6, 7, 7]",0.3440542817115783,1405.0,1393.0,4.627025439429121,Paulson Stadium,24300.0,32.41221167634779,-81.78317070007324,24300.0,0.9622633744855967,0
401643773,2024,14,regular,2024-11-30 23:30:00+00:00,False,True,False,False,17088.0,3820.0,Gesa Field,265,Washington State,fbs,Pac-12,14.0,"[7, 7, 0, 0]",0.4724685549736023,1596.0,1578.0,2751,Wyoming,fbs,Mountain West,15.0,"[3, 3, 3, 6]",0.5275314450263977,1283.0,1301.0,4.771440185916518,Martin Stadium,32248.0,46.731967978653024,-117.16058578781136,32248.0,0.529893326717936,0
401628438,2024,14,regular,2024-12-01 00:00:00+00:00,False,True,False,False,55107.0,3697.0,Doak Campbell Stadium,52,Florida State,fbs,ACC,11.0,"[0, 0, 3, 8]",0.0,1383.0,1363.0,57,Florida,fbs,SEC,31.0,"[7, 7, 3, 14]",1.0,1667.0,1687.0,3.8269729081220913,Bobby Bowden Field at Doak Campbell Stadium,82300.0,30.437547584621285,-84.30453398103501,82300.0,0.6695868772782503,0
401628564,2024,14,regular,2024-12-01 00:00:00+00:00,False,True,False,True,53082.0,3830.0,"Memorial Stadium (Bloomington, IN)",84,Indiana,fbs,Big Ten,66.0,"[7, 21, 17, 21]",0.9919167160987854,1842.0,1954.0,2509,Purdue,fbs,Big Ten,0.0,"[0, 0, 0, 0]",0.0080832839012146,1173.0,1061.0,2.6971314769417623,Memorial Stadium,52959.0,39.18090913372923,-86.52557373046875,52959.0,1.0,0
401628441,2024,14,regular,2024-12-01 00:00:00+00:00,False,True,False,True,99364.0,3958.0,Tiger Stadium (LA),99,LSU,fbs,SEC,37.0,"[7, 17, 7, 6]",0.9838939905166626,1757.0,1806.0,201,Oklahoma,fbs,SEC,17.0,"[7, 10, 0, 0]",0.0161060094833374,1780.0,1731.0,3.796345377328534,Tiger Stadium,102321.0,30.4120123982997,-91.183819770813,102321.0,0.9711007515563765,0
401636944,2024,14,regular,2024-12-01 00:30:00+00:00,False,True,False,True,56228.0,3772.0,Jack Trice Stadium,66,Iowa State,fbs,Big 12,29.0,"[7, 17, 0, 5]",0.3992723822593689,1737.0,1751.0,2306,Kansas State,fbs,Big 12,21.0,"[7, 7, 7, 0]",0.6007276177406311,1772.0,1758.0,4.4378195289087605,Jack Trice Stadium,61500.0,42.01400541108485,-93.6358094215393,61500.0,0.9142764227642276,0
401628445,2024,14,regular,2024-12-01 00:30:00+00:00,False,True,False,True,109028.0,3795.0,Kyle Field,245,Texas A&M,fbs,SEC,7.0,"[0, 0, 7, 0]",0.0194114781916141,1767.0,1771.0,251,Texas,fbs,SEC,17.0,"[7, 10, 0, 0]",0.9805885218083858,2063.0,2059.0,3.4045616377466894,Kyle Field,102733.0,30.61009757817476,-96.34072922859283,102733.0,1.0,0
401628569,2024,14,regular,2024-12-01 00:30:00+00:00,False,True,False,True,59603.0,3626.0,Autzen Stadium,2483,Oregon,fbs,Big Ten,49.0,"[7, 21, 7, 14]",0.9905105829238892,2029.0,2060.0,264,Washington,fbs,Big Ten,21.0,"[3, 11, 0, 7]",0.0094894170761108,1654.0,1623.0,3.329317686410953,Autzen Stadium,54000.0,44.058272724266615,-123.0685043334961,54000.0,1.0,0
401643846,2024,14,regular,2024-12-01 01:00:00+00:00,False,True,False,True,23341.0,3651.0,Bridgeforth Stadium,256,James Madison,fbs,Sun Belt,33.0,"[14, 3, 0, 7, 3, 6]",0.9707049378406948,1707.0,1692.0,276,Marshall,fbs,Sun Belt,35.0,"[0, 0, 17, 7, 3, 8]",0.0292950621593052,1502.0,1517.0,5.7902123187,Bridgeforth Stadium,24878.0,38.43508893585215,-78.87340330403673,24878.0,0.9382185063107967,0
401635640,2024,14,regular,2024-12-01 01:00:00+00:00,False,True,False,True,65632.0,3799.0,Lane Stadium,259,Virginia Tech,fbs,ACC,37.0,"[10, 10, 10, 7]",0.9919674396514891,1656.0,1675.0,258,Virginia,fbs,ACC,17.0,"[0, 3, 8, 6]",0.0080325603485107,1375.0,1356.0,2.345801087478854,Lane Stadium,66233.0,37.2199742830054,-80.41805505752563,66233.0,0.99092597345734,0
401636942,2024,14,regular,2024-12-01 03:15:00+00:00,False,True,False,True,59213.0,3801.0,LaVell Edwards Stadium,252,BYU,fbs,Big 12,30.0,"[7, 14, 3, 6]",0.9705783128738404,1660.0,1656.0,248,Houston,fbs,Big 12,18.0,"[7, 3, 0, 8]",0.0294216871261596,1309.0,1313.0,3.955765419514441,LaVell Edwards Stadium,63725.0,40.25748799746312,-111.65443897247314,63725.0,0.9291957630443312,0
401673466,2024,15,regular,2024-12-07 00:00:00+00:00,False,True,False,True,15628.0,3662.0,AmFirst Stadium,55,Jacksonville State,fbs,Conference USA,52.0,"[14, 14, 10, 14]",0.9942452311515808,1638.0,1729.0,98,Western Kentucky,fbs,Conference USA,12.0,"[3, 3, 6, 0]",0.0057547688484191,1454.0,1363.0,2.3472106579004777,JSU Stadium,24000.0,33.82031030570401,-85.76646566390991,24000.0,0.6511666666666667,0
401673468,2024,15,regular,2024-12-07 01:00:00+00:00,False,True,False,True,36663.0,3653.0,Albertsons Stadium,68,Boise State,fbs,Mountain West,21.0,"[7, 14, 0, 0]",0.935003101825714,1748.0,1771.0,2439,UNLV,fbs,Mountain West,7.0,"[0, 0, 0, 7]",0.0649968981742858,1685.0,1662.0,2.9133277523530534,Albertsons Stadium,37000.0,43.6027080538683,-116.19591236114502,37000.0,0.9908918918918919,0
401673462,2024,15,regular,2024-12-07 01:00:00+00:00,False,True,False,True,14016.0,3841.0,Michie Stadium,349,Army,fbs,American Athletic,35.0,"[7, 14, 7, 7]",0.9998512268066406,1611.0,1686.0,2655,Tulane,fbs,American Athletic,14.0,"[0, 7, 0, 7]",0.0001487731933593,1829.0,1754.0,2.478052448203305,Michie Stadium,38000.0,41.38708043477422,-73.96408081054688,38000.0,0.3688421052631579,0
401673470,2024,15,regular,2024-12-08 00:30:00+00:00,False,True,False,True,20067.0,3666.0,Cajun Field,309,Louisiana,fbs,Sun Belt,3.0,"[3, 0, 0, 0]",0.0,1640.0,1546.0,276,Marshall,fbs,Sun Belt,31.0,"[7, 10, 7, 7]",1.0,1517.0,1611.0,3.794569149239948,Cajun Field,36900.0,30.21579609675613,-92.01626413552384,36900.0,0.5438211382113821,0
401756847,2025,1,regular,2025-08-23 22:30:00+00:00,False,True,False,False,41525.0,3833.0,Memorial Stadium,2305,Kansas,fbs,Big 12,31.0,"[14, 10, 7, 0]",1.0,1583.0,1632.0,278,Fresno State,fbs,Mountain West,7.0,"[7, 0, 0, 0]",0.0,1490.0,1441.0,2.7830408481663227,Memorial Stadium,50071.0,38.96294598898537,-95.2463150024414,50071.0,0.8293223622456112,0
401757218,2025,1,regular,2025-08-23 23:00:00+00:00,False,True,False,True,15312.0,3796.0,Houchens Industries-L.T. Smith Stadium,98,Western Kentucky,fbs,Conference USA,41.0,"[7, 13, 14, 7]",0.9504224061965942,1409.0,1450.0,2534,Sam Houston,fbs,Conference USA,24.0,"[3, 7, 14, 0]",0.0495775938034057,1452.0,1411.0,5.04146368507938,Houchens Industries–L. T. Smith Stadium,22113.0,36.98487662989466,-86.459013971646,22113.0,0.6924433591100257,0
401762522,2025,1,regular,2025-08-28 21:30:00+00:00,False,True,False,False,34707.0,3886.0,Raymond James Stadium,58,South Florida,fbs,American Athletic,34.0,"[0, 10, 14, 10]",0.991242527961731,1456.0,1554.0,68,Boise State,fbs,Mountain West,7.0,"[7, 0, 0, 0]",0.008757472038269,1676.0,1578.0,4.198854782620091,Raymond James Stadium,65857.0,27.975994470037183,-82.50334918498993,65857.0,0.5270054815737127,0
401752794,2025,1,regular,2025-08-28 22:00:00+00:00,False,True,False,False,46907.0,6577.0,SHI Stadium,164,Rutgers,fbs,Big Ten,34.0,"[7, 24, 0, 3]",0.9000661373138428,1522.0,1524.0,195,Ohio,fbs,Mid-American,31.0,"[7, 10, 14, 0]",0.0999338626861572,1621.0,1619.0,6.943864856309906,High Point Solutions Stadium,52454.0,40.51378289308872,-74.46504457087282,52454.0,0.8942502001753918,0
401762790,2025,1,regular,2025-08-28 22:00:00+00:00,False,True,False,False,19328.0,3700.0,Doyt L. Perry Stadium,189,Bowling Green,fbs,Mid-American,26.0,"[7, 10, 6, 3]",1.0,1461.0,1461.0,322,Lafayette,fcs,Patriot,7.0,"[0, 0, 7, 0]",0.0,735.0,748.0,1.743718059958304,Doyt Perry Stadium,23724.0,41.37805439803228,-83.62248212099075,23724.0,0.8147024110605294,1
401754373,2025,1,regular,2025-08-28 23:00:00+00:00,False,True,False,False,56919.0,3670.0,Carter-Finley Stadium,152,NC State,fbs,ACC,24.0,"[3, 14, 7, 0]",0.7440896034240723,1501.0,1507.0,151,East Carolina,fbs,American Athletic,17.0,"[0, 7, 0, 10]",0.2559103965759277,1435.0,1429.0,3.940855281840526,Carter–Finley Stadium,57583.0,35.80075968207897,-78.71948719024658,57583.0,0.9884688189222514,0
401762789,2025,1,regular,2025-08-28 23:00:00+00:00,False,True,False,False,9138.0,3768.0,InfoCision Stadium,2006,Akron,fbs,Mid-American,0.0,"[0, 0, 0, 0]",0.1403001993894577,1245.0,1235.0,2751,Wyoming,fbs,Mountain West,10.0,"[0, 3, 0, 7]",0.8596998006105423,1367.0,1377.0,4.853832638856986,Summa Field at InfoCision Stadium,30000.0,41.07256951528711,-81.50838375091553,30000.0,0.3046,0
401756848,2025,1,regular,2025-08-28 23:00:00+00:00,False,True,False,False,43043.0,3652.0,FBC Mortgage Stadium,2116,UCF,fbs,Big 12,17.0,"[0, 0, 3, 14]",0.8685790300369263,1538.0,1554.0,55,Jacksonville State,fbs,Conference USA,10.0,"[0, 0, 3, 7]",0.1314209699630737,1650.0,1634.0,6.779838854522642,Bright House Networks Stadium,45323.0,28.607958859227068,-81.1929988861084,45323.0,0.9496944156388588,0
401757219,2025,1,regular,2025-08-28 23:00:00+00:00,False,True,False,False,17895.0,3695.0,Delaware Stadium,48,Delaware,fbs,Conference USA,35.0,"[0, 14, 7, 14]",0.948571503162384,1500.0,1500.0,2169,Delaware State,fcs,MEAC,17.0,"[0, 3, 7, 7]",0.0514284968376159,735.0,748.0,3.8863147504803375,Delaware Stadium,22000.0,39.6617040181287,-75.7488301174382,22000.0,0.8134090909090909,1
401761588,2025,1,regular,2025-08-28 23:00:00+00:00,False,True,False,False,12459.0,3817.0,Malone Stadium,2433,UL Monroe,fbs,Sun Belt,29.0,"[7, 3, 7, 12]",0.99480402469635,1281.0,1281.0,2598,Saint Francis,fcs,NEC,0.0,"[0, 0, 0, 0]",0.0051959753036499,735.0,748.0,2.6582437502851985,Malone Stadium,30427.0,32.53106869451547,-92.06644075067642,30427.0,0.4094718506589542,1
401752674,2025,1,regular,2025-08-28 23:30:00+00:00,False,True,False,False,57321.0,3838.0,Memorial Stadium,142,Missouri,fbs,SEC,61.0,"[9, 17, 14, 21]",0.9923890829086304,1640.0,1640.0,2110,Central Arkansas,fcs,UAC,6.0,"[0, 0, 0, 6]",0.0076109170913696,735.0,748.0,3.2619476923306743,Faurot Field,71168.0,38.93589529672232,-92.33311414718628,71168.0,0.8054322167266187,1
401756876,2025,1,regular,2025-08-28 23:30:00+00:00,False,True,False,False,44809.0,3646.0,Boone Pickens Stadium,197,Oklahoma State,fbs,Big 12,27.0,"[14, 3, 3, 7]",0.8100014328956604,1334.0,1334.0,2630,UT Martin,fcs,OVC-Big South,7.0,"[7, 0, 0, 0]",0.1899985671043396,735.0,748.0,2.5593415223854774,Boone Pickens Stadium,60218.0,36.12570866235855,-97.06650495529176,60218.0,0.7441130558969079,1
401754517,2025,1,regular,2025-08-28 23:30:00+00:00,False,True,False,False,15677.0,3982.0,Wallace Wade Stadium,150,Duke,fbs,ACC,45.0,"[3, 7, 14, 21]",0.950526475906372,1526.0,1526.0,2210,Elon,fcs,Coastal Athletic,17.0,"[0, 10, 0, 7]",0.0494735240936279,735.0,748.0,5.108617579482511,Wallace Wade Stadium,33941.0,35.9953166502013,-78.94172430038452,33941.0,0.46188974986005127,1
401752793,2025,1,regular,2025-08-29 00:00:00+00:00,False,True,False,False,47774.0,3953.0,Huntington Bank Stadium,135,Minnesota,fbs,Big Ten,23.0,"[0, 10, 3, 10]",0.9904310703277588,1616.0,1625.0,2084,Buffalo,fbs,Mid-American,10.0,"[0, 3, 7, 0]",0.0095689296722412,1416.0,1407.0,3.4432187643946706,TCF Bank Stadium,52525.0,44.97652496911191,-93.224575817585,52525.0,0.9095478343645883,0
401756852,2025,1,regular,2025-08-29 00:00:00+00:00,False,True,False,False,28150.0,4728.0,TDECU Stadium,248,Houston,fbs,Big 12,27.0,"[7, 10, 7, 3]",1.0,1375.0,1375.0,2617,Stephen F. Austin,fcs,Southland,0.0,"[0, 0, 0, 0]",0.0,735.0,748.0,2.357485880054012,TDECU Stadium,40000.0,29.721767963293527,-95.34909841095214,40000.0,0.70375,1
401762791,2025,1,regular,2025-08-29 01:00:00+00:00,False,True,False,False,65952.0,347.0,Camp Randall Stadium,275,Wisconsin,fbs,Big Ten,17.0,"[3, 0, 7, 7]",1.0,1536.0,1573.0,193,Miami (OH),fbs,Mid-American,0.0,"[0, 0, 0, 0]",0.0,1528.0,1491.0,3.079787957421434,Camp Randall Stadium,80321.0,43.06993802646878,-89.41274642944336,80321.0,0.821105314923868,0
401762432,2025,1,regular,2025-08-29 22:00:00+00:00,False,True,False,False,23032.0,3841.0,Michie Stadium,349,Army,fbs,American Athletic,27.0,"[7, 10, 7, 0, 3]",0.349024623632431,1607.0,1607.0,2627,Tarleton State,fcs,UAC,30.0,"[3, 7, 7, 7, 6]",0.650975376367569,735.0,748.0,6.9127413278628165,Michie Stadium,38000.0,41.38708043477422,-73.96408081054688,38000.0,0.6061052631578947,1
401766898,2025,1,regular,2025-08-29 23:00:00+00:00,False,True,False,False,18034.0,2031.0,Pitbull Stadium,2229,Florida International,fbs,Conference USA,42.0,"[7, 21, 7, 7]",0.9834718108177184,1372.0,1372.0,2065,Bethune-Cookman,fcs,SWAC,9.0,"[3, 3, 0, 3]",0.0165281891822814,735.0,748.0,2.954049844219754,FIU Stadium,23500.0,25.75249278747405,-80.37786483764648,23500.0,0.7674042553191489,1
401754374,2025,1,regular,2025-08-29 23:00:00+00:00,False,True,False,False,30789.0,3630.0,Allegacy Federal Credit Union Stadium,154,Wake Forest,fbs,ACC,10.0,"[7, 0, 3, 0]",0.9848545789718628,1397.0,1394.0,338,Kennesaw State,fbs,Conference USA,9.0,"[6, 0, 3, 0]",0.0151454210281372,1266.0,1269.0,5.674199343634623,BB&T Field,31500.0,36.09183481061275,-80.25534152984619,31500.0,0.9774285714285714,0
401752802,2025,1,regular,2025-08-29 23:00:00+00:00,False,True,False,False,71657.0,3936.0,Spartan Stadium,127,Michigan State,fbs,Big Ten,23.0,"[7, 14, 2, 0]",1.0,1368.0,1403.0,2711,Western Michigan,fbs,Mid-American,6.0,"[0, 0, 0, 6]",0.0,1345.0,1310.0,2.8680052592635046,Spartan Stadium,75005.0,42.7281691163326,-84.48487535119057,75005.0,0.9553629758016132,0
401752795,2025,1,regular,2025-08-29 23:30:00+00:00,False,True,False,False,56040.0,3832.0,"Memorial Stadium (Champaign, IL)",356,Illinois,fbs,Big Ten,52.0,"[14, 17, 7, 14]",0.9946691989898682,1578.0,1578.0,2710,Western Illinois,fcs,OVC-Big South,3.0,"[0, 0, 0, 3]",0.0053308010101318,735.0,748.0,1.982560128093089,Memorial Stadium,60670.0,40.09930573133053,-88.23598623275757,60670.0,0.9236855117850667,1
401756854,2025,1,regular,2025-08-29 23:30:00+00:00,False,True,False,False,39129.0,3833.0,Memorial Stadium,2305,Kansas,fbs,Big 12,46.0,"[14, 15, 10, 7]",0.9886996150016784,1633.0,1633.0,2681,Wagner,fcs,NEC,7.0,"[0, 7, 0, 0]",0.0113003849983215,735.0,748.0,1.6895921395162847,Memorial Stadium,50071.0,38.96294598898537,-95.2463150024414,50071.0,0.7814703121567375,1
401752667,2025,1,regular,2025-08-30 00:00:00+00:00,False,True,False,False,45233.0,4727.0,McLane Stadium,239,Baylor,fbs,Big 12,24.0,"[3, 7, 7, 7]",0.1997608542442321,1604.0,1569.0,2,Auburn,fbs,SEC,38.0,"[7, 10, 14, 7]",0.8002391457557678,1574.0,1609.0,5.207606567811596,McLane Stadium,45140.0,31.55866263551169,-97.11560010910034,45140.0,1.0,0
401754375,2025,1,regular,2025-08-30 00:00:00+00:00,False,True,False,False,52868.0,3726.0,Folsom Field,38,Colorado,fbs,Big 12,20.0,"[7, 3, 3, 7]",0.467380553483963,1634.0,1613.0,59,Georgia Tech,fbs,ACC,27.0,"[0, 13, 7, 7]",0.532619446516037,1536.0,1557.0,5.409469095229784,Folsom Field,50183.0,40.00939837446321,-105.26688694953918,50183.0,1.0,0
401760358,2025,1,regular,2025-08-30 02:30:00+00:00,False,True,False,False,14877.0,3935.0,CEFCU Stadium,23,San José State,fbs,Mountain West,14.0,"[0, 7, 7, 0]",0.032235562801361,1484.0,1467.0,2117,Central Michigan,fbs,Mid-American,16.0,"[10, 3, 0, 3]",0.9677644371986388,1235.0,1252.0,6.0997865114863705,Spartan Stadium,30456.0,37.320105186690846,-121.86811613079064,30456.0,0.48847517730496454,0
401754520,2025,1,regular,2025-08-30 16:00:00+00:00,False,True,False,False,53006.0,3752.0,Acrisure Stadium,221,Pittsburgh,fbs,ACC,61.0,"[14, 20, 14, 13]",0.9959656000137328,1470.0,1470.0,2184,Duquesne,fcs,NEC,9.0,"[0, 6, 0, 3]",0.004034399986267,735.0,748.0,2.544712763176378,Heinz Field,68400.0,40.44678376501633,-80.01575589179993,68400.0,0.7749415204678363,1
401752801,2025,1,regular,2025-08-30 16:00:00+00:00,False,True,False,False,53994.0,3907.0,Ross-Ade Stadium,2509,Purdue,fbs,Big Ten,31.0,"[14, 7, 7, 3]",0.988307774066925,1207.0,1293.0,2050,Ball State,fbs,Mid-American,0.0,"[0, 0, 0, 0]",0.0116922259330749,1224.0,1138.0,2.2003856045032597,Ross–Ade Stadium,56400.0,40.434323,-86.918485,56400.0,0.9573404255319149,0
401752673,2025,1,regular,2025-08-30 16:00:00+00:00,False,True,False,False,33485.0,3815.0,M. M. Roberts Stadium,2572,Southern Miss,fbs,Sun Belt,17.0,"[3, 7, 0, 7]",0.0183775965124368,1119.0,1107.0,344,Mississippi State,fbs,SEC,34.0,"[10, 3, 21, 0]",0.9816224034875632,1412.0,1424.0,4.441994027739813,M. M. Roberts Stadium,36000.0,31.32897842661232,-89.33133065700531,36000.0,0.9301388888888888,0
401762792,2025,1,regular,2025-08-30 16:00:00+00:00,False,True,False,False,8647.0,3696.0,Dix Stadium,2309,Kent State,fbs,Mid-American,21.0,"[0, 7, 7, 7]",0.7662817239761353,1006.0,1006.0,2771,Merrimack,fcs,FCS Independents,17.0,"[0, 3, 3, 11]",0.2337182760238647,735.0,748.0,5.994707794081288,Dix Stadium,25000.0,41.13908682549516,-81.31343945860863,25000.0,0.34588,1
401762434,2025,1,regular,2025-08-30 16:00:00+00:00,False,True,False,False,30014.0,3852.0,Navy-Marine Corps Memorial Stadium,2426,Navy,fbs,American Athletic,52.0,"[7, 21, 10, 14]",0.9952975511550904,1543.0,1543.0,2678,VMI,fcs,Southern,7.0,"[0, 0, 7, 0]",0.0047024488449096,735.0,748.0,1.9702852958010255,Navy–Marine Corps Memorial Stadium,34000.0,38.98483263543365,-76.5071153640747,34000.0,0.8827647058823529,1
401752677,2025,1,regular,2025-08-30 16:00:00+00:00,False,True,False,False,107524.0,3861.0,Ohio Stadium,194,Ohio State,fbs,Big Ten,14.0,"[0, 7, 0, 7]",0.7310812473297119,1974.0,1977.0,251,Texas,fbs,SEC,7.0,"[0, 0, 0, 7]",0.2689187526702881,1861.0,1858.0,2.85014561483908,Ohio Stadium,104944.0,40.0016856893694,-83.01972806453705,104944.0,1.0,0
401752803,2025,1,regular,2025-08-30 16:00:00+00:00,False,True,False,False,22103.0,4729.0,Yulman Stadium,2655,Tulane,fbs,American Athletic,23.0,"[7, 13, 3, 0]",1.0,1616.0,1644.0,77,Northwestern,fbs,Big Ten,3.0,"[3, 0, 0, 0]",0.0,1431.0,1403.0,2.4735579019831504,Benson Field at Yulman Stadium,30000.0,29.945898112528432,-90.11519112306328,30000.0,0.7367666666666667,0
401752797,2025,1,regular,2025-08-30 16:00:00+00:00,False,True,False,False,35067.0,3665.0,SECU Stadium,120,Maryland,fbs,Big Ten,39.0,"[7, 26, 6, 0]",0.9894888997077942,1438.0,1509.0,2226,Florida Atlantic,fbs,American Athletic,7.0,"[7, 0, 0, 0]",0.0105111002922058,1311.0,1240.0,4.058797547757544,Byrd Stadium,51802.0,38.99120275144426,-76.94731173248788,51802.0,0.6769429751747037,0
401752670,2025,1,regular,2025-08-30 16:45:00+00:00,False,True,False,False,56457.0,3683.0,Kroger Field,96,Kentucky,fbs,SEC,24.0,"[7, 3, 0, 14]",0.970619022846222,1498.0,1507.0,2649,Toledo,fbs,Mid-American,16.0,"[0, 2, 0, 14]",0.029380977153778,1454.0,1445.0,3.645077771761658,Commonwealth Stadium,62093.0,38.02262168129363,-84.50520515441895,62093.0,0.9092329248063389,0
401754518,2025,1,regular,2025-08-30 18:00:00+00:00,False,True,False,False,41221.0,3615.0,"Alumni Stadium (Chestnut Hill, MA)",103,Boston College,fbs,ACC,66.0,"[14, 7, 24, 21]",0.9878271818161012,1508.0,1508.0,2230,Fordham,fcs,Patriot,10.0,"[3, 0, 0, 7]",0.0121728181838989,735.0,748.0,1.976087307715974,Alumni Stadium,44500.0,42.33510834895851,-71.16647243499756,44500.0,0.9263146067415731,1
401757167,2025,1,regular,2025-08-30 18:00:00+00:00,False,True,False,False,37594.0,3892.0,Pratt & Whitney Stadium,41,UConn,fbs,FBS Independents,59.0,"[14, 21, 10, 14]",0.990516722202301,1454.0,1454.0,2115,Central Connecticut,fcs,NEC,13.0,"[7, 3, 3, 0]",0.0094832777976989,735.0,748.0,3.3336148066236557,Rentschler Field,40000.0,41.75988427820291,-72.61894226074219,40000.0,0.93985,1
401756878,2025,1,regular,2025-08-30 18:00:00+00:00,False,True,False,False,57093.0,3842.0,Milan Puskar Stadium,277,West Virginia,fbs,Big 12,45.0,"[7, 3, 14, 21]",0.9934393763542176,1470.0,1470.0,2523,Robert Morris,fcs,NEC,3.0,"[0, 3, 0, 0]",0.0065606236457824,735.0,748.0,2.964434870013952,Mountaineer Field at Milan Puskar Stadium,60000.0,39.65221992482815,-79.9551753012939,60000.0,0.95155,1
401752806,2025,1,regular,2025-08-30 18:30:00+00:00,False,True,False,False,47109.0,3830.0,"Memorial Stadium (Bloomington, IN)",84,Indiana,fbs,Big Ten,27.0,"[7, 10, 10, 0]",0.7637277245521545,1800.0,1800.0,295,Old Dominion,fbs,Sun Belt,14.0,"[7, 0, 0, 7]",0.2362722754478454,1480.0,1480.0,3.5853643609346264,Memorial Stadium,52959.0,39.18090913372923,-86.52557373046875,52959.0,0.8895371891463207,0
401754519,2025,1,regular,2025-08-30 19:00:00+00:00,False,True,False,False,50536.0,3873.0,L&N Federal Credit Union Stadium,97,Louisville,fbs,ACC,51.0,"[21, 20, 7, 3]",0.9674173593521118,1706.0,1706.0,2198,Eastern Kentucky,fcs,UAC,17.0,"[0, 7, 0, 10]",0.0325826406478881,735.0,748.0,2.510451246927339,Papa John's Cardinal Stadium,55000.0,38.20542168521144,-85.75810561566809,55000.0,0.9188363636363637,1
401752669,2025,1,regular,2025-08-30 19:30:00+00:00,False,True,False,False,93033.0,3917.0,Sanford Stadium,61,Georgia,fbs,SEC,45.0,"[14, 10, 14, 7]",0.9931291341781616,1998.0,2053.0,276,Marshall,fbs,Sun Belt,7.0,"[0, 0, 0, 7]",0.0068708658218383,1574.0,1519.0,2.831958872682932,Sanford Stadium,92746.0,33.949821489498824,-83.37344169616699,92746.0,1.0,0
401756853,2025,1,regular,2025-08-30 19:30:00+00:00,False,True,False,False,61500.0,3772.0,Jack Trice Stadium,66,Iowa State,fbs,Big 12,55.0,"[14, 13, 14, 14]",0.9931229948997498,1621.0,1621.0,233,South Dakota,fcs,MVFC,7.0,"[7, 0, 0, 0]",0.0068770051002502,735.0,748.0,2.7165267446492507,Jack Trice Stadium,61500.0,42.01400541108485,-93.6358094215393,61500.0,1.0,1
401752665,2025,1,regular,2025-08-30 19:30:00+00:00,False,True,False,False,67277.0,3697.0,Doak Campbell Stadium,52,Florida State,fbs,ACC,31.0,"[7, 10, 7, 7]",0.9999723434448242,1408.0,1477.0,333,Alabama,fbs,SEC,17.0,"[7, 0, 3, 7]",2.765655517578125e-05,1824.0,1755.0,3.890692760872287,Bobby Bowden Field at Doak Campbell Stadium,82300.0,30.437547584621285,-84.30453398103501,82300.0,0.817460510328068,0
401762456,2025,1,regular,2025-08-30 19:30:00+00:00,False,True,False,False,11565.0,3985.0,Warren McGuirk Alumni Stadium,113,Massachusetts,fbs,Mid-American,10.0,"[10, 0, 0, 0]",0.0226590987294912,1193.0,1101.0,218,Temple,fbs,American Athletic,42.0,"[7, 21, 0, 14]",0.9773409012705088,1192.0,1284.0,3.848331369196091,Warren McGuirk Alumni Stadium,17000.0,42.377513236004525,-72.53562686052412,17000.0,0.6802941176470588,0
401760359,2025,1,regular,2025-08-30 19:30:00+00:00,False,True,False,False,30207.0,3713.0,Falcon Stadium,2005,Air Force,fbs,Mountain West,49.0,"[14, 14, 14, 7]",0.9939007759094238,1438.0,1438.0,2083,Bucknell,fcs,Patriot,13.0,"[0, 7, 3, 3]",0.0060992240905761,735.0,748.0,2.783513095156396,Falcon Stadium,46692.0,38.99690743122685,-104.84368801116943,46692.0,0.6469416602415832,1
401762793,2025,1,regular,2025-08-30 19:30:00+00:00,False,True,False,False,10569.0,3764.0,Huskie Stadium,2459,Northern Illinois,fbs,Mid-American,19.0,"[3, 3, 0, 13]",0.8795457482337952,1470.0,1470.0,107,Holy Cross,fcs,Patriot,17.0,"[0, 3, 0, 14]",0.1204542517662048,735.0,748.0,5.4788604432195065,Huskie Stadium,25500.0,41.934014,-88.778222,25500.0,0.4144705882352941,1
401752807,2025,1,regular,2025-08-30 19:30:00+00:00,False,True,False,False,106915.0,3632.0,Beaver Stadium,213,Penn State,fbs,Big Ten,46.0,"[10, 17, 12, 7]",0.9887898564338684,2063.0,2073.0,2440,Nevada,fbs,Mountain West,11.0,"[0, 3, 0, 8]",0.0112101435661315,1294.0,1284.0,2.740640517537327,Beaver Stadium,106572.0,40.81215273275043,-77.85620212554932,106572.0,1.0,0
401757220,2025,1,regular,2025-08-30 20:00:00+00:00,False,True,False,False,20337.0,3992.0,Williams Stadium (VA),2335,Liberty,fbs,Conference USA,28.0,"[0, 7, 0, 21]",1.0,1502.0,1502.0,311,Maine,fcs,Coastal Athletic,7.0,"[0, 7, 0, 0]",0.0,735.0,748.0,4.596249113453677,Williams Stadium,19200.0,37.354414,-79.175047,19200.0,1.0,1
401752804,2025,1,regular,2025-08-30 20:00:00+00:00,False,True,False,False,57257.0,3626.0,Autzen Stadium,2483,Oregon,fbs,Big Ten,59.0,"[17, 21, 14, 7]",0.9927279949188232,1860.0,1860.0,147,Montana State,fcs,Big Sky,13.0,"[0, 3, 3, 7]",0.0072720050811767,735.0,748.0,2.4032563558584434,Autzen Stadium,54000.0,44.058272724266615,-123.0685043334961,54000.0,1.0,1
401752666,2025,1,regular,2025-08-30 20:15:00+00:00,False,True,False,False,70827.0,3887.0,Razorback Stadium,8,Arkansas,fbs,SEC,52.0,"[10, 21, 14, 7]",0.954650342464447,1574.0,1574.0,2010,Alabama A&M,fcs,SWAC,7.0,"[7, 0, 0, 0]",0.0453496575355529,735.0,748.0,3.687395892523427,Donald W. Reynolds Razorback Stadium,72000.0,36.067850785167344,-94.17879581451416,72000.0,0.9837083333333333,1
401762433,2025,1,regular,2025-08-30 20:30:00+00:00,False,True,False,False,25011.0,3805.0,Simmons Bank Liberty Stadium,235,Memphis,fbs,American Athletic,45.0,"[14, 14, 10, 7]",0.9938881397247314,1604.0,1604.0,236,Chattanooga,fcs,Southern,10.0,"[0, 3, 0, 7]",0.0061118602752685,735.0,748.0,1.8319668734099277,Liberty Bowl Memorial Stadium,62380.0,35.120856917268995,-89.97805741128388,62380.0,0.40094581596665596,1
401752675,2025,1,regular,2025-08-30 22:00:00+00:00,False,True,False,False,83218.0,3835.0,"Memorial Stadium (Norman, OK)",201,Oklahoma,fbs,SEC,35.0,"[7, 14, 0, 14]",0.9841676354408264,1650.0,1650.0,2287,Illinois State,fcs,MVFC,3.0,"[0, 0, 3, 0]",0.0158323645591735,735.0,748.0,2.339243175901871,Gaylord Family Oklahoma Memorial Stadium,82112.0,35.20589959488508,-97.44255065917967,82112.0,1.0,1
401754616,2025,1,regular,2025-08-30 22:00:00+00:00,False,True,False,False,46143.0,3923.0,Scott Stadium,258,Virginia,fbs,ACC,48.0,"[7, 21, 14, 6]",0.9922709465026855,1404.0,1521.0,324,Coastal Carolina,fbs,Sun Belt,7.0,"[0, 0, 7, 0]",0.0077290534973144,1379.0,1262.0,2.5924538254952325,Scott Stadium,61500.0,38.03112372855688,-78.51370811462402,61500.0,0.7502926829268293,0
401752799,2025,1,regular,2025-08-30 22:00:00+00:00,False,True,False,False,69250.0,3793.0,Kinnick Stadium,2294,Iowa,fbs,Big Ten,34.0,"[3, 14, 7, 10]",0.9937663078308104,1682.0,1682.0,399,UAlbany,fcs,Coastal Athletic,7.0,"[0, 7, 0, 0]",0.0062336921691894,735.0,748.0,3.449036446083837,Kinnick Stadium,70585.0,41.65838893680983,-91.55147552490234,70585.0,0.9810866331373521,1
401761590,2025,1,regular,2025-08-30 22:00:00+00:00,False,True,False,False,24965.0,3651.0,Bridgeforth Stadium,256,James Madison,fbs,Sun Belt,45.0,"[14, 14, 3, 14]",0.99522864818573,1627.0,1627.0,2692,Weber State,fcs,Big Sky,10.0,"[0, 7, 3, 0]",0.00477135181427,735.0,748.0,2.311021820853732,Bridgeforth Stadium,24878.0,38.43508893585215,-78.87340330403673,24878.0,1.0,1
401757222,2025,1,regular,2025-08-30 23:00:00+00:00,False,True,False,False,18505.0,3725.0,Johnny Red Floyd Stadium,2393,Middle Tennessee,fbs,Conference USA,14.0,"[0, 7, 7, 0]",0.0470785684883594,1228.0,1228.0,2046,Austin Peay,fcs,UAC,34.0,"[14, 7, 3, 10]",0.9529214315116404,735.0,748.0,3.462974439157419,"Johnny ""Red"" Floyd Stadium",31000.0,35.85110908054087,-86.36844992637634,31000.0,0.5969354838709677,1
401756855,2025,1,regular,2025-08-30 23:00:00+00:00,False,True,False,False,51927.0,3636.0,Bill Snyder Family Stadium,2306,Kansas State,fbs,Big 12,38.0,"[10, 7, 14, 7]",0.9437008500099182,1664.0,1664.0,155,North Dakota,fcs,MVFC,35.0,"[7, 14, 0, 14]",0.0562991499900817,735.0,748.0,7.381952693813373,Bill Snyder Family Football Stadium,50000.0,39.20186361814248,-96.59379243850708,50000.0,1.0,1
401752668,2025,1,regular,2025-08-30 23:00:00+00:00,False,True,False,False,89451.0,3634.0,Ben Hill Griffin Stadium,57,Florida,fbs,SEC,55.0,"[14, 24, 10, 7]",0.9889460802078248,1678.0,1678.0,2341,Long Island University,fcs,NEC,0.0,"[0, 0, 0, 0]",0.0110539197921752,735.0,748.0,1.4437960459230383,Ben Hill Griffin Stadium,88548.0,29.649868677972304,-82.34866619110107,88548.0,1.0,1
401761595,2025,1,regular,2025-08-30 23:00:00+00:00,False,True,False,False,25546.0,3975.0,Veterans Memorial Stadium (AL),2653,Troy,fbs,Sun Belt,38.0,"[0, 7, 3, 28]",0.9957315325737,1476.0,1476.0,2447,Nicholls,fcs,Southland,20.0,"[0, 10, 7, 3]",0.0042684674263,735.0,748.0,5.097250982479779,Veterans Memorial Stadium,30000.0,31.799527415252125,-85.95217691586194,30000.0,0.8515333333333334,1
401752679,2025,1,regular,2025-08-30 23:00:00+00:00,False,True,False,False,35000.0,3973.0,FirstBank Stadium,238,Vanderbilt,fbs,SEC,45.0,"[14, 14, 7, 10]",0.9889649748802184,1497.0,1497.0,2127,Charleston Southern,fcs,OVC-Big South,3.0,"[0, 0, 0, 3]",0.0110350251197814,735.0,748.0,1.767896745375514,Vanderbilt Stadium,40350.0,36.14355849696379,-86.80877208709717,40350.0,0.8674101610904585,1
401752678,2025,1,regular,2025-08-30 23:00:00+00:00,False,True,False,False,107521.0,3795.0,Kyle Field,245,Texas A&M,fbs,SEC,42.0,"[7, 14, 14, 7]",1.0,1674.0,1700.0,2636,UTSA,fbs,American Athletic,24.0,"[3, 7, 7, 7]",0.0,1529.0,1503.0,5.030838796225625,Kyle Field,102733.0,30.61009757817476,-96.34072922859283,102733.0,1.0,0
401761591,2025,1,regular,2025-08-30 23:00:00+00:00,False,True,False,False,18241.0,3625.0,Centennial Bank Stadium,2032,Arkansas State,fbs,Sun Belt,42.0,"[7, 21, 7, 7]",0.9896280169487,1344.0,1344.0,2546,Southeast Missouri State,fcs,OVC-Big South,24.0,"[7, 3, 0, 14]",0.0103719830513,735.0,748.0,5.044477295926289,Centennial Bank Stadium,30964.0,35.84899009532366,-90.66769494362912,30964.0,0.5891034750032296,1
401757226,2025,1,regular,2025-08-30 23:00:00+00:00,False,True,False,False,12226.0,3796.0,Houchens Industries-L.T. Smith Stadium,98,Western Kentucky,fbs,Conference USA,55.0,"[14, 28, 3, 10]",0.98651921749115,1445.0,1445.0,2453,North Alabama,fcs,UAC,6.0,"[6, 0, 0, 0]",0.01348078250885,735.0,748.0,2.9685185692235607,Houchens Industries–L. T. Smith Stadium,22113.0,36.98487662989466,-86.459013971646,22113.0,0.5528874417763306,1
401757225,2025,1,regular,2025-08-30 23:30:00+00:00,False,True,False,False,16448.0,3905.0,Maverik Stadium,328,Utah State,fbs,Mountain West,28.0,"[10, 10, 8, 0]",0.827567994594574,1408.0,1418.0,2638,UTEP,fbs,Conference USA,16.0,"[7, 3, 0, 6]",0.172432005405426,1240.0,1230.0,4.024054871708383,Romney Stadium,25513.0,41.75153188612883,-111.81210567885644,25513.0,0.6446909418727708,0
401757221,2025,1,regular,2025-08-30 23:30:00+00:00,False,True,False,False,12872.0,3776.0,Joe Aillet Stadium,2348,Louisiana Tech,fbs,Conference USA,24.0,"[0, 3, 21, 0]",0.932179868221283,1397.0,1397.0,2545,SE Louisiana,fcs,Southland,0.0,"[0, 0, 0, 0]",0.067820131778717,735.0,748.0,4.255358736024053,Joe Aillet Stadium,30600.0,32.53223809915824,-92.6560188758494,30600.0,0.4206535947712418,1
401752798,2025,1,regular,2025-08-30 23:30:00+00:00,False,True,False,False,62841.0,477.0,Los Angeles Memorial Coliseum,30,USC,fbs,Big Ten,73.0,"[14, 28, 14, 17]",0.9899773597717284,1676.0,1841.0,2623,Missouri State,fbs,Conference USA,13.0,"[3, 7, 3, 0]",0.0100226402282714,1500.0,1335.0,3.027973530818972,Los Angeles Memorial Coliseum,93607.0,34.01400974062912,-118.28789591789246,93607.0,0.6713279989744356,0
401756877,2025,1,regular,2025-08-30 23:30:00+00:00,False,True,False,False,60229.0,3784.0,Jones AT&T Stadium,2641,Texas Tech,fbs,Big 12,67.0,"[23, 24, 14, 6]",0.9876359701156616,1571.0,1571.0,2029,Arkansas-Pine Bluff,fcs,SWAC,7.0,"[0, 0, 0, 7]",0.0123640298843383,735.0,748.0,2.1355264776531504,Jones AT&T Stadium,60862.0,33.59102829801104,-101.87293767929076,60862.0,0.9895994216424041,1
401752671,2025,1,regular,2025-08-30 23:30:00+00:00,False,True,False,False,81500.0,3836.0,"Memorial Stadium (Clemson, SC)",228,Clemson,fbs,ACC,10.0,"[3, 7, 0, 0]",0.102573737502098,1704.0,1692.0,99,LSU,fbs,SEC,17.0,"[0, 3, 7, 7]",0.8974262624979019,1718.0,1730.0,5.004065274365249,Memorial Stadium,81500.0,34.67874665741346,-82.84317970275879,81500.0,1.0,0
401752808,2025,1,regular,2025-08-30 23:30:00+00:00,False,True,False,False,110648.0,3558.0,Michigan Stadium,130,Michigan,fbs,Big Ten,34.0,"[14, 10, 3, 7]",0.989814519882202,1772.0,1771.0,167,New Mexico,fbs,Mountain West,17.0,"[0, 10, 7, 0]",0.0101854801177978,1331.0,1332.0,2.8071636758153686,Michigan Stadium,107601.0,42.26586873251738,-83.7487256526947,107601.0,1.0,0
401752672,2025,1,regular,2025-08-30 23:45:00+00:00,False,True,False,False,66378.0,3974.0,Vaught-Hemingway Stadium,145,Ole Miss,fbs,SEC,63.0,"[7, 18, 17, 21]",0.9927834868431092,1838.0,1939.0,2247,Georgia State,fbs,Sun Belt,7.0,"[0, 7, 0, 0]",0.0072165131568908,1331.0,1230.0,2.746951828945296,Vaught–Hemingway Stadium,60580.0,34.362154302992906,-89.53414626020904,60580.0,1.0,0
401761594,2025,1,regular,2025-08-31 00:00:00+00:00,False,True,False,False,21082.0,3644.0,Bobcat Stadium (TX),326,Texas State,fbs,Sun Belt,52.0,"[14, 10, 14, 14]",0.9995025992393494,1593.0,1623.0,2199,Eastern Michigan,fbs,Mid-American,27.0,"[3, 14, 0, 10]",0.0004974007606506,1283.0,1253.0,4.503330170819301,Bobcat Stadium,30000.0,29.89134454879716,-97.92531180559462,30000.0,0.7027333333333333,0
401762457,2025,1,regular,2025-08-31 00:00:00+00:00,False,True,False,False,17337.0,3674.0,Chapman Stadium,202,Tulsa,fbs,American Athletic,35.0,"[7, 3, 11, 14]",0.9792423248291016,1041.0,1041.0,2000,Abilene Christian,fcs,UAC,7.0,"[0, 0, 0, 7]",0.0207576751708984,735.0,748.0,2.621739144074778,Skelly Field at H. A. Chapman Stadium,35542.0,36.14886067519205,-95.943603515625,35542.0,0.48778909459231334,1
401761592,2025,1,regular,2025-08-31 00:00:00+00:00,False,True,False,False,22148.0,3666.0,Cajun Field,309,Louisiana,fbs,Sun Belt,12.0,"[3, 3, 6, 0]",0.090759128332138,1474.0,1463.0,242,Rice,fbs,American Athletic,14.0,"[0, 14, 0, 0]",0.909240871667862,1326.0,1337.0,5.187988330546746,Cajun Field,36900.0,30.21579609675613,-92.01626413552384,36900.0,0.6002168021680216,0
401762435,2025,1,regular,2025-08-31 00:00:00+00:00,False,True,False,False,20594.0,3825.0,DATCU Stadium,249,North Texas,fbs,American Athletic,51.0,"[13, 24, 14, 0]",0.990288496017456,1411.0,1411.0,2320,Lamar,fcs,Southland,0.0,"[0, 0, 0, 0]",0.0097115039825439,735.0,748.0,2.3573009786963683,Apogee Stadium,30850.0,33.20393508408917,-97.15922355651855,30850.0,0.6675526742301459,1
401756851,2025,1,regular,2025-08-31 00:00:00+00:00,False,True,False,False,64494.0,3801.0,LaVell Edwards Stadium,252,BYU,fbs,Big 12,69.0,"[14, 35, 6, 14]",0.9965556859970092,1644.0,1644.0,2502,Portland State,fcs,Big Sky,0.0,"[0, 0, 0, 0]",0.0034443140029907,735.0,748.0,2.5564132230791032,LaVell Edwards Stadium,63725.0,40.25748799746312,-111.65443897247314,63725.0,1.0,1
401754521,2025,1,regular,2025-08-31 01:00:00+00:00,False,True,False,False,33044.0,3735.0,Gerald J. Ford Stadium,2567,SMU,fbs,ACC,42.0,"[14, 7, 7, 14]",0.923669934272766,1717.0,1717.0,2837,East Texas A&M,fcs,Southland,13.0,"[0, 3, 0, 10]",0.0763300657272338,735.0,748.0,2.80748361790996,Gerald J. Ford Stadium,32000.0,32.83771580994254,-96.782705783844,32000.0,1.0,1
401757223,2025,1,regular,2025-08-31 01:00:00+00:00,False,True,False,False,10058.0,3601.0,Aggie Memorial Stadium,166,New Mexico State,fbs,Conference USA,19.0,"[6, 3, 0, 10]",0.8037628531455994,1246.0,1246.0,2803,Bryant,fcs,Coastal Athletic,3.0,"[3, 0, 0, 0]",0.1962371468544006,735.0,748.0,4.622536798733111,Aggie Memorial Stadium,30343.0,32.27974938226407,-106.74113631248474,30343.0,0.3314767821243779,1
401760361,2025,1,regular,2025-08-31 01:30:00+00:00,False,True,False,False,36801.0,3660.0,Valley Children's Stadium,278,Fresno State,fbs,Mountain West,42.0,"[10, 3, 15, 14]",1.0,1441.0,1516.0,290,Georgia Southern,fbs,Sun Belt,14.0,"[7, 7, 0, 0]",0.0,1457.0,1382.0,4.663563603587247,Bulldog Stadium,41031.0,36.81431969524593,-119.75810156690552,41031.0,0.8969072164948454,0
401752947,2025,1,regular,2025-08-31 02:00:00+00:00,False,True,False,False,28243.0,3820.0,Gesa Field,265,Washington State,fbs,Pac-12,13.0,"[0, 7, 3, 3]",0.2976610958576202,1520.0,1520.0,70,Idaho,fcs,Big Sky,10.0,"[0, 0, 0, 10]",0.7023389041423798,735.0,748.0,4.3135115653866585,Martin Stadium,32248.0,46.731967978653024,-117.16058578781136,32248.0,0.8758062515504837,1
401756850,2025,1,regular,2025-08-31 02:00:00+00:00,False,True,False,False,56759.0,3947.0,Mountain America Stadium,9,Arizona State,fbs,Big 12,38.0,"[14, 3, 14, 7]",0.9801790118217468,1700.0,1700.0,2464,Northern Arizona,fcs,Big Sky,19.0,"[0, 6, 7, 6]",0.0198209881782531,735.0,748.0,3.454469563632829,Sun Devil Stadium Frank Kush Field,71706.0,33.426364,-111.932616,71706.0,0.7915516135330377,1
401752936,2025,1,regular,2025-08-31 02:30:00+00:00,False,True,False,False,31630.0,3893.0,Reser Stadium,204,Oregon State,fbs,Pac-12,15.0,"[0, 3, 6, 6]",0.024204296991229,1406.0,1371.0,25,California,fbs,ACC,34.0,"[14, 3, 7, 10]",0.9757957030087708,1519.0,1554.0,2.8187930693076786,Reser Stadium,45674.0,44.5594768421455,-123.2814073562622,45674.0,0.6925165301922319,0
401756849,2025,1,regular,2025-08-31 02:30:00+00:00,False,True,False,False,42423.0,3619.0,Arizona Stadium,12,Arizona,fbs,Big 12,40.0,"[7, 10, 14, 9]",0.9823190569877625,1371.0,1451.0,62,Hawai'i,fbs,Mountain West,6.0,"[3, 3, 0, 0]",0.0176809430122375,1258.0,1178.0,3.2736314520920584,Arizona Stadium,51811.0,32.228340232071496,-110.94903945922852,51811.0,0.8188029569010442,0
401752805,2025,1,regular,2025-08-31 03:00:00+00:00,False,True,False,False,67778.0,3765.0,Husky Stadium,264,Washington,fbs,Big Ten,38.0,"[7, 7, 14, 10]",0.9972135424613952,1585.0,1604.0,36,Colorado State,fbs,Mountain West,21.0,"[7, 7, 7, 0]",0.0027864575386047,1382.0,1363.0,4.716015967021742,Husky Stadium,70500.0,47.65043054401222,-122.30291984739304,70500.0,0.9613900709219858,0
401752800,2025,1,regular,2025-08-31 03:00:00+00:00,False,True,False,False,35032.0,1056.0,Rose Bowl,26,UCLA,fbs,Big Ten,10.0,"[0, 7, 3, 0]",0.0,1492.0,1404.0,254,Utah,fbs,Big 12,43.0,"[13, 10, 7, 13]",1.0,1542.0,1630.0,2.96631481543708,Rose Bowl,92542.0,34.16156958726264,-118.1676149368286,92542.0,0.37855244105379177,0
401754522,2025,1,regular,2025-08-31 23:30:00+00:00,False,True,False,False,66793.0,3948.0,Hard Rock Stadium,2390,Miami,fbs,ACC,27.0,"[0, 14, 7, 6]",0.9332687258720398,1736.0,1743.0,87,Notre Dame,fbs,FBS Independents,24.0,"[0, 7, 0, 17]",0.0667312741279602,2173.0,2166.0,4.531250325366178,Sun Life Stadium,65326.0,25.957933739028963,-80.23884057998657,65326.0,1.0,0
401754523,2025,1,regular,2025-09-02 00:00:00+00:00,False,True,False,False,50500.0,3787.0,Kenan Stadium,153,North Carolina,fbs,ACC,14.0,"[7, 0, 7, 0]",0.0296894237399101,1497.0,1417.0,2628,TCU,fbs,Big 12,48.0,"[7, 13, 21, 7]",0.97031057626009,1633.0,1713.0,3.407486721191629,Kenan Memorial Stadium,62980.0,35.90698834747853,-79.04791831970215,62980.0,0.8018418545570022,0
401754528,2025,2,regular,2025-09-05 23:00:00+00:00,False,True,False,False,48717.0,3873.0,L&N Federal Credit Union Stadium,97,Louisville,fbs,ACC,28.0,"[0, 6, 8, 14]",0.7079175710678101,1706.0,1727.0,256,James Madison,fbs,Sun Belt,14.0,"[7, 0, 7, 0]",0.2920824289321899,1627.0,1606.0,6.579471474543188,Papa John's Cardinal Stadium,55000.0,38.20542168521144,-85.75810561566809,55000.0,0.8857636363636363,0
401752826,2025,2,regular,2025-09-05 23:30:00+00:00,False,True,False,False,35331.0,3665.0,SECU Stadium,120,Maryland,fbs,Big Ten,20.0,"[3, 7, 3, 7]",0.6393875479698181,1509.0,1526.0,2459,Northern Illinois,fbs,Mid-American,9.0,"[0, 3, 6, 0]",0.3606124520301819,1470.0,1453.0,3.687040328791484,Byrd Stadium,51802.0,38.99120275144426,-76.94731173248788,51802.0,0.6820393035017953,0
401760363,2025,2,regular,2025-09-06 01:00:00+00:00,False,True,False,False,32887.0,3653.0,Albertsons Stadium,68,Boise State,fbs,Mountain West,51.0,"[20, 10, 7, 14]",0.992191195487976,1596.0,1596.0,331,Eastern Washington,fcs,Big Sky,14.0,"[0, 7, 0, 7]",0.0078088045120239,735.0,748.0,2.5236959378510284,Albertsons Stadium,37000.0,43.6027080538683,-116.19591236114502,37000.0,0.8888378378378379,1
401752813,2025,2,regular,2025-09-06 16:00:00+00:00,False,True,False,False,42447.0,3953.0,Huntington Bank Stadium,135,Minnesota,fbs,Big Ten,66.0,"[35, 24, 7, 0]",0.9938032031059264,1630.0,1630.0,2466,Northwestern State,fcs,Southland,0.0,"[0, 0, 0, 0]",0.0061967968940734,735.0,748.0,0.9151125280369778,TCF Bank Stadium,52525.0,44.97652496911191,-93.224575817585,52525.0,0.8081294621608758,1
401752825,2025,2,regular,2025-09-06 16:00:00+00:00,False,True,False,False,23893.0,3982.0,Wallace Wade Stadium,150,Duke,fbs,ACC,19.0,"[3, 10, 6, 0]",0.2316601723432541,1526.0,1462.0,356,Illinois,fbs,Big Ten,45.0,"[7, 7, 14, 17]",0.7683398276567459,1578.0,1642.0,5.058968869408419,Wallace Wade Stadium,33941.0,35.9953166502013,-78.94172430038452,33941.0,0.7039568663268613,0
401754618,2025,2,regular,2025-09-06 16:00:00+00:00,False,True,False,False,39391.0,1964.0,JMA Wireless Dome,183,Syracuse,fbs,ACC,27.0,"[0, 6, 0, 14, 7]",0.1826662719249725,1476.0,1484.0,41,UConn,fbs,FBS Independents,20.0,"[0, 14, 3, 3, 0]",0.8173337280750275,1454.0,1446.0,6.642710881646021,Carrier Dome,49250.0,43.036132820423234,-76.13651990890503,49250.0,0.7998172588832487,0
401754621,2025,2,regular,2025-09-06 16:00:00+00:00,False,True,False,False,65430.0,3697.0,Doak Campbell Stadium,52,Florida State,fbs,ACC,77.0,"[21, 28, 21, 7]",0.9972588419914246,1452.0,1452.0,2837,East Texas A&M,fcs,Southland,3.0,"[0, 0, 0, 3]",0.0027411580085754,735.0,748.0,1.7743432518372813,Bobby Bowden Field at Doak Campbell Stadium,82300.0,30.437547584621285,-84.30453398103501,82300.0,0.7950182260024301,1
401754524,2025,2,regular,2025-09-06 16:00:00+00:00,False,True,False,False,56919.0,3670.0,Carter-Finley Stadium,152,NC State,fbs,ACC,35.0,"[7, 7, 21, 0]",0.6785362958908081,1507.0,1510.0,258,Virginia,fbs,ACC,31.0,"[14, 10, 7, 0]",0.3214637041091919,1521.0,1518.0,7.232871463699586,Carter–Finley Stadium,57583.0,35.80075968207897,-78.71948719024658,57583.0,0.9884688189222514,0
401752693,2025,2,regular,2025-09-06 16:00:00+00:00,False,True,False,False,100841.0,3910.0,DKR-Texas Memorial Stadium,251,Texas,fbs,SEC,38.0,"[14, 14, 10, 0]",0.9910861253738404,1858.0,1896.0,23,San José State,fbs,Mountain West,7.0,"[0, 7, 0, 0]",0.0089138746261596,1467.0,1429.0,3.070677040008217,Darrell K Royal–Texas Memorial Stadium,100119.0,30.28360340206824,-97.73233652114868,100119.0,1.0,0
401754529,2025,2,regular,2025-09-06 16:00:00+00:00,False,True,False,False,48424.0,3752.0,Acrisure Stadium,221,Pittsburgh,fbs,ACC,45.0,"[7, 17, 7, 14]",0.977940797805786,1470.0,1518.0,2117,Central Michigan,fbs,Mid-American,17.0,"[0, 10, 7, 0]",0.0220592021942138,1252.0,1204.0,2.9827182864377737,Heinz Field,68400.0,40.44678376501633,-80.01575589179993,68400.0,0.707953216374269,0
401756885,2025,2,regular,2025-09-06 16:00:00+00:00,False,True,False,False,60229.0,3784.0,Jones AT&T Stadium,2641,Texas Tech,fbs,Big 12,62.0,"[21, 27, 7, 7]",0.989311695098877,1571.0,1639.0,2309,Kent State,fbs,Mid-American,14.0,"[0, 0, 0, 14]",0.010688304901123,1006.0,938.0,2.276871401163506,Jones AT&T Stadium,60862.0,33.59102829801104,-101.87293767929076,60862.0,0.9895994216424041,0
401754525,2025,2,regular,2025-09-06 16:00:00+00:00,False,True,False,False,34852.0,3735.0,Gerald J. Ford Stadium,2567,SMU,fbs,ACC,45.0,"[10, 14, 0, 14, 7, 0]",0.9366649985313416,1717.0,1703.0,239,Baylor,fbs,Big 12,48.0,"[0, 21, 3, 14, 7, 3]",0.0633350014686584,1569.0,1583.0,8.737381517894203,Gerald J. Ford Stadium,32000.0,32.83771580994254,-96.782705783844,32000.0,1.0,0
401757227,2025,2,regular,2025-09-06 16:00:00+00:00,False,True,False,True,20755.0,3662.0,AmFirst Stadium,55,Jacksonville State,fbs,Conference USA,34.0,"[7, 10, 7, 10]",0.8045607209205627,1634.0,1642.0,2335,Liberty,fbs,Conference USA,24.0,"[7, 3, 0, 14]",0.1954392790794372,1502.0,1494.0,3.622378213706064,JSU Stadium,24000.0,33.82031030570401,-85.76646566390991,24000.0,0.8647916666666666,0
401752812,2025,2,regular,2025-09-06 16:00:00+00:00,False,True,False,False,43801.0,3830.0,"Memorial Stadium (Bloomington, IN)",84,Indiana,fbs,Big Ten,56.0,"[14, 7, 21, 14]",0.9847565293312072,1800.0,1869.0,338,Kennesaw State,fbs,Conference USA,9.0,"[0, 6, 3, 0]",0.0152434706687927,1269.0,1200.0,2.707155848014116,Memorial Stadium,52959.0,39.18090913372923,-86.52557373046875,52959.0,0.8270737740516249,0
401752822,2025,2,regular,2025-09-06 16:00:00+00:00,False,True,False,False,61500.0,3772.0,Jack Trice Stadium,66,Iowa State,fbs,Big 12,16.0,"[6, 7, 0, 3]",0.9640465378761292,1619.0,1621.0,2294,Iowa,fbs,Big Ten,13.0,"[0, 10, 3, 0]",0.0359534621238708,1682.0,1680.0,4.137924145830644,Jack Trice Stadium,61500.0,42.01400541108485,-93.6358094215393,61500.0,1.0,0
401752811,2025,2,regular,2025-09-06 16:00:00+00:00,False,True,False,False,103818.0,3632.0,Beaver Stadium,213,Penn State,fbs,Big Ten,34.0,"[7, 3, 10, 14]",0.959557294845581,2073.0,2087.0,2229,Florida International,fbs,Conference USA,0.0,"[0, 0, 0, 0]",0.0404427051544189,1372.0,1358.0,3.3761229236617063,Beaver Stadium,106572.0,40.81215273275043,-77.85620212554932,106572.0,0.9741583155050108,0
401752694,2025,2,regular,2025-09-06 16:45:00+00:00,False,True,False,False,100026.0,3795.0,Kyle Field,245,Texas A&M,fbs,SEC,44.0,"[10, 20, 7, 7]",0.9944328665733336,1700.0,1724.0,328,Utah State,fbs,Mountain West,22.0,"[6, 0, 8, 8]",0.0055671334266662,1418.0,1394.0,2.847128889607089,Kyle Field,102733.0,30.61009757817476,-96.34072922859283,102733.0,0.973650141629272,0
401754620,2025,2,regular,2025-09-06 18:00:00+00:00,False,True,False,False,28239.0,3630.0,Allegacy Federal Credit Union Stadium,154,Wake Forest,fbs,ACC,42.0,"[21, 0, 21, 0]",0.9889627695083618,1394.0,1394.0,2717,Western Carolina,fcs,Southern,10.0,"[0, 3, 0, 7]",0.0110372304916381,735.0,748.0,3.406633906030132,BB&T Field,31500.0,36.09183481061275,-80.25534152984619,31500.0,0.8964761904761904,1
401762462,2025,2,regular,2025-09-06 18:00:00+00:00,False,True,False,False,15655.0,3806.0,Lincoln Financial Field,218,Temple,fbs,American Athletic,55.0,"[21, 10, 14, 10]",0.9970473051071168,1289.0,1289.0,47,Howard,fcs,MEAC,7.0,"[0, 7, 0, 0]",0.0029526948928833,735.0,748.0,2.1065490207743376,Lincoln Financial Field,68532.0,39.900748900488125,-75.16749143600464,68532.0,0.22843343255705365,1
401760366,2025,2,regular,2025-09-06 19:00:00+00:00,False,True,False,False,17639.0,3971.0,University Stadium (NM),167,New Mexico,fbs,Mountain West,32.0,"[7, 7, 3, 15]",0.9902304410934448,1317.0,1317.0,304,Idaho State,fcs,Big Sky,22.0,"[0, 10, 6, 6]",0.0097695589065551,735.0,748.0,9.17245648654974,University Stadium,39224.0,35.06761048267165,-106.6281028358157,39224.0,0.4496991637772792,1
401752692,2025,2,regular,2025-09-06 19:30:00+00:00,False,True,False,False,101915.0,3853.0,Neyland Stadium,2633,Tennessee,fbs,SEC,72.0,"[24, 24, 14, 10]",0.9897788166999816,1808.0,1808.0,2193,East Tennessee State,fcs,Southern,17.0,"[0, 7, 3, 7]",0.0102211833000183,735.0,748.0,2.366633663302097,Neyland Stadium,102455.0,35.95473437262258,-83.92533302307129,102455.0,0.994729393392221,1
401754622,2025,2,regular,2025-09-06 19:30:00+00:00,False,True,False,False,37775.0,721.0,Bobby Dodd Stadium,59,Georgia Tech,fbs,ACC,59.0,"[7, 21, 14, 17]",0.9895111918449402,1556.0,1556.0,2241,Gardner-Webb,fcs,OVC-Big South,12.0,"[6, 0, 0, 6]",0.0104888081550598,735.0,748.0,4.322248368858751,Bobby Dodd Stadium at Historic Grant Field,55000.0,33.772556921319435,-84.39285278320312,55000.0,0.6868181818181818,1
401762794,2025,2,regular,2025-09-06 19:30:00+00:00,False,True,False,False,15740.0,3965.0,UB Stadium,2084,Buffalo,fbs,Mid-American,45.0,"[17, 7, 14, 7]",0.9950892329216005,1402.0,1402.0,2598,Saint Francis,fcs,NEC,6.0,"[0, 0, 0, 6]",0.0049107670783996,735.0,748.0,2.291655555280953,UB Stadium,29013.0,42.99906838239644,-78.7775194644928,29013.0,0.542515424120222,1
401756881,2025,2,regular,2025-09-06 19:30:00+00:00,False,True,False,False,50341.0,3726.0,Folsom Field,38,Colorado,fbs,Big 12,31.0,"[7, 10, 7, 7]",0.9268234372138976,1613.0,1660.0,48,Delaware,fbs,Conference USA,7.0,"[0, 7, 0, 0]",0.0731765627861023,1500.0,1453.0,3.0806966829732896,Folsom Field,50183.0,40.00939837446321,-105.26688694953918,50183.0,1.0,0
401752685,2025,2,regular,2025-09-06 19:30:00+00:00,False,True,False,False,93033.0,3917.0,Sanford Stadium,61,Georgia,fbs,SEC,28.0,"[7, 7, 7, 7]",0.9730114340782166,2072.0,2072.0,2046,Austin Peay,fcs,UAC,6.0,"[0, 3, 3, 0]",0.0269885659217834,735.0,748.0,2.1152278036155816,Sanford Stadium,92746.0,33.949821489498824,-83.37344169616699,92746.0,1.0,1
401752937,2025,2,regular,2025-09-06 19:30:00+00:00,False,True,False,False,28068.0,3893.0,Reser Stadium,204,Oregon State,fbs,Pac-12,27.0,"[6, 9, 6, 6]",0.881254255771637,1371.0,1365.0,278,Fresno State,fbs,Mountain West,36.0,"[7, 13, 0, 16]",0.118745744228363,1516.0,1522.0,10.016643565438494,Reser Stadium,45674.0,44.5594768421455,-123.2814073562622,45674.0,0.6145290537285983,0
401752818,2025,2,regular,2025-09-06 19:30:00+00:00,False,True,False,False,45981.0,6577.0,SHI Stadium,164,Rutgers,fbs,Big Ten,45.0,"[7, 17, 7, 14]",0.990956962108612,1524.0,1593.0,193,Miami (OH),fbs,Mid-American,17.0,"[7, 3, 7, 0]",0.0090430378913879,1491.0,1422.0,3.418786733415338,High Point Solutions Stadium,52454.0,40.51378289308872,-74.46504457087282,52454.0,0.8765966370534183,0
401752686,2025,2,regular,2025-09-06 19:30:00+00:00,False,True,False,True,58346.0,3683.0,Kroger Field,96,Kentucky,fbs,SEC,23.0,"[7, 6, 7, 3]",0.4151056110858917,1507.0,1524.0,145,Ole Miss,fbs,SEC,30.0,"[0, 17, 10, 3]",0.5848943889141083,1939.0,1922.0,5.576328550071941,Commonwealth Stadium,62093.0,38.02262168129363,-84.50520515441895,62093.0,0.9396550335786643,0
401754637,2025,2,regular,2025-09-06 19:30:00+00:00,False,True,False,False,77890.0,3836.0,"Memorial Stadium (Clemson, SC)",228,Clemson,fbs,ACC,27.0,"[0, 3, 17, 7]",1.0,1692.0,1696.0,2653,Troy,fbs,Sun Belt,16.0,"[7, 9, 0, 0]",0.0,1476.0,1472.0,4.694620885378706,Memorial Stadium,81500.0,34.67874665741346,-82.84317970275879,81500.0,0.9557055214723926,0
401762816,2025,2,regular,2025-09-06 19:30:00+00:00,False,True,False,False,3714.0,3985.0,Warren McGuirk Alumni Stadium,113,Massachusetts,fbs,Mid-American,26.0,"[6, 14, 3, 3]",0.9517859816551208,1096.0,1096.0,2803,Bryant,fcs,Coastal Athletic,27.0,"[0, 10, 14, 3]",0.0482140183448791,735.0,748.0,12.276715985149488,Warren McGuirk Alumni Stadium,17000.0,42.377513236004525,-72.53562686052412,17000.0,0.2184705882352941,1
401752824,2025,2,regular,2025-09-06 19:30:00+00:00,False,True,False,False,57266.0,3626.0,Autzen Stadium,2483,Oregon,fbs,Big Ten,69.0,"[20, 21, 28, 0]",0.9958012700080872,1860.0,1992.0,197,Oklahoma State,fbs,Big 12,3.0,"[0, 3, 0, 0]",0.0041987299919128,1334.0,1202.0,2.231688940932892,Autzen Stadium,54000.0,44.058272724266615,-123.0685043334961,54000.0,1.0,0
401762461,2025,2,regular,2025-09-06 19:30:00+00:00,False,True,False,False,20051.0,3980.0,Waldo Stadium,2711,Western Michigan,fbs,Mid-American,30.0,"[0, 17, 7, 3, 3]",0.3836910724639892,1310.0,1312.0,249,North Texas,fbs,American Athletic,33.0,"[0, 7, 10, 10, 6]",0.6163089275360107,1411.0,1409.0,13.082157990893087,Waldo Stadium,30200.0,42.285755487470176,-85.60100421309471,30200.0,0.6639403973509934,0
401752689,2025,2,regular,2025-09-06 19:30:00+00:00,False,True,False,False,57321.0,3838.0,Memorial Stadium,142,Missouri,fbs,SEC,42.0,"[6, 15, 7, 14]",0.9613492488861084,1640.0,1659.0,2305,Kansas,fbs,Big 12,31.0,"[21, 0, 3, 7]",0.0386507511138916,1632.0,1613.0,7.009144755470777,Faurot Field,71168.0,38.93589529672232,-92.33311414718628,71168.0,0.8054322167266187,0
401761603,2025,2,regular,2025-09-06 19:30:00+00:00,False,True,False,False,45778.0,3604.0,Alamodome,2636,UTSA,fbs,American Athletic,36.0,"[0, 14, 14, 8]",0.1666414737701416,1503.0,1499.0,326,Texas State,fbs,Sun Belt,43.0,"[2, 17, 10, 14]",0.8333585262298584,1623.0,1627.0,7.993288344920428,Alamodome,65000.0,29.41693712868156,-98.47890257835388,65000.0,0.704276923076923,0
401756880,2025,2,regular,2025-09-06 19:30:00+00:00,False,True,False,False,35421.0,3854.0,Nippert Stadium,2132,Cincinnati,fbs,Big 12,34.0,"[7, 14, 10, 3]",0.943564772605896,1477.0,1504.0,189,Bowling Green,fbs,Mid-American,20.0,"[0, 3, 7, 10]",0.056435227394104,1461.0,1434.0,2.254922711215148,Nippert Stadium,40000.0,39.13128425273405,-84.51626143741578,40000.0,0.885525,0
401752815,2025,2,regular,2025-09-06 19:30:00+00:00,False,True,False,False,100624.0,3861.0,Ohio Stadium,194,Ohio State,fbs,Big Ten,70.0,"[21, 14, 21, 14]",0.9849264025688172,1978.0,1978.0,2755,Grambling,fcs,SWAC,0.0,"[0, 0, 0, 0]",0.0150735974311828,735.0,748.0,1.8562841171230613,Ohio Stadium,104944.0,40.0016856893694,-83.01972806453705,104944.0,0.958835188290898,1
401761596,2025,2,regular,2025-09-06 19:30:00+00:00,False,True,False,False,34921.0,3792.0,Kidd Brewer Stadium,2026,App State,fbs,Sun Belt,20.0,"[14, 0, 3, 3]",0.7579728364944458,1477.0,1477.0,2815,Lindenwood,fcs,OVC-Big South,13.0,"[0, 6, 0, 7]",0.2420271635055542,735.0,748.0,2.840284969539618,Kidd Brewer Stadium,40168.0,36.21151530169309,-81.68550610542297,24050.0,0.8693736307508464,1
401762458,2025,2,regular,2025-09-06 19:30:00+00:00,False,True,False,True,28325.0,3852.0,Navy-Marine Corps Memorial Stadium,2426,Navy,fbs,American Athletic,38.0,"[14, 10, 7, 7]",0.999152660369873,1543.0,1553.0,5,UAB,fbs,American Athletic,24.0,"[7, 17, 0, 0]",0.0008473396301269,1319.0,1309.0,4.7014933667827785,Navy–Marine Corps Memorial Stadium,34000.0,38.98483263543365,-76.5071153640747,34000.0,0.8330882352941177,0
401756883,2025,2,regular,2025-09-06 20:00:00+00:00,False,True,False,False,26740.0,3876.0,Peden Stadium,195,Ohio,fbs,Mid-American,17.0,"[3, 14, 0, 0]",0.8875462412834167,1619.0,1620.0,277,West Virginia,fbs,Big 12,10.0,"[7, 0, 3, 0]",0.1124537587165832,1470.0,1469.0,4.290102965286809,Peden Stadium,24000.0,39.32130908459409,-82.10343944652357,24000.0,1.0,0
401752820,2025,2,regular,2025-09-06 20:00:00+00:00,False,True,False,False,70368.0,347.0,Camp Randall Stadium,275,Wisconsin,fbs,Big Ten,42.0,"[0, 14, 14, 14]",0.9707022905349731,1573.0,1619.0,2393,Middle Tennessee,fbs,Conference USA,10.0,"[3, 7, 0, 0]",0.0292977094650268,1228.0,1182.0,7.30487217133281,Camp Randall Stadium,80321.0,43.06993802646878,-89.41274642944336,80321.0,0.8760847101007209,0
401760367,2025,2,regular,2025-09-06 20:00:00+00:00,False,True,False,False,25009.0,3984.0,War Memorial Stadium,2751,Wyoming,fbs,Mountain West,31.0,"[7, 10, 7, 7]",0.985328495502472,1386.0,1386.0,2460,Northern Iowa,fcs,MVFC,7.0,"[0, 7, 0, 0]",0.014671504497528,735.0,748.0,7.255029662458553,War Memorial Stadium,29181.0,41.31193599299248,-105.56906461715698,29181.0,0.857030259415373,1
401752684,2025,2,regular,2025-09-06 20:15:00+00:00,False,True,False,False,89909.0,3634.0,Ben Hill Griffin Stadium,57,Florida,fbs,SEC,16.0,"[3, 6, 0, 7]",0.4972257316112518,1678.0,1668.0,58,South Florida,fbs,American Athletic,18.0,"[0, 6, 9, 3]",0.5027742683887482,1554.0,1564.0,6.000807473517696,Ben Hill Griffin Stadium,88548.0,29.649868677972304,-82.34866619110107,88548.0,1.0,0
401761602,2025,2,regular,2025-09-06 21:00:00+00:00,False,True,False,False,32011.0,3815.0,M. M. Roberts Stadium,2572,Southern Miss,fbs,Sun Belt,38.0,"[14, 3, 7, 14]",0.9898084998130798,1089.0,1089.0,2296,Jackson State,fcs,SWAC,20.0,"[3, 7, 0, 10]",0.0101915001869201,735.0,748.0,3.6500557956045454,M. M. Roberts Stadium,36000.0,31.32897842661232,-89.33133065700531,36000.0,0.8891944444444444,1
401760365,2025,2,regular,2025-09-06 21:00:00+00:00,False,True,False,False,20535.0,3816.0,Mackay Stadium,2440,Nevada,fbs,Mountain West,20.0,"[0, 13, 0, 7]",0.3233785331249237,1249.0,1249.0,16,Sacramento State,fcs,Big Sky,17.0,"[7, 10, 0, 0]",0.6766214668750763,735.0,748.0,6.902041952612669,Mackay Stadium,30000.0,39.54692485017159,-119.8175597190857,30000.0,0.6845,1
401762460,2025,2,regular,2025-09-06 22:00:00+00:00,False,True,False,False,21029.0,3715.0,FAU Stadium,2226,Florida Atlantic,fbs,American Athletic,56.0,"[22, 17, 0, 17]",0.977178156375885,1237.0,1237.0,50,Florida A&M,fcs,SWAC,14.0,"[0, 0, 7, 7]",0.0228218436241149,735.0,748.0,2.097398530154686,FAU Stadium,30000.0,26.3754535636523,-80.10168313980103,30000.0,0.7009666666666666,1
401754530,2025,2,regular,2025-09-06 22:00:00+00:00,False,True,False,False,35898.0,3831.0,California Memorial Stadium,25,California,fbs,ACC,35.0,"[3, 8, 14, 10]",0.9355884194374084,1564.0,1564.0,2640,Texas Southern,fcs,SWAC,3.0,"[0, 0, 0, 3]",0.0644115805625915,735.0,748.0,3.713203523942471,California Memorial Stadium,62717.0,37.87068660370429,-122.2507095336914,62717.0,0.5723806942296347,1
401756887,2025,2,regular,2025-09-06 22:00:00+00:00,False,True,False,False,51463.0,587.0,Rice-Eccles Stadium,254,Utah,fbs,Big 12,63.0,"[14, 21, 21, 7]",0.9827632308006288,1638.0,1638.0,13,Cal Poly,fcs,Big Sky,9.0,"[3, 3, 0, 3]",0.0172367691993713,735.0,748.0,2.1367854662551324,Rice-Eccles Stadium,54383.0,40.75994782004573,-111.84882402420044,45017.0,0.9463067502712245,1
401761599,2025,2,regular,2025-09-06 22:00:00+00:00,False,True,False,False,18111.0,3918.0,S.B. Ballard Stadium,295,Old Dominion,fbs,Sun Belt,54.0,"[9, 7, 28, 10]",0.9922709465026855,1470.0,1470.0,2428,North Carolina Central,fcs,MEAC,6.0,"[0, 3, 3, 0]",0.0077290534973144,735.0,748.0,3.171607761996218,Foreman Field,20118.0,36.88878131523489,-76.30567610263824,20118.0,0.9002385923053982,1
401757228,2025,2,regular,2025-09-06 22:00:00+00:00,False,True,False,False,28564.0,3775.0,Joan C. Edwards Stadium,276,Marshall,fbs,Sun Belt,20.0,"[0, 17, 3, 0]",0.0402304306626319,1519.0,1508.0,2623,Missouri State,fbs,Conference USA,21.0,"[0, 7, 7, 7]",0.959769569337368,1335.0,1346.0,7.466062922611336,Joan C. Edwards Stadium,38019.0,38.42486536179161,-82.42185831069946,38019.0,0.7513085562481917,0
401762459,2025,2,regular,2025-09-06 22:00:00+00:00,False,True,False,False,35120.0,3699.0,Dowdy-Ficklen Stadium,151,East Carolina,fbs,American Athletic,56.0,"[14, 21, 14, 7]",0.9879902005195618,1429.0,1429.0,2097,Campbell,fcs,Coastal Athletic,3.0,"[0, 3, 0, 0]",0.0120097994804382,735.0,748.0,2.3894709194043213,Dowdy–Ficklen Stadium,50000.0,35.59642579698931,-77.36522912979126,50000.0,0.7024,1
401754641,2025,2,regular,2025-09-06 23:00:00+00:00,False,True,False,False,60617.0,3948.0,Hard Rock Stadium,2390,Miami,fbs,ACC,45.0,"[14, 14, 7, 10]",0.9784430861473083,1752.0,1752.0,2065,Bethune-Cookman,fcs,SWAC,3.0,"[0, 3, 0, 0]",0.0215569138526916,735.0,748.0,1.7536217433564345,Sun Life Stadium,65326.0,25.957933739028963,-80.23884057998657,65326.0,0.9279153782567431,1
401756882,2025,2,regular,2025-09-06 23:00:00+00:00,False,True,False,False,52723.0,3636.0,Bill Snyder Family Stadium,2306,Kansas State,fbs,Big 12,21.0,"[3, 10, 8, 0]",0.2481024265289306,1666.0,1658.0,349,Army,fbs,American Athletic,24.0,"[0, 7, 7, 10]",0.7518975734710693,1607.0,1615.0,4.812631689492559,Bill Snyder Family Football Stadium,50000.0,39.20186361814248,-96.59379243850708,50000.0,1.0,0
401756884,2025,2,regular,2025-09-06 23:00:00+00:00,False,True,False,False,30116.0,3895.0,Rice Stadium,242,Rice,fbs,American Athletic,9.0,"[0, 3, 0, 6]",0.1036910787224769,1337.0,1271.0,248,Houston,fbs,Big 12,35.0,"[0, 7, 7, 21]",0.896308921277523,1375.0,1441.0,5.868186786577186,Rice Stadium,47000.0,29.71623402909437,-95.40926456451416,47000.0,0.6407659574468085,0
401756886,2025,2,regular,2025-09-06 23:00:00+00:00,False,True,False,False,44009.0,3652.0,FBC Mortgage Stadium,2116,UCF,fbs,Big 12,68.0,"[28, 12, 14, 14]",0.9864861965179444,1550.0,1550.0,2448,North Carolina A&T,fcs,Coastal Athletic,7.0,"[0, 0, 0, 7]",0.0135138034820556,735.0,748.0,2.4314072997372134,Bright House Networks Stadium,45323.0,28.607958859227068,-81.1929988861084,45323.0,0.9710080974339739,1
401757232,2025,2,regular,2025-09-06 23:00:00+00:00,False,True,False,False,24138.0,3739.0,Glass Bowl,2649,Toledo,fbs,Mid-American,45.0,"[21, 10, 14, 0]",0.9942803382873536,1445.0,1505.0,98,Western Kentucky,fbs,Conference USA,21.0,"[7, 0, 0, 14]",0.0057196617126464,1450.0,1390.0,2.539211806272949,Glass Bowl,26248.0,41.65739077895321,-83.61401719150295,26248.0,0.919612922889363,0
401752691,2025,2,regular,2025-09-06 23:00:00+00:00,False,True,False,False,79705.0,3994.0,Williams-Brice Stadium,2579,South Carolina,fbs,SEC,38.0,"[0, 17, 21, 0]",0.6999583840370178,1729.0,1729.0,2569,South Carolina State,fcs,MEAC,10.0,"[3, 0, 0, 7]",0.3000416159629822,735.0,748.0,3.623477344268848,Williams-Brice Stadium,80250.0,33.97259115457693,-81.02021634578705,80250.0,0.993208722741433,1
401762795,2025,2,regular,2025-09-06 23:00:00+00:00,False,True,False,False,15313.0,3912.0,Rynearson Stadium,2199,Eastern Michigan,fbs,Mid-American,23.0,"[3, 7, 0, 13]",0.0106831891462206,1241.0,1241.0,2341,Long Island University,fcs,NEC,28.0,"[7, 7, 0, 14]",0.9893168108537792,735.0,748.0,10.841158200364871,Rynearson Stadium,30200.0,42.2557607087688,-83.64775657653809,30200.0,0.5070529801324504,1
401752816,2025,2,regular,2025-09-06 23:30:00+00:00,False,True,False,False,70510.0,3936.0,Spartan Stadium,127,Michigan State,fbs,Big Ten,42.0,"[7, 7, 10, 3, 7, 8]",0.0518375150859355,1403.0,1405.0,103,Boston College,fbs,ACC,40.0,"[0, 21, 3, 3, 7, 6]",0.9481624849140644,1508.0,1506.0,12.45742436349646,Spartan Stadium,75005.0,42.7281691163326,-84.48487535119057,75005.0,0.9400706619558696,0
401752687,2025,2,regular,2025-09-06 23:30:00+00:00,False,True,False,False,101667.0,3958.0,Tiger Stadium (LA),99,LSU,fbs,SEC,23.0,"[7, 3, 7, 6]",0.9601048827171326,1730.0,1735.0,2348,Louisiana Tech,fbs,Conference USA,7.0,"[0, 0, 0, 7]",0.0398951172828674,1397.0,1392.0,2.689104640399413,Tiger Stadium,102321.0,30.4120123982997,-91.183819770813,102321.0,0.9936083501920427,0
401752695,2025,2,regular,2025-09-06 23:30:00+00:00,False,True,False,False,65632.0,3799.0,Lane Stadium,259,Virginia Tech,fbs,ACC,20.0,"[10, 10, 0, 0]",0.0259151346981525,1575.0,1502.0,238,Vanderbilt,fbs,SEC,44.0,"[0, 10, 13, 21]",0.9740848653018476,1497.0,1570.0,5.012196213185042,Lane Stadium,66233.0,37.2199742830054,-80.41805505752563,66233.0,0.99092597345734,0
401752810,2025,2,regular,2025-09-06 23:30:00+00:00,False,True,False,False,86439.0,3834.0,"Memorial Stadium (Lincoln, NE)",158,Nebraska,fbs,Big Ten,68.0,"[9, 24, 21, 14]",0.993889331817627,1522.0,1699.0,2006,Akron,fbs,Mid-American,0.0,"[0, 0, 0, 0]",0.006110668182373,1235.0,1058.0,2.714066974662188,Memorial Stadium,87091.0,40.82048352329494,-96.70571565628052,87091.0,0.9925135777520065,0
401752690,2025,2,regular,2025-09-06 23:30:00+00:00,False,True,False,False,84107.0,3835.0,"Memorial Stadium (Norman, OK)",201,Oklahoma,fbs,SEC,24.0,"[7, 7, 7, 3]",0.8726335167884827,1650.0,1679.0,130,Michigan,fbs,Big Ten,13.0,"[0, 0, 13, 0]",0.1273664832115173,1771.0,1742.0,3.288925346237761,Gaylord Family Oklahoma Memorial Stadium,82112.0,35.20589959488508,-97.44255065917967,82112.0,1.0,0
401752819,2025,2,regular,2025-09-06 23:30:00+00:00,False,True,False,False,54663.0,3907.0,Ross-Ade Stadium,2509,Purdue,fbs,Big Ten,34.0,"[14, 10, 3, 7]",0.9792229533195496,1287.0,1287.0,79,Southern Illinois,fcs,MVFC,17.0,"[14, 0, 0, 3]",0.0207770466804504,735.0,748.0,3.722895548188221,Ross–Ade Stadium,56400.0,40.434323,-86.918485,56400.0,0.9692021276595745,1
401752688,2025,2,regular,2025-09-06 23:30:00+00:00,False,True,False,False,50808.0,3693.0,Davis Wade Stadium,344,Mississippi State,fbs,SEC,24.0,"[10, 7, 0, 7]",0.8706225156784058,1424.0,1436.0,9,Arizona State,fbs,Big 12,20.0,"[0, 3, 7, 10]",0.1293774843215942,1700.0,1688.0,4.934156253962285,Davis Wade Stadium,61337.0,33.456230599072065,-88.79342436790466,61337.0,0.8283417839150921,0
401752683,2025,2,regular,2025-09-06 23:30:00+00:00,False,True,False,False,88043.0,3785.0,Jordan-Hare Stadium,2,Auburn,fbs,SEC,42.0,"[14, 7, 7, 14]",0.9814049601554872,1609.0,1661.0,2050,Ball State,fbs,Mid-American,3.0,"[0, 0, 3, 0]",0.0185950398445129,1138.0,1086.0,3.1998303337378187,Jordan–Hare Stadium,87451.0,32.602361666817515,-85.48891067504883,87451.0,1.0,0
401761597,2025,2,regular,2025-09-06 23:30:00+00:00,False,True,False,False,22217.0,3654.0,Brooks Stadium (SC),324,Coastal Carolina,fbs,Sun Belt,13.0,"[0, 3, 0, 10]",1.0,1266.0,1266.0,2127,Charleston Southern,fcs,OVC-Big South,0.0,"[0, 0, 0, 0]",0.0,735.0,748.0,4.242174070025722,Brooks Stadium,22217.0,33.792838175224496,-79.01702282805255,9214.0,1.0,1
401752681,2025,2,regular,2025-09-06 23:45:00+00:00,False,True,False,False,100077.0,3657.0,Bryant-Denny Stadium,333,Alabama,fbs,SEC,73.0,"[21, 21, 10, 21]",0.9963486790657043,1755.0,1920.0,2433,UL Monroe,fbs,Sun Belt,0.0,"[0, 0, 0, 0]",0.0036513209342956,1281.0,1116.0,1.7092281180496258,Bryant–Denny Stadium,101821.0,33.2074899449518,-87.5503921508789,101821.0,0.9828719026526944,0
401761600,2025,2,regular,2025-09-07 00:00:00+00:00,False,True,False,False,26071.0,3666.0,Cajun Field,309,Louisiana,fbs,Sun Belt,34.0,"[7, 10, 0, 17]",0.9776145815849304,1465.0,1465.0,2377,McNeese,fcs,Southland,10.0,"[7, 0, 3, 0]",0.0223854184150695,735.0,748.0,4.00838757879188,Cajun Field,36900.0,30.21579609675613,-92.01626413552384,36900.0,0.7065311653116532,1
401757229,2025,2,regular,2025-09-07 01:00:00+00:00,False,True,False,False,10240.0,3601.0,Aggie Memorial Stadium,166,New Mexico State,fbs,Conference USA,21.0,"[3, 0, 7, 11]",0.9349650740623474,1246.0,1244.0,202,Tulsa,fbs,American Athletic,14.0,"[0, 0, 7, 7]",0.0650349259376525,1041.0,1043.0,11.044681784504649,Aggie Memorial Stadium,30343.0,32.27974938226407,-106.74113631248474,30343.0,0.33747487064561843,0
401757231,2025,2,regular,2025-09-07 01:00:00+00:00,False,True,False,False,31122.0,3946.0,Sun Bowl,2638,UTEP,fbs,Conference USA,42.0,"[7, 21, 14, 0]",0.9783709049224854,1227.0,1227.0,2630,UT Martin,fcs,OVC-Big South,17.0,"[0, 7, 3, 7]",0.0216290950775146,735.0,748.0,3.292420370184263,Sun Bowl Stadium,51500.0,31.77334530512776,-106.50789678096773,51500.0,0.6043106796116505,1
401756879,2025,2,regular,2025-09-07 02:00:00+00:00,False,True,False,False,40038.0,3619.0,Arizona Stadium,12,Arizona,fbs,Big 12,48.0,"[24, 10, 14, 0]",0.9933739304542542,1453.0,1453.0,2692,Weber State,fcs,Big Sky,3.0,"[0, 0, 0, 3]",0.0066260695457458,735.0,748.0,2.013261608018814,Arizona Stadium,51811.0,32.228340232071496,-110.94903945922852,51811.0,0.7727702611414564,1
401752948,2025,2,regular,2025-09-07 02:15:00+00:00,False,True,False,False,24330.0,3820.0,Gesa Field,265,Washington State,fbs,Pac-12,36.0,"[7, 12, 10, 7]",0.9851616621017456,1520.0,1555.0,21,San Diego State,fbs,Mountain West,13.0,"[7, 0, 6, 0]",0.0148383378982543,1318.0,1283.0,4.054313451343486,Martin Stadium,32248.0,46.731967978653024,-117.16058578781136,32248.0,0.7544653932026792,0
401754526,2025,2,regular,2025-09-07 02:15:00+00:00,False,True,False,False,64692.0,3801.0,LaVell Edwards Stadium,252,BYU,fbs,Big 12,27.0,"[6, 8, 10, 3]",0.9587950110435486,1644.0,1666.0,24,Stanford,fbs,ACC,3.0,"[0, 0, 0, 3]",0.0412049889564514,1282.0,1260.0,2.1486485074285286,LaVell Edwards Stadium,63725.0,40.25748799746312,-111.65443897247314,63725.0,1.0,0
401752821,2025,2,regular,2025-09-07 03:00:00+00:00,False,True,False,False,65421.0,3765.0,Husky Stadium,264,Washington,fbs,Big Ten,70.0,"[14, 28, 14, 14]",0.9911258220672609,1610.0,1610.0,302,UC Davis,fcs,Big Sky,10.0,"[3, 7, 0, 0]",0.0088741779327392,735.0,748.0,2.1246557869163945,Husky Stadium,70500.0,47.65043054401222,-122.30291984739304,70500.0,0.9279574468085107,1
401754531,2025,3,regular,2025-09-11 23:30:00+00:00,False,True,False,True,29043.0,3630.0,Allegacy Federal Credit Union Stadium,154,Wake Forest,fbs,ACC,24.0,"[14, 10, 0, 0]",0.0,1394.0,1383.0,152,NC State,fbs,ACC,34.0,"[14, 3, 7, 10]",1.0,1510.0,1521.0,5.133342505139144,BB&T Field,31500.0,36.09183481061275,-80.25534152984619,31500.0,0.922,0
401752836,2025,3,regular,2025-09-12 22:30:00+00:00,False,True,False,False,46219.0,3830.0,"Memorial Stadium (Bloomington, IN)",84,Indiana,fbs,Big Ten,73.0,"[21, 24, 21, 7]",0.9889745712280272,1904.0,1904.0,282,Indiana State,fcs,MVFC,0.0,"[0, 0, 0, 0]",0.0110254287719726,735.0,748.0,2.071297029906704,Memorial Stadium,52959.0,39.18090913372923,-86.52557373046875,52959.0,0.8727317358711456,1
401754532,2025,3,regular,2025-09-12 23:00:00+00:00,False,True,False,False,37372.0,1964.0,JMA Wireless Dome,183,Syracuse,fbs,ACC,66.0,"[14, 24, 7, 21]",0.99398934841156,1475.0,1475.0,2142,Colgate,fcs,Patriot,24.0,"[3, 0, 14, 7]",0.0060106515884399,735.0,748.0,2.529816092843343,Carrier Dome,49250.0,43.036132820423234,-76.13651990890503,49250.0,0.7588223350253807,1
401756893,2025,3,regular,2025-09-12 23:30:00+00:00,False,True,False,True,37899.0,4728.0,TDECU Stadium,248,Houston,fbs,Big 12,36.0,"[10, 6, 10, 10]",1.0,1441.0,1497.0,38,Colorado,fbs,Big 12,20.0,"[0, 14, 0, 6]",0.0,1660.0,1604.0,3.8156903990071354,TDECU Stadium,40000.0,29.721767963293527,-95.34909841095214,40000.0,0.947475,0
401756888,2025,3,regular,2025-09-13 01:00:00+00:00,False,True,False,False,40051.0,3619.0,Arizona Stadium,12,Arizona,fbs,Big 12,23.0,"[7, 10, 3, 3]",0.8945243954658508,1451.0,1469.0,2306,Kansas State,fbs,Big 12,17.0,"[3, 0, 14, 0]",0.1054756045341491,1658.0,1640.0,4.652025807713283,Arizona Stadium,51811.0,32.228340232071496,-110.94903945922852,51811.0,0.7730211731099573,0
401752837,2025,3,regular,2025-09-13 02:00:00+00:00,False,True,False,False,31163.0,1056.0,Rose Bowl,26,UCLA,fbs,Big Ten,10.0,"[0, 7, 3, 0]",0.0,1407.0,1331.0,167,New Mexico,fbs,Mountain West,35.0,"[7, 7, 0, 21]",1.0,1332.0,1408.0,3.584693048370142,Rose Bowl,92542.0,34.16156958726264,-118.1676149368286,92542.0,0.33674439713859655,0
401752838,2025,3,regular,2025-09-13 16:00:00+00:00,False,True,False,False,36780.0,3665.0,SECU Stadium,120,Maryland,fbs,Big Ten,44.0,"[17, 17, 7, 3]",0.9941574335098268,1528.0,1528.0,119,Towson,fcs,Coastal Athletic,17.0,"[0, 0, 7, 10]",0.0058425664901733,735.0,748.0,1.9388600742460969,Byrd Stadium,51802.0,38.99120275144426,-76.94731173248788,51802.0,0.7100111964789004,1
401754623,2025,3,regular,2025-09-13 16:00:00+00:00,False,True,False,True,48059.0,721.0,Bobby Dodd Stadium,59,Georgia Tech,fbs,ACC,24.0,"[3, 10, 0, 11]",0.70292729139328,1557.0,1560.0,228,Clemson,fbs,ACC,21.0,"[0, 7, 7, 7]",0.2970727086067199,1696.0,1693.0,5.074361404081918,Bobby Dodd Stadium at Historic Grant Field,55000.0,33.772556921319435,-84.39285278320312,55000.0,0.8738,0
401752839,2025,3,regular,2025-09-13 16:00:00+00:00,False,True,False,False,110740.0,3558.0,Michigan Stadium,130,Michigan,fbs,Big Ten,63.0,"[14, 21, 14, 14]",0.9919071197509766,1742.0,1852.0,2117,Central Michigan,fbs,Mid-American,3.0,"[0, 3, 0, 0]",0.0080928802490234,1204.0,1094.0,2.0936837087583444,Michigan Stadium,107601.0,42.26586873251738,-83.7487256526947,107601.0,1.0,0
401756891,2025,3,regular,2025-09-13 16:00:00+00:00,False,True,False,False,41215.0,4727.0,McLane Stadium,239,Baylor,fbs,Big 12,42.0,"[14, 21, 0, 7]",0.8392053842544556,1579.0,1579.0,2535,Samford,fcs,Southern,7.0,"[7, 0, 0, 0]",0.1607946157455444,735.0,748.0,2.898550045459711,McLane Stadium,45140.0,31.55866263551169,-97.11560010910034,45140.0,0.9130482941958352,1
401752703,2025,3,regular,2025-09-13 16:00:00+00:00,False,True,False,False,24927.0,3806.0,Lincoln Financial Field,218,Temple,fbs,American Athletic,3.0,"[0, 3, 0, 0]",0.0323617905378341,1284.0,1221.0,201,Oklahoma,fbs,SEC,42.0,"[11, 17, 14, 0]",0.9676382094621658,1679.0,1742.0,2.8145400659947084,Lincoln Financial Field,68532.0,39.900748900488125,-75.16749143600464,68532.0,0.3637278935387848,0
401752828,2025,3,regular,2025-09-13 16:00:00+00:00,False,True,False,False,86292.0,3834.0,"Memorial Stadium (Lincoln, NE)",158,Nebraska,fbs,Big Ten,59.0,"[17, 21, 14, 7]",0.9886107444763184,1712.0,1712.0,2277,Houston Christian,fcs,Southland,7.0,"[0, 0, 7, 0]",0.0113892555236816,735.0,748.0,2.439646774748465,Memorial Stadium,87091.0,40.82048352329494,-96.70571565628052,87091.0,0.9908256880733946,1
401762817,2025,3,regular,2025-09-13 16:00:00+00:00,False,True,False,True,11833.0,3696.0,Dix Stadium,2309,Kent State,fbs,Mid-American,28.0,"[7, 7, 7, 7]",0.2833284735679626,938.0,959.0,2084,Buffalo,fbs,Mid-American,31.0,"[0, 10, 14, 7]",0.7166715264320374,1407.0,1386.0,6.469148484749553,Dix Stadium,25000.0,41.13908682549516,-81.31343945860863,25000.0,0.47332,0
401761608,2025,3,regular,2025-09-13 16:00:00+00:00,False,True,False,False,23384.0,3975.0,Veterans Memorial Stadium (AL),2653,Troy,fbs,Sun Belt,7.0,"[0, 7, 0, 0]",0.0,1472.0,1435.0,235,Memphis,fbs,American Athletic,28.0,"[7, 14, 0, 7]",1.0,1621.0,1658.0,4.585106428375084,Veterans Memorial Stadium,30000.0,31.799527415252125,-85.95217691586194,30000.0,0.7794666666666666,0
401752696,2025,3,regular,2025-09-13 16:00:00+00:00,False,True,False,False,100077.0,3657.0,Bryant-Denny Stadium,333,Alabama,fbs,SEC,38.0,"[7, 14, 14, 3]",0.8941497206687927,1920.0,1948.0,275,Wisconsin,fbs,Big Ten,14.0,"[0, 0, 7, 7]",0.1058502793312072,1619.0,1591.0,2.1300362761686698,Bryant–Denny Stadium,101821.0,33.2074899449518,-87.5503921508789,101821.0,0.9828719026526944,0
401754619,2025,3,regular,2025-09-13 16:00:00+00:00,False,True,False,False,38512.0,3923.0,Scott Stadium,258,Virginia,fbs,ACC,55.0,"[14, 28, 10, 3]",0.9928979873657228,1514.0,1514.0,2729,William & Mary,fcs,Coastal Athletic,16.0,"[0, 7, 7, 2]",0.0071020126342773,735.0,748.0,2.634922305513789,Scott Stadium,61500.0,38.03112372855688,-78.51370811462402,61500.0,0.6262113821138211,1
401752697,2025,3,regular,2025-09-13 16:45:00+00:00,False,True,False,False,88043.0,3785.0,Jordan-Hare Stadium,2,Auburn,fbs,SEC,31.0,"[7, 21, 3, 0]",0.9974876046180724,1661.0,1686.0,6,South Alabama,fbs,Sun Belt,15.0,"[3, 6, 6, 0]",0.0025123953819274,1557.0,1532.0,2.4154160553241155,Jordan–Hare Stadium,87451.0,32.602361666817515,-85.48891067504883,87451.0,1.0,0
401752702,2025,3,regular,2025-09-13 17:00:00+00:00,False,True,False,False,57321.0,3838.0,Memorial Stadium,142,Missouri,fbs,SEC,52.0,"[14, 24, 7, 7]",0.9936493635177612,1659.0,1755.0,309,Louisiana,fbs,Sun Belt,10.0,"[0, 10, 0, 0]",0.0063506364822387,1463.0,1367.0,1.633721829510829,Faurot Field,71168.0,38.93589529672232,-92.33311414718628,71168.0,0.8054322167266187,0
401762818,2025,3,regular,2025-09-13 18:00:00+00:00,False,True,False,False,10512.0,3919.0,Scheumann Stadium,2050,Ball State,fbs,Mid-American,34.0,"[14, 14, 6, 0]",0.6108605861663818,1070.0,1070.0,160,New Hampshire,fcs,Coastal Athletic,29.0,"[14, 7, 3, 5]",0.3891394138336181,735.0,748.0,5.4201324303022815,Scheumann Stadium,22500.0,40.21602764466651,-85.41769962206614,22500.0,0.4672,1
401757168,2025,3,regular,2025-09-13 19:00:00+00:00,False,True,False,False,17862.0,3695.0,Delaware Stadium,48,Delaware,fbs,Conference USA,44.0,"[14, 14, 7, 3, 6]",0.25627401471138,1453.0,1454.0,41,UConn,fbs,FBS Independents,41.0,"[10, 14, 7, 7, 3]",0.74372598528862,1446.0,1445.0,7.432477630514397,Delaware Stadium,22000.0,39.6617040181287,-75.7488301174382,22000.0,0.8119090909090909,0
401752938,2025,3,regular,2025-09-13 19:30:00+00:00,False,True,False,False,60229.0,3784.0,Jones AT&T Stadium,2641,Texas Tech,fbs,Big 12,45.0,"[14, 14, 10, 7]",0.9839296936988832,1639.0,1690.0,204,Oregon State,fbs,Pac-12,14.0,"[0, 0, 0, 14]",0.0160703063011169,1365.0,1314.0,2.7183524777019303,Jones AT&T Stadium,60862.0,33.59102829801104,-101.87293767929076,60862.0,0.9895994216424041,0
401752835,2025,3,regular,2025-09-13 19:30:00+00:00,False,True,False,False,109516.0,3632.0,Beaver Stadium,213,Penn State,fbs,Big Ten,52.0,"[7, 14, 10, 21]",1.0,2152.0,2152.0,222,Villanova,fcs,Coastal Athletic,6.0,"[0, 0, 0, 6]",0.0,735.0,748.0,1.5691614982419644,Beaver Stadium,106572.0,40.81215273275043,-77.85620212554932,106572.0,1.0,1
401752832,2025,3,regular,2025-09-13 19:30:00+00:00,False,True,False,True,58065.0,3907.0,Ross-Ade Stadium,2509,Purdue,fbs,Big Ten,17.0,"[0, 3, 7, 7]",0.0364251509308815,1293.0,1310.0,30,USC,fbs,Big Ten,33.0,"[3, 14, 13, 3]",0.9635748490691184,1895.0,1878.0,4.127607975845876,Ross–Ade Stadium,56400.0,40.434323,-86.918485,56400.0,1.0,0
401752949,2025,3,regular,2025-09-13 19:30:00+00:00,False,True,False,False,26837.0,3825.0,DATCU Stadium,249,North Texas,fbs,American Athletic,59.0,"[14, 28, 10, 7]",0.992473304271698,1409.0,1585.0,265,Washington State,fbs,Pac-12,10.0,"[3, 0, 0, 7]",0.007526695728302,1555.0,1379.0,2.337911501476914,Apogee Stadium,30850.0,33.20393508408917,-97.15922355651855,30850.0,0.8699189627228525,0
401754638,2025,3,regular,2025-09-13 19:30:00+00:00,False,True,False,False,62108.0,3842.0,Milan Puskar Stadium,277,West Virginia,fbs,Big 12,31.0,"[0, 7, 7, 10, 7]",0.1767073571681976,1469.0,1481.0,221,Pittsburgh,fbs,ACC,24.0,"[0, 3, 11, 10, 0]",0.8232926428318024,1518.0,1506.0,6.6083691049315805,Mountaineer Field at Milan Puskar Stadium,60000.0,39.65221992482815,-79.9551753012939,60000.0,1.0,0
401752834,2025,3,regular,2025-09-13 19:30:00+00:00,False,True,False,False,71301.0,3936.0,Spartan Stadium,127,Michigan State,fbs,Big Ten,41.0,"[7, 10, 14, 10]",0.9076184034347534,1406.0,1406.0,2754,Youngstown State,fcs,MVFC,24.0,"[3, 7, 7, 7]",0.0923815965652465,735.0,748.0,3.481551560526096,Spartan Stadium,75005.0,42.7281691163326,-84.48487535119057,75005.0,0.9506166255582961,1
401752833,2025,3,regular,2025-09-13 19:30:00+00:00,False,True,False,False,41011.0,6577.0,SHI Stadium,164,Rutgers,fbs,Big Ten,60.0,"[13, 13, 20, 14]",0.9916054010391236,1594.0,1594.0,2450,Norfolk State,fcs,MEAC,10.0,"[0, 3, 7, 0]",0.0083945989608764,735.0,748.0,2.6001700876586886,High Point Solutions Stadium,52454.0,40.51378289308872,-74.46504457087282,52454.0,0.7818469516147482,1
401762819,2025,3,regular,2025-09-13 19:30:00+00:00,False,True,False,False,22846.0,3739.0,Glass Bowl,2649,Toledo,fbs,Mid-American,60.0,"[3, 43, 7, 7]",0.9923451542854308,1501.0,1501.0,2415,Morgan State,fcs,MEAC,0.0,"[0, 0, 0, 0]",0.007654845714569,735.0,748.0,2.4077897300641373,Glass Bowl,26248.0,41.65739077895321,-83.61401719150295,26248.0,0.8703901249619018,1
401752705,2025,3,regular,2025-09-13 19:30:00+00:00,False,True,False,True,101915.0,3853.0,Neyland Stadium,2633,Tennessee,fbs,SEC,41.0,"[21, 0, 7, 10, 3]",0.8366788625717163,1799.0,1809.0,61,Georgia,fbs,SEC,44.0,"[7, 10, 10, 11, 6]",0.1633211374282837,2053.0,2043.0,8.927697065894355,Neyland Stadium,102455.0,35.95473437262258,-83.92533302307129,102455.0,0.994729393392221,0
401762467,2025,3,regular,2025-09-13 19:30:00+00:00,False,True,False,False,20421.0,3604.0,Alamodome,2636,UTSA,fbs,American Athletic,48.0,"[10, 14, 14, 10]",0.9960624575614928,1489.0,1489.0,2916,Incarnate Word,fcs,Southland,20.0,"[0, 0, 14, 6]",0.003937542438507,735.0,748.0,2.14359432660084,Alamodome,65000.0,29.41693712868156,-98.47890257835388,65000.0,0.31416923076923076,1
401756892,2025,3,regular,2025-09-13 19:30:00+00:00,False,True,False,False,30014.0,3854.0,Nippert Stadium,2132,Cincinnati,fbs,Big 12,70.0,"[35, 21, 7, 7]",0.978312373161316,1498.0,1498.0,2466,Northwestern State,fcs,Southland,0.0,"[0, 0, 0, 0]",0.021687626838684,735.0,748.0,1.9902269210722308,Nippert Stadium,40000.0,39.13128425273405,-84.51626143741578,40000.0,0.75035,1
401754615,2025,3,regular,2025-09-13 19:30:00+00:00,False,True,False,False,15027.0,3878.0,Plaster Sports Complex,2623,Missouri State,fbs,Conference USA,10.0,"[10, 0, 0, 0]",0.0060413377359509,1346.0,1338.0,2567,SMU,fbs,ACC,28.0,"[0, 14, 7, 7]",0.993958662264049,1703.0,1711.0,4.819093231576694,Plaster Sports Complex,17500.0,37.1976295206598,-93.27998757362366,17500.0,0.8586857142857143,0
401754639,2025,3,regular,2025-09-13 19:30:00+00:00,False,True,False,False,50500.0,3787.0,Kenan Stadium,153,North Carolina,fbs,ACC,41.0,"[10, 10, 7, 14]",0.9921181201934814,1439.0,1439.0,257,Richmond,fcs,Patriot,6.0,"[0, 3, 0, 3]",0.0078818798065185,735.0,748.0,1.969859511624668,Kenan Memorial Stadium,62980.0,35.90698834747853,-79.04791831970215,62980.0,0.8018418545570022,1
401756890,2025,3,regular,2025-09-13 20:00:00+00:00,False,True,False,False,22348.0,3625.0,Centennial Bank Stadium,2032,Arkansas State,fbs,Sun Belt,16.0,"[0, 10, 3, 3]",0.1001568138599395,1244.0,1257.0,66,Iowa State,fbs,Big 12,24.0,"[9, 8, 0, 7]",0.8998431861400604,1621.0,1608.0,6.731182769771558,Centennial Bank Stadium,30964.0,35.84899009532366,-90.66769494362912,30964.0,0.7217413770830642,0
401752706,2025,3,regular,2025-09-13 20:15:00+00:00,False,True,False,False,102025.0,3910.0,DKR-Texas Memorial Stadium,251,Texas,fbs,SEC,27.0,"[7, 7, 6, 7]",1.0,1896.0,1878.0,2638,UTEP,fbs,Conference USA,10.0,"[0, 3, 0, 7]",0.0,1230.0,1248.0,3.451018066784492,Darrell K Royal–Texas Memorial Stadium,100119.0,30.28360340206824,-97.73233652114868,100119.0,1.0,0
401754535,2025,3,regular,2025-09-13 20:30:00+00:00,False,True,False,False,66591.0,3948.0,Hard Rock Stadium,2390,Miami,fbs,ACC,49.0,"[14, 14, 7, 14]",0.9881351590156556,1743.0,1825.0,58,South Florida,fbs,American Athletic,12.0,"[3, 3, 0, 6]",0.0118648409843444,1564.0,1482.0,2.955756798120136,Sun Life Stadium,65326.0,25.957933739028963,-80.23884057998657,65326.0,1.0,0
401757256,2025,3,regular,2025-09-13 21:00:00+00:00,False,True,False,False,23159.0,3700.0,Doyt L. Perry Stadium,189,Bowling Green,fbs,Mid-American,23.0,"[3, 7, 3, 10]",0.9232409596443176,1434.0,1456.0,2335,Liberty,fbs,Conference USA,13.0,"[0, 0, 7, 6]",0.0767590403556823,1494.0,1472.0,3.9960137813612553,Doyt Perry Stadium,23724.0,41.37805439803228,-83.62248212099075,23724.0,0.9761844545607823,0
401757258,2025,3,regular,2025-09-13 21:00:00+00:00,False,True,False,False,16808.0,3816.0,Mackay Stadium,2440,Nevada,fbs,Mountain West,13.0,"[0, 13, 0, 0]",0.7403632402420044,1284.0,1278.0,2393,Middle Tennessee,fbs,Conference USA,14.0,"[0, 0, 0, 14]",0.2596367597579956,1182.0,1188.0,4.244323209980611,Mackay Stadium,30000.0,39.54692485017159,-119.8175597190857,30000.0,0.5602666666666667,0
401757233,2025,3,regular,2025-09-13 22:00:00+00:00,False,True,False,False,17638.0,2031.0,Pitbull Stadium,2229,Florida International,fbs,Conference USA,38.0,"[7, 10, 21, 0]",1.0,1358.0,1367.0,2226,Florida Atlantic,fbs,American Athletic,28.0,"[7, 14, 0, 7]",0.0,1240.0,1231.0,5.386463241803591,FIU Stadium,23500.0,25.75249278747405,-80.37786483764648,23500.0,0.7505531914893617,0
401757235,2025,3,regular,2025-09-13 22:00:00+00:00,False,True,False,False,11040.0,4899.0,Fifth Third Stadium,338,Kennesaw State,fbs,Conference USA,27.0,"[0, 7, 17, 3]",0.8851298093795776,1175.0,1175.0,2771,Merrimack,fcs,FCS Independents,13.0,"[0, 0, 0, 13]",0.1148701906204223,735.0,748.0,3.858363899375836,Fifth Third Bank Stadium,11040.0,34.0234337,-84.6154897,8318.0,1.0,1
401761606,2025,3,regular,2025-09-13 22:00:00+00:00,False,True,False,False,23925.0,3775.0,Joan C. Edwards Stadium,276,Marshall,fbs,Sun Belt,38.0,"[17, 14, 7, 0]",0.9945290088653564,1492.0,1492.0,2198,Eastern Kentucky,fcs,UAC,7.0,"[0, 0, 7, 0]",0.0054709911346435,735.0,748.0,2.546843613107965,Joan C. Edwards Stadium,38019.0,38.42486536179161,-82.42185831069946,38019.0,0.6292906178489702,1
401762464,2025,3,regular,2025-09-13 22:00:00+00:00,False,True,False,False,15681.0,4418.0,Jerry Richardson Stadium,2429,Charlotte,fbs,American Athletic,42.0,"[0, 7, 21, 14]",0.9812779426574708,1170.0,1170.0,2405,Monmouth,fcs,Coastal Athletic,35.0,"[7, 7, 7, 14]",0.0187220573425292,735.0,748.0,7.631365971094696,Jerry Richardson Stadium,15314.0,35.31028067616406,-80.74049377106525,15314.0,1.0,1
401752701,2025,3,regular,2025-09-13 22:00:00+00:00,False,True,False,False,49158.0,3693.0,Davis Wade Stadium,344,Mississippi State,fbs,SEC,63.0,"[28, 14, 7, 14]",0.9959214925765992,1454.0,1454.0,2016,Alcorn State,fcs,SWAC,0.0,"[0, 0, 0, 0]",0.0040785074234008,735.0,748.0,1.7864428042072722,Davis Wade Stadium,61337.0,33.456230599072065,-88.79342436790466,61337.0,0.8014412181880431,1
401752700,2025,3,regular,2025-09-13 23:00:00+00:00,False,True,False,True,65068.0,3974.0,Vaught-Hemingway Stadium,145,Ole Miss,fbs,SEC,41.0,"[7, 24, 7, 3]",0.4054233729839325,1922.0,1918.0,8,Arkansas,fbs,SEC,35.0,"[7, 21, 0, 7]",0.5945766270160675,1674.0,1678.0,6.476053958073642,Vaught–Hemingway Stadium,60580.0,34.362154302992906,-89.53414626020904,60580.0,1.0,0
401754536,2025,3,regular,2025-09-13 23:00:00+00:00,False,True,False,False,57627.0,3799.0,Lane Stadium,259,Virginia Tech,fbs,ACC,26.0,"[0, 0, 7, 19]",0.0545707456767559,1502.0,1452.0,295,Old Dominion,fbs,Sun Belt,45.0,"[7, 21, 10, 7]",0.945429254323244,1480.0,1530.0,3.4013443232710543,Lane Stadium,66233.0,37.2199742830054,-80.41805505752563,66233.0,0.8700647713375508,0
401752827,2025,3,regular,2025-09-13 23:00:00+00:00,False,True,False,False,105765.0,3861.0,Ohio Stadium,194,Ohio State,fbs,Big Ten,37.0,"[3, 10, 10, 14]",0.9895108938217164,1977.0,2010.0,195,Ohio,fbs,Mid-American,9.0,"[0, 3, 6, 0]",0.0104891061782836,1620.0,1587.0,2.62004769012916,Ohio Stadium,104944.0,40.0016856893694,-83.01972806453705,104944.0,1.0,0
401762466,2025,3,regular,2025-09-13 23:00:00+00:00,False,True,False,False,22260.0,3895.0,Rice Stadium,242,Rice,fbs,American Athletic,38.0,"[7, 17, 7, 7]",0.9957946538925172,1262.0,1262.0,2504,Prairie View A&M,fcs,SWAC,17.0,"[7, 0, 3, 7]",0.0042053461074829,735.0,748.0,3.318519201815514,Rice Stadium,47000.0,29.71623402909437,-95.40926456451416,47000.0,0.4736170212765957,1
401761607,2025,3,regular,2025-09-13 23:00:00+00:00,False,True,False,True,24534.0,3815.0,M. M. Roberts Stadium,2572,Southern Miss,fbs,Sun Belt,38.0,"[7, 10, 7, 14]",0.9881961345672609,1107.0,1178.0,2026,App State,fbs,Sun Belt,22.0,"[7, 0, 7, 8]",0.0118038654327392,1461.0,1390.0,4.30131453710597,M. M. Roberts Stadium,36000.0,31.32897842661232,-89.33133065700531,36000.0,0.6815,0
401757234,2025,3,regular,2025-09-13 23:00:00+00:00,False,True,False,False,24585.0,3608.0,Allen E. Paulson Stadium,290,Georgia Southern,fbs,Sun Belt,41.0,"[17, 14, 0, 10]",0.9934029579162598,1328.0,1357.0,55,Jacksonville State,fbs,Conference USA,34.0,"[14, 10, 10, 0]",0.0065970420837402,1642.0,1613.0,6.064462253017327,Paulson Stadium,24300.0,32.41221167634779,-81.78317070007324,24300.0,1.0,0
401752829,2025,3,regular,2025-09-13 23:00:00+00:00,False,True,False,False,60670.0,3832.0,"Memorial Stadium (Champaign, IL)",356,Illinois,fbs,Big Ten,38.0,"[3, 7, 14, 14]",0.9919793605804444,1642.0,1708.0,2711,Western Michigan,fbs,Mid-American,0.0,"[0, 0, 0, 0]",0.0080206394195556,1312.0,1246.0,2.477241590312125,Memorial Stadium,60670.0,40.09930573133053,-88.23598623275757,60670.0,1.0,0
401752698,2025,3,regular,2025-09-13 23:30:00+00:00,False,True,False,False,58489.0,3683.0,Kroger Field,96,Kentucky,fbs,SEC,48.0,"[14, 14, 10, 10]",0.9919674396514891,1524.0,1557.0,2199,Eastern Michigan,fbs,Mid-American,23.0,"[3, 13, 0, 7]",0.0080325603485107,1253.0,1220.0,3.1385967464938243,Commonwealth Stadium,62093.0,38.02262168129363,-84.50520515441895,62093.0,0.9419580306958917,0
401752707,2025,3,regular,2025-09-13 23:30:00+00:00,False,True,False,False,77622.0,3855.0,Notre Dame Stadium,87,Notre Dame,fbs,FBS Independents,40.0,"[14, 10, 7, 9]",0.1494044363498687,2166.0,2141.0,245,Texas A&M,fbs,SEC,41.0,"[7, 21, 3, 10]",0.8505955636501312,1724.0,1749.0,8.103345635698446,Notre Dame Stadium,80795.0,41.69842312158612,-86.23382449150085,80795.0,0.9607277678074139,0
401752699,2025,3,regular,2025-09-13 23:30:00+00:00,False,True,False,True,102158.0,3958.0,Tiger Stadium (LA),99,LSU,fbs,SEC,20.0,"[0, 13, 7, 0]",0.960201859474182,1735.0,1747.0,57,Florida,fbs,SEC,10.0,"[3, 7, 0, 0]",0.0397981405258178,1668.0,1656.0,4.803348735160815,Tiger Stadium,102321.0,30.4120123982997,-91.183819770813,102321.0,0.9984069741304327,0
401761604,2025,3,regular,2025-09-13 23:30:00+00:00,False,True,False,False,21634.0,3654.0,Brooks Stadium (SC),324,Coastal Carolina,fbs,Sun Belt,0.0,"[0, 0, 0, 0]",0.0,1262.0,1172.0,151,East Carolina,fbs,American Athletic,38.0,"[10, 0, 7, 21]",1.0,1429.0,1519.0,3.8528115010189774,Brooks Stadium,22217.0,33.792838175224496,-79.01702282805255,9214.0,0.9737588333258316,0
401752830,2025,3,regular,2025-09-13 23:30:00+00:00,False,True,False,False,69250.0,3793.0,Kinnick Stadium,2294,Iowa,fbs,Big Ten,47.0,"[20, 10, 10, 7]",0.9895370602607728,1680.0,1723.0,113,Massachusetts,fbs,Mid-American,7.0,"[0, 7, 0, 0]",0.0104629397392272,1101.0,1058.0,1.7656731380714883,Kinnick Stadium,70585.0,41.65838893680983,-91.55147552490234,70585.0,0.9810866331373521,0
401752704,2025,3,regular,2025-09-13 23:45:00+00:00,False,True,False,True,79873.0,3994.0,Williams-Brice Stadium,2579,South Carolina,fbs,SEC,7.0,"[7, 0, 0, 0]",0.0153611125424504,1729.0,1645.0,238,Vanderbilt,fbs,SEC,31.0,"[7, 7, 7, 10]",0.9846388874575496,1570.0,1654.0,4.458445004730975,Williams-Brice Stadium,80250.0,33.97259115457693,-81.02021634578705,80250.0,0.9953021806853583,0
401756895,2025,3,regular,2025-09-14 00:00:00+00:00,False,True,False,False,23500.0,3984.0,War Memorial Stadium,2751,Wyoming,fbs,Mountain West,6.0,"[0, 0, 0, 6]",0.0,1377.0,1339.0,254,Utah,fbs,Big 12,31.0,"[3, 0, 14, 14]",1.0,1630.0,1668.0,3.667049375712903,War Memorial Stadium,29181.0,41.31193599299248,-105.56906461715698,29181.0,0.8053185291799458,0
401756894,2025,3,regular,2025-09-14 00:00:00+00:00,False,True,False,False,48094.0,3616.0,Amon G. Carter Stadium,2628,TCU,fbs,Big 12,42.0,"[14, 14, 7, 7]",0.6292220950126648,1726.0,1726.0,2000,Abilene Christian,fcs,UAC,21.0,"[0, 0, 9, 12]",0.3707779049873352,735.0,748.0,2.1478550419011557,Amon G. Carter Stadium,45000.0,32.70991596942349,-97.36799597740172,45000.0,1.0,1
401762465,2025,3,regular,2025-09-14 00:00:00+00:00,False,True,False,True,20103.0,3674.0,Chapman Stadium,202,Tulsa,fbs,American Athletic,23.0,"[14, 3, 0, 6]",0.0550366230309009,1043.0,1046.0,2426,Navy,fbs,American Athletic,42.0,"[7, 14, 14, 7]",0.944963376969099,1553.0,1550.0,4.787999254795146,Skelly Field at H. A. Chapman Stadium,35542.0,36.14886067519205,-95.943603515625,35542.0,0.5656125147712565,0
401754534,2025,3,regular,2025-09-14 00:00:00+00:00,False,True,False,False,30000.0,4729.0,Yulman Stadium,2655,Tulane,fbs,American Athletic,34.0,"[14, 10, 7, 3]",1.0,1642.0,1642.0,150,Duke,fbs,ACC,27.0,"[0, 9, 7, 11]",0.0,1462.0,1462.0,3.00333564937811,Benson Field at Yulman Stadium,30000.0,29.945898112528432,-90.11519112306328,30000.0,1.0,0
401760368,2025,3,regular,2025-09-14 01:45:00+00:00,False,True,False,True,17124.0,3905.0,Maverik Stadium,328,Utah State,fbs,Mountain West,49.0,"[7, 7, 21, 14]",0.9948674440383912,1394.0,1442.0,2005,Air Force,fbs,Mountain West,30.0,"[0, 10, 6, 14]",0.0051325559616088,1438.0,1390.0,4.81997204774554,Romney Stadium,25513.0,41.75153188612883,-111.81210567885644,25513.0,0.6711872378787285,0
401760369,2025,3,regular,2025-09-14 02:00:00+00:00,False,True,False,False,37210.0,3660.0,Valley Children's Stadium,278,Fresno State,fbs,Mountain West,56.0,"[14, 21, 7, 14]",0.9841591715812684,1458.0,1458.0,2582,Southern,fcs,SWAC,7.0,"[0, 7, 0, 0]",0.0158408284187316,735.0,748.0,2.732864512379201,Bulldog Stadium,41031.0,36.81431969524593,-119.75810156690552,41031.0,0.9068752894153201,1
401752840,2025,3,regular,2025-09-14 02:30:00+00:00,False,True,False,False,38556.0,3831.0,California Memorial Stadium,25,California,fbs,ACC,27.0,"[7, 3, 7, 10]",0.8893956542015076,1554.0,1586.0,135,Minnesota,fbs,Big Ten,14.0,"[0, 7, 7, 0]",0.1106043457984924,1625.0,1593.0,5.165404689795862,California Memorial Stadium,62717.0,37.87068660370429,-122.2507095336914,62717.0,0.6147615479056715,0
401756889,2025,3,regular,2025-09-14 02:30:00+00:00,False,True,False,False,54005.0,3947.0,Mountain America Stadium,9,Arizona State,fbs,Big 12,34.0,"[3, 17, 14, 0]",0.8866621851921082,1688.0,1725.0,326,Texas State,fbs,Sun Belt,15.0,"[3, 0, 6, 6]",0.1133378148078918,1627.0,1590.0,3.280185399518363,Sun Devil Stadium Frank Kush Field,71706.0,33.426364,-111.932616,71706.0,0.7531447856525256,0
401754533,2025,3,regular,2025-09-14 02:30:00+00:00,False,True,False,True,22162.0,3940.0,Stanford Stadium,24,Stanford,fbs,ACC,30.0,"[6, 14, 7, 3]",0.9348934888839722,1260.0,1296.0,103,Boston College,fbs,ACC,20.0,"[0, 20, 0, 0]",0.0651065111160278,1506.0,1470.0,4.314606342621533,Stanford Stadium,50000.0,37.43472641329173,-122.1610164642334,50000.0,0.44324,0
401762468,2025,4,regular,2025-09-18 23:30:00+00:00,False,True,False,True,13397.0,4418.0,Jerry Richardson Stadium,2429,Charlotte,fbs,American Athletic,17.0,"[3, 6, 0, 8]",0.1346907317638397,1200.0,1183.0,242,Rice,fbs,American Athletic,28.0,"[7, 7, 7, 7]",0.8653092682361603,1271.0,1288.0,4.3486835794294665,Jerry Richardson Stadium,15314.0,35.31028067616406,-80.74049377106525,15314.0,0.8748204257542118,0
401756900,2025,4,regular,2025-09-19 23:30:00+00:00,False,True,False,False,48842.0,3646.0,Boone Pickens Stadium,197,Oklahoma State,fbs,Big 12,12.0,"[3, 0, 0, 9]",0.1637347191572189,1202.0,1176.0,202,Tulsa,fbs,American Athletic,19.0,"[10, 6, 3, 0]",0.8362652808427811,1046.0,1072.0,4.265337484404841,Boone Pickens Stadium,60218.0,36.12570866235855,-97.06650495529176,60218.0,0.8110863861303929,0
401752844,2025,4,regular,2025-09-20 00:00:00+00:00,False,True,False,True,55942.0,6577.0,SHI Stadium,164,Rutgers,fbs,Big Ten,28.0,"[14, 7, 0, 7]",0.0370514430105686,1593.0,1583.0,2294,Iowa,fbs,Big Ten,38.0,"[14, 7, 0, 17]",0.9629485569894314,1723.0,1733.0,6.504062292308946,High Point Solutions Stadium,52454.0,40.51378289308872,-74.46504457087282,52454.0,1.0,0
401762469,2025,4,regular,2025-09-20 16:00:00+00:00,False,True,False,True,28446.0,3841.0,Michie Stadium,349,Army,fbs,American Athletic,38.0,"[7, 7, 7, 17, 0]",0.514945387840271,1615.0,1599.0,249,North Texas,fbs,American Athletic,45.0,"[21, 7, 3, 7, 7]",0.485054612159729,1585.0,1601.0,5.938978446833998,Michie Stadium,38000.0,41.38708043477422,-73.96408081054688,38000.0,0.748578947368421,0
401756901,2025,4,regular,2025-09-20 16:00:00+00:00,False,True,False,True,52236.0,587.0,Rice-Eccles Stadium,254,Utah,fbs,Big 12,10.0,"[0, 3, 0, 7]",0.0400704331696033,1668.0,1607.0,2641,Texas Tech,fbs,Big 12,34.0,"[7, 3, 0, 24]",0.9599295668303968,1690.0,1751.0,5.001086331842076,Rice-Eccles Stadium,54383.0,40.75994782004573,-111.84882402420044,45017.0,0.9605207509699722,0
401754642,2025,4,regular,2025-09-20 16:00:00+00:00,False,True,False,False,49482.0,3873.0,L&N Federal Credit Union Stadium,97,Louisville,fbs,ACC,40.0,"[7, 14, 9, 10]",0.9894548654556274,1727.0,1755.0,189,Bowling Green,fbs,Mid-American,17.0,"[3, 0, 0, 14]",0.0105451345443725,1456.0,1428.0,3.18187023671258,Papa John's Cardinal Stadium,55000.0,38.20542168521144,-85.75810561566809,55000.0,0.8996727272727273,0
401752845,2025,4,regular,2025-09-20 16:00:00+00:00,False,True,False,True,68547.0,347.0,Camp Randall Stadium,275,Wisconsin,fbs,Big Ten,10.0,"[0, 0, 3, 7]",0.1635263562202453,1591.0,1543.0,120,Maryland,fbs,Big Ten,27.0,"[7, 13, 0, 7]",0.8364736437797546,1526.0,1574.0,3.246110005059111,Camp Randall Stadium,80321.0,43.06993802646878,-89.41274642944336,80321.0,0.8534131796167876,0
401760376,2025,4,regular,2025-09-20 16:00:00+00:00,False,True,False,False,12625.0,3996.0,Yager Stadium,193,Miami (OH),fbs,Mid-American,38.0,"[14, 10, 14, 0]",0.2596797347068786,1422.0,1430.0,2439,UNLV,fbs,Mountain West,41.0,"[0, 10, 14, 17]",0.7403202652931213,1630.0,1622.0,6.068854680783486,Yager Stadium,24286.0,39.51942113142349,-84.73335450140017,24286.0,0.5198468253314666,0
401762470,2025,4,regular,2025-09-20 16:00:00+00:00,False,True,False,False,28461.0,3886.0,Raymond James Stadium,58,South Florida,fbs,American Athletic,63.0,"[7, 14, 35, 7]",0.9685367941856384,1477.0,1477.0,2569,South Carolina State,fcs,MEAC,14.0,"[0, 7, 0, 7]",0.0314632058143615,735.0,748.0,2.56000165452392,Raymond James Stadium,65857.0,27.975994470037183,-82.50334918498993,65857.0,0.4321636272529875,1
401754636,2025,4,regular,2025-09-20 16:00:00+00:00,False,True,False,False,43333.0,3616.0,Amon G. Carter Stadium,2628,TCU,fbs,Big 12,35.0,"[7, 7, 7, 14]",0.948393702507019,1713.0,1733.0,2567,SMU,fbs,ACC,24.0,"[3, 7, 7, 7]",0.0516062974929809,1711.0,1691.0,5.107027581915229,Amon G. Carter Stadium,45000.0,32.70991596942349,-97.36799597740172,45000.0,0.9629555555555556,0
401754537,2025,4,regular,2025-09-20 16:00:00+00:00,False,True,False,True,80225.0,3836.0,"Memorial Stadium (Clemson, SC)",228,Clemson,fbs,ACC,21.0,"[7, 7, 0, 7]",0.0394827872514724,1693.0,1642.0,183,Syracuse,fbs,ACC,34.0,"[10, 14, 10, 0]",0.9605172127485276,1484.0,1535.0,4.317694278621441,Memorial Stadium,81500.0,34.67874665741346,-82.84317970275879,81500.0,0.9843558282208589,0
401754617,2025,4,regular,2025-09-20 16:00:00+00:00,False,True,False,False,57229.0,3799.0,Lane Stadium,259,Virginia Tech,fbs,ACC,38.0,"[7, 14, 10, 7]",1.0,1449.0,1449.0,2747,Wofford,fcs,Southern,6.0,"[0, 3, 0, 3]",0.0,735.0,748.0,2.283256005166228,Lane Stadium,66233.0,37.2199742830054,-80.41805505752563,66233.0,0.8640556822127943,1
401752708,2025,4,regular,2025-09-20 16:00:00+00:00,False,True,False,False,39861.0,3805.0,Simmons Bank Liberty Stadium,235,Memphis,fbs,American Athletic,32.0,"[10, 7, 9, 6]",0.8126097321510315,1658.0,1659.0,8,Arkansas,fbs,SEC,31.0,"[7, 21, 3, 0]",0.1873902678489685,1678.0,1677.0,7.031627542435475,Liberty Bowl Memorial Stadium,62380.0,35.120856917268995,-89.97805741128388,62380.0,0.6390028855402372,0
401752715,2025,4,regular,2025-09-20 16:45:00+00:00,False,True,False,False,101915.0,3853.0,Neyland Stadium,2633,Tennessee,fbs,SEC,56.0,"[21, 21, 14, 0]",0.9989473819732666,1809.0,1838.0,5,UAB,fbs,American Athletic,24.0,"[0, 7, 10, 7]",0.0010526180267333,1307.0,1278.0,2.487626140980641,Neyland Stadium,102455.0,35.95473437262258,-83.92533302307129,102455.0,0.994729393392221,0
401762822,2025,4,regular,2025-09-20 17:00:00+00:00,False,True,False,False,18787.0,3786.0,Kelly/Shorts Stadium,2117,Central Michigan,fbs,Mid-American,49.0,"[14, 21, 14, 0]",0.9925546050071716,1069.0,1069.0,2681,Wagner,fcs,NEC,10.0,"[0, 3, 0, 7]",0.0074453949928283,735.0,748.0,2.359798098679042,Kelly/Shorts Stadium,32885.0,43.577612282574535,-84.77082967758179,32885.0,0.5712939029952866,1
401752841,2025,4,regular,2025-09-20 19:00:00+00:00,False,True,False,False,58571.0,3626.0,Autzen Stadium,2483,Oregon,fbs,Big Ten,41.0,"[7, 14, 10, 10]",0.9918121695518494,1984.0,2001.0,204,Oregon State,fbs,Pac-12,7.0,"[7, 0, 0, 0]",0.0081878304481506,1314.0,1297.0,3.085551441109206,Autzen Stadium,54000.0,44.058272724266615,-123.0685043334961,54000.0,1.0,0
401754541,2025,4,regular,2025-09-20 19:30:00+00:00,False,True,False,False,67277.0,3697.0,Doak Campbell Stadium,52,Florida State,fbs,ACC,66.0,"[35, 10, 14, 7]",0.9925882816314696,1477.0,1577.0,2309,Kent State,fbs,Mid-American,10.0,"[7, 0, 0, 3]",0.0074117183685302,959.0,859.0,2.1885062522393874,Bobby Bowden Field at Doak Campbell Stadium,82300.0,30.437547584621285,-84.30453398103501,82300.0,0.817460510328068,0
401762820,2025,4,regular,2025-09-20 19:30:00+00:00,False,True,False,True,20744.0,3980.0,Waldo Stadium,2711,Western Michigan,fbs,Mid-American,14.0,"[0, 0, 6, 8]",0.6010221838951111,1246.0,1254.0,2649,Toledo,fbs,Mid-American,13.0,"[0, 3, 10, 0]",0.3989778161048889,1505.0,1497.0,5.110531368179245,Waldo Stadium,30200.0,42.285755487470176,-85.60100421309471,30200.0,0.6868874172185431,0
401752846,2025,4,regular,2025-09-20 19:30:00+00:00,False,True,False,True,87278.0,3834.0,"Memorial Stadium (Lincoln, NE)",158,Nebraska,fbs,Big Ten,27.0,"[0, 17, 0, 10]",0.3412935435771942,1699.0,1703.0,130,Michigan,fbs,Big Ten,30.0,"[10, 7, 10, 3]",0.6587064564228058,1852.0,1848.0,6.364445124145732,Memorial Stadium,87091.0,40.82048352329494,-96.70571565628052,87091.0,1.0,0
401752711,2025,4,regular,2025-09-20 19:30:00+00:00,False,True,False,False,65644.0,3974.0,Vaught-Hemingway Stadium,145,Ole Miss,fbs,SEC,45.0,"[10, 13, 0, 22]",0.9863547682762146,1918.0,1981.0,2655,Tulane,fbs,American Athletic,10.0,"[0, 3, 0, 7]",0.0136452317237854,1642.0,1579.0,1.8655250919442568,Vaught–Hemingway Stadium,60580.0,34.362154302992906,-89.53414626020904,60580.0,1.0,0
401761613,2025,4,regular,2025-09-20 19:30:00+00:00,False,True,False,False,12068.0,3965.0,UB Stadium,2084,Buffalo,fbs,Mid-American,17.0,"[7, 0, 7, 3]",0.1955811530351638,1386.0,1383.0,2653,Troy,fbs,Sun Belt,21.0,"[0, 0, 0, 21]",0.8044188469648361,1435.0,1438.0,4.636984161676919,UB Stadium,29013.0,42.99906838239644,-78.7775194644928,29013.0,0.4159514700306759,0
401752714,2025,4,regular,2025-09-20 19:30:00+00:00,False,True,False,True,83639.0,3835.0,"Memorial Stadium (Norman, OK)",201,Oklahoma,fbs,SEC,24.0,"[3, 7, 3, 11]",0.908517360687256,1742.0,1748.0,2,Auburn,fbs,SEC,17.0,"[3, 7, 0, 7]",0.0914826393127441,1686.0,1680.0,5.956621046190708,Gaylord Family Oklahoma Memorial Stadium,82112.0,35.20589959488508,-97.44255065917967,82112.0,1.0,0
401762823,2025,4,regular,2025-09-20 19:30:00+00:00,False,True,False,False,22312.0,3876.0,Peden Stadium,195,Ohio,fbs,Mid-American,52.0,"[3, 28, 7, 14]",0.7757560014724731,1572.0,1572.0,2241,Gardner-Webb,fcs,OVC-Big South,35.0,"[14, 7, 0, 14]",0.2242439985275268,735.0,748.0,4.344308300856461,Peden Stadium,24000.0,39.32130908459409,-82.10343944652357,24000.0,0.9296666666666666,1
401754640,2025,4,regular,2025-09-20 19:30:00+00:00,False,True,False,False,44206.0,3652.0,FBC Mortgage Stadium,2116,UCF,fbs,Big 12,34.0,"[10, 10, 7, 7]",0.992478370666504,1554.0,1604.0,153,North Carolina,fbs,ACC,9.0,"[0, 3, 6, 0]",0.007521629333496,1438.0,1388.0,2.664027745298376,Bright House Networks Stadium,45323.0,28.607958859227068,-81.1929988861084,45323.0,0.9753546764335989,0
401757169,2025,4,regular,2025-09-20 19:30:00+00:00,False,True,False,False,25025.0,3892.0,Pratt & Whitney Stadium,41,UConn,fbs,FBS Independents,31.0,"[10, 0, 7, 14]",0.8598232865333557,1445.0,1436.0,2050,Ball State,fbs,Mid-American,25.0,"[0, 7, 3, 15]",0.1401767134666443,1086.0,1095.0,4.406614000406764,Rentschler Field,40000.0,41.75988427820291,-72.61894226074219,40000.0,0.625625,0
401752848,2025,4,regular,2025-09-20 19:30:00+00:00,False,True,False,False,77622.0,3855.0,Notre Dame Stadium,87,Notre Dame,fbs,FBS Independents,56.0,"[14, 21, 21, 0]",0.988640069961548,2141.0,2126.0,2509,Purdue,fbs,Big Ten,30.0,"[7, 16, 0, 7]",0.0113599300384521,1310.0,1325.0,3.9527377374059056,Notre Dame Stadium,80795.0,41.69842312158612,-86.23382449150085,80795.0,0.9607277678074139,0
401761610,2025,4,regular,2025-09-20 19:30:00+00:00,False,True,False,False,18371.0,3912.0,Rynearson Stadium,2199,Eastern Michigan,fbs,Mid-American,34.0,"[7, 14, 0, 13]",0.8346293568611145,1220.0,1223.0,309,Louisiana,fbs,Sun Belt,31.0,"[7, 10, 7, 7]",0.1653706431388855,1367.0,1364.0,6.789217291186414,Rynearson Stadium,30200.0,42.2557607087688,-83.64775657653809,30200.0,0.6083112582781457,0
401754538,2025,4,regular,2025-09-20 20:00:00+00:00,False,True,False,True,30022.0,3982.0,Wallace Wade Stadium,150,Duke,fbs,ACC,45.0,"[7, 14, 14, 10]",0.9929142594337464,1462.0,1489.0,152,NC State,fbs,ACC,33.0,"[7, 13, 6, 7]",0.0070857405662536,1521.0,1494.0,5.954364216208502,Wallace Wade Stadium,33941.0,35.9953166502013,-78.94172430038452,33941.0,0.8845349282578592,0
401752712,2025,4,regular,2025-09-20 20:15:00+00:00,False,True,False,False,45803.0,3693.0,Davis Wade Stadium,344,Mississippi State,fbs,SEC,38.0,"[7, 7, 10, 14]",0.989556610584259,1436.0,1512.0,2459,Northern Illinois,fbs,Mid-American,10.0,"[3, 7, 0, 0]",0.0104433894157409,1453.0,1377.0,3.2053902517985997,Davis Wade Stadium,61337.0,33.456230599072065,-88.79342436790466,61337.0,0.7467434012097103,0
401754542,2025,4,regular,2025-09-20 20:30:00+00:00,False,True,False,False,45123.0,721.0,Bobby Dodd Stadium,59,Georgia Tech,fbs,ACC,45.0,"[21, 0, 14, 10]",0.9912994503974916,1560.0,1576.0,218,Temple,fbs,American Athletic,24.0,"[0, 7, 7, 10]",0.0087005496025085,1221.0,1205.0,2.4358362182481184,Bobby Dodd Stadium at Historic Grant Field,55000.0,33.772556921319435,-84.39285278320312,55000.0,0.8204181818181818,0
401760375,2025,4,regular,2025-09-20 21:00:00+00:00,False,True,False,False,13155.0,3935.0,CEFCU Stadium,23,San José State,fbs,Mountain West,31.0,"[0, 14, 7, 10]",0.6454872488975525,1416.0,1416.0,70,Idaho,fcs,Big Sky,28.0,"[7, 7, 7, 7]",0.3545127511024475,735.0,748.0,7.178558080115324,Spartan Stadium,30456.0,37.320105186690846,-121.86811613079064,30456.0,0.4319345941686367,1
401762821,2025,4,regular,2025-09-20 22:00:00+00:00,False,True,False,False,8117.0,3768.0,InfoCision Stadium,2006,Akron,fbs,Mid-American,51.0,"[10, 28, 7, 6]",0.988182008266449,1064.0,1064.0,2184,Duquesne,fcs,NEC,7.0,"[0, 0, 7, 0]",0.011817991733551,735.0,748.0,2.2853455631928883,Summa Field at InfoCision Stadium,30000.0,41.07256951528711,-81.50838375091553,30000.0,0.2705666666666667,1
401757261,2025,4,regular,2025-09-20 22:00:00+00:00,False,True,False,False,10713.0,4899.0,Fifth Third Stadium,338,Kennesaw State,fbs,Conference USA,28.0,"[21, 0, 7, 0]",1.0,1200.0,1213.0,2032,Arkansas State,fbs,Sun Belt,21.0,"[0, 7, 7, 7]",0.0,1257.0,1244.0,4.732694572867168,Fifth Third Bank Stadium,11040.0,34.0234337,-84.6154897,8318.0,0.9703804347826087,0
401757259,2025,4,regular,2025-09-20 22:00:00+00:00,False,True,False,True,11705.0,2031.0,Pitbull Stadium,2229,Florida International,fbs,Conference USA,16.0,"[7, 0, 3, 6]",0.1203091144561767,1367.0,1320.0,48,Delaware,fbs,Conference USA,38.0,"[3, 21, 7, 7]",0.8796908855438232,1454.0,1501.0,3.857832326216719,FIU Stadium,23500.0,25.75249278747405,-80.37786483764648,23500.0,0.4980851063829787,0
401756899,2025,4,regular,2025-09-20 22:00:00+00:00,False,True,False,True,40320.0,3833.0,Memorial Stadium,2305,Kansas,fbs,Big 12,41.0,"[7, 13, 14, 7]",0.9924370050430298,1613.0,1680.0,277,West Virginia,fbs,Big 12,10.0,"[0, 3, 0, 7]",0.0075629949569702,1481.0,1414.0,2.641422746892105,Memorial Stadium,50071.0,38.96294598898537,-95.2463150024414,50071.0,0.8052565357192786,0
401752713,2025,4,regular,2025-09-20 23:00:00+00:00,False,True,False,True,57321.0,3838.0,Memorial Stadium,142,Missouri,fbs,SEC,29.0,"[0, 12, 6, 11]",0.9567704796791076,1755.0,1762.0,2579,South Carolina,fbs,SEC,20.0,"[0, 14, 6, 0]",0.0432295203208923,1645.0,1638.0,6.401869009669572,Faurot Field,71168.0,38.93589529672232,-92.33311414718628,71168.0,0.8054322167266187,0
401757260,2025,4,regular,2025-09-20 23:00:00+00:00,False,True,False,False,21426.0,3662.0,AmFirst Stadium,55,Jacksonville State,fbs,Conference USA,45.0,"[7, 17, 14, 7]",0.9939760565757751,1623.0,1623.0,93,Murray State,fcs,MVFC,10.0,"[3, 0, 7, 0]",0.0060239434242248,735.0,748.0,3.1062490141334944,JSU Stadium,24000.0,33.82031030570401,-85.76646566390991,24000.0,0.89275,1
401757265,2025,4,regular,2025-09-20 23:00:00+00:00,False,True,False,False,14476.0,3878.0,Plaster Sports Complex,2623,Missouri State,fbs,Conference USA,42.0,"[21, 14, 7, 0]",0.9847715497016908,1316.0,1316.0,2630,UT Martin,fcs,OVC-Big South,10.0,"[0, 0, 0, 10]",0.0152284502983093,735.0,748.0,2.2687440490074784,Plaster Sports Complex,17500.0,37.1976295206598,-93.27998757362366,17500.0,0.8272,1
401757268,2025,4,regular,2025-09-20 23:00:00+00:00,False,True,False,False,17247.0,3796.0,Houchens Industries-L.T. Smith Stadium,98,Western Kentucky,fbs,Conference USA,31.0,"[3, 0, 7, 21]",0.6574909687042236,1390.0,1411.0,2440,Nevada,fbs,Mountain West,16.0,"[3, 7, 3, 3]",0.3425090312957763,1278.0,1257.0,5.524897301525892,Houchens Industries–L. T. Smith Stadium,22113.0,36.98487662989466,-86.459013971646,22113.0,0.7799484466151133,0
401761609,2025,4,regular,2025-09-20 23:00:00+00:00,False,True,False,False,23217.0,3608.0,Allen E. Paulson Stadium,290,Georgia Southern,fbs,Sun Belt,45.0,"[7, 10, 14, 14]",0.9874967336654664,1347.0,1347.0,311,Maine,fcs,Coastal Athletic,17.0,"[7, 7, 3, 0]",0.0125032663345336,735.0,748.0,3.6091894149333887,Paulson Stadium,24300.0,32.41221167634779,-81.78317070007324,24300.0,0.9554320987654321,1
401760372,2025,4,regular,2025-09-20 23:00:00+00:00,False,True,False,True,24046.0,3713.0,Falcon Stadium,2005,Air Force,fbs,Mountain West,37.0,"[7, 7, 10, 13]",0.1365149170160293,1390.0,1381.0,68,Boise State,fbs,Mountain West,49.0,"[14, 7, 14, 14]",0.8634850829839706,1578.0,1587.0,7.33669359799025,Falcon Stadium,46692.0,38.99690743122685,-104.84368801116943,46692.0,0.514991861560867,0
401757264,2025,4,regular,2025-09-20 23:00:00+00:00,False,True,False,False,15168.0,3725.0,Johnny Red Floyd Stadium,2393,Middle Tennessee,fbs,Conference USA,28.0,"[14, 6, 8, 0]",0.0052274065092206,1188.0,1185.0,276,Marshall,fbs,Sun Belt,42.0,"[21, 0, 0, 21]",0.9947725934907794,1508.0,1511.0,7.080076248813927,"Johnny ""Red"" Floyd Stadium",31000.0,35.85110908054087,-86.36844992637634,31000.0,0.48929032258064514,0
401752843,2025,4,regular,2025-09-20 23:30:00+00:00,False,True,False,True,56088.0,3830.0,"Memorial Stadium (Bloomington, IN)",84,Indiana,fbs,Big Ten,63.0,"[14, 21, 14, 14]",0.992191195487976,1869.0,2010.0,356,Illinois,fbs,Big Ten,10.0,"[7, 3, 0, 0]",0.0078088045120239,1708.0,1567.0,2.6827283378576943,Memorial Stadium,52959.0,39.18090913372923,-86.52557373046875,52959.0,1.0,0
401757263,2025,4,regular,2025-09-20 23:30:00+00:00,False,True,False,False,17108.0,3776.0,Joe Aillet Stadium,2348,Louisiana Tech,fbs,Conference USA,30.0,"[17, 13, 0, 0]",0.9279791712760924,1471.0,1468.0,2572,Southern Miss,fbs,Sun Belt,20.0,"[10, 0, 3, 7]",0.0720208287239074,1178.0,1181.0,3.828634490127194,Joe Aillet Stadium,30600.0,32.53223809915824,-92.6560188758494,30600.0,0.5590849673202615,0
401756896,2025,4,regular,2025-09-20 23:30:00+00:00,False,True,False,True,40964.0,4727.0,McLane Stadium,239,Baylor,fbs,Big 12,24.0,"[3, 7, 0, 14]",0.579441487789154,1583.0,1587.0,9,Arizona State,fbs,Big 12,27.0,"[3, 7, 3, 14]",0.4205585122108459,1725.0,1721.0,7.112305805049334,McLane Stadium,45140.0,31.55866263551169,-97.11560010910034,45140.0,0.907487815684537,0
401756898,2025,4,regular,2025-09-20 23:30:00+00:00,False,True,False,False,47213.0,3699.0,Dowdy-Ficklen Stadium,151,East Carolina,fbs,American Athletic,13.0,"[3, 0, 3, 7]",0.0148231713101267,1519.0,1482.0,252,BYU,fbs,Big 12,34.0,"[3, 10, 7, 14]",0.9851768286898732,1666.0,1703.0,4.208961929345976,Dowdy–Ficklen Stadium,50000.0,35.59642579698931,-77.36522912979126,50000.0,0.94426,0
401754539,2025,4,regular,2025-09-20 23:30:00+00:00,False,True,False,True,36223.0,3923.0,Scott Stadium,258,Virginia,fbs,ACC,48.0,"[21, 7, 10, 10]",0.9902341961860656,1518.0,1565.0,24,Stanford,fbs,ACC,20.0,"[7, 7, 6, 0]",0.0097658038139343,1296.0,1249.0,3.680080334067038,Scott Stadium,61500.0,38.03112372855688,-78.51370811462402,61500.0,0.5889918699186992,0
401752709,2025,4,regular,2025-09-20 23:30:00+00:00,False,True,False,False,66713.0,3948.0,Hard Rock Stadium,2390,Miami,fbs,ACC,26.0,"[7, 6, 0, 13]",1.0,1825.0,1852.0,57,Florida,fbs,SEC,7.0,"[0, 0, 7, 0]",0.0,1656.0,1629.0,3.3658697574455463,Sun Life Stadium,65326.0,25.957933739028963,-80.23884057998657,65326.0,1.0,0
401752716,2025,4,regular,2025-09-20 23:30:00+00:00,False,True,False,False,35000.0,3973.0,FirstBank Stadium,238,Vanderbilt,fbs,SEC,70.0,"[21, 21, 14, 14]",0.993236482143402,1654.0,1741.0,2247,Georgia State,fbs,Sun Belt,21.0,"[3, 6, 6, 6]",0.0067635178565979,1213.0,1126.0,3.416313854106599,Vanderbilt Stadium,40350.0,36.14355849696379,-86.80877208709717,40350.0,0.8674101610904585,0
401752842,2025,4,regular,2025-09-20 23:30:00+00:00,False,True,False,False,32952.0,3820.0,Gesa Field,265,Washington State,fbs,Pac-12,24.0,"[0, 10, 14, 0]",0.0102804824709892,1379.0,1307.0,264,Washington,fbs,Big Ten,59.0,"[14, 10, 7, 28]",0.9897195175290108,1604.0,1676.0,4.161728481343954,Martin Stadium,32248.0,46.731967978653024,-117.16058578781136,32248.0,1.0,0
401752710,2025,4,regular,2025-09-20 23:45:00+00:00,False,True,False,False,102219.0,3958.0,Tiger Stadium (LA),99,LSU,fbs,SEC,56.0,"[7, 28, 7, 14]",0.989064872264862,1747.0,1747.0,2545,SE Louisiana,fcs,Southland,10.0,"[0, 0, 7, 3]",0.0109351277351379,735.0,748.0,2.416578722550905,Tiger Stadium,102321.0,30.4120123982997,-91.183819770813,102321.0,0.9990031371859149,1
401760377,2025,4,regular,2025-09-21 00:00:00+00:00,False,True,False,False,16273.0,3905.0,Maverik Stadium,328,Utah State,fbs,Mountain West,48.0,"[13, 21, 14, 0]",0.9917429685592652,1436.0,1436.0,2377,McNeese,fcs,Southland,7.0,"[0, 7, 0, 0]",0.0082570314407348,735.0,748.0,2.4736816052879043,Romney Stadium,25513.0,41.75153188612883,-111.81210567885644,25513.0,0.6378316936463764,1
401761612,2025,4,regular,2025-09-21 00:00:00+00:00,False,True,False,False,31500.0,3644.0,Bobcat Stadium (TX),326,Texas State,fbs,Sun Belt,35.0,"[7, 21, 7, 0]",0.9768553972244264,1590.0,1590.0,2447,Nicholls,fcs,Southland,3.0,"[3, 0, 0, 0]",0.0231446027755737,735.0,748.0,2.8064114536095865,Bobcat Stadium,30000.0,29.89134454879716,-97.92531180559462,30000.0,1.0,1
401752723,2025,4,regular,2025-09-21 00:00:00+00:00,False,True,False,False,103003.0,3910.0,DKR-Texas Memorial Stadium,251,Texas,fbs,SEC,55.0,"[14, 17, 17, 7]",0.9902904629707336,1878.0,1972.0,2534,Sam Houston,fbs,Conference USA,0.0,"[0, 0, 0, 0]",0.0097095370292663,1337.0,1243.0,2.8833695642232984,Darrell K Royal–Texas Memorial Stadium,100119.0,30.28360340206824,-97.73233652114868,100119.0,1.0,0
401757267,2025,4,regular,2025-09-21 01:00:00+00:00,False,True,False,False,15272.0,3946.0,Sun Bowl,2638,UTEP,fbs,Conference USA,25.0,"[7, 0, 3, 15]",0.0001167621230706,1248.0,1227.0,2433,UL Monroe,fbs,Sun Belt,31.0,"[14, 10, 7, 0]",0.9998832378769292,1116.0,1137.0,5.968620563481887,Sun Bowl Stadium,51500.0,31.77334530512776,-106.50789678096773,51500.0,0.2965436893203883,0
401756897,2025,4,regular,2025-09-21 02:15:00+00:00,False,True,False,False,53442.0,3726.0,Folsom Field,38,Colorado,fbs,Big 12,37.0,"[0, 21, 7, 9]",0.979032576084137,1604.0,1617.0,2751,Wyoming,fbs,Mountain West,20.0,"[0, 3, 10, 7]",0.020967423915863,1339.0,1326.0,2.957025965675921,Folsom Field,50183.0,40.00939837446321,-105.26688694953918,50183.0,1.0,0
401752847,2025,4,regular,2025-09-21 03:00:00+00:00,False,True,False,True,67614.0,477.0,Los Angeles Memorial Coliseum,30,USC,fbs,Big Ten,45.0,"[10, 14, 7, 14]",0.9623426795005798,1878.0,1869.0,127,Michigan State,fbs,Big Ten,31.0,"[7, 3, 14, 7]",0.0376573204994201,1405.0,1414.0,3.3870736205636875,Los Angeles Memorial Coliseum,93607.0,34.01400974062912,-118.28789591789246,93607.0,0.7223177753800464,0
401762471,2025,5,regular,2025-09-25 23:30:00+00:00,False,True,False,True,32497.0,3699.0,Dowdy-Ficklen Stadium,151,East Carolina,fbs,American Athletic,28.0,"[21, 0, 0, 7]",0.9631180763244628,1482.0,1548.0,349,Army,fbs,American Athletic,6.0,"[0, 0, 6, 0]",0.0368819236755371,1599.0,1533.0,1.8188151150227017,Dowdy–Ficklen Stadium,50000.0,35.59642579698931,-77.36522912979126,50000.0,0.64994,0
401754543,2025,5,regular,2025-09-26 23:00:00+00:00,False,True,False,True,50107.0,3923.0,Scott Stadium,258,Virginia,fbs,ACC,46.0,"[7, 14, 7, 7, 3, 8]",0.5579074621200562,1565.0,1578.0,52,Florida State,fbs,ACC,38.0,"[0, 21, 7, 7, 3, 0]",0.4420925378799438,1577.0,1564.0,8.217825215322934,Scott Stadium,61500.0,38.03112372855688,-78.51370811462402,61500.0,0.8147479674796748,0
401756902,2025,5,regular,2025-09-27 01:00:00+00:00,False,True,False,True,53774.0,3947.0,Mountain America Stadium,9,Arizona State,fbs,Big 12,27.0,"[0, 14, 3, 10]",0.9671964645385742,1721.0,1722.0,2628,TCU,fbs,Big 12,24.0,"[7, 10, 7, 0]",0.0328035354614257,1733.0,1732.0,6.2247709465896754,Sun Devil Stadium Frank Kush Field,71706.0,33.426364,-111.932616,71706.0,0.749923297910914,0
401752939,2025,5,regular,2025-09-27 02:30:00+00:00,False,True,False,False,29338.0,3893.0,Reser Stadium,204,Oregon State,fbs,Pac-12,24.0,"[7, 7, 3, 7, 0]",0.9730728268623352,1297.0,1304.0,248,Houston,fbs,Big 12,27.0,"[0, 10, 0, 14, 3]",0.0269271731376647,1497.0,1490.0,6.212626502878512,Reser Stadium,45674.0,44.5594768421455,-123.2814073562622,45674.0,0.6423348075491527,0
401756906,2025,5,regular,2025-09-27 16:00:00+00:00,False,True,False,True,53013.0,3636.0,Bill Snyder Family Stadium,2306,Kansas State,fbs,Big 12,34.0,"[0, 17, 14, 3]",0.9885370135307312,1640.0,1665.0,2116,UCF,fbs,Big 12,20.0,"[0, 7, 10, 3]",0.0114629864692687,1604.0,1579.0,3.382435912410488,Bill Snyder Family Football Stadium,50000.0,39.20186361814248,-96.59379243850708,50000.0,1.0,0
401754545,2025,5,regular,2025-09-27 16:00:00+00:00,False,True,False,True,44451.0,1964.0,JMA Wireless Dome,183,Syracuse,fbs,ACC,3.0,"[3, 0, 0, 0]",0.0037904616910964,1535.0,1426.0,150,Duke,fbs,ACC,38.0,"[10, 14, 7, 7]",0.9962095383089036,1489.0,1598.0,4.222887262158944,Carrier Dome,49250.0,43.036132820423234,-76.13651990890503,49250.0,0.9025583756345178,0
401761617,2025,5,regular,2025-09-27 16:00:00+00:00,False,True,False,False,16575.0,3825.0,DATCU Stadium,249,North Texas,fbs,American Athletic,36.0,"[7, 7, 14, 8]",0.9968198537826538,1601.0,1616.0,6,South Alabama,fbs,Sun Belt,22.0,"[7, 0, 7, 8]",0.0031801462173461,1445.0,1430.0,5.295937666588428,Apogee Stadium,30850.0,33.20393508408917,-97.15922355651855,30850.0,0.5372771474878444,0
401762825,2025,5,regular,2025-09-27 16:00:00+00:00,False,True,False,True,20027.0,3876.0,Peden Stadium,195,Ohio,fbs,Mid-American,35.0,"[14, 7, 7, 7]",1.0,1587.0,1604.0,189,Bowling Green,fbs,Mid-American,20.0,"[10, 3, 0, 7]",0.0,1428.0,1411.0,3.812115943813982,Peden Stadium,24000.0,39.32130908459409,-82.10343944652357,24000.0,0.8344583333333333,0
401752717,2025,5,regular,2025-09-27 16:00:00+00:00,False,True,False,False,75111.0,3887.0,Razorback Stadium,8,Arkansas,fbs,SEC,13.0,"[3, 10, 0, 0]",0.0708706751465797,1677.0,1608.0,87,Notre Dame,fbs,FBS Independents,56.0,"[14, 28, 7, 7]",0.9291293248534204,2126.0,2195.0,3.1141392481338106,Donald W. Reynolds Razorback Stadium,72000.0,36.067850785167344,-94.17879581451416,72000.0,1.0,0
401754546,2025,5,regular,2025-09-27 16:00:00+00:00,False,True,False,True,30264.0,3630.0,Allegacy Federal Credit Union Stadium,154,Wake Forest,fbs,ACC,29.0,"[0, 17, 3, 3, 6]",0.9560624957084656,1383.0,1391.0,59,Georgia Tech,fbs,ACC,30.0,"[3, 0, 14, 6, 7]",0.0439375042915344,1576.0,1568.0,7.461044236655397,BB&T Field,31500.0,36.09183481061275,-80.25534152984619,31500.0,0.9607619047619048,0
401752849,2025,5,regular,2025-09-27 16:00:00+00:00,False,True,False,True,46234.0,3953.0,Huntington Bank Stadium,135,Minnesota,fbs,Big Ten,31.0,"[0, 14, 10, 7]",0.7365654706954956,1593.0,1594.0,164,Rutgers,fbs,Big Ten,28.0,"[7, 14, 0, 7]",0.2634345293045044,1583.0,1582.0,7.037807510854444,TCF Bank Stadium,52525.0,44.97652496911191,-93.224575817585,52525.0,0.8802284626368396,0
401754547,2025,5,regular,2025-09-27 16:00:00+00:00,False,True,False,True,45301.0,3752.0,Acrisure Stadium,221,Pittsburgh,fbs,ACC,27.0,"[17, 10, 0, 0]",0.1551940143108368,1506.0,1511.0,97,Louisville,fbs,ACC,34.0,"[0, 17, 3, 14]",0.8448059856891632,1755.0,1750.0,5.393030338489725,Heinz Field,68400.0,40.44678376501633,-80.01575589179993,68400.0,0.6622953216374269,0
401752850,2025,5,regular,2025-09-27 16:00:00+00:00,False,True,False,True,60670.0,3832.0,"Memorial Stadium (Champaign, IL)",356,Illinois,fbs,Big Ten,34.0,"[7, 7, 10, 10]",0.686018168926239,1567.0,1571.0,30,USC,fbs,Big Ten,32.0,"[7, 3, 7, 15]",0.313981831073761,1869.0,1865.0,5.793640598744493,Memorial Stadium,60670.0,40.09930573133053,-88.23598623275757,60670.0,1.0,0
401756905,2025,5,regular,2025-09-27 16:00:00+00:00,False,True,False,True,41525.0,3833.0,Memorial Stadium,2305,Kansas,fbs,Big 12,34.0,"[7, 6, 14, 7]",0.6432141065597534,1680.0,1664.0,2132,Cincinnati,fbs,Big 12,37.0,"[7, 13, 10, 7]",0.3567858934402466,1504.0,1520.0,8.502777237602228,Memorial Stadium,50071.0,38.96294598898537,-95.2463150024414,50071.0,0.8293223622456112,0
401752725,2025,5,regular,2025-09-27 16:45:00+00:00,False,True,False,False,33688.0,3973.0,FirstBank Stadium,238,Vanderbilt,fbs,SEC,55.0,"[7, 24, 17, 7]",0.9819328784942628,1741.0,1758.0,328,Utah State,fbs,Mountain West,35.0,"[7, 14, 0, 14]",0.0180671215057373,1442.0,1425.0,4.60252610511381,Vanderbilt Stadium,40350.0,36.14355849696379,-86.80877208709717,40350.0,0.8348946716232961,0
401762826,2025,5,regular,2025-09-27 17:00:00+00:00,False,True,False,True,28605.0,3786.0,Kelly/Shorts Stadium,2117,Central Michigan,fbs,Mid-American,24.0,"[14, 7, 0, 3]",0.9720277190208436,1094.0,1124.0,2199,Eastern Michigan,fbs,Mid-American,13.0,"[3, 3, 7, 0]",0.0279722809791564,1223.0,1193.0,2.407559954134809,Kelly/Shorts Stadium,32885.0,43.577612282574535,-84.77082967758179,32885.0,0.8698494754447317,0
401761614,2025,5,regular,2025-09-27 17:30:00+00:00,False,True,False,True,25029.0,3651.0,Bridgeforth Stadium,256,James Madison,fbs,Sun Belt,35.0,"[7, 14, 14, 0]",0.9939213395118712,1636.0,1669.0,290,Georgia Southern,fbs,Sun Belt,10.0,"[0, 3, 7, 0]",0.0060786604881286,1357.0,1324.0,2.740239301258901,Bridgeforth Stadium,24878.0,38.43508893585215,-78.87340330403673,24878.0,1.0,0
401761616,2025,5,regular,2025-09-27 19:00:00+00:00,False,True,False,True,21147.0,3817.0,Malone Stadium,2433,UL Monroe,fbs,Sun Belt,28.0,"[0, 14, 7, 7]",0.9813252091407776,1137.0,1168.0,2032,Arkansas State,fbs,Sun Belt,16.0,"[10, 0, 3, 3]",0.0186747908592224,1244.0,1213.0,5.703973319291415,Malone Stadium,30427.0,32.53106869451547,-92.06644075067642,30427.0,0.6950077234035561,0
401754544,2025,5,regular,2025-09-27 19:30:00+00:00,False,True,False,True,44500.0,3615.0,"Alumni Stadium (Chestnut Hill, MA)",103,Boston College,fbs,ACC,24.0,"[14, 3, 0, 7]",0.7262603640556335,1470.0,1462.0,25,California,fbs,ACC,28.0,"[7, 7, 0, 14]",0.2737396359443664,1447.0,1455.0,6.918061132137002,Alumni Stadium,44500.0,42.33510834895851,-71.16647243499756,44500.0,1.0,0
401752719,2025,5,regular,2025-09-27 19:30:00+00:00,False,True,False,True,67737.0,3974.0,Vaught-Hemingway Stadium,145,Ole Miss,fbs,SEC,24.0,"[3, 14, 0, 7]",0.8488922119140625,1981.0,1977.0,99,LSU,fbs,SEC,19.0,"[7, 0, 6, 6]",0.1511077880859375,1747.0,1751.0,5.3689509418819625,Vaught–Hemingway Stadium,60580.0,34.362154302992906,-89.53414626020904,60580.0,1.0,0
401752724,2025,5,regular,2025-09-27 19:30:00+00:00,False,True,False,True,108449.0,3795.0,Kyle Field,245,Texas A&M,fbs,SEC,16.0,"[7, 6, 0, 3]",0.9677963852882384,1749.0,1753.0,2,Auburn,fbs,SEC,10.0,"[0, 3, 0, 7]",0.0322036147117614,1680.0,1676.0,3.876504809106303,Kyle Field,102733.0,30.61009757817476,-96.34072922859283,102733.0,1.0,0
401752853,2025,5,regular,2025-09-27 19:30:00+00:00,False,True,False,True,69250.0,3793.0,Kinnick Stadium,2294,Iowa,fbs,Big Ten,15.0,"[3, 7, 0, 5]",0.0864246487617492,1733.0,1743.0,84,Indiana,fbs,Big Ten,20.0,"[7, 3, 0, 10]",0.9135753512382508,2010.0,2000.0,7.018765473483252,Kinnick Stadium,70585.0,41.65838893680983,-91.55147552490234,70585.0,0.9810866331373521,0
401762473,2025,5,regular,2025-09-27 19:30:00+00:00,False,True,False,True,28873.0,3852.0,Navy-Marine Corps Memorial Stadium,2426,Navy,fbs,American Athletic,21.0,"[7, 7, 0, 7]",0.983842432498932,1550.0,1547.0,242,Rice,fbs,American Athletic,13.0,"[0, 0, 3, 10]",0.0161575675010681,1288.0,1291.0,2.2905691020692287,Navy–Marine Corps Memorial Stadium,34000.0,38.98483263543365,-76.5071153640747,34000.0,0.8492058823529411,0
401756908,2025,5,regular,2025-09-27 19:30:00+00:00,False,True,False,True,53965.0,3842.0,Milan Puskar Stadium,277,West Virginia,fbs,Big 12,14.0,"[0, 0, 7, 7]",0.0,1414.0,1341.0,254,Utah,fbs,Big 12,48.0,"[14, 14, 10, 10]",1.0,1607.0,1680.0,3.294367911328435,Mountaineer Field at Milan Puskar Stadium,60000.0,39.65221992482815,-79.9551753012939,60000.0,0.8994166666666666,0
401757170,2025,5,regular,2025-09-27 19:30:00+00:00,False,True,False,False,12717.0,3965.0,UB Stadium,2084,Buffalo,fbs,Mid-American,17.0,"[0, 7, 3, 7]",0.1814369261264801,1383.0,1382.0,41,UConn,fbs,FBS Independents,20.0,"[0, 7, 10, 3]",0.8185630738735199,1436.0,1437.0,5.418023678480578,UB Stadium,29013.0,42.99906838239644,-78.7775194644928,29013.0,0.43832075276600146,0
401762827,2025,5,regular,2025-09-27 19:30:00+00:00,False,True,False,False,10504.0,3996.0,Yager Stadium,193,Miami (OH),fbs,Mid-American,38.0,"[7, 10, 14, 7]",0.9914972186088562,1495.0,1495.0,2815,Lindenwood,fcs,OVC-Big South,0.0,"[0, 0, 0, 0]",0.0085027813911437,735.0,748.0,2.645236547747449,Yager Stadium,24286.0,39.51942113142349,-84.73335450140017,24286.0,0.4325125586757803,1
401756907,2025,5,regular,2025-09-27 19:30:00+00:00,False,True,False,True,45689.0,3646.0,Boone Pickens Stadium,197,Oklahoma State,fbs,Big 12,27.0,"[7, 13, 7, 0]",0.0150752337649464,1176.0,1173.0,239,Baylor,fbs,Big 12,45.0,"[7, 21, 7, 10]",0.9849247662350537,1587.0,1590.0,6.252031557586193,Boone Pickens Stadium,60218.0,36.12570866235855,-97.06650495529176,60218.0,0.7587266265900561,0
401762824,2025,5,regular,2025-09-27 19:30:00+00:00,False,True,False,True,24535.0,3739.0,Glass Bowl,2649,Toledo,fbs,Mid-American,45.0,"[14, 21, 3, 7]",0.9890300631523132,1497.0,1562.0,2006,Akron,fbs,Mid-American,3.0,"[0, 3, 0, 0]",0.0109699368476867,1060.0,995.0,2.037751308081071,Glass Bowl,26248.0,41.65739077895321,-83.61401719150295,26248.0,0.9347378847912222,0
401752852,2025,5,regular,2025-09-27 19:30:00+00:00,False,True,False,True,72485.0,3765.0,Husky Stadium,264,Washington,fbs,Big Ten,6.0,"[0, 3, 3, 0]",0.0,1676.0,1665.0,194,Ohio State,fbs,Big Ten,24.0,"[0, 7, 7, 10]",1.0,2010.0,2021.0,3.5693821702972266,Husky Stadium,70500.0,47.65043054401222,-122.30291984739304,70500.0,1.0,0
401760380,2025,5,regular,2025-09-27 19:30:00+00:00,False,True,False,False,13512.0,3764.0,Huskie Stadium,2459,Northern Illinois,fbs,Mid-American,3.0,"[3, 0, 0, 0]",0.6836990714073181,1377.0,1375.0,21,San Diego State,fbs,Mountain West,6.0,"[0, 3, 0, 3]",0.3163009285926819,1422.0,1424.0,5.207526340091206,Huskie Stadium,25500.0,41.934014,-88.778222,25500.0,0.5298823529411765,0
401762474,2025,5,regular,2025-09-27 20:00:00+00:00,False,True,False,True,16311.0,3674.0,Chapman Stadium,202,Tulsa,fbs,American Athletic,14.0,"[7, 7, 0, 0]",0.0231730807572603,1072.0,1079.0,2655,Tulane,fbs,American Athletic,31.0,"[7, 17, 7, 0]",0.9768269192427396,1579.0,1572.0,5.984301461097488,Skelly Field at H. A. Chapman Stadium,35542.0,36.14886067519205,-95.943603515625,35542.0,0.4589218389511001,0
401760378,2025,5,regular,2025-09-27 20:00:00+00:00,False,True,False,True,22677.0,3713.0,Falcon Stadium,2005,Air Force,fbs,Mountain West,35.0,"[7, 0, 7, 21]",0.4322656095027923,1381.0,1351.0,62,Hawai'i,fbs,Mountain West,44.0,"[14, 3, 7, 20]",0.5677343904972076,1250.0,1280.0,6.016653245970114,Falcon Stadium,46692.0,38.99690743122685,-104.84368801116943,46692.0,0.4856720637368286,0
401757274,2025,5,regular,2025-09-27 20:00:00+00:00,False,True,False,False,37440.0,3971.0,University Stadium (NM),167,New Mexico,fbs,Mountain West,38.0,"[7, 7, 10, 14]",0.9572336077690125,1408.0,1426.0,166,New Mexico State,fbs,Conference USA,20.0,"[7, 10, 0, 3]",0.0427663922309875,1165.0,1147.0,6.244615631678274,University Stadium,39224.0,35.06761048267165,-106.6281028358157,39224.0,0.9545176422598409,0
401752720,2025,5,regular,2025-09-27 20:15:00+00:00,False,True,False,True,60417.0,3693.0,Davis Wade Stadium,344,Mississippi State,fbs,SEC,34.0,"[7, 10, 7, 10, 0]",0.2722036242485046,1512.0,1523.0,2633,Tennessee,fbs,SEC,41.0,"[10, 7, 3, 14, 7]",0.7277963757514954,1838.0,1827.0,8.714407031892366,Davis Wade Stadium,61337.0,33.456230599072065,-88.79342436790466,61337.0,0.9850008966855243,0
401757270,2025,5,regular,2025-09-27 22:00:00+00:00,False,True,False,True,11040.0,4899.0,Fifth Third Stadium,338,Kennesaw State,fbs,Conference USA,24.0,"[21, 0, 0, 3]",0.7368634939193726,1213.0,1223.0,2393,Middle Tennessee,fbs,Conference USA,16.0,"[3, 7, 0, 6]",0.2631365060806274,1185.0,1175.0,3.408616798252337,Fifth Third Bank Stadium,11040.0,34.0234337,-84.6154897,8318.0,1.0,0
401757271,2025,5,regular,2025-09-27 22:00:00+00:00,False,True,False,False,18435.0,3918.0,S.B. Ballard Stadium,295,Old Dominion,fbs,Sun Belt,21.0,"[0, 14, 0, 7]",1.0,1530.0,1551.0,2335,Liberty,fbs,Conference USA,7.0,"[0, 0, 7, 0]",0.0,1442.0,1421.0,3.8746917798708536,Foreman Field,20118.0,36.88878131523489,-76.30567610263824,20118.0,0.9163435729197733,0
401762828,2025,5,regular,2025-09-27 22:30:00+00:00,False,True,False,False,20191.0,3980.0,Waldo Stadium,2711,Western Michigan,fbs,Mid-American,47.0,"[3, 28, 13, 3]",0.9961190223693848,1255.0,1255.0,227,Rhode Island,fcs,Coastal Athletic,14.0,"[7, 0, 0, 7]",0.0038809776306152,735.0,748.0,3.107216197522771,Waldo Stadium,30200.0,42.285755487470176,-85.60100421309471,30200.0,0.6685761589403973,1
401757269,2025,5,regular,2025-09-27 23:00:00+00:00,False,True,False,False,25034.0,3815.0,M. M. Roberts Stadium,2572,Southern Miss,fbs,Sun Belt,42.0,"[14, 7, 14, 7]",0.9974352121353148,1181.0,1265.0,55,Jacksonville State,fbs,Conference USA,25.0,"[3, 0, 8, 14]",0.002564787864685,1613.0,1529.0,2.6005906885756223,M. M. Roberts Stadium,36000.0,31.32897842661232,-89.33133065700531,36000.0,0.6953888888888888,0
401754548,2025,5,regular,2025-09-27 23:00:00+00:00,False,True,False,True,56919.0,3670.0,Carter-Finley Stadium,152,NC State,fbs,ACC,21.0,"[7, 0, 7, 7]",0.2334788143634796,1494.0,1489.0,259,Virginia Tech,fbs,ACC,23.0,"[3, 10, 7, 3]",0.7665211856365204,1452.0,1457.0,6.646683052975088,Carter–Finley Stadium,57583.0,35.80075968207897,-78.71948719024658,57583.0,0.9884688189222514,0
401756904,2025,5,regular,2025-09-27 23:00:00+00:00,False,True,False,True,61500.0,3772.0,Jack Trice Stadium,66,Iowa State,fbs,Big 12,39.0,"[8, 14, 14, 3]",1.0,1608.0,1655.0,12,Arizona,fbs,Big 12,14.0,"[0, 7, 7, 0]",0.0,1469.0,1422.0,2.561086514101573,Jack Trice Stadium,61500.0,42.01400541108485,-93.6358094215393,61500.0,1.0,0
401757273,2025,5,regular,2025-09-27 23:00:00+00:00,False,True,False,True,10068.0,3878.0,Plaster Sports Complex,2623,Missouri State,fbs,Conference USA,22.0,"[0, 9, 7, 6]",0.055622287094593,1338.0,1335.0,98,Western Kentucky,fbs,Conference USA,27.0,"[0, 10, 14, 3]",0.944377712905407,1411.0,1414.0,6.079149938303324,Plaster Sports Complex,17500.0,37.1976295206598,-93.27998757362366,17500.0,0.5753142857142857,0
401762472,2025,5,regular,2025-09-27 23:00:00+00:00,False,True,False,True,17733.0,3715.0,FAU Stadium,2226,Florida Atlantic,fbs,American Athletic,26.0,"[7, 9, 3, 7]",0.0096248891204595,1231.0,1201.0,235,Memphis,fbs,American Athletic,55.0,"[10, 7, 7, 31]",0.9903751108795404,1659.0,1689.0,6.586758202950064,FAU Stadium,30000.0,26.3754535636523,-80.10168313980103,30000.0,0.5911,0
401760379,2025,5,regular,2025-09-27 23:30:00+00:00,False,True,False,False,32904.0,3653.0,Albertsons Stadium,68,Boise State,fbs,Mountain West,47.0,"[14, 10, 9, 14]",0.9969602227211,1587.0,1653.0,2026,App State,fbs,Sun Belt,14.0,"[0, 7, 7, 0]",0.0030397772789001,1390.0,1324.0,3.0308629395219366,Albertsons Stadium,37000.0,43.6027080538683,-116.19591236114502,37000.0,0.8892972972972973,0
401754549,2025,5,regular,2025-09-27 23:30:00+00:00,False,True,False,False,26357.0,3940.0,Stanford Stadium,24,Stanford,fbs,ACC,30.0,"[7, 7, 0, 16]",0.601484477519989,1249.0,1255.0,23,San José State,fbs,Mountain West,29.0,"[10, 10, 0, 9]",0.398515522480011,1429.0,1423.0,7.475573235995273,Stanford Stadium,50000.0,37.43472641329173,-122.1610164642334,50000.0,0.52714,0
401752854,2025,5,regular,2025-09-27 23:30:00+00:00,False,True,False,True,111015.0,3632.0,Beaver Stadium,213,Penn State,fbs,Big Ten,24.0,"[0, 3, 0, 14, 7, 0]",0.1887364685535431,2087.0,2070.0,2483,Oregon,fbs,Big Ten,30.0,"[0, 3, 7, 7, 7, 6]",0.8112635314464569,2001.0,2018.0,6.821436627621328,Beaver Stadium,106572.0,40.81215273275043,-77.85620212554932,106572.0,1.0,0
401752721,2025,5,regular,2025-09-27 23:30:00+00:00,False,True,False,False,57321.0,3838.0,Memorial Stadium,142,Missouri,fbs,SEC,42.0,"[14, 7, 14, 7]",0.9859509468078612,1762.0,1781.0,113,Massachusetts,fbs,Mid-American,6.0,"[6, 0, 0, 0]",0.0140490531921386,1058.0,1039.0,2.574124852200219,Faurot Field,71168.0,38.93589529672232,-92.33311414718628,71168.0,0.8054322167266187,0
401752718,2025,5,regular,2025-09-27 23:30:00+00:00,False,True,False,True,93033.0,3917.0,Sanford Stadium,61,Georgia,fbs,SEC,21.0,"[0, 14, 7, 0]",0.1902636140584945,2043.0,2033.0,333,Alabama,fbs,SEC,24.0,"[7, 17, 0, 0]",0.8097363859415054,1948.0,1958.0,6.285361347457672,Sanford Stadium,92746.0,33.949821489498824,-83.37344169616699,92746.0,1.0,0
401752722,2025,5,regular,2025-09-27 23:45:00+00:00,False,True,False,True,79266.0,3994.0,Williams-Brice Stadium,2579,South Carolina,fbs,SEC,35.0,"[7, 21, 0, 7]",0.991369366645813,1638.0,1682.0,96,Kentucky,fbs,SEC,13.0,"[10, 0, 3, 0]",0.008630633354187,1557.0,1513.0,3.369064258554588,Williams-Brice Stadium,80250.0,33.97259115457693,-81.02021634578705,80250.0,0.9877383177570094,0
401761615,2025,5,regular,2025-09-28 00:00:00+00:00,False,True,False,True,20125.0,3666.0,Cajun Field,309,Louisiana,fbs,Sun Belt,54.0,"[3, 14, 3, 21, 7, 6]",0.0176363941282033,1364.0,1367.0,276,Marshall,fbs,Sun Belt,51.0,"[3, 14, 17, 7, 7, 3]",0.9823636058717966,1511.0,1508.0,7.478263274664832,Cajun Field,36900.0,30.21579609675613,-92.01626413552384,36900.0,0.5453929539295393,0
401757272,2025,5,regular,2025-09-28 01:00:00+00:00,False,True,False,True,13013.0,3946.0,Sun Bowl,2638,UTEP,fbs,Conference USA,11.0,"[0, 0, 0, 11]",0.1915610134601593,1227.0,1205.0,2348,Louisiana Tech,fbs,Conference USA,30.0,"[7, 0, 3, 20]",0.8084389865398407,1468.0,1490.0,4.2935016288278005,Sun Bowl Stadium,51500.0,31.77334530512776,-106.50789678096773,51500.0,0.2526796116504854,0
401756903,2025,5,regular,2025-09-28 02:15:00+00:00,False,True,False,True,52265.0,3726.0,Folsom Field,38,Colorado,fbs,Big 12,21.0,"[14, 0, 7, 0]",0.3268840610980987,1617.0,1618.0,252,BYU,fbs,Big 12,24.0,"[3, 7, 7, 7]",0.6731159389019012,1703.0,1702.0,5.397702544157396,Folsom Field,50183.0,40.00939837446321,-105.26688694953918,50183.0,1.0,0
401757275,2025,6,regular,2025-10-03 01:00:00+00:00,False,True,False,True,9089.0,3601.0,Aggie Memorial Stadium,166,New Mexico State,fbs,Conference USA,37.0,"[0, 10, 3, 24]",0.9957097768783568,1147.0,1229.0,2534,Sam Houston,fbs,Conference USA,10.0,"[0, 3, 7, 0]",0.004290223121643,1243.0,1161.0,3.263384173376266,Aggie Memorial Stadium,30343.0,32.27974938226407,-106.74113631248474,30343.0,0.29954190422832283,0
401757276,2025,6,regular,2025-10-03 23:00:00+00:00,False,True,False,True,19176.0,3695.0,Delaware Stadium,48,Delaware,fbs,Conference USA,24.0,"[7, 10, 0, 7]",0.0856487080454826,1501.0,1491.0,98,Western Kentucky,fbs,Conference USA,27.0,"[0, 10, 17, 0]",0.9143512919545174,1414.0,1424.0,5.912223443709713,Delaware Stadium,22000.0,39.6617040181287,-75.7488301174382,22000.0,0.8716363636363637,0
401762475,2025,6,regular,2025-10-03 23:00:00+00:00,False,True,False,True,34577.0,3886.0,Raymond James Stadium,58,South Florida,fbs,American Athletic,54.0,"[23, 10, 0, 21]",0.9636630415916444,1482.0,1521.0,2429,Charlotte,fbs,American Athletic,26.0,"[0, 7, 3, 16]",0.0363369584083557,1183.0,1144.0,2.2800703984341304,Raymond James Stadium,65857.0,27.975994470037183,-82.50334918498993,65857.0,0.5250315076605372,0
401760384,2025,6,regular,2025-10-04 02:00:00+00:00,False,True,False,True,12109.0,3935.0,CEFCU Stadium,23,San José State,fbs,Mountain West,35.0,"[7, 14, 14, 0]",0.9569445848464966,1423.0,1433.0,167,New Mexico,fbs,Mountain West,28.0,"[0, 17, 0, 11]",0.0430554151535034,1426.0,1416.0,3.656062003082878,Spartan Stadium,30456.0,37.320105186690846,-121.86811613079064,30456.0,0.3975899658523772,0
401756909,2025,6,regular,2025-10-04 02:30:00+00:00,False,True,False,True,63917.0,3801.0,LaVell Edwards Stadium,252,BYU,fbs,Big 12,38.0,"[14, 14, 3, 7]",0.9500316381454468,1702.0,1701.0,277,West Virginia,fbs,Big 12,24.0,"[0, 10, 7, 7]",0.0499683618545532,1341.0,1342.0,2.988728945319465,LaVell Edwards Stadium,63725.0,40.25748799746312,-111.65443897247314,63725.0,1.0,0
401752861,2025,6,regular,2025-10-04 16:00:00+00:00,False,True,False,True,56551.0,3907.0,Ross-Ade Stadium,2509,Purdue,fbs,Big Ten,27.0,"[7, 7, 7, 6]",0.0,1325.0,1311.0,356,Illinois,fbs,Big Ten,43.0,"[0, 27, 13, 3]",1.0,1571.0,1585.0,4.648508792456986,Ross–Ade Stadium,56400.0,40.434323,-86.918485,56400.0,1.0,0
401754552,2025,6,regular,2025-10-04 16:00:00+00:00,False,True,False,True,50500.0,3787.0,Kenan Stadium,153,North Carolina,fbs,ACC,10.0,"[3, 0, 0, 7]",0.0264359135180711,1388.0,1342.0,228,Clemson,fbs,ACC,38.0,"[28, 7, 0, 3]",0.9735640864819288,1642.0,1688.0,3.1263997871486096,Kenan Memorial Stadium,62980.0,35.90698834747853,-79.04791831970215,62980.0,0.8018418545570022,0
401760381,2025,6,regular,2025-10-04 16:00:00+00:00,False,True,False,False,37517.0,3852.0,Navy-Marine Corps Memorial Stadium,2426,Navy,fbs,American Athletic,34.0,"[3, 14, 7, 10]",0.6797995567321777,1547.0,1546.0,2005,Air Force,fbs,Mountain West,31.0,"[7, 3, 7, 14]",0.3202004432678222,1351.0,1352.0,6.6230747879830165,Navy–Marine Corps Memorial Stadium,34000.0,38.98483263543365,-76.5071153640747,34000.0,1.0,0
401754550,2025,6,regular,2025-10-04 16:00:00+00:00,False,True,False,True,51101.0,3752.0,Acrisure Stadium,221,Pittsburgh,fbs,ACC,48.0,"[10, 21, 14, 3]",0.9918763637542723,1511.0,1624.0,103,Boston College,fbs,ACC,7.0,"[0, 0, 0, 7]",0.0081236362457275,1462.0,1349.0,2.486695716920178,Heinz Field,68400.0,40.44678376501633,-80.01575589179993,68400.0,0.7470906432748537,0
401752728,2025,6,regular,2025-10-04 16:00:00+00:00,False,True,False,True,93033.0,3917.0,Sanford Stadium,61,Georgia,fbs,SEC,35.0,"[14, 7, 14, 0]",1.0,2033.0,2033.0,96,Kentucky,fbs,SEC,14.0,"[0, 7, 0, 7]",0.0,1513.0,1513.0,2.8258150901367185,Sanford Stadium,92746.0,33.949821489498824,-83.37344169616699,92746.0,1.0,0
401762830,2025,6,regular,2025-10-04 16:00:00+00:00,False,True,False,True,8427.0,3919.0,Scheumann Stadium,2050,Ball State,fbs,Mid-American,20.0,"[0, 0, 10, 10]",0.1505017429590225,1095.0,1131.0,195,Ohio,fbs,Mid-American,14.0,"[7, 7, 0, 0]",0.8494982570409775,1604.0,1568.0,7.259397238585601,Scheumann Stadium,22500.0,40.21602764466651,-85.41769962206614,22500.0,0.37453333333333333,0
401756911,2025,6,regular,2025-10-04 16:00:00+00:00,False,True,False,True,35596.0,4727.0,McLane Stadium,239,Baylor,fbs,Big 12,35.0,"[3, 14, 0, 18]",0.5523378849029541,1590.0,1593.0,2306,Kansas State,fbs,Big 12,34.0,"[7, 10, 14, 3]",0.4476621150970459,1665.0,1662.0,7.944630830586239,McLane Stadium,45140.0,31.55866263551169,-97.11560010910034,45140.0,0.788568896765618,0
401752856,2025,6,regular,2025-10-04 16:00:00+00:00,False,True,False,True,111070.0,3558.0,Michigan Stadium,130,Michigan,fbs,Big Ten,24.0,"[7, 3, 7, 7]",0.982044756412506,1848.0,1851.0,275,Wisconsin,fbs,Big Ten,10.0,"[7, 0, 0, 3]",0.0179552435874938,1543.0,1540.0,3.6001514426885888,Michigan Stadium,107601.0,42.26586873251738,-83.7487256526947,107601.0,1.0,0
401756912,2025,6,regular,2025-10-04 16:00:00+00:00,False,True,False,True,38007.0,3854.0,Nippert Stadium,2132,Cincinnati,fbs,Big 12,38.0,"[17, 14, 0, 7]",0.9722381234169006,1520.0,1541.0,66,Iowa State,fbs,Big 12,30.0,"[0, 15, 7, 8]",0.0277618765830993,1655.0,1634.0,3.6924631307420728,Nippert Stadium,40000.0,39.13128425273405,-84.51626143741578,40000.0,0.950175,0
401754556,2025,6,regular,2025-10-04 17:00:00+00:00,False,True,False,True,65632.0,3799.0,Lane Stadium,259,Virginia Tech,fbs,ACC,23.0,"[7, 7, 9, 0]",0.4085460305213928,1457.0,1439.0,154,Wake Forest,fbs,ACC,30.0,"[3, 21, 3, 3]",0.5914539694786072,1391.0,1409.0,6.575458124170345,Lane Stadium,66233.0,37.2199742830054,-80.41805505752563,66233.0,0.99092597345734,0
401762479,2025,6,regular,2025-10-04 17:00:00+00:00,False,True,False,True,12132.0,3806.0,Lincoln Financial Field,218,Temple,fbs,American Athletic,27.0,"[3, 0, 21, 3]",0.9132686853408812,1205.0,1228.0,2636,UTSA,fbs,American Athletic,21.0,"[7, 7, 7, 0]",0.0867313146591186,1494.0,1471.0,3.7445383852734455,Lincoln Financial Field,68532.0,39.900748900488125,-75.16749143600464,68532.0,0.17702679040448258,0
401754557,2025,6,regular,2025-10-04 18:00:00+00:00,False,True,False,False,56919.0,3670.0,Carter-Finley Stadium,152,NC State,fbs,ACC,56.0,"[21, 28, 7, 0]",0.9692317843437196,1488.0,1488.0,2097,Campbell,fcs,Coastal Athletic,10.0,"[7, 0, 0, 3]",0.0307682156562805,735.0,748.0,3.093569552146949,Carter–Finley Stadium,57583.0,35.80075968207897,-78.71948719024658,57583.0,0.9884688189222514,1
401762832,2025,6,regular,2025-10-04 18:30:00+00:00,False,True,False,True,10014.0,3985.0,Warren McGuirk Alumni Stadium,113,Massachusetts,fbs,Mid-American,3.0,"[3, 0, 0, 0]",0.0223897136747837,1039.0,1017.0,2711,Western Michigan,fbs,Mid-American,21.0,"[0, 7, 7, 7]",0.9776102863252164,1254.0,1276.0,4.403949342086451,Warren McGuirk Alumni Stadium,17000.0,42.377513236004525,-72.53562686052412,17000.0,0.5890588235294117,0
401756910,2025,6,regular,2025-10-04 19:00:00+00:00,False,True,False,True,40685.0,3619.0,Arizona Stadium,12,Arizona,fbs,Big 12,41.0,"[14, 10, 14, 3]",0.9457634687423706,1422.0,1467.0,197,Oklahoma State,fbs,Big 12,13.0,"[3, 3, 0, 7]",0.0542365312576293,1173.0,1128.0,2.707031841015566,Arizona Stadium,51811.0,32.228340232071496,-110.94903945922852,51811.0,0.7852579568045396,0
401762829,2025,6,regular,2025-10-04 19:30:00+00:00,False,True,False,True,8995.0,3768.0,InfoCision Stadium,2006,Akron,fbs,Mid-American,28.0,"[0, 14, 14, 0]",0.6349771022796631,995.0,1009.0,2117,Central Michigan,fbs,Mid-American,22.0,"[3, 7, 3, 9]",0.3650228977203369,1124.0,1110.0,5.048822755088203,Summa Field at InfoCision Stadium,30000.0,41.07256951528711,-81.50838375091553,30000.0,0.29983333333333334,0
401752855,2025,6,regular,2025-10-04 19:30:00+00:00,False,True,False,True,39256.0,1056.0,Rose Bowl,26,UCLA,fbs,Big Ten,42.0,"[10, 17, 7, 8]",0.6434393525123596,1331.0,1373.0,213,Penn State,fbs,Big Ten,37.0,"[7, 0, 14, 16]",0.3565606474876404,2070.0,2028.0,5.385604262565175,Rose Bowl,92542.0,34.16156958726264,-118.1676149368286,92542.0,0.42419658101186486,0
401752857,2025,6,regular,2025-10-04 19:30:00+00:00,False,True,False,True,46185.0,3665.0,SECU Stadium,120,Maryland,fbs,Big Ten,20.0,"[10, 3, 7, 0]",0.3396335542201996,1574.0,1573.0,264,Washington,fbs,Big Ten,24.0,"[0, 0, 3, 21]",0.6603664457798004,1665.0,1666.0,4.668454458410852,Byrd Stadium,51802.0,38.99120275144426,-76.94731173248788,51802.0,0.8915678931315393,0
401754555,2025,6,regular,2025-10-04 19:30:00+00:00,False,True,False,True,34845.0,3735.0,Gerald J. Ford Stadium,2567,SMU,fbs,ACC,31.0,"[3, 21, 0, 7]",0.9218617081642152,1691.0,1695.0,183,Syracuse,fbs,ACC,18.0,"[0, 3, 0, 15]",0.0781382918357849,1426.0,1422.0,2.9473198489980983,Gerald J. Ford Stadium,32000.0,32.83771580994254,-96.782705783844,32000.0,1.0,0
401754554,2025,6,regular,2025-10-04 19:30:00+00:00,False,True,False,True,50032.0,3873.0,L&N Federal Credit Union Stadium,97,Louisville,fbs,ACC,27.0,"[7, 7, 0, 10, 3]",0.7687817215919495,1750.0,1735.0,258,Virginia,fbs,ACC,30.0,"[7, 7, 10, 0, 6]",0.2312182784080505,1578.0,1593.0,9.702094358757874,Papa John's Cardinal Stadium,55000.0,38.20542168521144,-85.75810561566809,55000.0,0.9096727272727273,0
401752940,2025,6,regular,2025-10-04 19:30:00+00:00,False,True,False,False,35021.0,3792.0,Kidd Brewer Stadium,2026,App State,fbs,Sun Belt,27.0,"[17, 0, 10, 0]",0.8085228800773621,1324.0,1326.0,204,Oregon State,fbs,Pac-12,23.0,"[0, 14, 7, 2]",0.1914771199226379,1304.0,1302.0,5.490605485805172,Kidd Brewer Stadium,40168.0,36.21151530169309,-81.68550610542297,24050.0,0.8718631746664011,0
401757171,2025,6,regular,2025-10-04 19:30:00+00:00,False,True,False,False,27310.0,3892.0,Pratt & Whitney Stadium,41,UConn,fbs,FBS Independents,51.0,"[14, 13, 17, 7]",0.9888136386871338,1437.0,1541.0,2229,Florida International,fbs,Conference USA,10.0,"[0, 3, 0, 7]",0.0111863613128662,1320.0,1216.0,2.7682177131520103,Rentschler Field,40000.0,41.75988427820291,-72.61894226074219,40000.0,0.68275,0
401762831,2025,6,regular,2025-10-04 19:30:00+00:00,False,True,False,True,17300.0,3965.0,UB Stadium,2084,Buffalo,fbs,Mid-American,31.0,"[7, 7, 7, 3, 7]",0.3499263525009155,1382.0,1377.0,2199,Eastern Michigan,fbs,Mid-American,30.0,"[7, 7, 7, 3, 6]",0.6500736474990845,1193.0,1198.0,10.583398660904624,UB Stadium,29013.0,42.99906838239644,-78.7775194644928,29013.0,0.5962844242236239,0
401762873,2025,6,regular,2025-10-04 19:30:00+00:00,False,True,False,True,13827.0,3764.0,Huskie Stadium,2459,Northern Illinois,fbs,Mid-American,14.0,"[14, 0, 0, 0]",0.0548499226570129,1375.0,1356.0,193,Miami (OH),fbs,Mid-American,25.0,"[0, 10, 12, 3]",0.9451500773429872,1430.0,1449.0,4.53942701175636,Huskie Stadium,25500.0,41.934014,-88.778222,25500.0,0.542235294117647,0
401752727,2025,6,regular,2025-10-04 19:30:00+00:00,False,True,False,True,90714.0,3634.0,Ben Hill Griffin Stadium,57,Florida,fbs,SEC,29.0,"[10, 9, 10, 0]",0.9032769799232484,1629.0,1665.0,251,Texas,fbs,SEC,21.0,"[0, 7, 7, 7]",0.0967230200767517,1972.0,1936.0,3.328666311999717,Ben Hill Griffin Stadium,88548.0,29.649868677972304,-82.34866619110107,88548.0,1.0,0
401757165,2025,6,regular,2025-10-04 19:30:00+00:00,False,True,False,False,77622.0,3855.0,Notre Dame Stadium,87,Notre Dame,fbs,FBS Independents,28.0,"[6, 8, 7, 7]",1.0,2195.0,2194.0,68,Boise State,fbs,Mountain West,7.0,"[0, 7, 0, 0]",0.0,1653.0,1654.0,4.003611025708899,Notre Dame Stadium,80795.0,41.69842312158612,-86.23382449150085,80795.0,0.9607277678074139,0
401752726,2025,6,regular,2025-10-04 19:30:00+00:00,False,True,False,True,100077.0,3657.0,Bryant-Denny Stadium,333,Alabama,fbs,SEC,30.0,"[0, 14, 6, 10]",0.9804922938346864,1958.0,1974.0,238,Vanderbilt,fbs,SEC,14.0,"[7, 7, 0, 0]",0.0195077061653137,1758.0,1742.0,4.929460919889916,Bryant–Denny Stadium,101821.0,33.2074899449518,-87.5503921508789,101821.0,0.9828719026526944,0
401752729,2025,6,regular,2025-10-04 20:00:00+00:00,False,True,False,False,83016.0,3835.0,"Memorial Stadium (Norman, OK)",201,Oklahoma,fbs,SEC,44.0,"[10, 13, 21, 0]",0.9927051663398744,1748.0,1769.0,2309,Kent State,fbs,Mid-American,0.0,"[0, 0, 0, 0]",0.0072948336601257,859.0,838.0,2.256360267230515,Gaylord Family Oklahoma Memorial Stadium,82112.0,35.20589959488508,-97.44255065917967,82112.0,1.0,0
401761620,2025,6,regular,2025-10-04 20:00:00+00:00,False,True,False,True,15841.0,3625.0,Centennial Bank Stadium,2032,Arkansas State,fbs,Sun Belt,31.0,"[7, 3, 0, 21]",0.6875132918357849,1213.0,1224.0,326,Texas State,fbs,Sun Belt,30.0,"[7, 3, 0, 20]",0.3124867081642151,1590.0,1579.0,7.976827137552203,Centennial Bank Stadium,30964.0,35.84899009532366,-90.66769494362912,30964.0,0.5115941092882057,0
401752860,2025,6,regular,2025-10-04 20:00:00+00:00,False,True,False,True,86496.0,3834.0,"Memorial Stadium (Lincoln, NE)",158,Nebraska,fbs,Big Ten,38.0,"[14, 0, 7, 17]",0.6233457922935486,1703.0,1702.0,127,Michigan State,fbs,Big Ten,27.0,"[0, 7, 14, 6]",0.3766542077064514,1414.0,1415.0,4.799806501970732,Memorial Stadium,87091.0,40.82048352329494,-96.70571565628052,87091.0,0.9931680655865703,0
401761619,2025,6,regular,2025-10-04 22:00:00+00:00,False,True,False,True,20895.0,3918.0,S.B. Ballard Stadium,295,Old Dominion,fbs,Sun Belt,47.0,"[10, 24, 10, 3]",0.9817699790000916,1551.0,1628.0,324,Coastal Carolina,fbs,Sun Belt,7.0,"[0, 0, 0, 7]",0.0182300209999084,1259.0,1182.0,2.0492652937190687,Foreman Field,20118.0,36.88878131523489,-76.30567610263824,20118.0,1.0,0
401756913,2025,6,regular,2025-10-04 23:00:00+00:00,False,True,False,True,42806.0,4728.0,TDECU Stadium,248,Houston,fbs,Big 12,11.0,"[3, 8, 0, 0]",0.0017014285549521,1490.0,1456.0,2641,Texas Tech,fbs,Big 12,35.0,"[15, 10, 3, 7]",0.998298571445048,1751.0,1785.0,4.3021884566467214,TDECU Stadium,40000.0,29.721767963293527,-95.34909841095214,40000.0,1.0,0
401761621,2025,6,regular,2025-10-04 23:00:00+00:00,False,True,False,True,28035.0,3975.0,Veterans Memorial Stadium (AL),2653,Troy,fbs,Sun Belt,31.0,"[7, 7, 7, 3, 7]",0.8889092803001404,1438.0,1447.0,6,South Alabama,fbs,Sun Belt,24.0,"[7, 0, 10, 7, 0]",0.1110907196998596,1430.0,1421.0,7.5309253915796495,Veterans Memorial Stadium,30000.0,31.799527415252125,-85.95217691586194,30000.0,0.9345,0
401760385,2025,6,regular,2025-10-04 23:00:00+00:00,False,True,False,True,19861.0,3984.0,War Memorial Stadium,2751,Wyoming,fbs,Mountain West,17.0,"[3, 0, 7, 7]",0.0,1326.0,1321.0,2439,UNLV,fbs,Mountain West,31.0,"[17, 7, 0, 7]",1.0,1622.0,1627.0,3.254392040823553,War Memorial Stadium,29181.0,41.31193599299248,-105.56906461715698,29181.0,0.6806140982145917,0
401762477,2025,6,regular,2025-10-04 23:00:00+00:00,False,True,False,True,22999.0,3895.0,Rice Stadium,242,Rice,fbs,American Athletic,21.0,"[7, 0, 7, 7]",0.4553762972354889,1291.0,1273.0,2226,Florida Atlantic,fbs,American Athletic,27.0,"[14, 3, 7, 3]",0.5446237027645111,1201.0,1219.0,3.629749305817676,Rice Stadium,47000.0,29.71623402909437,-95.40926456451416,47000.0,0.48934042553191487,0
401754553,2025,6,regular,2025-10-04 23:30:00+00:00,False,True,False,True,67277.0,3697.0,Doak Campbell Stadium,52,Florida State,fbs,ACC,22.0,"[3, 0, 0, 19]",0.0358876995742321,1564.0,1573.0,2390,Miami,fbs,ACC,28.0,"[7, 7, 14, 0]",0.964112300425768,1852.0,1843.0,4.2630519356314,Bobby Bowden Field at Doak Campbell Stadium,82300.0,30.437547584621285,-84.30453398103501,82300.0,0.817460510328068,0
401752859,2025,6,regular,2025-10-04 23:30:00+00:00,False,True,False,True,105114.0,3861.0,Ohio Stadium,194,Ohio State,fbs,Big Ten,42.0,"[7, 14, 7, 14]",0.9900946021080016,2021.0,2078.0,135,Minnesota,fbs,Big Ten,3.0,"[3, 0, 0, 0]",0.0099053978919982,1594.0,1537.0,2.239853187898176,Ohio Stadium,104944.0,40.0016856893694,-83.01972806453705,104944.0,1.0,0
401756914,2025,6,regular,2025-10-04 23:30:00+00:00,False,True,False,True,43160.0,3616.0,Amon G. Carter Stadium,2628,TCU,fbs,Big 12,35.0,"[0, 14, 0, 21]",0.9767547249794006,1732.0,1751.0,38,Colorado,fbs,Big 12,21.0,"[0, 14, 0, 7]",0.0232452750205993,1618.0,1599.0,7.391437085165478,Amon G. Carter Stadium,45000.0,32.70991596942349,-97.36799597740172,45000.0,0.9591111111111111,0
401756915,2025,6,regular,2025-10-04 23:30:00+00:00,False,True,False,True,43229.0,3652.0,FBC Mortgage Stadium,2116,UCF,fbs,Big 12,20.0,"[7, 13, 0, 0]",0.0747774243354797,1579.0,1572.0,2305,Kansas,fbs,Big 12,27.0,"[0, 14, 13, 0]",0.9252225756645204,1664.0,1671.0,5.384533111657922,Bright House Networks Stadium,45323.0,28.607958859227068,-81.1929988861084,45323.0,0.9537982922577941,0
401752730,2025,6,regular,2025-10-04 23:30:00+00:00,False,True,False,True,108572.0,3795.0,Kyle Field,245,Texas A&M,fbs,SEC,31.0,"[0, 7, 7, 17]",0.9942386746406556,1753.0,1782.0,344,Mississippi State,fbs,SEC,9.0,"[3, 0, 0, 6]",0.0057613253593444,1523.0,1494.0,3.495141857650736,Kyle Field,102733.0,30.61009757817476,-96.34072922859283,102733.0,1.0,0
401762478,2025,6,regular,2025-10-05 00:00:00+00:00,False,True,False,True,27303.0,3805.0,Simmons Bank Liberty Stadium,235,Memphis,fbs,American Athletic,45.0,"[7, 21, 10, 7]",0.9879499673843384,1689.0,1723.0,202,Tulsa,fbs,American Athletic,7.0,"[0, 7, 0, 0]",0.0120500326156616,1079.0,1045.0,3.022417484440957,Liberty Bowl Memorial Stadium,62380.0,35.120856917268995,-89.97805741128388,62380.0,0.4376883616543764,0
401754551,2025,6,regular,2025-10-05 02:30:00+00:00,False,True,False,True,42240.0,3831.0,California Memorial Stadium,25,California,fbs,ACC,21.0,"[14, 7, 0, 0]",0.0096748229116201,1455.0,1408.0,150,Duke,fbs,ACC,45.0,"[7, 24, 0, 14]",0.99032517708838,1598.0,1645.0,4.772030131847419,California Memorial Stadium,62717.0,37.87068660370429,-122.2507095336914,62717.0,0.673501602436341,0
401760383,2025,6,regular,2025-10-05 02:30:00+00:00,False,True,False,True,40005.0,3660.0,Valley Children's Stadium,278,Fresno State,fbs,Mountain West,20.0,"[0, 20, 0, 0]",0.9091994166374208,1510.0,1508.0,2440,Nevada,fbs,Mountain West,17.0,"[3, 0, 7, 7]",0.0908005833625793,1257.0,1259.0,5.041799954848204,Bulldog Stadium,41031.0,36.81431969524593,-119.75810156690552,41031.0,0.974994516341303,0
401757278,2025,7,regular,2025-10-08 23:30:00+00:00,False,True,False,True,9806.0,3725.0,Johnny Red Floyd Stadium,2393,Middle Tennessee,fbs,Conference USA,20.0,"[3, 10, 0, 7]",0.1189020425081253,1175.0,1181.0,2623,Missouri State,fbs,Conference USA,22.0,"[0, 16, 3, 3]",0.8810979574918747,1335.0,1329.0,6.335220540226636,"Johnny ""Red"" Floyd Stadium",31000.0,35.85110908054087,-86.36844992637634,31000.0,0.3163225806451613,0
401757277,2025,7,regular,2025-10-09 00:00:00+00:00,False,True,False,True,9286.0,3946.0,Sun Bowl,2638,UTEP,fbs,Conference USA,8.0,"[0, 0, 0, 8]",0.0,1205.0,1200.0,2335,Liberty,fbs,Conference USA,19.0,"[7, 6, 6, 0]",1.0,1421.0,1426.0,3.2463058882707863,Sun Bowl Stadium,51500.0,31.77334530512776,-106.50789678096773,51500.0,0.18031067961165048,0
401757280,2025,7,regular,2025-10-09 23:00:00+00:00,False,True,False,True,9585.0,4899.0,Fifth Third Stadium,338,Kennesaw State,fbs,Conference USA,35.0,"[0, 14, 7, 14]",0.9933742880821228,1223.0,1332.0,2348,Louisiana Tech,fbs,Conference USA,7.0,"[7, 0, 0, 0]",0.0066257119178771,1490.0,1381.0,3.4898260862460013,Fifth Third Bank Stadium,11040.0,34.0234337,-84.6154897,8318.0,0.8682065217391305,0
401762480,2025,7,regular,2025-10-09 23:30:00+00:00,False,True,False,True,20035.0,4729.0,Yulman Stadium,2655,Tulane,fbs,American Athletic,26.0,"[3, 9, 0, 14]",0.8662735819816589,1572.0,1580.0,151,East Carolina,fbs,American Athletic,19.0,"[0, 0, 16, 3]",0.133726418018341,1548.0,1540.0,5.097665639948918,Benson Field at Yulman Stadium,30000.0,29.945898112528432,-90.11519112306328,30000.0,0.6678333333333333,0
401761622,2025,7,regular,2025-10-10 00:00:00+00:00,False,True,False,True,20032.0,3608.0,Allen E. Paulson Stadium,290,Georgia Southern,fbs,Sun Belt,35.0,"[7, 0, 14, 14]",0.0501914210617542,1324.0,1316.0,2572,Southern Miss,fbs,Sun Belt,38.0,"[7, 21, 7, 3]",0.9498085789382458,1265.0,1273.0,6.0306831730253965,Paulson Stadium,24300.0,32.41221167634779,-81.78317070007324,24300.0,0.8243621399176955,0
401762481,2025,7,regular,2025-10-10 23:30:00+00:00,False,True,False,True,31386.0,3825.0,DATCU Stadium,249,North Texas,fbs,American Athletic,36.0,"[14, 7, 7, 8]",0.0013628927990794,1616.0,1530.0,58,South Florida,fbs,American Athletic,63.0,"[7, 14, 28, 14]",0.9986371072009206,1521.0,1607.0,5.324575969232542,Apogee Stadium,30850.0,33.20393508408917,-97.15922355651855,30850.0,1.0,0
401752862,2025,7,regular,2025-10-11 01:00:00+00:00,False,True,False,True,63743.0,3765.0,Husky Stadium,264,Washington,fbs,Big Ten,38.0,"[0, 10, 21, 7]",0.9742462038993835,1666.0,1701.0,164,Rutgers,fbs,Big Ten,19.0,"[10, 3, 6, 0]",0.0257537961006164,1582.0,1547.0,6.099229154473839,Husky Stadium,70500.0,47.65043054401222,-122.30291984739304,70500.0,0.9041560283687943,0
401752863,2025,7,regular,2025-10-11 16:00:00+00:00,False,True,False,True,72109.0,3936.0,Spartan Stadium,127,Michigan State,fbs,Big Ten,13.0,"[7, 0, 0, 6]",0.0009458241984248,1415.0,1343.0,26,UCLA,fbs,Big Ten,38.0,"[10, 14, 14, 0]",0.9990541758015752,1373.0,1445.0,3.6543543575854263,Spartan Stadium,75005.0,42.7281691163326,-84.48487535119057,75005.0,0.9613892407172855,0
401756917,2025,7,regular,2025-10-11 16:00:00+00:00,False,True,False,True,35782.0,3854.0,Nippert Stadium,2132,Cincinnati,fbs,Big 12,20.0,"[7, 10, 0, 3]",0.975276529788971,1541.0,1558.0,2116,UCF,fbs,Big 12,11.0,"[0, 3, 0, 8]",0.024723470211029,1572.0,1555.0,2.636105198957938,Nippert Stadium,40000.0,39.13128425273405,-84.51626143741578,40000.0,0.89455,0
401752734,2025,7,regular,2025-10-11 16:00:00+00:00,False,True,False,True,57321.0,3838.0,Memorial Stadium,142,Missouri,fbs,SEC,24.0,"[7, 3, 7, 7]",0.1298093348741531,1781.0,1788.0,333,Alabama,fbs,SEC,27.0,"[7, 10, 3, 7]",0.8701906651258469,1974.0,1967.0,6.769031039615297,Faurot Field,71168.0,38.93589529672232,-92.33311414718628,71168.0,0.8054322167266187,0
401762833,2025,7,regular,2025-10-11 16:00:00+00:00,False,True,False,True,6575.0,3768.0,InfoCision Stadium,2006,Akron,fbs,Mid-American,7.0,"[0, 0, 0, 7]",0.0,1009.0,1018.0,193,Miami (OH),fbs,Mid-American,20.0,"[0, 3, 14, 3]",1.0,1449.0,1440.0,3.3376481574054546,Summa Field at InfoCision Stadium,30000.0,41.07256951528711,-81.50838375091553,30000.0,0.21916666666666668,0
401754561,2025,7,regular,2025-10-11 16:00:00+00:00,False,True,False,True,30654.0,3735.0,Gerald J. Ford Stadium,2567,SMU,fbs,ACC,34.0,"[7, 10, 7, 10]",0.982194483280182,1695.0,1709.0,24,Stanford,fbs,ACC,10.0,"[0, 7, 3, 0]",0.0178055167198181,1255.0,1241.0,3.0702369618575003,Gerald J. Ford Stadium,32000.0,32.83771580994254,-96.782705783844,32000.0,0.9579375,0
401762483,2025,7,regular,2025-10-11 16:00:00+00:00,False,True,False,True,31172.0,3841.0,Michie Stadium,349,Army,fbs,American Athletic,24.0,"[7, 10, 7, 0]",0.9966606497764589,1551.0,1552.0,2429,Charlotte,fbs,American Athletic,7.0,"[0, 0, 0, 7]",0.0033393502235412,1144.0,1143.0,2.2951208124148885,Michie Stadium,38000.0,41.38708043477422,-73.96408081054688,38000.0,0.8203157894736842,0
401762835,2025,7,regular,2025-10-11 16:00:00+00:00,False,True,False,True,24000.0,3700.0,Doyt L. Perry Stadium,189,Bowling Green,fbs,Mid-American,28.0,"[0, 7, 7, 14]",0.6695540547370911,1411.0,1422.0,2649,Toledo,fbs,Mid-American,23.0,"[14, 7, 0, 2]",0.3304459452629089,1562.0,1551.0,4.618460980246395,Doyt Perry Stadium,23724.0,41.37805439803228,-83.62248212099075,23724.0,1.0,0
401754559,2025,7,regular,2025-10-11 16:00:00+00:00,False,True,False,True,65256.0,3697.0,Doak Campbell Stadium,52,Florida State,fbs,ACC,31.0,"[7, 14, 3, 7]",0.2889930009841919,1573.0,1572.0,221,Pittsburgh,fbs,ACC,34.0,"[7, 7, 7, 13]",0.7110069990158081,1624.0,1625.0,7.152016154781661,Bobby Bowden Field at Doak Campbell Stadium,82300.0,30.437547584621285,-84.30453398103501,82300.0,0.7929040097205347,0
401756920,2025,7,regular,2025-10-11 16:00:00+00:00,False,True,False,True,44941.0,3646.0,Boone Pickens Stadium,197,Oklahoma State,fbs,Big 12,17.0,"[7, 3, 0, 7]",0.0209532901644706,1128.0,1107.0,248,Houston,fbs,Big 12,39.0,"[10, 14, 12, 3]",0.9790467098355292,1456.0,1477.0,4.179605229194508,Boone Pickens Stadium,60218.0,36.12570866235855,-97.06650495529176,60218.0,0.7463050915008801,0
401752865,2025,7,regular,2025-10-11 16:00:00+00:00,False,True,False,True,60670.0,3832.0,"Memorial Stadium (Champaign, IL)",356,Illinois,fbs,Big Ten,16.0,"[0, 3, 7, 6]",0.0380934961140155,1585.0,1589.0,194,Ohio State,fbs,Big Ten,34.0,"[10, 10, 7, 7]",0.9619065038859844,2078.0,2074.0,3.495212533410147,Memorial Stadium,60670.0,40.09930573133053,-88.23598623275757,60670.0,1.0,0
401752733,2025,7,regular,2025-10-11 16:45:00+00:00,False,True,False,False,66392.0,3974.0,Vaught-Hemingway Stadium,145,Ole Miss,fbs,SEC,24.0,"[0, 10, 7, 7]",0.8845190405845642,1977.0,1971.0,265,Washington State,fbs,Pac-12,21.0,"[7, 0, 7, 7]",0.1154809594154357,1355.0,1361.0,5.373502448379028,Vaught–Hemingway Stadium,60580.0,34.362154302992906,-89.53414626020904,60580.0,1.0,0
401762836,2025,7,regular,2025-10-11 17:00:00+00:00,False,True,False,True,15676.0,3912.0,Rynearson Stadium,2199,Eastern Michigan,fbs,Mid-American,16.0,"[3, 3, 0, 10]",0.9610708355903624,1198.0,1213.0,2459,Northern Illinois,fbs,Mid-American,10.0,"[0, 3, 7, 0]",0.0389291644096374,1356.0,1341.0,4.819976326098797,Rynearson Stadium,30200.0,42.2557607087688,-83.64775657653809,30200.0,0.5190728476821193,0
401762837,2025,7,regular,2025-10-11 18:30:00+00:00,False,True,False,True,11523.0,3696.0,Dix Stadium,2309,Kent State,fbs,Mid-American,42.0,"[14, 7, 21, 0]",0.9943628311157228,838.0,966.0,113,Massachusetts,fbs,Mid-American,6.0,"[0, 6, 0, 0]",0.0056371688842773,1017.0,889.0,1.8487384351500185,Dix Stadium,25000.0,41.13908682549516,-81.31343945860863,25000.0,0.46092,0
401756919,2025,7,regular,2025-10-11 19:30:00+00:00,False,True,False,True,51316.0,3636.0,Bill Snyder Family Stadium,2306,Kansas State,fbs,Big 12,41.0,"[0, 14, 14, 13]",0.9988245368003844,1662.0,1695.0,2628,TCU,fbs,Big 12,28.0,"[0, 7, 7, 14]",0.0011754631996154,1751.0,1718.0,4.311708038251212,Bill Snyder Family Football Stadium,50000.0,39.20186361814248,-96.59379243850708,50000.0,1.0,0
401752866,2025,7,regular,2025-10-11 19:30:00+00:00,False,True,False,True,108121.0,3632.0,Beaver Stadium,213,Penn State,fbs,Big Ten,21.0,"[0, 14, 0, 7]",0.7152867913246155,2028.0,1996.0,77,Northwestern,fbs,Big Ten,22.0,"[3, 10, 0, 9]",0.2847132086753845,1478.0,1510.0,6.179311855515855,Beaver Stadium,106572.0,40.81215273275043,-77.85620212554932,106572.0,1.0,0
401761626,2025,7,regular,2025-10-11 19:30:00+00:00,False,True,False,True,23515.0,3775.0,Joan C. Edwards Stadium,276,Marshall,fbs,Sun Belt,48.0,"[7, 17, 17, 7]",0.9955727458000184,1508.0,1582.0,295,Old Dominion,fbs,Sun Belt,24.0,"[7, 3, 0, 14]",0.0044272541999816,1628.0,1554.0,4.323536814197387,Joan C. Edwards Stadium,38019.0,38.42486536179161,-82.42185831069946,38019.0,0.6185065362055814,0
401752870,2025,7,regular,2025-10-11 19:30:00+00:00,False,True,False,True,59625.0,3626.0,Autzen Stadium,2483,Oregon,fbs,Big Ten,20.0,"[7, 3, 3, 7]",0.0970106422901153,2018.0,1996.0,84,Indiana,fbs,Big Ten,30.0,"[10, 3, 7, 10]",0.9029893577098846,2000.0,2022.0,5.790429511289678,Autzen Stadium,54000.0,44.058272724266615,-123.0685043334961,54000.0,1.0,0
401754563,2025,7,regular,2025-10-11 19:30:00+00:00,False,True,False,False,29710.0,3893.0,Reser Stadium,204,Oregon State,fbs,Pac-12,14.0,"[0, 0, 0, 14]",0.070402517914772,1302.0,1248.0,154,Wake Forest,fbs,ACC,39.0,"[15, 10, 7, 7]",0.929597482085228,1409.0,1463.0,3.0025001196704197,Reser Stadium,45674.0,44.5594768421455,-123.2814073562622,45674.0,0.650479485046197,0
401752867,2025,7,regular,2025-10-11 19:30:00+00:00,False,True,False,True,39623.0,3665.0,SECU Stadium,120,Maryland,fbs,Big Ten,31.0,"[0, 17, 14, 0]",0.565939724445343,1573.0,1576.0,158,Nebraska,fbs,Big Ten,34.0,"[7, 17, 0, 10]",0.434060275554657,1702.0,1699.0,6.460996284830717,Byrd Stadium,51802.0,38.99120275144426,-76.94731173248788,51802.0,0.7648932473649666,0
401754562,2025,7,regular,2025-10-11 19:30:00+00:00,False,True,False,False,77622.0,3855.0,Notre Dame Stadium,87,Notre Dame,fbs,FBS Independents,36.0,"[7, 3, 14, 12]",0.9864176511764526,2194.0,2196.0,152,NC State,fbs,ACC,7.0,"[0, 7, 0, 0]",0.0135823488235473,1489.0,1487.0,4.13579605947671,Notre Dame Stadium,80795.0,41.69842312158612,-86.23382449150085,80795.0,0.9607277678074139,0
401754560,2025,7,regular,2025-10-11 19:30:00+00:00,False,True,False,True,50878.0,721.0,Bobby Dodd Stadium,59,Georgia Tech,fbs,ACC,35.0,"[15, 6, 7, 7]",0.9663555026054382,1568.0,1588.0,259,Virginia Tech,fbs,ACC,20.0,"[0, 7, 7, 6]",0.0336444973945617,1439.0,1419.0,2.376952976771132,Bobby Dodd Stadium at Historic Grant Field,55000.0,33.772556921319435,-84.39285278320312,55000.0,0.9250545454545455,0
401762834,2025,7,regular,2025-10-11 19:30:00+00:00,False,True,False,True,20032.0,3980.0,Waldo Stadium,2711,Western Michigan,fbs,Mid-American,42.0,"[7, 14, 7, 14]",0.994542121887207,1276.0,1379.0,2050,Ball State,fbs,Mid-American,0.0,"[0, 0, 0, 0]",0.0054578781127929,1131.0,1028.0,2.4716812597707336,Waldo Stadium,30200.0,42.285755487470176,-85.60100421309471,30200.0,0.6633112582781457,0
401756918,2025,7,regular,2025-10-11 19:30:00+00:00,False,True,False,True,52698.0,3726.0,Folsom Field,38,Colorado,fbs,Big 12,24.0,"[7, 0, 14, 3]",0.9795348048210144,1599.0,1611.0,66,Iowa State,fbs,Big 12,17.0,"[0, 10, 7, 0]",0.0204651951789855,1634.0,1622.0,5.620581706607601,Folsom Field,50183.0,40.00939837446321,-105.26688694953918,50183.0,1.0,0
401762484,2025,7,regular,2025-10-11 20:00:00+00:00,False,True,False,True,26149.0,3806.0,Lincoln Financial Field,218,Temple,fbs,American Athletic,31.0,"[7, 10, 7, 7]",0.6812015175819397,1228.0,1241.0,2426,Navy,fbs,American Athletic,32.0,"[7, 0, 14, 11]",0.3187984824180603,1546.0,1533.0,6.242304836612544,Lincoln Financial Field,68532.0,39.900748900488125,-75.16749143600464,68532.0,0.3815589797466877,0
401752735,2025,7,regular,2025-10-11 20:15:00+00:00,False,True,False,True,101915.0,3853.0,Neyland Stadium,2633,Tennessee,fbs,SEC,34.0,"[7, 10, 10, 7]",0.8328769207000732,1827.0,1825.0,8,Arkansas,fbs,SEC,31.0,"[10, 7, 0, 14]",0.1671230792999267,1608.0,1610.0,5.12397736458338,Neyland Stadium,102455.0,35.95473437262258,-83.92533302307129,102455.0,0.994729393392221,0
401762482,2025,7,regular,2025-10-11 22:00:00+00:00,False,True,False,True,20052.0,3715.0,FAU Stadium,2226,Florida Atlantic,fbs,American Athletic,53.0,"[21, 14, 15, 3]",1.0,1219.0,1270.0,5,UAB,fbs,American Athletic,33.0,"[0, 14, 16, 3]",0.0,1260.0,1209.0,1.8945495929790197,FAU Stadium,30000.0,26.3754535636523,-80.10168313980103,30000.0,0.6684,0
401761623,2025,7,regular,2025-10-11 23:00:00+00:00,False,True,False,True,15211.0,3654.0,Brooks Stadium (SC),324,Coastal Carolina,fbs,Sun Belt,23.0,"[6, 10, 7, 0]",0.9057210683822632,1182.0,1206.0,2433,UL Monroe,fbs,Sun Belt,8.0,"[0, 0, 8, 0]",0.0942789316177368,1101.0,1077.0,3.101859981932509,Brooks Stadium,22217.0,33.792838175224496,-79.01702282805255,9214.0,0.6846558941351217,0
401752737,2025,7,regular,2025-10-11 23:00:00+00:00,False,True,False,True,105086.0,3795.0,Kyle Field,245,Texas A&M,fbs,SEC,34.0,"[14, 7, 3, 10]",0.9996259808540344,1782.0,1808.0,57,Florida,fbs,SEC,17.0,"[14, 0, 3, 0]",0.0003740191459655,1665.0,1639.0,3.5273446774125765,Kyle Field,102733.0,30.61009757817476,-96.34072922859283,102733.0,1.0,0
401760391,2025,7,regular,2025-10-11 23:00:00+00:00,False,True,False,True,20970.0,3984.0,War Memorial Stadium,2751,Wyoming,fbs,Mountain West,35.0,"[7, 7, 0, 21]",0.4360280334949493,1321.0,1337.0,23,San José State,fbs,Mountain West,28.0,"[14, 14, 0, 0]",0.5639719665050507,1433.0,1417.0,6.175670868403655,War Memorial Stadium,29181.0,41.31193599299248,-105.56906461715698,29181.0,0.7186182790171687,0
401752869,2025,7,regular,2025-10-11 23:00:00+00:00,False,True,False,True,76064.0,347.0,Camp Randall Stadium,275,Wisconsin,fbs,Big Ten,0.0,"[0, 0, 0, 0]",0.0087848752737045,1540.0,1459.0,2294,Iowa,fbs,Big Ten,37.0,"[17, 6, 7, 7]",0.9912151247262956,1743.0,1824.0,2.166903610457213,Camp Randall Stadium,80321.0,43.06993802646878,-89.41274642944336,80321.0,0.9470001618505746,0
401752731,2025,7,regular,2025-10-11 23:30:00+00:00,False,True,False,True,88043.0,3785.0,Jordan-Hare Stadium,2,Auburn,fbs,SEC,10.0,"[7, 3, 0, 0]",0.4386319816112518,1676.0,1684.0,61,Georgia,fbs,SEC,20.0,"[0, 3, 10, 7]",0.5613680183887482,2033.0,2025.0,3.7158594869496846,Jordan–Hare Stadium,87451.0,32.602361666817515,-85.48891067504883,87451.0,1.0,0
401752868,2025,7,regular,2025-10-11 23:30:00+00:00,False,True,False,True,75500.0,477.0,Los Angeles Memorial Coliseum,30,USC,fbs,Big Ten,31.0,"[7, 7, 7, 10]",0.9903444051742554,1865.0,1904.0,130,Michigan,fbs,Big Ten,13.0,"[0, 7, 0, 6]",0.0096555948257446,1851.0,1812.0,2.813885377187143,Los Angeles Memorial Coliseum,93607.0,34.01400974062912,-118.28789591789246,93607.0,0.8065636116957066,0
401752864,2025,7,regular,2025-10-11 23:30:00+00:00,False,True,False,True,49254.0,3953.0,Huntington Bank Stadium,135,Minnesota,fbs,Big Ten,27.0,"[0, 13, 0, 14]",0.3324294686317444,1537.0,1534.0,2509,Purdue,fbs,Big Ten,20.0,"[7, 10, 3, 0]",0.6675705313682556,1311.0,1314.0,6.680073664999941,TCF Bank Stadium,52525.0,44.97652496911191,-93.224575817585,52525.0,0.937724892908139,0
401762485,2025,7,regular,2025-10-11 23:30:00+00:00,False,True,False,True,22058.0,3604.0,Alamodome,2636,UTSA,fbs,American Athletic,61.0,"[21, 17, 23, 0]",0.9894030094146729,1471.0,1588.0,242,Rice,fbs,American Athletic,13.0,"[3, 7, 0, 3]",0.0105969905853271,1273.0,1156.0,2.2423407780473745,Alamodome,65000.0,29.41693712868156,-98.47890257835388,65000.0,0.3393538461538462,0
401754558,2025,7,regular,2025-10-11 23:30:00+00:00,False,True,False,True,42265.0,3615.0,"Alumni Stadium (Chestnut Hill, MA)",103,Boston College,fbs,ACC,10.0,"[3, 7, 0, 0]",0.0082413423806428,1349.0,1303.0,228,Clemson,fbs,ACC,41.0,"[10, 24, 0, 7]",0.9917586576193572,1688.0,1734.0,3.623254654189204,Alumni Stadium,44500.0,42.33510834895851,-71.16647243499756,44500.0,0.9497752808988764,0
401756921,2025,7,regular,2025-10-11 23:30:00+00:00,False,True,False,True,60229.0,3784.0,Jones AT&T Stadium,2641,Texas Tech,fbs,Big 12,42.0,"[18, 3, 7, 14]",0.9748497009277344,1785.0,1835.0,2305,Kansas,fbs,Big 12,17.0,"[0, 17, 0, 0]",0.0251502990722656,1671.0,1621.0,3.776573182508832,Jones AT&T Stadium,60862.0,33.59102829801104,-101.87293767929076,60862.0,0.9895994216424041,0
401752732,2025,7,regular,2025-10-11 23:45:00+00:00,False,True,False,True,101921.0,3958.0,Tiger Stadium (LA),99,LSU,fbs,SEC,20.0,"[3, 7, 7, 3]",0.9584726095199584,1751.0,1763.0,2579,South Carolina,fbs,SEC,10.0,"[7, 0, 3, 0]",0.0415273904800415,1682.0,1670.0,4.958702234174087,Tiger Stadium,102321.0,30.4120123982997,-91.183819770813,102321.0,0.9960907340624114,0
401756916,2025,7,regular,2025-10-12 00:00:00+00:00,False,True,False,True,47960.0,3619.0,Arizona Stadium,12,Arizona,fbs,Big 12,27.0,"[7, 10, 0, 7, 3, 0]",0.4761094450950622,1467.0,1473.0,252,BYU,fbs,Big 12,33.0,"[14, 0, 0, 10, 3, 6]",0.5238905549049377,1701.0,1695.0,9.418590352527035,Arizona Stadium,51811.0,32.228340232071496,-110.94903945922852,51811.0,0.9256721545617725,0
401761627,2025,7,regular,2025-10-12 00:00:00+00:00,False,True,False,True,24369.0,3644.0,Bobcat Stadium (TX),326,Texas State,fbs,Sun Belt,41.0,"[28, 3, 7, 3, 0]",0.835141122341156,1579.0,1555.0,2653,Troy,fbs,Sun Belt,48.0,"[7, 10, 10, 14, 7]",0.164858877658844,1447.0,1471.0,6.582113673903993,Bobcat Stadium,30000.0,29.89134454879716,-97.92531180559462,30000.0,0.8123,0
401760387,2025,7,regular,2025-10-12 01:45:00+00:00,False,True,False,True,32982.0,3653.0,Albertsons Stadium,68,Boise State,fbs,Mountain West,41.0,"[10, 7, 3, 21]",0.996815264225006,1654.0,1667.0,167,New Mexico,fbs,Mountain West,25.0,"[0, 14, 3, 8]",0.0031847357749938,1416.0,1403.0,4.229356450034913,Albertsons Stadium,37000.0,43.6027080538683,-116.19591236114502,37000.0,0.8914054054054054,0
401756922,2025,7,regular,2025-10-12 02:15:00+00:00,False,True,False,True,51444.0,587.0,Rice-Eccles Stadium,254,Utah,fbs,Big 12,42.0,"[7, 14, 14, 7]",0.9942936897277832,1680.0,1773.0,9,Arizona State,fbs,Big 12,10.0,"[3, 0, 7, 0]",0.0057063102722167,1722.0,1629.0,2.318773229034503,Rice-Eccles Stadium,54383.0,40.75994782004573,-111.84882402420044,45017.0,0.945957376386003,0
401760390,2025,7,regular,2025-10-12 02:30:00+00:00,False,True,False,True,19473.0,3816.0,Mackay Stadium,2440,Nevada,fbs,Mountain West,10.0,"[0, 0, 0, 10]",0.0,1259.0,1188.0,21,San Diego State,fbs,Mountain West,44.0,"[14, 21, 9, 0]",1.0,1463.0,1534.0,2.7710207793983725,Mackay Stadium,30000.0,39.54692485017159,-119.8175597190857,30000.0,0.6491,0
401757282,2025,8,regular,2025-10-14 23:00:00+00:00,False,True,False,True,16312.0,3992.0,Williams Stadium (VA),2335,Liberty,fbs,Conference USA,30.0,"[3, 17, 0, 10]",0.1489957123994827,1426.0,1424.0,166,New Mexico State,fbs,Conference USA,27.0,"[0, 6, 14, 7]",0.8510042876005173,1229.0,1231.0,6.354180523660053,Williams Stadium,19200.0,37.354414,-79.175047,19200.0,0.8495833333333334,0
401757281,2025,8,regular,2025-10-15 00:00:00+00:00,False,True,False,True,12276.0,3796.0,Houchens Industries-L.T. Smith Stadium,98,Western Kentucky,fbs,Conference USA,6.0,"[3, 3, 0, 0]",0.0286298394203186,1424.0,1352.0,2229,Florida International,fbs,Conference USA,25.0,"[6, 13, 6, 0]",0.9713701605796814,1216.0,1288.0,3.326277577484785,Houchens Industries–L. T. Smith Stadium,22113.0,36.98487662989466,-86.459013971646,22113.0,0.5551485551485551,0
401757283,2025,8,regular,2025-10-15 23:00:00+00:00,False,True,False,True,16884.0,3662.0,AmFirst Stadium,55,Jacksonville State,fbs,Conference USA,38.0,"[7, 14, 14, 3]",0.9933927655220032,1517.0,1540.0,48,Delaware,fbs,Conference USA,25.0,"[0, 6, 6, 13]",0.0066072344779968,1491.0,1468.0,3.1959847532851486,JSU Stadium,24000.0,33.82031030570401,-85.76646566390991,24000.0,0.7035,0
401762486,2025,8,regular,2025-10-16 23:30:00+00:00,False,True,False,True,31307.0,3699.0,Dowdy-Ficklen Stadium,151,East Carolina,fbs,American Athletic,41.0,"[10, 14, 7, 10]",0.989390790462494,1540.0,1530.0,202,Tulsa,fbs,American Athletic,27.0,"[7, 7, 3, 10]",0.0106092095375061,1045.0,1055.0,4.473966791859087,Dowdy–Ficklen Stadium,50000.0,35.59642579698931,-77.36522912979126,50000.0,0.62614,0
401754564,2025,8,regular,2025-10-17 23:00:00+00:00,False,True,False,True,66573.0,3948.0,Hard Rock Stadium,2390,Miami,fbs,ACC,21.0,"[7, 3, 3, 8]",0.6015821099281311,1843.0,1832.0,97,Louisville,fbs,ACC,24.0,"[14, 0, 3, 7]",0.3984178900718689,1735.0,1746.0,6.084893249932992,Sun Life Stadium,65326.0,25.957933739028963,-80.23884057998657,65326.0,1.0,0
401752872,2025,8,regular,2025-10-18 00:00:00+00:00,False,True,False,True,48549.0,3953.0,Huntington Bank Stadium,135,Minnesota,fbs,Big Ten,24.0,"[0, 7, 7, 10]",0.981297731399536,1534.0,1592.0,158,Nebraska,fbs,Big Ten,6.0,"[3, 3, 0, 0]",0.0187022686004638,1699.0,1641.0,2.8117471745196485,TCF Bank Stadium,52525.0,44.97652496911191,-93.224575817585,52525.0,0.9243027129938125,0
401760396,2025,8,regular,2025-10-18 01:00:00+00:00,False,True,False,True,22710.0,3905.0,Maverik Stadium,328,Utah State,fbs,Mountain West,30.0,"[7, 3, 14, 6]",0.4866183698177337,1370.0,1376.0,23,San José State,fbs,Mountain West,25.0,"[3, 6, 10, 6]",0.5133816301822662,1417.0,1411.0,6.126946510509998,Romney Stadium,25513.0,41.75153188612883,-111.81210567885644,25513.0,0.8901344412652373,0
401754371,2025,8,regular,2025-10-18 02:30:00+00:00,False,True,False,True,33401.0,3831.0,California Memorial Stadium,25,California,fbs,ACC,21.0,"[14, 0, 7, 0]",0.7403112053871155,1408.0,1408.0,153,North Carolina,fbs,ACC,18.0,"[7, 3, 0, 8]",0.2596887946128845,1342.0,1342.0,4.470531145553338,California Memorial Stadium,62717.0,37.87068660370429,-122.2507095336914,62717.0,0.5325669276272781,0
401762839,2025,8,regular,2025-10-18 16:00:00+00:00,False,True,False,True,23105.0,3700.0,Doyt L. Perry Stadium,189,Bowling Green,fbs,Mid-American,6.0,"[3, 3, 0, 0]",0.0209629666060209,1422.0,1329.0,2117,Central Michigan,fbs,Mid-American,27.0,"[0, 17, 10, 0]",0.9790370333939792,1110.0,1203.0,3.6125295218185793,Doyt Perry Stadium,23724.0,41.37805439803228,-83.62248212099075,23724.0,0.9739082785365031,0
401756925,2025,8,regular,2025-10-18 16:00:00+00:00,False,True,False,True,28535.0,4728.0,TDECU Stadium,248,Houston,fbs,Big 12,31.0,"[7, 14, 7, 3]",0.7116693258285522,1477.0,1478.0,12,Arizona,fbs,Big 12,28.0,"[14, 0, 0, 14]",0.2883306741714477,1473.0,1472.0,5.216628655704583,TDECU Stadium,40000.0,29.721767963293527,-95.34909841095214,40000.0,0.713375,0
401754566,2025,8,regular,2025-10-18 16:00:00+00:00,False,True,False,True,27846.0,3982.0,Wallace Wade Stadium,150,Duke,fbs,ACC,18.0,"[0, 7, 3, 8]",0.1350423246622085,1645.0,1622.0,59,Georgia Tech,fbs,ACC,27.0,"[7, 0, 3, 17]",0.8649576753377914,1588.0,1611.0,5.815864619099065,Wallace Wade Stadium,33941.0,35.9953166502013,-78.94172430038452,33941.0,0.8204236763795999,0
401754569,2025,8,regular,2025-10-18 16:00:00+00:00,False,True,False,False,38917.0,3615.0,"Alumni Stadium (Chestnut Hill, MA)",103,Boston College,fbs,ACC,23.0,"[6, 14, 0, 3]",0.2284274846315384,1303.0,1291.0,41,UConn,fbs,FBS Independents,38.0,"[7, 10, 14, 7]",0.7715725153684616,1541.0,1553.0,6.2886720268955845,Alumni Stadium,44500.0,42.33510834895851,-71.16647243499756,44500.0,0.8745393258426967,0
401762841,2025,8,regular,2025-10-18 16:00:00+00:00,False,True,False,True,6832.0,3996.0,Yager Stadium,193,Miami (OH),fbs,Mid-American,44.0,"[7, 14, 7, 16]",0.9974722266197203,1440.0,1449.0,2199,Eastern Michigan,fbs,Mid-American,30.0,"[0, 14, 0, 16]",0.0025277733802795,1213.0,1204.0,3.34424224366337,Yager Stadium,24286.0,39.51942113142349,-84.73335450140017,24286.0,0.2813143374783826,0
401762488,2025,8,regular,2025-10-18 16:00:00+00:00,False,True,False,True,20027.0,4729.0,Yulman Stadium,2655,Tulane,fbs,American Athletic,24.0,"[0, 3, 7, 14]",0.6845576763153076,1580.0,1588.0,349,Army,fbs,American Athletic,17.0,"[0, 3, 7, 7]",0.3154423236846924,1552.0,1544.0,5.876755016290959,Benson Field at Yulman Stadium,30000.0,29.945898112528432,-90.11519112306328,30000.0,0.6675666666666666,0
401752873,2025,8,regular,2025-10-18 16:00:00+00:00,False,True,False,True,110701.0,3558.0,Michigan Stadium,130,Michigan,fbs,Big Ten,24.0,"[7, 0, 7, 10]",0.9841411113739014,1812.0,1839.0,264,Washington,fbs,Big Ten,7.0,"[0, 7, 0, 0]",0.0158588886260986,1701.0,1674.0,3.969699647089477,Michigan Stadium,107601.0,42.26586873251738,-83.7487256526947,107601.0,1.0,0
401752745,2025,8,regular,2025-10-18 16:00:00+00:00,False,True,False,True,35000.0,3973.0,FirstBank Stadium,238,Vanderbilt,fbs,SEC,31.0,"[7, 10, 14, 0]",0.9556613564491272,1742.0,1753.0,99,LSU,fbs,SEC,24.0,"[3, 10, 8, 3]",0.0443386435508728,1763.0,1752.0,4.356349337034045,Vanderbilt Stadium,40350.0,36.14355849696379,-86.80877208709717,40350.0,0.8674101610904585,0
401756927,2025,8,regular,2025-10-18 16:00:00+00:00,False,True,False,True,43868.0,3616.0,Amon G. Carter Stadium,2628,TCU,fbs,Big 12,42.0,"[0, 21, 7, 14]",1.0,1718.0,1719.0,239,Baylor,fbs,Big 12,36.0,"[7, 3, 8, 18]",0.0,1593.0,1592.0,5.070363114347411,Amon G. Carter Stadium,45000.0,32.70991596942349,-97.36799597740172,45000.0,0.9748444444444444,0
401752744,2025,8,regular,2025-10-18 16:45:00+00:00,False,True,False,True,78680.0,3994.0,Williams-Brice Stadium,2579,South Carolina,fbs,SEC,7.0,"[0, 7, 0, 0]",0.0127024631947278,1670.0,1630.0,201,Oklahoma,fbs,SEC,26.0,"[7, 7, 10, 2]",0.987297536805272,1741.0,1781.0,4.716868331594246,Williams-Brice Stadium,80250.0,33.97259115457693,-81.02021634578705,80250.0,0.9804361370716511,0
401756928,2025,8,regular,2025-10-18 17:00:00+00:00,False,True,False,True,43445.0,3652.0,FBC Mortgage Stadium,2116,UCF,fbs,Big 12,45.0,"[14, 0, 21, 10]",0.9519932270050048,1555.0,1616.0,277,West Virginia,fbs,Big 12,13.0,"[0, 7, 0, 6]",0.0480067729949951,1342.0,1281.0,3.8274028211489983,Bright House Networks Stadium,45323.0,28.607958859227068,-81.1929988861084,45323.0,0.9585640844604285,0
401762842,2025,8,regular,2025-10-18 18:00:00+00:00,False,True,False,True,18417.0,3739.0,Glass Bowl,2649,Toledo,fbs,Mid-American,45.0,"[7, 10, 21, 7]",0.98828786611557,1551.0,1579.0,2309,Kent State,fbs,Mid-American,10.0,"[10, 0, 0, 0]",0.0117121338844299,966.0,938.0,3.880598138150394,Glass Bowl,26248.0,41.65739077895321,-83.61401719150295,26248.0,0.7016534593111856,0
401762840,2025,8,regular,2025-10-18 18:30:00+00:00,False,True,False,True,15239.0,3985.0,Warren McGuirk Alumni Stadium,113,Massachusetts,fbs,Mid-American,21.0,"[0, 14, 7, 0]",0.5865947008132935,889.0,910.0,2084,Buffalo,fbs,Mid-American,28.0,"[3, 7, 10, 8]",0.4134052991867065,1377.0,1356.0,6.595531852666956,Warren McGuirk Alumni Stadium,17000.0,42.377513236004525,-72.53562686052412,17000.0,0.8964117647058824,0
401761633,2025,8,regular,2025-10-18 19:00:00+00:00,False,True,False,True,16863.0,3817.0,Malone Stadium,2433,UL Monroe,fbs,Sun Belt,14.0,"[0, 8, 6, 0]",0.0,1077.0,1060.0,2653,Troy,fbs,Sun Belt,37.0,"[10, 7, 10, 10]",1.0,1471.0,1488.0,5.693478891724538,Malone Stadium,30427.0,32.53106869451547,-92.06644075067642,30427.0,0.554211719854077,0
401761632,2025,8,regular,2025-10-18 19:30:00+00:00,False,True,False,True,27533.0,3775.0,Joan C. Edwards Stadium,276,Marshall,fbs,Sun Belt,40.0,"[7, 6, 3, 11, 7, 6]",0.701595664024353,1582.0,1583.0,326,Texas State,fbs,Sun Belt,37.0,"[7, 10, 0, 10, 7, 3]",0.298404335975647,1555.0,1554.0,23.246644462024943,Joan C. Edwards Stadium,38019.0,38.42486536179161,-82.42185831069946,38019.0,0.724190536310792,0
401752742,2025,8,regular,2025-10-18 19:30:00+00:00,False,True,False,True,93033.0,3917.0,Sanford Stadium,61,Georgia,fbs,SEC,43.0,"[3, 17, 6, 17]",1.0,2025.0,2034.0,145,Ole Miss,fbs,SEC,35.0,"[7, 14, 14, 0]",0.0,1971.0,1962.0,6.5134351342636005,Sanford Stadium,92746.0,33.949821489498824,-83.37344169616699,92746.0,1.0,0
401760392,2025,8,regular,2025-10-18 19:30:00+00:00,False,True,False,True,23401.0,3713.0,Falcon Stadium,2005,Air Force,fbs,Mountain West,24.0,"[3, 3, 8, 10]",0.6335259675979614,1354.0,1355.0,2751,Wyoming,fbs,Mountain West,21.0,"[7, 0, 7, 7]",0.3664740324020386,1337.0,1336.0,5.419990199182639,Falcon Stadium,46692.0,38.99690743122685,-104.84368801116943,46692.0,0.5011779319797824,0
401752878,2025,8,regular,2025-10-18 19:30:00+00:00,False,True,False,True,55165.0,3830.0,"Memorial Stadium (Bloomington, IN)",84,Indiana,fbs,Big Ten,38.0,"[7, 14, 14, 3]",0.9220895767211914,2022.0,2017.0,127,Michigan State,fbs,Big Ten,13.0,"[3, 7, 0, 3]",0.0779104232788086,1343.0,1348.0,3.80234001453004,Memorial Stadium,52959.0,39.18090913372923,-86.52557373046875,52959.0,1.0,0
401752739,2025,8,regular,2025-10-18 19:30:00+00:00,False,True,False,True,73845.0,3887.0,Razorback Stadium,8,Arkansas,fbs,SEC,42.0,"[3, 17, 7, 15]",0.2434804141521453,1610.0,1617.0,245,Texas A&M,fbs,SEC,45.0,"[7, 14, 17, 7]",0.7565195858478546,1808.0,1801.0,7.050104190802901,Donald W. Reynolds Razorback Stadium,72000.0,36.067850785167344,-94.17879581451416,72000.0,1.0,0
401762491,2025,8,regular,2025-10-18 19:30:00+00:00,False,True,False,True,25053.0,3825.0,DATCU Stadium,249,North Texas,fbs,American Athletic,55.0,"[17, 7, 21, 10]",0.985666036605835,1530.0,1648.0,2636,UTSA,fbs,American Athletic,17.0,"[7, 7, 3, 0]",0.014333963394165,1588.0,1470.0,4.1325353533684455,Apogee Stadium,30850.0,33.20393508408917,-97.15922355651855,30850.0,0.8120907617504052,0
401762838,2025,8,regular,2025-10-18 19:30:00+00:00,False,True,False,True,12248.0,3919.0,Scheumann Stadium,2050,Ball State,fbs,Mid-American,42.0,"[14, 0, 14, 14]",0.8880213499069214,1028.0,1055.0,2006,Akron,fbs,Mid-American,28.0,"[8, 7, 10, 3]",0.1119786500930786,1018.0,991.0,6.314330218644035,Scheumann Stadium,22500.0,40.21602764466651,-85.41769962206614,22500.0,0.5443555555555556,0
401761629,2025,8,regular,2025-10-18 19:30:00+00:00,False,True,False,True,33862.0,3792.0,Kidd Brewer Stadium,2026,App State,fbs,Sun Belt,37.0,"[14, 10, 10, 3]",0.3072485029697418,1360.0,1331.0,324,Coastal Carolina,fbs,Sun Belt,45.0,"[10, 7, 14, 14]",0.6927514970302582,1206.0,1235.0,5.483124376722729,Kidd Brewer Stadium,40168.0,36.21151530169309,-81.68550610542297,24050.0,0.8430093606851224,0
401760393,2025,8,regular,2025-10-18 19:30:00+00:00,False,True,False,True,32927.0,3653.0,Albertsons Stadium,68,Boise State,fbs,Mountain West,56.0,"[14, 14, 21, 7]",0.9625915288925172,1667.0,1725.0,2439,UNLV,fbs,Mountain West,31.0,"[3, 21, 0, 7]",0.0374084711074829,1625.0,1567.0,4.201195094053385,Albertsons Stadium,37000.0,43.6027080538683,-116.19591236114502,37000.0,0.8899189189189189,0
401761631,2025,8,regular,2025-10-18 19:30:00+00:00,False,True,False,True,25232.0,3651.0,Bridgeforth Stadium,256,James Madison,fbs,Sun Belt,63.0,"[14, 14, 21, 14]",1.0,1643.0,1733.0,295,Old Dominion,fbs,Sun Belt,27.0,"[20, 7, 0, 0]",0.0,1554.0,1464.0,5.342991925842684,Bridgeforth Stadium,24878.0,38.43508893585215,-78.87340330403673,24878.0,1.0,0
401762489,2025,8,regular,2025-10-18 19:30:00+00:00,False,True,False,True,13618.0,4418.0,Jerry Richardson Stadium,2429,Charlotte,fbs,American Athletic,14.0,"[7, 0, 0, 7]",0.0009986907243728,1143.0,1054.0,218,Temple,fbs,American Athletic,49.0,"[7, 21, 21, 0]",0.9990013092756272,1241.0,1330.0,3.3193001555565678,Jerry Richardson Stadium,15314.0,35.31028067616406,-80.74049377106525,15314.0,0.8892516651430064,0
401752877,2025,8,regular,2025-10-18 19:30:00+00:00,False,True,False,True,72795.0,347.0,Camp Randall Stadium,275,Wisconsin,fbs,Big Ten,0.0,"[0, 0, 0, 0]",0.0418873988091945,1459.0,1435.0,194,Ohio State,fbs,Big Ten,34.0,"[17, 0, 10, 7]",0.9581126011908054,2074.0,2098.0,2.691722316885296,Camp Randall Stadium,80321.0,43.06993802646878,-89.41274642944336,80321.0,0.9063009673684341,0
401754565,2025,8,regular,2025-10-18 19:30:00+00:00,False,True,False,True,78669.0,3836.0,"Memorial Stadium (Clemson, SC)",228,Clemson,fbs,ACC,24.0,"[0, 7, 10, 7]",0.3757469058036804,1734.0,1708.0,2567,SMU,fbs,ACC,35.0,"[7, 9, 7, 12]",0.6242530941963196,1709.0,1735.0,5.469391383562523,Memorial Stadium,81500.0,34.67874665741346,-82.84317970275879,81500.0,0.9652638036809816,0
401762843,2025,8,regular,2025-10-18 19:30:00+00:00,False,True,False,True,22293.0,3876.0,Peden Stadium,195,Ohio,fbs,Mid-American,48.0,"[14, 7, 13, 14]",0.992224931716919,1568.0,1612.0,2459,Northern Illinois,fbs,Mid-American,21.0,"[0, 8, 6, 7]",0.007775068283081,1341.0,1297.0,2.2632176094688368,Peden Stadium,24000.0,39.32130908459409,-82.10343944652357,24000.0,0.928875,0
401756923,2025,8,regular,2025-10-18 20:00:00+00:00,False,True,False,True,54177.0,3947.0,Mountain America Stadium,9,Arizona State,fbs,Big 12,26.0,"[3, 6, 7, 10]",0.7303037643432617,1629.0,1638.0,2641,Texas Tech,fbs,Big 12,22.0,"[0, 7, 0, 15]",0.2696962356567383,1835.0,1826.0,8.210014656868877,Sun Devil Stadium Frank Kush Field,71706.0,33.426364,-111.932616,71706.0,0.7555434691657602,0
401752741,2025,8,regular,2025-10-18 20:15:00+00:00,False,True,False,True,90203.0,3634.0,Ben Hill Griffin Stadium,57,Florida,fbs,SEC,23.0,"[3, 10, 0, 10]",0.5562131404876709,1639.0,1638.0,344,Mississippi State,fbs,SEC,21.0,"[7, 0, 0, 14]",0.4437868595123291,1494.0,1495.0,6.722744597880556,Ben Hill Griffin Stadium,88548.0,29.649868677972304,-82.34866619110107,88548.0,1.0,0
401761668,2025,8,regular,2025-10-18 21:00:00+00:00,False,True,False,True,21047.0,3666.0,Cajun Field,309,Louisiana,fbs,Sun Belt,10.0,"[7, 0, 3, 0]",0.484975665807724,1369.0,1333.0,2572,Southern Miss,fbs,Sun Belt,22.0,"[0, 13, 7, 2]",0.515024334192276,1273.0,1309.0,4.490560801194364,Cajun Field,36900.0,30.21579609675613,-92.01626413552384,36900.0,0.570379403794038,0
401752876,2025,8,regular,2025-10-18 22:30:00+00:00,False,True,False,True,53127.0,6577.0,SHI Stadium,164,Rutgers,fbs,Big Ten,10.0,"[3, 0, 0, 7]",0.0647441670298576,1547.0,1468.0,2483,Oregon,fbs,Big Ten,56.0,"[14, 28, 14, 0]",0.9352558329701424,1996.0,2075.0,2.865512792957869,High Point Solutions Stadium,52454.0,40.51378289308872,-74.46504457087282,52454.0,1.0,0
401752951,2025,8,regular,2025-10-18 22:30:00+00:00,False,True,False,False,56048.0,3923.0,Scott Stadium,258,Virginia,fbs,ACC,22.0,"[7, 0, 3, 12]",0.8094696998596191,1593.0,1590.0,265,Washington State,fbs,Pac-12,20.0,"[7, 10, 3, 0]",0.1905303001403808,1361.0,1364.0,5.834354257036716,Scott Stadium,61500.0,38.03112372855688,-78.51370811462402,61500.0,0.9113495934959349,0
401752875,2025,8,regular,2025-10-18 23:00:00+00:00,False,True,False,True,69250.0,3793.0,Kinnick Stadium,2294,Iowa,fbs,Big Ten,25.0,"[3, 7, 6, 9]",0.941158890724182,1824.0,1830.0,213,Penn State,fbs,Big Ten,24.0,"[7, 7, 7, 3]",0.0588411092758178,1996.0,1990.0,5.691935195239559,Kinnick Stadium,70585.0,41.65838893680983,-91.55147552490234,70585.0,0.9810866331373521,0
401761630,2025,8,regular,2025-10-18 23:00:00+00:00,False,True,False,True,25428.0,3608.0,Allen E. Paulson Stadium,290,Georgia Southern,fbs,Sun Belt,41.0,"[3, 10, 7, 21]",0.9113202095031738,1316.0,1335.0,2247,Georgia State,fbs,Sun Belt,24.0,"[7, 10, 7, 0]",0.0886797904968261,1116.0,1097.0,5.848176064577403,Paulson Stadium,24300.0,32.41221167634779,-81.78317070007324,24300.0,1.0,0
401752879,2025,8,regular,2025-10-18 23:00:00+00:00,False,True,False,True,35561.0,1056.0,Rose Bowl,26,UCLA,fbs,Big Ten,20.0,"[0, 7, 0, 13]",0.3851346671581268,1445.0,1448.0,120,Maryland,fbs,Big Ten,17.0,"[0, 3, 7, 7]",0.6148653328418732,1576.0,1573.0,7.414016656180507,Rose Bowl,92542.0,34.16156958726264,-118.1676149368286,92542.0,0.38426876445289704,0
401752743,2025,8,regular,2025-10-18 23:00:00+00:00,False,True,False,True,60937.0,3683.0,Kroger Field,96,Kentucky,fbs,SEC,13.0,"[0, 0, 3, 10, 0]",0.6518524885177612,1513.0,1533.0,251,Texas,fbs,SEC,16.0,"[0, 7, 3, 3, 3]",0.3481475114822387,1964.0,1944.0,8.799986829345762,Commonwealth Stadium,62093.0,38.02262168129363,-84.50520515441895,62093.0,0.9813827645628331,0
401752738,2025,8,regular,2025-10-18 23:30:00+00:00,False,True,False,True,100077.0,3657.0,Bryant-Denny Stadium,333,Alabama,fbs,SEC,37.0,"[7, 16, 7, 7]",0.8311017751693726,1967.0,1991.0,2633,Tennessee,fbs,SEC,20.0,"[0, 7, 6, 7]",0.1688982248306274,1825.0,1801.0,3.936617568158109,Bryant–Denny Stadium,101821.0,33.2074899449518,-87.5503921508789,101821.0,0.9828719026526944,0
401762490,2025,8,regular,2025-10-18 23:30:00+00:00,False,True,False,True,45169.0,3886.0,Raymond James Stadium,58,South Florida,fbs,American Athletic,48.0,"[7, 14, 10, 17]",0.9991554617881776,1607.0,1663.0,2226,Florida Atlantic,fbs,American Athletic,13.0,"[3, 3, 7, 0]",0.0008445382118225,1270.0,1214.0,3.650755447946169,Raymond James Stadium,65857.0,27.975994470037183,-82.50334918498993,65857.0,0.6858648283401916,0
401752871,2025,8,regular,2025-10-18 23:30:00+00:00,False,True,False,False,77622.0,3855.0,Notre Dame Stadium,87,Notre Dame,fbs,FBS Independents,34.0,"[7, 7, 13, 7]",0.9801550507545472,2196.0,2193.0,30,USC,fbs,Big Ten,24.0,"[10, 3, 11, 0]",0.0198449492454528,1904.0,1907.0,5.899381659571455,Notre Dame Stadium,80795.0,41.69842312158612,-86.23382449150085,80795.0,0.9607277678074139,0
401754568,2025,8,regular,2025-10-18 23:30:00+00:00,False,True,False,True,40772.0,1964.0,JMA Wireless Dome,183,Syracuse,fbs,ACC,13.0,"[7, 0, 0, 6]",0.1832797825336456,1422.0,1402.0,221,Pittsburgh,fbs,ACC,30.0,"[7, 10, 3, 10]",0.8167202174663544,1625.0,1645.0,4.623256562987445,Carrier Dome,49250.0,43.036132820423234,-76.13651990890503,49250.0,0.8278578680203046,0
401752740,2025,8,regular,2025-10-18 23:45:00+00:00,False,True,False,True,88043.0,3785.0,Jordan-Hare Stadium,2,Auburn,fbs,SEC,17.0,"[7, 0, 7, 3, 0, 0]",0.3376168608665466,1684.0,1681.0,142,Missouri,fbs,SEC,23.0,"[3, 7, 0, 7, 0, 6]",0.6623831391334534,1788.0,1791.0,8.047831932676818,Jordan–Hare Stadium,87451.0,32.602361666817515,-85.48891067504883,87451.0,1.0,0
401756926,2025,8,regular,2025-10-19 00:00:00+00:00,False,True,False,True,46901.0,3646.0,Boone Pickens Stadium,197,Oklahoma State,fbs,Big 12,17.0,"[3, 7, 7, 0]",0.0426059365272522,1107.0,1071.0,2132,Cincinnati,fbs,Big 12,49.0,"[7, 21, 0, 21]",0.9573940634727478,1558.0,1594.0,4.321065221154091,Boone Pickens Stadium,60218.0,36.12570866235855,-97.06650495529176,60218.0,0.7788534989538012,0
401756924,2025,8,regular,2025-10-19 00:00:00+00:00,False,True,False,True,64794.0,3801.0,LaVell Edwards Stadium,252,BYU,fbs,Big 12,24.0,"[0, 10, 0, 14]",0.7315915822982788,1695.0,1697.0,254,Utah,fbs,Big 12,21.0,"[0, 7, 0, 14]",0.2684084177017212,1773.0,1771.0,5.791657620958455,LaVell Edwards Stadium,63725.0,40.25748799746312,-111.65443897247314,63725.0,1.0,0
401760395,2025,8,regular,2025-10-19 01:45:00+00:00,False,True,False,True,18233.0,3971.0,University Stadium (NM),167,New Mexico,fbs,Mountain West,24.0,"[7, 7, 10, 0]",0.4035526812076568,1403.0,1401.0,2440,Nevada,fbs,Mountain West,22.0,"[3, 9, 7, 3]",0.5964473187923431,1188.0,1190.0,5.439889461029641,University Stadium,39224.0,35.06761048267165,-106.6281028358157,39224.0,0.4648429532939017,0
401752941,2025,8,regular,2025-10-19 02:00:00+00:00,False,True,False,False,27735.0,3893.0,Reser Stadium,204,Oregon State,fbs,Pac-12,45.0,"[3, 7, 21, 14]",0.9931827187538148,1237.0,1237.0,322,Lafayette,fcs,Patriot,13.0,"[3, 10, 0, 0]",0.0068172812461853,735.0,748.0,4.638206639317544,Reser Stadium,45674.0,44.5594768421455,-123.2814073562622,45674.0,0.6072382537110829,1
401754567,2025,8,regular,2025-10-19 02:30:00+00:00,False,True,False,True,26470.0,3940.0,Stanford Stadium,24,Stanford,fbs,ACC,20.0,"[3, 10, 7, 0]",0.4927515685558319,1241.0,1271.0,52,Florida State,fbs,ACC,13.0,"[0, 10, 0, 3]",0.5072484314441681,1572.0,1542.0,4.547792894378754,Stanford Stadium,50000.0,37.43472641329173,-122.1610164642334,50000.0,0.5294,0
401757285,2025,9,regular,2025-10-21 23:00:00+00:00,False,True,False,True,12133.0,2031.0,Pitbull Stadium,2229,Florida International,fbs,Conference USA,26.0,"[7, 7, 3, 9]",0.0,1288.0,1246.0,338,Kennesaw State,fbs,Conference USA,45.0,"[14, 10, 7, 14]",1.0,1332.0,1374.0,4.216063643104564,FIU Stadium,23500.0,25.75249278747405,-80.37786483764648,23500.0,0.5162978723404256,0
401757286,2025,9,regular,2025-10-21 23:30:00+00:00,False,True,False,True,10928.0,3776.0,Joe Aillet Stadium,2348,Louisiana Tech,fbs,Conference USA,27.0,"[7, 0, 7, 6, 7]",0.6517226696014404,1381.0,1378.0,98,Western Kentucky,fbs,Conference USA,28.0,"[10, 10, 0, 0, 8]",0.3482773303985595,1352.0,1355.0,9.038273739815123,Joe Aillet Stadium,30600.0,32.53223809915824,-92.6560188758494,30600.0,0.3571241830065359,0
401757287,2025,9,regular,2025-10-22 23:30:00+00:00,False,True,False,True,14102.0,3695.0,Delaware Stadium,48,Delaware,fbs,Conference USA,31.0,"[7, 17, 7, 0]",0.7459631562232971,1468.0,1465.0,2393,Middle Tennessee,fbs,Conference USA,28.0,"[14, 0, 7, 7]",0.2540368437767029,1181.0,1184.0,5.995049717453125,Delaware Stadium,22000.0,39.6617040181287,-75.7488301174382,22000.0,0.641,0
401757288,2025,9,regular,2025-10-23 01:00:00+00:00,False,True,False,True,8790.0,3601.0,Aggie Memorial Stadium,166,New Mexico State,fbs,Conference USA,17.0,"[0, 7, 0, 10, 0]",0.3332197070121765,1231.0,1225.0,2623,Missouri State,fbs,Conference USA,24.0,"[7, 0, 10, 0, 7]",0.6667802929878235,1329.0,1335.0,7.537797642472893,Aggie Memorial Stadium,30343.0,32.27974938226407,-106.74113631248474,30343.0,0.28968790165771346,0
401762492,2025,9,regular,2025-10-24 23:00:00+00:00,False,True,False,True,9626.0,4418.0,Jerry Richardson Stadium,2429,Charlotte,fbs,American Athletic,20.0,"[10, 7, 3, 0]",0.0587316676974296,1054.0,1028.0,249,North Texas,fbs,American Athletic,54.0,"[7, 10, 10, 27]",0.9412683323025705,1648.0,1674.0,5.201038363476169,Jerry Richardson Stadium,15314.0,35.31028067616406,-80.74049377106525,15314.0,0.6285751599843281,0
401754372,2025,9,regular,2025-10-24 23:30:00+00:00,False,True,False,True,53837.0,3799.0,Lane Stadium,259,Virginia Tech,fbs,ACC,42.0,"[10, 0, 10, 7, 7, 8]",0.8125044703483582,1419.0,1430.0,25,California,fbs,ACC,34.0,"[3, 17, 0, 7, 7, 0]",0.1874955296516418,1408.0,1397.0,11.999217742937724,Lane Stadium,66233.0,37.2199742830054,-80.41805505752563,66233.0,0.8128425407274319,0
401760397,2025,9,regular,2025-10-25 02:00:00+00:00,False,True,False,True,18029.0,3816.0,Mackay Stadium,2440,Nevada,fbs,Mountain West,3.0,"[3, 0, 0, 0]",0.1125825569033622,1190.0,1191.0,68,Boise State,fbs,Mountain West,24.0,"[3, 7, 7, 7]",0.8874174430966377,1725.0,1724.0,5.885370695021587,Mackay Stadium,30000.0,39.54692485017159,-119.8175597190857,30000.0,0.6009666666666666,0
401752885,2025,9,regular,2025-10-25 16:00:00+00:00,False,True,False,True,54867.0,3830.0,"Memorial Stadium (Bloomington, IN)",84,Indiana,fbs,Big Ten,56.0,"[14, 21, 14, 7]",0.989940881729126,2017.0,2091.0,26,UCLA,fbs,Big Ten,6.0,"[0, 3, 3, 0]",0.010059118270874,1448.0,1374.0,2.030595373015224,Memorial Stadium,52959.0,39.18090913372923,-86.52557373046875,52959.0,1.0,0
401754573,2025,9,regular,2025-10-25 16:00:00+00:00,False,True,False,True,50500.0,3787.0,Kenan Stadium,153,North Carolina,fbs,ACC,16.0,"[0, 10, 0, 0, 6]",0.853123664855957,1342.0,1352.0,258,Virginia,fbs,ACC,17.0,"[3, 7, 0, 0, 7]",0.1468763351440429,1590.0,1580.0,7.587525597139318,Kenan Memorial Stadium,62980.0,35.90698834747853,-79.04791831970215,62980.0,0.8018418545570022,0
401752750,2025,9,regular,2025-10-25 16:00:00+00:00,False,True,False,True,83468.0,3835.0,"Memorial Stadium (Norman, OK)",201,Oklahoma,fbs,SEC,26.0,"[3, 7, 16, 0]",0.1089394837617874,1781.0,1780.0,145,Ole Miss,fbs,SEC,34.0,"[10, 12, 3, 9]",0.8910605162382126,1962.0,1963.0,6.522901703271394,Gaylord Family Oklahoma Memorial Stadium,82112.0,35.20589959488508,-97.44255065917967,82112.0,1.0,0
401754571,2025,9,regular,2025-10-25 16:00:00+00:00,False,True,False,True,51913.0,721.0,Bobby Dodd Stadium,59,Georgia Tech,fbs,ACC,41.0,"[3, 17, 14, 7]",0.997944474220276,1611.0,1651.0,183,Syracuse,fbs,ACC,16.0,"[3, 0, 7, 6]",0.0020555257797241,1402.0,1362.0,3.855946668588535,Bobby Dodd Stadium at Historic Grant Field,55000.0,33.772556921319435,-84.39285278320312,55000.0,0.9438727272727273,0
401761635,2025,9,regular,2025-10-25 16:00:00+00:00,False,True,False,True,18097.0,3918.0,S.B. Ballard Stadium,295,Old Dominion,fbs,Sun Belt,24.0,"[7, 3, 14, 0]",0.9613745212554932,1464.0,1463.0,2026,App State,fbs,Sun Belt,21.0,"[0, 7, 0, 14]",0.0386254787445068,1331.0,1332.0,4.274537527076779,Foreman Field,20118.0,36.88878131523489,-76.30567610263824,20118.0,0.8995426980813203,0
401762494,2025,9,regular,2025-10-25 16:00:00+00:00,False,True,False,True,30940.0,3805.0,Simmons Bank Liberty Stadium,235,Memphis,fbs,American Athletic,34.0,"[7, 7, 3, 17]",0.3805342614650726,1680.0,1681.0,58,South Florida,fbs,American Athletic,31.0,"[14, 10, 7, 0]",0.6194657385349274,1663.0,1662.0,7.483692560112042,Liberty Bowl Memorial Stadium,62380.0,35.120856917268995,-89.97805741128388,62380.0,0.495992305226034,0
401762846,2025,9,regular,2025-10-25 16:00:00+00:00,False,True,False,True,9260.0,3696.0,Dix Stadium,2309,Kent State,fbs,Mid-American,24.0,"[0, 3, 14, 7]",0.5430498719215393,938.0,945.0,189,Bowling Green,fbs,Mid-American,21.0,"[7, 7, 7, 0]",0.4569501280784607,1329.0,1322.0,5.591471527723739,Dix Stadium,25000.0,41.13908682549516,-81.31343945860863,25000.0,0.3704,0
401762848,2025,9,regular,2025-10-25 16:00:00+00:00,False,True,False,True,15985.0,3912.0,Rynearson Stadium,2199,Eastern Michigan,fbs,Mid-American,21.0,"[14, 0, 0, 7]",0.2730849385261535,1204.0,1220.0,195,Ohio,fbs,Mid-American,28.0,"[7, 0, 7, 14]",0.7269150614738464,1612.0,1596.0,5.532686554097608,Rynearson Stadium,30200.0,42.2557607087688,-83.64775657653809,30200.0,0.5293046357615894,0
401752883,2025,9,regular,2025-10-25 16:00:00+00:00,False,True,False,True,86401.0,3834.0,"Memorial Stadium (Lincoln, NE)",158,Nebraska,fbs,Big Ten,28.0,"[7, 0, 14, 7]",0.987456202507019,1641.0,1645.0,77,Northwestern,fbs,Big Ten,21.0,"[3, 3, 7, 8]",0.0125437974929809,1534.0,1530.0,4.629625981360863,Memorial Stadium,87091.0,40.82048352329494,-96.70571565628052,87091.0,0.992077252528964,0
401752884,2025,9,regular,2025-10-25 16:00:00+00:00,False,True,False,True,55289.0,3907.0,Ross-Ade Stadium,2509,Purdue,fbs,Big Ten,24.0,"[10, 0, 7, 7]",0.4158609211444855,1290.0,1296.0,164,Rutgers,fbs,Big Ten,27.0,"[0, 7, 7, 13]",0.5841390788555145,1468.0,1462.0,6.663165101411546,Ross–Ade Stadium,56400.0,40.434323,-86.918485,56400.0,0.9803014184397163,0
401752942,2025,9,regular,2025-10-25 16:00:00+00:00,False,True,False,True,28358.0,3630.0,Allegacy Federal Credit Union Stadium,154,Wake Forest,fbs,ACC,13.0,"[3, 7, 0, 3]",0.7061779499053955,1463.0,1471.0,2567,SMU,fbs,ACC,12.0,"[0, 6, 6, 0]",0.2938220500946045,1735.0,1727.0,7.275136107763749,BB&T Field,31500.0,36.09183481061275,-80.25534152984619,31500.0,0.9002539682539683,0
401752746,2025,9,regular,2025-10-25 16:45:00+00:00,False,True,False,True,68922.0,3887.0,Razorback Stadium,8,Arkansas,fbs,SEC,24.0,"[0, 21, 3, 0]",0.1527402400970459,1617.0,1604.0,2,Auburn,fbs,SEC,33.0,"[7, 3, 6, 17]",0.8472597599029541,1681.0,1694.0,5.35366278395004,Donald W. Reynolds Razorback Stadium,72000.0,36.067850785167344,-94.17879581451416,72000.0,0.95725,0
401762844,2025,9,regular,2025-10-25 17:00:00+00:00,False,True,False,True,12491.0,3965.0,UB Stadium,2084,Buffalo,fbs,Mid-American,16.0,"[2, 8, 3, 3]",0.0281159915030002,1356.0,1307.0,2006,Akron,fbs,Mid-American,24.0,"[3, 0, 14, 7]",0.9718840084969996,991.0,1040.0,7.407073768153699,UB Stadium,29013.0,42.99906838239644,-78.7775194644928,29013.0,0.43053114121255986,0
401760400,2025,9,regular,2025-10-25 19:00:00+00:00,False,True,False,True,20097.0,3971.0,University Stadium (NM),167,New Mexico,fbs,Mountain West,33.0,"[7, 19, 0, 7]",0.7954603433609009,1401.0,1442.0,328,Utah State,fbs,Mountain West,14.0,"[0, 7, 0, 7]",0.2045396566390991,1377.0,1336.0,3.5724362517660464,University Stadium,39224.0,35.06761048267165,-106.6281028358157,39224.0,0.5123648786457271,0
401757172,2025,9,regular,2025-10-25 19:00:00+00:00,False,True,False,False,21122.0,3895.0,Rice Stadium,242,Rice,fbs,American Athletic,37.0,"[3, 14, 0, 7, 7, 6]",0.8228422403335571,1156.0,1163.0,41,UConn,fbs,FBS Independents,34.0,"[7, 14, 3, 0, 7, 3]",0.1771577596664428,1553.0,1546.0,9.782133091757844,Rice Stadium,47000.0,29.71623402909437,-95.40926456451416,47000.0,0.44940425531914896,0
401754574,2025,9,regular,2025-10-25 19:30:00+00:00,False,True,False,True,46840.0,3752.0,Acrisure Stadium,221,Pittsburgh,fbs,ACC,53.0,"[10, 21, 15, 7]",1.0,1645.0,1673.0,152,NC State,fbs,ACC,34.0,"[7, 14, 0, 13]",0.0,1487.0,1459.0,3.9319619869279503,Heinz Field,68400.0,40.44678376501633,-80.01575589179993,68400.0,0.6847953216374268,0
401762495,2025,9,regular,2025-10-25 19:30:00+00:00,False,True,False,True,16403.0,3674.0,Chapman Stadium,202,Tulsa,fbs,American Athletic,37.0,"[3, 14, 7, 7, 6]",0.7279811501502991,1055.0,1066.0,218,Temple,fbs,American Athletic,38.0,"[7, 7, 14, 3, 7]",0.2720188498497009,1330.0,1319.0,10.629657665692894,Skelly Field at H. A. Chapman Stadium,35542.0,36.14886067519205,-95.943603515625,35542.0,0.4615103258117157,0
401752751,2025,9,regular,2025-10-25 19:30:00+00:00,False,True,False,True,79537.0,3994.0,Williams-Brice Stadium,2579,South Carolina,fbs,SEC,22.0,"[3, 3, 9, 7]",0.3482479751110077,1630.0,1643.0,333,Alabama,fbs,SEC,29.0,"[7, 7, 0, 15]",0.6517520248889923,1991.0,1978.0,6.965500888933744,Williams-Brice Stadium,80250.0,33.97259115457693,-81.02021634578705,80250.0,0.9911152647975078,0
401761637,2025,9,regular,2025-10-25 19:30:00+00:00,False,True,False,True,27111.0,3815.0,M. M. Roberts Stadium,2572,Southern Miss,fbs,Sun Belt,49.0,"[7, 14, 14, 14]",0.998727798461914,1309.0,1354.0,2433,UL Monroe,fbs,Sun Belt,21.0,"[7, 7, 0, 7]",0.0012722015380859,1060.0,1015.0,3.606584824673627,M. M. Roberts Stadium,36000.0,31.32897842661232,-89.33133065700531,36000.0,0.7530833333333333,0
401762845,2025,9,regular,2025-10-25 19:30:00+00:00,False,True,False,True,10124.0,3764.0,Huskie Stadium,2459,Northern Illinois,fbs,Mid-American,21.0,"[7, 0, 7, 7]",0.1410469710826873,1297.0,1305.0,2050,Ball State,fbs,Mid-American,7.0,"[0, 7, 0, 0]",0.8589530289173126,1055.0,1047.0,4.565846594745,Huskie Stadium,25500.0,41.934014,-88.778222,25500.0,0.3970196078431373,0
401762847,2025,9,regular,2025-10-25 19:30:00+00:00,False,True,False,True,20489.0,3786.0,Kelly/Shorts Stadium,2117,Central Michigan,fbs,Mid-American,38.0,"[21, 3, 14, 0]",0.9943882822990416,1203.0,1234.0,113,Massachusetts,fbs,Mid-American,13.0,"[7, 3, 3, 0]",0.0056117177009582,910.0,879.0,3.5203497405038147,Kelly/Shorts Stadium,32885.0,43.577612282574535,-84.77082967758179,32885.0,0.6230500228067508,0
401752882,2025,9,regular,2025-10-25 19:30:00+00:00,False,True,False,True,69250.0,3793.0,Kinnick Stadium,2294,Iowa,fbs,Big Ten,41.0,"[17, 14, 3, 7]",0.9994415640830994,1830.0,1907.0,135,Minnesota,fbs,Big Ten,3.0,"[0, 0, 3, 0]",0.0005584359169006,1592.0,1515.0,1.877402479993451,Kinnick Stadium,70585.0,41.65838893680983,-91.55147552490234,70585.0,0.9810866331373521,0
401752952,2025,9,regular,2025-10-25 19:30:00+00:00,False,True,False,False,27646.0,3820.0,Gesa Field,265,Washington State,fbs,Pac-12,28.0,"[0, 21, 0, 7]",0.949966847896576,1364.0,1438.0,2649,Toledo,fbs,Mid-American,7.0,"[0, 7, 0, 0]",0.050033152103424,1579.0,1505.0,2.8357891127616592,Martin Stadium,32248.0,46.731967978653024,-117.16058578781136,32248.0,0.8572934755643761,0
401762493,2025,9,regular,2025-10-25 19:30:00+00:00,False,True,False,True,32175.0,3852.0,Navy-Marine Corps Memorial Stadium,2426,Navy,fbs,American Athletic,42.0,"[14, 7, 0, 21]",0.9364301562309264,1533.0,1529.0,2226,Florida Atlantic,fbs,American Athletic,32.0,"[10, 3, 0, 19]",0.0635698437690734,1214.0,1218.0,5.010906886551114,Navy–Marine Corps Memorial Stadium,34000.0,38.98483263543365,-76.5071153640747,34000.0,0.9463235294117647,0
401756931,2025,9,regular,2025-10-25 19:30:00+00:00,False,True,False,True,61500.0,3772.0,Jack Trice Stadium,66,Iowa State,fbs,Big 12,27.0,"[17, 7, 3, 0]",0.6387631893157959,1622.0,1597.0,252,BYU,fbs,Big 12,41.0,"[7, 10, 10, 14]",0.3612368106842041,1697.0,1722.0,5.903255152394795,Jack Trice Stadium,61500.0,42.01400541108485,-93.6358094215393,61500.0,1.0,0
401752752,2025,9,regular,2025-10-25 19:30:00+00:00,False,True,False,True,35000.0,3973.0,FirstBank Stadium,238,Vanderbilt,fbs,SEC,17.0,"[0, 3, 7, 7]",0.1733971834182739,1753.0,1765.0,142,Missouri,fbs,SEC,10.0,"[0, 3, 0, 7]",0.8266028165817261,1791.0,1779.0,5.267295377402327,Vanderbilt Stadium,40350.0,36.14355849696379,-86.80877208709717,40350.0,0.8674101610904585,0
401760399,2025,9,regular,2025-10-25 19:30:00+00:00,False,True,False,True,41535.0,3660.0,Valley Children's Stadium,278,Fresno State,fbs,Mountain West,0.0,"[0, 0, 0, 0]",0.0,1405.0,1360.0,21,San Diego State,fbs,Mountain West,23.0,"[7, 6, 0, 10]",1.0,1534.0,1579.0,3.0376400475819985,Bulldog Stadium,41031.0,36.81431969524593,-119.75810156690552,41031.0,1.0,0
401752880,2025,9,regular,2025-10-25 19:30:00+00:00,False,True,False,True,68630.0,3765.0,Husky Stadium,264,Washington,fbs,Big Ten,42.0,"[14, 7, 7, 14]",0.9434303045272828,1674.0,1703.0,356,Illinois,fbs,Big Ten,25.0,"[3, 14, 0, 8]",0.0565696954727172,1589.0,1560.0,3.937463841305171,Husky Stadium,70500.0,47.65043054401222,-122.30291984739304,70500.0,0.9734751773049646,0
401762874,2025,9,regular,2025-10-25 19:30:00+00:00,False,True,False,True,18025.0,3996.0,Yager Stadium,193,Miami (OH),fbs,Mid-American,26.0,"[3, 6, 0, 17]",0.9573808312416076,1449.0,1459.0,2711,Western Michigan,fbs,Mid-American,17.0,"[0, 14, 3, 0]",0.0426191687583923,1379.0,1369.0,5.224410165579504,Yager Stadium,24286.0,39.51942113142349,-84.73335450140017,24286.0,0.7421971506217574,0
401756933,2025,9,regular,2025-10-25 20:00:00+00:00,False,True,False,True,59625.0,3784.0,Jones AT&T Stadium,2641,Texas Tech,fbs,Big 12,42.0,"[21, 7, 14, 0]",0.9837449193000792,1826.0,1855.0,197,Oklahoma State,fbs,Big 12,0.0,"[0, 0, 0, 0]",0.0162550806999206,1071.0,1042.0,2.329245255067711,Jones AT&T Stadium,60862.0,33.59102829801104,-101.87293767929076,60862.0,0.9796753310768624,0
401756930,2025,9,regular,2025-10-25 20:00:00+00:00,False,True,False,True,38007.0,3854.0,Nippert Stadium,2132,Cincinnati,fbs,Big 12,41.0,"[14, 10, 3, 14]",0.9918137788772584,1594.0,1644.0,239,Baylor,fbs,Big 12,20.0,"[0, 6, 6, 8]",0.0081862211227417,1592.0,1542.0,2.1967496901640797,Nippert Stadium,40000.0,39.13128425273405,-84.51626143741578,40000.0,0.950175,0
401752749,2025,9,regular,2025-10-25 20:15:00+00:00,False,True,False,True,52680.0,3693.0,Davis Wade Stadium,344,Mississippi State,fbs,SEC,38.0,"[7, 17, 7, 7, 0]",0.2851321101188659,1495.0,1514.0,251,Texas,fbs,SEC,45.0,"[7, 7, 0, 24, 7]",0.714867889881134,1944.0,1925.0,9.321110708758852,Davis Wade Stadium,61337.0,33.456230599072065,-88.79342436790466,61337.0,0.8588616984854166,0
401756935,2025,9,regular,2025-10-25 22:00:00+00:00,False,True,False,True,54110.0,3842.0,Milan Puskar Stadium,277,West Virginia,fbs,Big 12,17.0,"[0, 7, 3, 7]",0.2196832597255706,1281.0,1300.0,2628,TCU,fbs,Big 12,23.0,"[10, 10, 0, 3]",0.7803167402744293,1719.0,1700.0,4.075723777053685,Mountaineer Field at Milan Puskar Stadium,60000.0,39.65221992482815,-79.9551753012939,60000.0,0.9018333333333334,0
401752886,2025,9,regular,2025-10-25 23:00:00+00:00,False,True,False,True,58940.0,3626.0,Autzen Stadium,2483,Oregon,fbs,Big Ten,21.0,"[0, 7, 7, 7]",0.9917219281196594,2075.0,2055.0,275,Wisconsin,fbs,Big Ten,7.0,"[0, 0, 0, 7]",0.0082780718803405,1435.0,1455.0,3.6594482803859503,Autzen Stadium,54000.0,44.058272724266615,-123.0685043334961,54000.0,1.0,0
401761636,2025,9,regular,2025-10-25 23:00:00+00:00,False,True,False,True,16341.0,3625.0,Centennial Bank Stadium,2032,Arkansas State,fbs,Sun Belt,34.0,"[7, 10, 7, 10]",0.8245862126350403,1235.0,1260.0,290,Georgia Southern,fbs,Sun Belt,24.0,"[14, 7, 0, 3]",0.1754137873649597,1335.0,1310.0,6.524004653583363,Centennial Bank Stadium,30964.0,35.84899009532366,-90.66769494362912,30964.0,0.527741893812169,0
401761638,2025,9,regular,2025-10-25 23:00:00+00:00,False,True,False,True,23719.0,3975.0,Veterans Memorial Stadium (AL),2653,Troy,fbs,Sun Belt,35.0,"[7, 14, 7, 7]",0.8598994016647339,1488.0,1499.0,309,Louisiana,fbs,Sun Belt,23.0,"[7, 10, 3, 3]",0.1401005983352661,1333.0,1322.0,5.765403250853845,Veterans Memorial Stadium,30000.0,31.799527415252125,-85.95217691586194,30000.0,0.7906333333333333,0
401754572,2025,9,regular,2025-10-25 23:00:00+00:00,False,True,False,True,63892.0,3948.0,Hard Rock Stadium,2390,Miami,fbs,ACC,42.0,"[0, 7, 21, 14]",0.988811731338501,1832.0,1863.0,24,Stanford,fbs,ACC,7.0,"[7, 0, 0, 0]",0.011188268661499,1271.0,1240.0,3.791078557297421,Sun Life Stadium,65326.0,25.957933739028963,-80.23884057998657,65326.0,0.9780485564706243,0
401752748,2025,9,regular,2025-10-25 23:30:00+00:00,False,True,False,True,101924.0,3958.0,Tiger Stadium (LA),99,LSU,fbs,SEC,25.0,"[7, 11, 0, 7]",0.0,1752.0,1694.0,245,Texas A&M,fbs,SEC,49.0,"[14, 0, 21, 14]",1.0,1801.0,1859.0,5.32002098367874,Tiger Stadium,102321.0,30.4120123982997,-91.183819770813,102321.0,0.9961200535569433,0
401752881,2025,9,regular,2025-10-25 23:30:00+00:00,False,True,False,True,75085.0,3936.0,Spartan Stadium,127,Michigan State,fbs,Big Ten,20.0,"[0, 7, 0, 13]",0.0,1348.0,1364.0,130,Michigan,fbs,Big Ten,31.0,"[10, 0, 14, 7]",1.0,1839.0,1823.0,4.5247274470283,Spartan Stadium,75005.0,42.7281691163326,-84.48487535119057,75005.0,1.0,0
401754570,2025,9,regular,2025-10-25 23:30:00+00:00,False,True,False,True,50320.0,3873.0,L&N Federal Credit Union Stadium,97,Louisville,fbs,ACC,38.0,"[7, 14, 7, 10]",1.0,1746.0,1738.0,103,Boston College,fbs,ACC,24.0,"[3, 7, 7, 7]",0.0,1291.0,1299.0,4.755154180508504,Papa John's Cardinal Stadium,55000.0,38.20542168521144,-85.75810561566809,55000.0,0.9149090909090909,0
401760398,2025,9,regular,2025-10-25 23:30:00+00:00,False,True,False,True,25609.0,3984.0,War Memorial Stadium,2751,Wyoming,fbs,Mountain West,28.0,"[7, 14, 7, 0]",0.9982336163520812,1336.0,1412.0,36,Colorado State,fbs,Mountain West,0.0,"[0, 0, 0, 0]",0.0017663836479187,1353.0,1277.0,2.2356075993077678,War Memorial Stadium,29181.0,41.31193599299248,-105.56906461715698,29181.0,0.8775915835646483,0
401752747,2025,9,regular,2025-10-25 23:45:00+00:00,False,True,False,True,60153.0,3683.0,Kroger Field,96,Kentucky,fbs,SEC,34.0,"[7, 14, 6, 7]",0.0142135480418801,1533.0,1506.0,2633,Tennessee,fbs,SEC,56.0,"[21, 14, 14, 7]",0.98578645195812,1801.0,1828.0,4.0851942581443055,Commonwealth Stadium,62093.0,38.02262168129363,-84.50520515441895,62093.0,0.9687565426054466,0
401756929,2025,9,regular,2025-10-26 00:00:00+00:00,False,True,False,True,54256.0,3947.0,Mountain America Stadium,9,Arizona State,fbs,Big 12,16.0,"[0, 0, 0, 16]",0.0,1638.0,1609.0,248,Houston,fbs,Big 12,24.0,"[10, 0, 14, 0]",1.0,1478.0,1507.0,4.716608221900163,Sun Devil Stadium Frank Kush Field,71706.0,33.426364,-111.932616,71706.0,0.7566451900817226,0
401756934,2025,9,regular,2025-10-26 02:15:00+00:00,False,True,False,True,51949.0,587.0,Rice-Eccles Stadium,254,Utah,fbs,Big 12,53.0,"[17, 26, 3, 7]",0.9948615431785583,1771.0,1887.0,38,Colorado,fbs,Big 12,7.0,"[0, 0, 0, 7]",0.0051384568214416,1611.0,1495.0,2.497372620669279,Rice-Eccles Stadium,54383.0,40.75994782004573,-111.84882402420044,45017.0,0.9552433664932056,0
401757289,2025,10,regular,2025-10-29 00:00:00+00:00,False,True,False,True,11040.0,4899.0,Fifth Third Stadium,338,Kennesaw State,fbs,Conference USA,33.0,"[14, 2, 7, 10]",0.8267028331756592,1374.0,1388.0,2638,UTEP,fbs,Conference USA,20.0,"[0, 10, 10, 0]",0.1732971668243408,1234.0,1220.0,5.908515511047378,Fifth Third Bank Stadium,11040.0,34.0234337,-84.6154897,8318.0,1.0,0
401761639,2025,10,regular,2025-10-29 00:00:00+00:00,False,True,False,True,17363.0,3644.0,Bobcat Stadium (TX),326,Texas State,fbs,Sun Belt,20.0,"[0, 20, 0, 0]",0.0021346090361475,1554.0,1486.0,256,James Madison,fbs,Sun Belt,52.0,"[14, 14, 21, 3]",0.9978653909638524,1733.0,1801.0,4.307558561592839,Bobcat Stadium,30000.0,29.89134454879716,-97.92531180559462,30000.0,0.5787666666666667,0
401757292,2025,10,regular,2025-10-29 23:30:00+00:00,False,True,False,True,10200.0,3725.0,Johnny Red Floyd Stadium,2393,Middle Tennessee,fbs,Conference USA,21.0,"[6, 0, 8, 7]",0.2287983149290084,1184.0,1199.0,55,Jacksonville State,fbs,Conference USA,24.0,"[0, 7, 0, 17]",0.7712016850709915,1540.0,1525.0,5.738443333761415,"Johnny ""Red"" Floyd Stadium",31000.0,35.85110908054087,-86.36844992637634,31000.0,0.32903225806451614,0
401757291,2025,10,regular,2025-10-30 00:00:00+00:00,False,True,False,True,8754.0,3878.0,Plaster Sports Complex,2623,Missouri State,fbs,Conference USA,28.0,"[7, 7, 7, 7]",0.5291013121604919,1335.0,1340.0,2229,Florida International,fbs,Conference USA,21.0,"[7, 7, 0, 7]",0.470898687839508,1246.0,1241.0,5.075261446471696,Plaster Sports Complex,17500.0,37.1976295206598,-93.27998757362366,17500.0,0.5002285714285715,0
401761640,2025,10,regular,2025-10-30 23:30:00+00:00,False,True,False,True,17034.0,3654.0,Brooks Stadium (SC),324,Coastal Carolina,fbs,Sun Belt,44.0,"[3, 14, 20, 7]",0.7426753640174866,1235.0,1309.0,276,Marshall,fbs,Sun Belt,27.0,"[10, 10, 7, 0]",0.2573246359825134,1583.0,1509.0,7.199110789458465,Brooks Stadium,22217.0,33.792838175224496,-79.01702282805255,9214.0,0.7667101768915695,0
401762443,2025,10,regular,2025-10-30 23:30:00+00:00,False,True,False,True,16715.0,3604.0,Alamodome,2636,UTSA,fbs,American Athletic,48.0,"[10, 21, 7, 10]",1.0,1470.0,1537.0,2655,Tulane,fbs,American Athletic,26.0,"[6, 6, 7, 7]",0.0,1588.0,1521.0,2.954352524973834,Alamodome,65000.0,29.41693712868156,-98.47890257835388,65000.0,0.2571538461538462,0
401762497,2025,10,regular,2025-10-31 23:00:00+00:00,False,True,False,True,20197.0,3895.0,Rice Stadium,242,Rice,fbs,American Athletic,14.0,"[0, 7, 0, 7]",0.0181753635406494,1163.0,1155.0,235,Memphis,fbs,American Athletic,38.0,"[14, 17, 7, 0]",0.9818246364593506,1681.0,1689.0,3.0092875279502422,Rice Stadium,47000.0,29.71623402909437,-95.40926456451416,47000.0,0.42972340425531913,0
401754575,2025,10,regular,2025-10-31 23:30:00+00:00,False,True,False,True,37184.0,1964.0,JMA Wireless Dome,183,Syracuse,fbs,ACC,10.0,"[7, 3, 0, 0]",0.019985033199191,1362.0,1320.0,153,North Carolina,fbs,ACC,27.0,"[3, 3, 14, 7]",0.9800149668008088,1352.0,1394.0,3.969831917948332,Carrier Dome,49250.0,43.036132820423234,-76.13651990890503,49250.0,0.755005076142132,0
401757290,2025,10,regular,2025-11-01 00:00:00+00:00,False,True,False,True,17841.0,3776.0,Joe Aillet Stadium,2348,Louisiana Tech,fbs,Conference USA,55.0,"[14, 13, 14, 14]",0.991223394870758,1378.0,1465.0,2534,Sam Houston,fbs,Conference USA,14.0,"[0, 0, 14, 0]",0.0087766051292419,1139.0,1052.0,1.8612539134862605,Joe Aillet Stadium,30600.0,32.53223809915824,-92.6560188758494,30600.0,0.5830392156862745,0
401762499,2025,10,regular,2025-11-01 16:00:00+00:00,False,True,False,True,26516.0,3825.0,DATCU Stadium,249,North Texas,fbs,American Athletic,31.0,"[14, 10, 7, 0]",0.9541565775871276,1674.0,1690.0,2426,Navy,fbs,American Athletic,17.0,"[0, 10, 7, 0]",0.0458434224128723,1529.0,1513.0,2.6246469328814164,Apogee Stadium,30850.0,33.20393508408917,-97.15922355651855,30850.0,0.8595137763371151,0
401752758,2025,10,regular,2025-11-01 16:00:00+00:00,False,True,False,True,102338.0,3910.0,DKR-Texas Memorial Stadium,251,Texas,fbs,SEC,34.0,"[17, 7, 10, 0]",0.7722781300544739,1925.0,1924.0,238,Vanderbilt,fbs,SEC,31.0,"[0, 10, 0, 21]",0.2277218699455261,1765.0,1766.0,3.920122530757057,Darrell K Royal–Texas Memorial Stadium,100119.0,30.28360340206824,-97.73233652114868,100119.0,1.0,0
401752889,2025,10,regular,2025-11-01 16:00:00+00:00,False,True,False,True,105517.0,3861.0,Ohio Stadium,194,Ohio State,fbs,Big Ten,38.0,"[7, 10, 14, 7]",0.9644951820373536,2098.0,2146.0,213,Penn State,fbs,Big Ten,14.0,"[0, 14, 0, 0]",0.0355048179626464,1990.0,1942.0,4.216863180603837,Ohio Stadium,104944.0,40.0016856893694,-83.01972806453705,104944.0,1.0,0
401762849,2025,10,regular,2025-11-01 16:00:00+00:00,False,True,False,True,11876.0,3700.0,Doyt L. Perry Stadium,189,Bowling Green,fbs,Mid-American,3.0,"[0, 0, 0, 3]",0.011615565046668,1322.0,1253.0,2084,Buffalo,fbs,Mid-American,28.0,"[7, 14, 7, 0]",0.988384434953332,1307.0,1376.0,2.84265125294086,Doyt Perry Stadium,23724.0,41.37805439803228,-83.62248212099075,23724.0,0.5005901197099983,0
401754581,2025,10,regular,2025-11-01 16:00:00+00:00,False,True,False,True,35074.0,3735.0,Gerald J. Ford Stadium,2567,SMU,fbs,ACC,26.0,"[0, 7, 10, 3, 6]",0.6046087145805359,1727.0,1741.0,2390,Miami,fbs,ACC,20.0,"[7, 3, 7, 3, 0]",0.3953912854194641,1863.0,1849.0,9.401323185274997,Gerald J. Ford Stadium,32000.0,32.83771580994254,-96.782705783844,32000.0,1.0,0
401756936,2025,10,regular,2025-11-01 16:00:00+00:00,False,True,False,True,40212.0,4727.0,McLane Stadium,239,Baylor,fbs,Big 12,30.0,"[14, 6, 3, 7]",0.985271155834198,1542.0,1621.0,2116,UCF,fbs,Big 12,3.0,"[0, 3, 0, 0]",0.014728844165802,1616.0,1537.0,2.730376747954225,McLane Stadium,45140.0,31.55866263551169,-97.11560010910034,45140.0,0.8908285334514843,0
401756938,2025,10,regular,2025-11-01 16:00:00+00:00,False,True,False,True,25049.0,4728.0,TDECU Stadium,248,Houston,fbs,Big 12,35.0,"[7, 14, 7, 7]",0.0351799391210079,1507.0,1467.0,277,West Virginia,fbs,Big 12,45.0,"[14, 7, 10, 14]",0.964820060878992,1300.0,1340.0,6.363517032629233,TDECU Stadium,40000.0,29.721767963293527,-95.34909841095214,40000.0,0.626225,0
401757173,2025,10,regular,2025-11-01 16:00:00+00:00,False,True,False,False,23170.0,3892.0,Pratt & Whitney Stadium,41,UConn,fbs,FBS Independents,38.0,"[7, 17, 14, 0]",0.9872789978981018,1546.0,1561.0,5,UAB,fbs,American Athletic,19.0,"[0, 0, 6, 13]",0.0127210021018981,1252.0,1237.0,4.058511052098757,Rentschler Field,40000.0,41.75988427820291,-72.61894226074219,40000.0,0.57925,0
401760401,2025,10,regular,2025-11-01 16:00:00+00:00,False,True,False,False,39441.0,3713.0,Falcon Stadium,2005,Air Force,fbs,Mountain West,17.0,"[3, 0, 7, 7]",0.5374033451080322,1355.0,1362.0,349,Army,fbs,American Athletic,20.0,"[7, 3, 0, 10]",0.4625966548919678,1544.0,1537.0,5.535816980973042,Falcon Stadium,46692.0,38.99690743122685,-104.84368801116943,46692.0,0.8447057311745053,0
401752891,2025,10,regular,2025-11-01 16:00:00+00:00,False,True,False,True,60670.0,3832.0,"Memorial Stadium (Champaign, IL)",356,Illinois,fbs,Big Ten,35.0,"[7, 14, 14, 0]",0.938212752342224,1560.0,1603.0,164,Rutgers,fbs,Big Ten,13.0,"[0, 6, 0, 7]",0.0617872476577758,1462.0,1419.0,3.235287264590744,Memorial Stadium,60670.0,40.09930573133053,-88.23598623275757,60670.0,1.0,0
401754577,2025,10,regular,2025-11-01 16:00:00+00:00,False,True,False,True,75809.0,3836.0,"Memorial Stadium (Clemson, SC)",228,Clemson,fbs,ACC,45.0,"[7, 21, 10, 7]",0.9769346117973328,1708.0,1703.0,150,Duke,fbs,ACC,46.0,"[21, 7, 7, 11]",0.0230653882026672,1622.0,1627.0,7.895794816963773,Memorial Stadium,81500.0,34.67874665741346,-82.84317970275879,81500.0,0.9301717791411043,0
401756939,2025,10,regular,2025-11-01 17:00:00+00:00,False,True,False,True,60899.0,3772.0,Jack Trice Stadium,66,Iowa State,fbs,Big 12,19.0,"[3, 13, 3, 0]",0.4088120758533478,1597.0,1589.0,9,Arizona State,fbs,Big 12,24.0,"[3, 14, 7, 0]",0.5911879241466522,1609.0,1617.0,6.789113847524804,Jack Trice Stadium,61500.0,42.01400541108485,-93.6358094215393,61500.0,0.9902276422764228,0
401762498,2025,10,regular,2025-11-01 18:00:00+00:00,False,True,False,True,13168.0,3806.0,Lincoln Financial Field,218,Temple,fbs,American Athletic,14.0,"[7, 7, 0, 0]",0.0338331721723079,1319.0,1258.0,151,East Carolina,fbs,American Athletic,45.0,"[14, 14, 14, 3]",0.966166827827692,1530.0,1591.0,4.039789827827728,Lincoln Financial Field,68532.0,39.900748900488125,-75.16749143600464,68532.0,0.19214381602754918,0
401754580,2025,10,regular,2025-11-01 19:00:00+00:00,False,True,False,True,54030.0,3799.0,Lane Stadium,259,Virginia Tech,fbs,ACC,16.0,"[9, 7, 0, 0]",0.0910497903823852,1430.0,1431.0,97,Louisville,fbs,ACC,28.0,"[7, 0, 14, 7]",0.9089502096176147,1738.0,1737.0,6.175265038989168,Lane Stadium,66233.0,37.2199742830054,-80.41805505752563,66233.0,0.8157564960065224,0
401752888,2025,10,regular,2025-11-01 19:30:00+00:00,False,True,False,True,45339.0,3953.0,Huntington Bank Stadium,135,Minnesota,fbs,Big Ten,23.0,"[7, 3, 0, 7, 6]",0.1709745973348617,1515.0,1514.0,127,Michigan State,fbs,Big Ten,20.0,"[0, 0, 7, 10, 3]",0.8290254026651382,1364.0,1365.0,8.124405035274927,TCF Bank Stadium,52525.0,44.97652496911191,-93.224575817585,52525.0,0.8631889576392194,0
401754583,2025,10,regular,2025-11-01 19:30:00+00:00,False,True,False,False,44500.0,3615.0,"Alumni Stadium (Chestnut Hill, MA)",103,Boston College,fbs,ACC,10.0,"[0, 7, 3, 0]",0.0,1299.0,1339.0,87,Notre Dame,fbs,FBS Independents,25.0,"[0, 12, 6, 7]",1.0,2193.0,2153.0,5.266984922724491,Alumni Stadium,44500.0,42.33510834895851,-71.16647243499756,44500.0,1.0,0
401752887,2025,10,regular,2025-11-01 19:30:00+00:00,False,True,False,True,46185.0,3665.0,SECU Stadium,120,Maryland,fbs,Big Ten,10.0,"[3, 0, 7, 0]",0.0977273657917976,1573.0,1506.0,84,Indiana,fbs,Big Ten,55.0,"[7, 13, 21, 14]",0.9022726342082024,2091.0,2158.0,3.557163403999338,Byrd Stadium,51802.0,38.99120275144426,-76.94731173248788,51802.0,0.8915678931315393,0
401761641,2025,10,regular,2025-11-01 19:30:00+00:00,False,True,False,True,17087.0,3817.0,Malone Stadium,2433,UL Monroe,fbs,Sun Belt,6.0,"[0, 0, 0, 6]",0.0,1015.0,998.0,295,Old Dominion,fbs,Sun Belt,31.0,"[17, 7, 0, 7]",1.0,1463.0,1480.0,2.631088345259229,Malone Stadium,30427.0,32.53106869451547,-92.06644075067642,30427.0,0.5615736023926118,0
401757294,2025,10,regular,2025-11-01 19:30:00+00:00,False,True,False,True,15023.0,3796.0,Houchens Industries-L.T. Smith Stadium,98,Western Kentucky,fbs,Conference USA,35.0,"[0, 14, 14, 7]",0.9685057401657104,1355.0,1386.0,166,New Mexico State,fbs,Conference USA,16.0,"[3, 3, 3, 7]",0.0314942598342895,1225.0,1194.0,4.312841567214245,Houchens Industries–L. T. Smith Stadium,22113.0,36.98487662989466,-86.459013971646,22113.0,0.6793741238185682,0
401757293,2025,10,regular,2025-11-01 19:30:00+00:00,False,True,False,True,18455.0,3992.0,Williams Stadium (VA),2335,Liberty,fbs,Conference USA,59.0,"[7, 21, 21, 10]",0.9901004433631896,1424.0,1506.0,48,Delaware,fbs,Conference USA,30.0,"[3, 6, 15, 6]",0.0098995566368103,1465.0,1383.0,3.451953355812776,Williams Stadium,19200.0,37.354414,-79.175047,19200.0,0.9611979166666667,0
401760402,2025,10,regular,2025-11-01 19:30:00+00:00,False,True,False,True,32826.0,3653.0,Albertsons Stadium,68,Boise State,fbs,Mountain West,7.0,"[0, 7, 0, 0]",0.0680198669433593,1724.0,1616.0,278,Fresno State,fbs,Mountain West,30.0,"[7, 3, 14, 6]",0.9319801330566406,1360.0,1468.0,4.483067995981335,Albertsons Stadium,37000.0,43.6027080538683,-116.19591236114502,37000.0,0.8871891891891892,0
401756941,2025,10,regular,2025-11-01 19:30:00+00:00,False,True,False,True,52111.0,3636.0,Bill Snyder Family Stadium,2306,Kansas State,fbs,Big 12,20.0,"[7, 0, 7, 6]",0.0,1753.0,1705.0,2641,Texas Tech,fbs,Big 12,43.0,"[0, 12, 17, 14]",1.0,1855.0,1903.0,4.938054776568564,Bill Snyder Family Football Stadium,50000.0,39.20186361814248,-96.59379243850708,50000.0,1.0,0
401754582,2025,10,regular,2025-11-01 19:30:00+00:00,False,True,False,True,16540.0,3940.0,Stanford Stadium,24,Stanford,fbs,ACC,20.0,"[10, 3, 0, 7]",0.0076104239560663,1240.0,1245.0,221,Pittsburgh,fbs,ACC,35.0,"[7, 14, 14, 0]",0.9923895760439336,1673.0,1668.0,5.712078469404845,Stanford Stadium,50000.0,37.43472641329173,-122.1610164642334,50000.0,0.3308,0
401754576,2025,10,regular,2025-11-01 19:45:00+00:00,False,True,False,True,30893.0,3831.0,California Memorial Stadium,25,California,fbs,ACC,21.0,"[0, 7, 7, 7]",0.0226903054863214,1397.0,1392.0,258,Virginia,fbs,ACC,31.0,"[10, 7, 7, 7]",0.9773096945136786,1580.0,1585.0,5.718828438861106,California Memorial Stadium,62717.0,37.87068660370429,-122.2507095336914,62717.0,0.4925777699826203,0
401756940,2025,10,regular,2025-11-01 20:00:00+00:00,False,True,False,True,39511.0,3833.0,Memorial Stadium,2305,Kansas,fbs,Big 12,38.0,"[3, 7, 14, 14]",0.992720067501068,1563.0,1556.0,197,Oklahoma State,fbs,Big 12,21.0,"[7, 0, 7, 7]",0.0072799324989318,1042.0,1049.0,3.274824852384832,Memorial Stadium,50071.0,38.96294598898537,-95.2463150024414,50071.0,0.7890994787401889,0
401762850,2025,10,regular,2025-11-01 20:00:00+00:00,False,True,False,True,29299.0,3980.0,Waldo Stadium,2711,Western Michigan,fbs,Mid-American,24.0,"[0, 7, 7, 10]",0.705152690410614,1369.0,1368.0,2117,Central Michigan,fbs,Mid-American,21.0,"[7, 7, 0, 7]",0.294847309589386,1234.0,1235.0,5.32630256682886,Waldo Stadium,30200.0,42.285755487470176,-85.60100421309471,30200.0,0.9701655629139073,0
401752753,2025,10,regular,2025-11-01 20:00:00+00:00,False,True,False,True,68358.0,3887.0,Razorback Stadium,8,Arkansas,fbs,SEC,35.0,"[0, 13, 15, 7]",0.7248119115829468,1604.0,1594.0,344,Mississippi State,fbs,SEC,38.0,"[7, 0, 14, 17]",0.2751880884170532,1514.0,1524.0,7.06341697165689,Donald W. Reynolds Razorback Stadium,72000.0,36.067850785167344,-94.17879581451416,72000.0,0.9494166666666667,0
401752756,2025,10,regular,2025-11-01 23:00:00+00:00,False,True,False,True,67491.0,3974.0,Vaught-Hemingway Stadium,145,Ole Miss,fbs,SEC,30.0,"[10, 7, 3, 10]",0.9924944639205932,1963.0,1969.0,2579,South Carolina,fbs,SEC,14.0,"[7, 0, 7, 0]",0.0075055360794067,1643.0,1637.0,4.947090048221424,Vaught–Hemingway Stadium,60580.0,34.362154302992906,-89.53414626020904,60580.0,1.0,0
401756937,2025,10,regular,2025-11-01 23:00:00+00:00,False,True,False,True,48322.0,3726.0,Folsom Field,38,Colorado,fbs,Big 12,17.0,"[0, 7, 7, 3]",0.0911505371332168,1495.0,1389.0,12,Arizona,fbs,Big 12,52.0,"[17, 21, 14, 0]",0.9088494628667833,1472.0,1578.0,2.909193799765285,Folsom Field,50183.0,40.00939837446321,-105.26688694953918,50183.0,0.9629157284339318,0
401752890,2025,10,regular,2025-11-01 23:00:00+00:00,False,True,False,True,110517.0,3558.0,Michigan Stadium,130,Michigan,fbs,Big Ten,21.0,"[7, 7, 0, 7]",0.9230600595474244,1823.0,1809.0,2509,Purdue,fbs,Big Ten,16.0,"[0, 7, 3, 6]",0.0769399404525756,1296.0,1310.0,4.825745803362734,Michigan Stadium,107601.0,42.26586873251738,-83.7487256526947,107601.0,1.0,0
401752943,2025,10,regular,2025-11-01 23:30:00+00:00,False,True,False,True,32905.0,3893.0,Reser Stadium,204,Oregon State,fbs,Pac-12,10.0,"[0, 3, 0, 7]",0.7984362244606018,1248.0,1252.0,265,Washington State,fbs,Pac-12,7.0,"[0, 7, 0, 0]",0.2015637755393982,1438.0,1434.0,5.505177024647975,Reser Stadium,45674.0,44.5594768421455,-123.2814073562622,45674.0,0.7204317554845208,0
401752757,2025,10,regular,2025-11-01 23:30:00+00:00,False,True,False,True,101915.0,3853.0,Neyland Stadium,2633,Tennessee,fbs,SEC,27.0,"[10, 0, 7, 10]",0.4345937967300415,1828.0,1814.0,201,Oklahoma,fbs,SEC,33.0,"[7, 9, 7, 10]",0.5654062032699585,1780.0,1794.0,7.451622569791746,Neyland Stadium,102455.0,35.95473437262258,-83.92533302307129,102455.0,0.994729393392221,0
401754579,2025,10,regular,2025-11-01 23:30:00+00:00,False,True,False,True,56919.0,3670.0,Carter-Finley Stadium,152,NC State,fbs,ACC,48.0,"[14, 10, 14, 10]",0.9727997183799744,1459.0,1498.0,59,Georgia Tech,fbs,ACC,36.0,"[7, 10, 13, 6]",0.0272002816200256,1651.0,1612.0,5.721442235800005,Carter–Finley Stadium,57583.0,35.80075968207897,-78.71948719024658,57583.0,0.9884688189222514,0
401752754,2025,10,regular,2025-11-01 23:30:00+00:00,False,True,False,True,88043.0,3785.0,Jordan-Hare Stadium,2,Auburn,fbs,SEC,3.0,"[0, 3, 0, 0]",0.2702767848968506,1694.0,1665.0,96,Kentucky,fbs,SEC,10.0,"[0, 3, 7, 0]",0.7297232151031494,1506.0,1535.0,5.095503034276599,Jordan–Hare Stadium,87451.0,32.602361666817515,-85.48891067504883,87451.0,1.0,0
401754578,2025,10,regular,2025-11-01 23:30:00+00:00,False,True,False,True,63677.0,3697.0,Doak Campbell Stadium,52,Florida State,fbs,ACC,42.0,"[0, 14, 14, 14]",0.9879111051559448,1542.0,1631.0,154,Wake Forest,fbs,ACC,7.0,"[0, 0, 0, 7]",0.0120888948440551,1471.0,1382.0,3.138984018856726,Bobby Bowden Field at Doak Campbell Stadium,82300.0,30.437547584621285,-84.30453398103501,82300.0,0.7737181044957473,0
401752892,2025,10,regular,2025-11-01 23:30:00+00:00,False,True,False,True,86529.0,3834.0,"Memorial Stadium (Lincoln, NE)",158,Nebraska,fbs,Big Ten,17.0,"[7, 7, 0, 3]",0.1601679027080536,1645.0,1655.0,30,USC,fbs,Big Ten,21.0,"[0, 6, 8, 7]",0.8398320972919464,1907.0,1897.0,4.7153808799608,Memorial Stadium,87091.0,40.82048352329494,-96.70571565628052,87091.0,0.9935469795960546,0
401761643,2025,10,regular,2025-11-02 00:00:00+00:00,False,True,False,True,23391.0,3975.0,Veterans Memorial Stadium (AL),2653,Troy,fbs,Sun Belt,10.0,"[0, 3, 0, 7]",0.0869236439466476,1499.0,1445.0,2032,Arkansas State,fbs,Sun Belt,23.0,"[17, 0, 3, 3]",0.9130763560533524,1260.0,1314.0,3.168595591458259,Veterans Memorial Stadium,30000.0,31.799527415252125,-85.95217691586194,30000.0,0.7797,0
401756942,2025,10,regular,2025-11-02 02:15:00+00:00,False,True,False,True,51672.0,587.0,Rice-Eccles Stadium,254,Utah,fbs,Big 12,45.0,"[14, 10, 14, 7]",0.9974363446235656,1887.0,1941.0,2132,Cincinnati,fbs,Big 12,14.0,"[7, 0, 7, 0]",0.0025636553764343,1644.0,1590.0,4.154913900410911,Rice-Eccles Stadium,54383.0,40.75994782004573,-111.84882402420044,45017.0,0.9501498630086608,0
401760403,2025,10,regular,2025-11-02 02:30:00+00:00,False,True,False,True,16012.0,3935.0,CEFCU Stadium,23,San José State,fbs,Mountain West,45.0,"[7, 24, 7, 7]",0.7434321045875549,1410.0,1417.0,62,Hawai'i,fbs,Mountain West,38.0,"[7, 7, 14, 10]",0.256567895412445,1366.0,1359.0,6.184698589570914,Spartan Stadium,30456.0,37.320105186690846,-121.86811613079064,30456.0,0.5257420541108484,0
401762851,2025,11,regular,2025-11-05 00:00:00+00:00,False,True,False,True,5046.0,3768.0,InfoCision Stadium,2006,Akron,fbs,Mid-American,44.0,"[14, 13, 10, 7]",0.991926372051239,1040.0,1114.0,113,Massachusetts,fbs,Mid-American,10.0,"[10, 0, 0, 0]",0.0080736279487609,879.0,805.0,3.0039921166668617,Summa Field at InfoCision Stadium,30000.0,41.07256951528711,-81.50838375091553,30000.0,0.1682,0
401762852,2025,11,regular,2025-11-05 00:00:00+00:00,False,True,False,True,22231.0,3876.0,Peden Stadium,195,Ohio,fbs,Mid-American,24.0,"[0, 3, 7, 14]",0.6207834482192993,1596.0,1595.0,193,Miami (OH),fbs,Mid-American,20.0,"[0, 3, 3, 14]",0.3792165517807007,1459.0,1460.0,6.012952698227306,Peden Stadium,24000.0,39.32130908459409,-82.10343944652357,24000.0,0.9262916666666666,0
401762853,2025,11,regular,2025-11-06 00:00:00+00:00,False,True,False,True,5225.0,3919.0,Scheumann Stadium,2050,Ball State,fbs,Mid-American,17.0,"[3, 7, 0, 7]",0.6266462802886963,1047.0,1047.0,2309,Kent State,fbs,Mid-American,13.0,"[0, 3, 7, 3]",0.3733537197113037,945.0,945.0,6.245171074365928,Scheumann Stadium,22500.0,40.21602764466651,-85.41769962206614,22500.0,0.23222222222222222,0
401762854,2025,11,regular,2025-11-06 00:00:00+00:00,False,True,False,True,22128.0,3739.0,Glass Bowl,2649,Toledo,fbs,Mid-American,42.0,"[7, 21, 7, 7]",0.9862786531448364,1505.0,1591.0,2459,Northern Illinois,fbs,Mid-American,3.0,"[3, 0, 0, 0]",0.0137213468551635,1305.0,1219.0,2.6141536838184725,Glass Bowl,26248.0,41.65739077895321,-83.61401719150295,26248.0,0.8430356598597989,0
401761644,2025,11,regular,2025-11-07 00:30:00+00:00,False,True,False,True,31876.0,3792.0,Kidd Brewer Stadium,2026,App State,fbs,Sun Belt,23.0,"[0, 3, 6, 14]",0.0025996493641287,1332.0,1328.0,290,Georgia Southern,fbs,Sun Belt,25.0,"[9, 10, 3, 3]",0.9974003506358712,1310.0,1314.0,5.715089990728676,Kidd Brewer Stadium,40168.0,36.21151530169309,-81.68550610542297,24050.0,0.7935670185222067,0
401762500,2025,11,regular,2025-11-07 00:30:00+00:00,False,True,False,True,27437.0,3886.0,Raymond James Stadium,58,South Florida,fbs,American Athletic,55.0,"[14, 31, 10, 0]",0.9891061782836914,1662.0,1734.0,2636,UTSA,fbs,American Athletic,23.0,"[3, 7, 3, 10]",0.0108938217163085,1537.0,1465.0,3.552377383331656,Raymond James Stadium,65857.0,27.975994470037183,-82.50334918498993,65857.0,0.4166147865830512,0
401756946,2025,11,regular,2025-11-08 01:00:00+00:00,False,True,False,True,44206.0,3652.0,FBC Mortgage Stadium,2116,UCF,fbs,Big 12,27.0,"[3, 21, 3, 0]",0.8083364367485046,1537.0,1528.0,248,Houston,fbs,Big 12,30.0,"[0, 17, 7, 6]",0.1916635632514953,1467.0,1476.0,6.663307882242472,Bright House Networks Stadium,45323.0,28.607958859227068,-81.1929988861084,45323.0,0.9753546764335989,0
401752896,2025,11,regular,2025-11-08 02:00:00+00:00,False,True,False,True,67179.0,477.0,Los Angeles Memorial Coliseum,30,USC,fbs,Big Ten,38.0,"[7, 14, 7, 10]",0.9866441488265992,1897.0,1911.0,77,Northwestern,fbs,Big Ten,17.0,"[7, 7, 3, 0]",0.0133558511734008,1530.0,1516.0,3.5927800813893738,Los Angeles Memorial Coliseum,93607.0,34.01400974062912,-118.28789591789246,93607.0,0.7176706870212698,0
401762501,2025,11,regular,2025-11-08 02:00:00+00:00,False,True,False,True,30384.0,3805.0,Simmons Bank Liberty Stadium,235,Memphis,fbs,American Athletic,32.0,"[7, 10, 0, 15]",0.0345132984220981,1689.0,1665.0,2655,Tulane,fbs,American Athletic,38.0,"[14, 21, 3, 0]",0.9654867015779018,1521.0,1545.0,5.2354917806746215,Liberty Bowl Memorial Stadium,62380.0,35.120856917268995,-89.97805741128388,62380.0,0.48707919204873357,0
401752893,2025,11,regular,2025-11-08 17:00:00+00:00,False,True,False,True,105231.0,3632.0,Beaver Stadium,213,Penn State,fbs,Big Ten,24.0,"[0, 7, 3, 14]",0.62885981798172,1942.0,1950.0,84,Indiana,fbs,Big Ten,27.0,"[7, 10, 3, 7]",0.37114018201828,2158.0,2150.0,6.664598569819111,Beaver Stadium,106572.0,40.81215273275043,-77.85620212554932,106572.0,0.9874169575498255,0
401754584,2025,11,regular,2025-11-08 17:00:00+00:00,False,True,False,True,38345.0,3615.0,"Alumni Stadium (Chestnut Hill, MA)",103,Boston College,fbs,ACC,13.0,"[0, 6, 0, 7]",0.05867500603199,1339.0,1298.0,2567,SMU,fbs,ACC,45.0,"[10, 7, 14, 14]",0.94132499396801,1741.0,1782.0,4.415965398815328,Alumni Stadium,44500.0,42.33510834895851,-71.16647243499756,44500.0,0.861685393258427,0
401762503,2025,11,regular,2025-11-08 17:00:00+00:00,False,True,False,True,30594.0,3841.0,Michie Stadium,349,Army,fbs,American Athletic,14.0,"[0, 7, 7, 0]",0.5682589411735535,1537.0,1529.0,218,Temple,fbs,American Athletic,13.0,"[0, 10, 3, 0]",0.4317410588264465,1258.0,1266.0,3.983308218309781,Michie Stadium,38000.0,41.38708043477422,-73.96408081054688,38000.0,0.8051052631578948,0
401756945,2025,11,regular,2025-11-08 17:00:00+00:00,False,True,False,True,60229.0,3784.0,Jones AT&T Stadium,2641,Texas Tech,fbs,Big 12,29.0,"[10, 3, 6, 10]",1.0,1903.0,1937.0,252,BYU,fbs,Big 12,7.0,"[0, 0, 0, 7]",0.0,1722.0,1688.0,2.917651770566797,Jones AT&T Stadium,60862.0,33.59102829801104,-101.87293767929076,60862.0,0.9895994216424041,0
401756947,2025,11,regular,2025-11-08 17:00:00+00:00,False,True,False,True,55510.0,3842.0,Milan Puskar Stadium,277,West Virginia,fbs,Big 12,29.0,"[9, 10, 3, 7]",0.7739933729171753,1340.0,1352.0,38,Colorado,fbs,Big 12,22.0,"[0, 9, 7, 6]",0.2260066270828247,1389.0,1377.0,5.34381918133446,Mountaineer Field at Milan Puskar Stadium,60000.0,39.65221992482815,-79.9551753012939,60000.0,0.9251666666666667,0
401761646,2025,11,regular,2025-11-08 17:00:00+00:00,False,True,False,True,26727.0,3775.0,Joan C. Edwards Stadium,276,Marshall,fbs,Sun Belt,23.0,"[0, 12, 8, 3]",0.342189610004425,1509.0,1508.0,256,James Madison,fbs,Sun Belt,35.0,"[7, 14, 7, 7]",0.657810389995575,1801.0,1802.0,6.114623013796852,Joan C. Edwards Stadium,38019.0,38.42486536179161,-82.42185831069946,38019.0,0.7029906099581789,0
401761647,2025,11,regular,2025-11-08 17:00:00+00:00,False,True,False,True,15441.0,3625.0,Centennial Bank Stadium,2032,Arkansas State,fbs,Sun Belt,21.0,"[7, 0, 0, 14]",0.0409366078674793,1314.0,1306.0,2572,Southern Miss,fbs,Sun Belt,27.0,"[10, 7, 3, 7]",0.9590633921325208,1354.0,1362.0,5.968283460300001,Centennial Bank Stadium,30964.0,35.84899009532366,-90.66769494362912,30964.0,0.498675881669035,0
401752762,2025,11,regular,2025-11-08 17:00:00+00:00,False,True,False,True,53017.0,3693.0,Davis Wade Stadium,344,Mississippi State,fbs,SEC,21.0,"[7, 0, 7, 7]",0.0,1524.0,1523.0,61,Georgia,fbs,SEC,41.0,"[3, 21, 14, 3]",1.0,2017.0,2018.0,3.785267348604506,Davis Wade Stadium,61337.0,33.456230599072065,-88.79342436790466,61337.0,0.8643559352430018,0
401762855,2025,11,regular,2025-11-08 18:00:00+00:00,False,True,False,True,11889.0,3912.0,Rynearson Stadium,2199,Eastern Michigan,fbs,Mid-American,27.0,"[10, 0, 7, 10]",0.8173208832740784,1220.0,1229.0,189,Bowling Green,fbs,Mid-American,21.0,"[7, 7, 0, 7]",0.1826791167259216,1253.0,1244.0,6.064519817413809,Rynearson Stadium,30200.0,42.2557607087688,-83.64775657653809,30200.0,0.39367549668874174,0
401752897,2025,11,regular,2025-11-08 18:00:00+00:00,False,True,False,True,57701.0,3907.0,Ross-Ade Stadium,2509,Purdue,fbs,Big Ten,10.0,"[3, 0, 0, 7]",0.0054383613169193,1310.0,1331.0,194,Ohio State,fbs,Big Ten,34.0,"[0, 24, 0, 10]",0.9945616386830808,2146.0,2125.0,3.172106994027828,Ross–Ade Stadium,56400.0,40.434323,-86.918485,56400.0,1.0,0
401757299,2025,11,regular,2025-11-08 18:00:00+00:00,False,True,False,True,18407.0,3992.0,Williams Stadium (VA),2335,Liberty,fbs,Conference USA,17.0,"[7, 3, 0, 7]",0.5848672389984131,1506.0,1488.0,2623,Missouri State,fbs,Conference USA,21.0,"[0, 0, 7, 14]",0.4151327610015869,1340.0,1358.0,5.833908836982461,Williams Stadium,19200.0,37.354414,-79.175047,19200.0,0.9586979166666667,0
401752761,2025,11,regular,2025-11-08 18:00:00+00:00,False,True,False,False,67326.0,3974.0,Vaught-Hemingway Stadium,145,Ole Miss,fbs,SEC,49.0,"[21, 14, 7, 7]",0.8325901627540588,1980.0,1980.0,2643,The Citadel,fcs,Southern,0.0,"[0, 0, 0, 0]",0.1674098372459411,735.0,748.0,1.860293866698971,Vaught–Hemingway Stadium,60580.0,34.362154302992906,-89.53414626020904,60580.0,1.0,1
401762502,2025,11,regular,2025-11-08 19:00:00+00:00,False,True,False,True,22671.0,3895.0,Rice Stadium,242,Rice,fbs,American Athletic,24.0,"[7, 7, 10, 0]",0.8756951689720154,1155.0,1169.0,5,UAB,fbs,American Athletic,17.0,"[7, 10, 0, 0]",0.1243048310279846,1237.0,1223.0,4.248044014281756,Rice Stadium,47000.0,29.71623402909437,-95.40926456451416,47000.0,0.48236170212765955,0
401752894,2025,11,regular,2025-11-08 19:30:00+00:00,False,True,False,True,41032.0,6577.0,SHI Stadium,164,Rutgers,fbs,Big Ten,35.0,"[0, 21, 7, 7]",0.9826175570487976,1419.0,1458.0,120,Maryland,fbs,Big Ten,20.0,"[7, 10, 0, 3]",0.0173824429512023,1506.0,1467.0,4.298712917874017,High Point Solutions Stadium,52454.0,40.51378289308872,-74.46504457087282,52454.0,0.7822473023982919,0
401762504,2025,11,regular,2025-11-08 20:00:00+00:00,False,True,False,True,39096.0,3699.0,Dowdy-Ficklen Stadium,151,East Carolina,fbs,American Athletic,48.0,"[21, 14, 10, 3]",0.9621897339820862,1591.0,1599.0,2429,Charlotte,fbs,American Athletic,22.0,"[0, 14, 8, 0]",0.0378102660179138,1028.0,1020.0,2.4838753543226346,Dowdy–Ficklen Stadium,50000.0,35.59642579698931,-77.36522912979126,50000.0,0.78192,0
401762505,2025,11,regular,2025-11-08 20:00:00+00:00,False,True,False,True,16170.0,3715.0,FAU Stadium,2226,Florida Atlantic,fbs,American Athletic,40.0,"[10, 21, 3, 6]",0.9733737111091614,1218.0,1247.0,202,Tulsa,fbs,American Athletic,21.0,"[0, 6, 12, 3]",0.0266262888908386,1066.0,1037.0,4.185107361435338,FAU Stadium,30000.0,26.3754535636523,-80.10168313980103,30000.0,0.539,0
401757297,2025,11,regular,2025-11-08 20:00:00+00:00,False,True,False,True,9536.0,3946.0,Sun Bowl,2638,UTEP,fbs,Conference USA,27.0,"[7, 6, 7, 7]",0.175343781709671,1220.0,1233.0,55,Jacksonville State,fbs,Conference USA,30.0,"[10, 10, 0, 10]",0.824656218290329,1525.0,1512.0,8.723114109384603,Sun Bowl Stadium,51500.0,31.77334530512776,-106.50789678096773,51500.0,0.18516504854368931,0
401757296,2025,11,regular,2025-11-08 20:00:00+00:00,False,True,False,True,12227.0,3725.0,Johnny Red Floyd Stadium,2393,Middle Tennessee,fbs,Conference USA,30.0,"[7, 10, 7, 6]",0.0019640624523162,1199.0,1134.0,2229,Florida International,fbs,Conference USA,56.0,"[0, 21, 13, 22]",0.9980359375476836,1241.0,1306.0,7.259780064557759,"Johnny ""Red"" Floyd Stadium",31000.0,35.85110908054087,-86.36844992637634,31000.0,0.39441935483870966,0
401757295,2025,11,regular,2025-11-08 20:00:00+00:00,False,True,False,True,17912.0,3695.0,Delaware Stadium,48,Delaware,fbs,Conference USA,25.0,"[3, 6, 7, 9]",0.1686908900737762,1383.0,1386.0,2348,Louisiana Tech,fbs,Conference USA,24.0,"[7, 0, 0, 17]",0.8313091099262238,1465.0,1462.0,9.406419204379077,Delaware Stadium,22000.0,39.6617040181287,-75.7488301174382,22000.0,0.8141818181818182,0
401752763,2025,11,regular,2025-11-08 20:30:00+00:00,False,True,False,True,57321.0,3838.0,Memorial Stadium,142,Missouri,fbs,SEC,17.0,"[0, 0, 7, 10]",0.0486226417124271,1779.0,1734.0,245,Texas A&M,fbs,SEC,38.0,"[7, 7, 10, 14]",0.9513773582875727,1859.0,1904.0,3.262741592650687,Faurot Field,71168.0,38.93589529672232,-92.33311414718628,71168.0,0.8054322167266187,0
401756944,2025,11,regular,2025-11-08 20:30:00+00:00,False,True,False,True,44197.0,3616.0,Amon G. Carter Stadium,2628,TCU,fbs,Big 12,17.0,"[0, 3, 7, 7]",0.4910023212432861,1700.0,1689.0,66,Iowa State,fbs,Big 12,20.0,"[6, 0, 0, 14]",0.5089976787567139,1589.0,1600.0,6.215050875410496,Amon G. Carter Stadium,45000.0,32.70991596942349,-97.36799597740172,45000.0,0.9821555555555556,0
401754587,2025,11,regular,2025-11-08 20:30:00+00:00,False,True,False,True,60337.0,3948.0,Hard Rock Stadium,2390,Miami,fbs,ACC,38.0,"[0, 14, 17, 7]",0.9172752499580384,1849.0,1865.0,183,Syracuse,fbs,ACC,10.0,"[0, 0, 3, 7]",0.0827247500419616,1320.0,1304.0,3.698876065754808,Sun Life Stadium,65326.0,25.957933739028963,-80.23884057998657,65326.0,0.9236291828674648,0
401756943,2025,11,regular,2025-11-08 20:30:00+00:00,False,True,False,True,41115.0,3619.0,Arizona Stadium,12,Arizona,fbs,Big 12,24.0,"[7, 7, 3, 7]",0.4165548086166382,1578.0,1580.0,2305,Kansas,fbs,Big 12,20.0,"[7, 10, 3, 0]",0.5834451913833618,1556.0,1554.0,6.916815613183976,Arizona Stadium,51811.0,32.228340232071496,-110.94903945922852,51811.0,0.7935573526857231,0
401752898,2025,11,regular,2025-11-08 20:30:00+00:00,False,True,False,True,69250.0,3793.0,Kinnick Stadium,2294,Iowa,fbs,Big Ten,16.0,"[0, 7, 0, 9]",0.1956522464752197,1907.0,1912.0,2483,Oregon,fbs,Big Ten,18.0,"[2, 10, 3, 3]",0.8043477535247803,2055.0,2050.0,5.293227062970093,Kinnick Stadium,70585.0,41.65838893680983,-91.55147552490234,70585.0,0.9810866331373521,0
401754590,2025,11,regular,2025-11-08 20:30:00+00:00,False,True,False,False,38106.0,3892.0,Pratt & Whitney Stadium,41,UConn,fbs,FBS Independents,37.0,"[10, 10, 3, 14]",0.8562755584716797,1561.0,1563.0,150,Duke,fbs,ACC,34.0,"[7, 7, 14, 6]",0.1437244415283203,1627.0,1625.0,7.285491145137222,Rentschler Field,40000.0,41.75988427820291,-72.61894226074219,40000.0,0.95265,0
401757298,2025,11,regular,2025-11-08 21:00:00+00:00,False,True,False,True,11473.0,3601.0,Aggie Memorial Stadium,166,New Mexico State,fbs,Conference USA,21.0,"[0, 7, 0, 14]",0.0202980190515518,1194.0,1201.0,338,Kennesaw State,fbs,Conference USA,24.0,"[17, 7, 0, 0]",0.9797019809484482,1388.0,1381.0,5.516987729558563,Aggie Memorial Stadium,30343.0,32.27974938226407,-106.74113631248474,30343.0,0.3781102725505059,0
401761645,2025,11,regular,2025-11-08 21:00:00+00:00,False,True,False,True,18878.0,3654.0,Brooks Stadium (SC),324,Coastal Carolina,fbs,Sun Belt,40.0,"[14, 9, 10, 7]",0.9950982332229614,1309.0,1318.0,2247,Georgia State,fbs,Sun Belt,27.0,"[14, 0, 0, 13]",0.0049017667770385,1107.0,1098.0,3.3751025673075485,Brooks Stadium,22217.0,33.792838175224496,-79.01702282805255,9214.0,0.8497096817752172,0
401752764,2025,11,regular,2025-11-08 21:00:00+00:00,False,True,False,True,35000.0,3973.0,FirstBank Stadium,238,Vanderbilt,fbs,SEC,45.0,"[0, 10, 14, 14, 7]",0.6538436412811279,1766.0,1770.0,2,Auburn,fbs,SEC,38.0,"[7, 13, 10, 8, 0]",0.346156358718872,1665.0,1661.0,9.394868635793848,Vanderbilt Stadium,40350.0,36.14355849696379,-86.80877208709717,40350.0,0.8674101610904585,0
401752899,2025,11,regular,2025-11-08 21:30:00+00:00,False,True,False,True,71217.0,347.0,Camp Randall Stadium,275,Wisconsin,fbs,Big Ten,13.0,"[0, 3, 10, 0]",0.9273465871810912,1455.0,1459.0,264,Washington,fbs,Big Ten,10.0,"[0, 10, 0, 0]",0.0726534128189086,1703.0,1699.0,4.984533939256325,Camp Randall Stadium,80321.0,43.06993802646878,-89.41274642944336,80321.0,0.8866547976245316,0
401754588,2025,11,regular,2025-11-08 21:30:00+00:00,False,True,False,True,50500.0,3787.0,Kenan Stadium,153,North Carolina,fbs,ACC,20.0,"[3, 0, 7, 10]",0.5045846700668335,1394.0,1393.0,24,Stanford,fbs,ACC,15.0,"[0, 3, 0, 12]",0.4954153299331665,1245.0,1246.0,5.369020871476931,Kenan Memorial Stadium,62980.0,35.90698834747853,-79.04791831970215,62980.0,0.8018418545570022,0
401761648,2025,11,regular,2025-11-08 22:00:00+00:00,False,True,False,True,14231.0,3666.0,Cajun Field,309,Louisiana,fbs,Sun Belt,42.0,"[7, 28, 0, 7]",0.4251887202262878,1347.0,1350.0,326,Texas State,fbs,Sun Belt,39.0,"[10, 7, 3, 19]",0.5748112797737122,1486.0,1483.0,5.100831798852394,Cajun Field,36900.0,30.21579609675613,-92.01626413552384,36900.0,0.3856639566395664,0
401760406,2025,11,regular,2025-11-08 23:00:00+00:00,False,True,False,True,13637.0,3935.0,CEFCU Stadium,23,San José State,fbs,Mountain West,16.0,"[3, 0, 3, 10]",0.4876018166542053,1417.0,1391.0,2005,Air Force,fbs,Mountain West,26.0,"[0, 16, 0, 10]",0.5123981833457947,1362.0,1388.0,4.285756759162298,Spartan Stadium,30456.0,37.320105186690846,-121.86811613079064,30456.0,0.44776070396637774,0
401754585,2025,11,regular,2025-11-09 00:00:00+00:00,False,True,False,True,51381.0,3873.0,L&N Federal Credit Union Stadium,97,Louisville,fbs,ACC,26.0,"[7, 6, 7, 3, 3]",0.1674464792013168,1737.0,1709.0,25,California,fbs,ACC,29.0,"[7, 10, 6, 0, 6]",0.8325535207986832,1392.0,1420.0,8.99296986382329,Papa John's Cardinal Stadium,55000.0,38.20542168521144,-85.75810561566809,55000.0,0.9342,0
401754589,2025,11,regular,2025-11-09 00:00:00+00:00,False,True,False,True,55568.0,3923.0,Scott Stadium,258,Virginia,fbs,ACC,9.0,"[3, 3, 3, 0]",0.4872440993785858,1585.0,1555.0,154,Wake Forest,fbs,ACC,16.0,"[0, 10, 3, 3]",0.5127559006214142,1382.0,1412.0,6.244289362830801,Scott Stadium,61500.0,38.03112372855688,-78.51370811462402,61500.0,0.9035447154471544,0
401754586,2025,11,regular,2025-11-09 00:00:00+00:00,False,True,False,True,81500.0,3836.0,"Memorial Stadium (Clemson, SC)",228,Clemson,fbs,ACC,24.0,"[8, 10, 3, 3]",0.9650610685348512,1703.0,1725.0,52,Florida State,fbs,ACC,10.0,"[0, 7, 0, 3]",0.0349389314651489,1631.0,1609.0,2.9535332373216487,Memorial Stadium,81500.0,34.67874665741346,-82.84317970275879,81500.0,1.0,0
401752760,2025,11,regular,2025-11-09 00:30:00+00:00,False,True,False,True,56388.0,3683.0,Kroger Field,96,Kentucky,fbs,SEC,38.0,"[3, 21, 7, 7]",0.9788506031036376,1535.0,1635.0,57,Florida,fbs,SEC,7.0,"[7, 0, 0, 0]",0.0211493968963623,1655.0,1555.0,3.929849442801651,Commonwealth Stadium,62093.0,38.02262168129363,-84.50520515441895,62093.0,0.9081216884350893,0
401752759,2025,11,regular,2025-11-09 00:30:00+00:00,False,True,False,True,100077.0,3657.0,Bryant-Denny Stadium,333,Alabama,fbs,SEC,20.0,"[3, 14, 0, 3]",1.0,1978.0,1977.0,99,LSU,fbs,SEC,9.0,"[0, 3, 3, 3]",0.0,1694.0,1695.0,3.702523288331052,Bryant–Denny Stadium,101821.0,33.2074899449518,-87.5503921508789,101821.0,0.9828719026526944,0
401760409,2025,11,regular,2025-11-09 00:30:00+00:00,False,True,False,True,19418.0,3905.0,Maverik Stadium,328,Utah State,fbs,Mountain West,51.0,"[24, 17, 7, 3]",0.987417221069336,1336.0,1422.0,2440,Nevada,fbs,Mountain West,14.0,"[0, 0, 7, 7]",0.012582778930664,1191.0,1105.0,2.317864805914596,Romney Stadium,25513.0,41.75153188612883,-111.81210567885644,25513.0,0.7611021832007212,0
401757166,2025,11,regular,2025-11-09 00:30:00+00:00,False,True,False,False,77622.0,3855.0,Notre Dame Stadium,87,Notre Dame,fbs,FBS Independents,49.0,"[7, 14, 21, 7]",0.9956626296043396,2153.0,2186.0,2426,Navy,fbs,American Athletic,10.0,"[0, 10, 0, 0]",0.0043373703956604,1513.0,1480.0,2.9604499577900047,Notre Dame Stadium,80795.0,41.69842312158612,-86.23382449150085,80795.0,0.9607277678074139,0
401752895,2025,11,regular,2025-11-09 02:00:00+00:00,False,True,False,True,44481.0,1056.0,Rose Bowl,26,UCLA,fbs,Big Ten,21.0,"[0, 7, 7, 7]",0.3791808485984802,1374.0,1381.0,158,Nebraska,fbs,Big Ten,28.0,"[7, 14, 7, 0]",0.6208191514015198,1655.0,1648.0,3.712969991617385,Rose Bowl,92542.0,34.16156958726264,-118.1676149368286,92542.0,0.4806574312204188,0
401752944,2025,11,regular,2025-11-09 03:00:00+00:00,False,True,False,False,31626.0,3893.0,Reser Stadium,204,Oregon State,fbs,Pac-12,17.0,"[10, 7, 0, 0]",0.6787607669830322,1252.0,1232.0,2534,Sam Houston,fbs,Conference USA,21.0,"[0, 7, 7, 7]",0.3212392330169678,1052.0,1072.0,5.62729618296782,Reser Stadium,45674.0,44.5594768421455,-123.2814073562622,45674.0,0.6924289530148443,0
401762856,2025,12,regular,2025-11-12 00:30:00+00:00,False,True,False,True,8501.0,3768.0,InfoCision Stadium,2006,Akron,fbs,Mid-American,35.0,"[3, 14, 0, 18, 0]",0.0627829506993293,1114.0,1087.0,2309,Kent State,fbs,Mid-American,42.0,"[7, 7, 14, 7, 7]",0.9372170493006706,945.0,972.0,7.404795806309063,Summa Field at InfoCision Stadium,30000.0,41.07256951528711,-81.50838375091553,30000.0,0.28336666666666666,0
401762857,2025,12,regular,2025-11-12 01:00:00+00:00,False,True,False,True,10849.0,3980.0,Waldo Stadium,2711,Western Michigan,fbs,Mid-American,17.0,"[3, 0, 7, 7]",0.9361369609832764,1368.0,1378.0,195,Ohio,fbs,Mid-American,13.0,"[7, 0, 0, 6]",0.0638630390167236,1595.0,1585.0,4.865414628480906,Waldo Stadium,30200.0,42.285755487470176,-85.60100421309471,30200.0,0.3592384105960265,0
401762860,2025,12,regular,2025-11-13 00:00:00+00:00,False,True,False,True,10825.0,3996.0,Yager Stadium,193,Miami (OH),fbs,Mid-American,3.0,"[0, 0, 3, 0]",0.0,1460.0,1421.0,2649,Toledo,fbs,Mid-American,24.0,"[0, 14, 10, 0]",1.0,1591.0,1630.0,4.923971217348496,Yager Stadium,24286.0,39.51942113142349,-84.73335450140017,24286.0,0.44573005023470313,0
401762859,2025,12,regular,2025-11-13 00:00:00+00:00,False,True,False,True,6155.0,3985.0,Warren McGuirk Alumni Stadium,113,Massachusetts,fbs,Mid-American,3.0,"[0, 0, 0, 3]",0.0058732209727168,805.0,735.0,2459,Northern Illinois,fbs,Mid-American,45.0,"[10, 21, 14, 0]",0.9941267790272832,1219.0,1289.0,2.806565714977987,Warren McGuirk Alumni Stadium,17000.0,42.377513236004525,-72.53562686052412,17000.0,0.36205882352941177,0
401762858,2025,12,regular,2025-11-13 00:00:00+00:00,False,True,False,True,6833.0,3786.0,Kelly/Shorts Stadium,2117,Central Michigan,fbs,Mid-American,38.0,"[7, 7, 10, 14]",0.8473177552223206,1235.0,1293.0,2084,Buffalo,fbs,Mid-American,19.0,"[3, 7, 3, 6]",0.1526822447776794,1376.0,1318.0,4.073167142250684,Kelly/Shorts Stadium,32885.0,43.577612282574535,-84.77082967758179,32885.0,0.20778470427246465,0
401761649,2025,12,regular,2025-11-14 00:30:00+00:00,False,True,False,True,18831.0,3918.0,S.B. Ballard Stadium,295,Old Dominion,fbs,Sun Belt,33.0,"[10, 10, 6, 7]",1.0,1480.0,1566.0,2653,Troy,fbs,Sun Belt,0.0,"[0, 0, 0, 0]",0.0,1445.0,1359.0,2.3169202877746,Foreman Field,20118.0,36.88878131523489,-76.30567610263824,20118.0,0.9360274381151208,0
401754591,2025,12,regular,2025-11-15 00:30:00+00:00,False,True,False,True,51234.0,3873.0,L&N Federal Credit Union Stadium,97,Louisville,fbs,ACC,19.0,"[3, 6, 10, 0]",0.75526362657547,1709.0,1709.0,228,Clemson,fbs,ACC,20.0,"[3, 7, 3, 7]",0.24473637342453,1725.0,1725.0,7.815486053722058,Papa John's Cardinal Stadium,55000.0,38.20542168521144,-85.75810561566809,55000.0,0.9315272727272728,0
401752904,2025,12,regular,2025-11-15 02:00:00+00:00,False,True,False,True,58830.0,3626.0,Autzen Stadium,2483,Oregon,fbs,Big Ten,42.0,"[14, 14, 7, 7]",0.985962212085724,2050.0,2068.0,135,Minnesota,fbs,Big Ten,13.0,"[0, 6, 7, 0]",0.0140377879142761,1514.0,1496.0,2.8395112406775915,Autzen Stadium,54000.0,44.058272724266615,-123.0685043334961,54000.0,1.0,0
401757174,2025,12,regular,2025-11-15 17:00:00+00:00,False,True,False,False,31457.0,3892.0,Pratt & Whitney Stadium,41,UConn,fbs,FBS Independents,26.0,"[6, 3, 7, 10]",0.9236084818840028,1563.0,1568.0,2005,Air Force,fbs,Mountain West,16.0,"[7, 0, 3, 6]",0.0763915181159973,1388.0,1383.0,3.5090041799363223,Rentschler Field,40000.0,41.75988427820291,-72.61894226074219,40000.0,0.786425,0
401762861,2025,12,regular,2025-11-15 17:00:00+00:00,False,True,False,True,8430.0,3919.0,Scheumann Stadium,2050,Ball State,fbs,Mid-American,9.0,"[0, 3, 3, 3]",0.1732081621885299,1047.0,1030.0,2199,Eastern Michigan,fbs,Mid-American,24.0,"[7, 10, 0, 7]",0.82679183781147,1229.0,1246.0,3.3275831010822574,Scheumann Stadium,22500.0,40.21602764466651,-85.41769962206614,22500.0,0.37466666666666665,0
401756952,2025,12,regular,2025-11-15 17:00:00+00:00,False,True,False,True,46340.0,3646.0,Boone Pickens Stadium,197,Oklahoma State,fbs,Big 12,6.0,"[3, 3, 0, 0]",0.2214592546224594,1049.0,1080.0,2306,Kansas State,fbs,Big 12,14.0,"[0, 7, 0, 7]",0.7785407453775406,1705.0,1674.0,5.0820189698298535,Boone Pickens Stadium,60218.0,36.12570866235855,-97.06650495529176,60218.0,0.7695373476369192,0
401762507,2025,12,regular,2025-11-15 17:00:00+00:00,False,True,False,True,9831.0,4418.0,Jerry Richardson Stadium,2429,Charlotte,fbs,American Athletic,7.0,"[0, 0, 0, 7]",0.0216295477002859,1020.0,1013.0,2636,UTSA,fbs,American Athletic,28.0,"[7, 0, 7, 14]",0.978370452299714,1465.0,1472.0,3.426061002724206,Jerry Richardson Stadium,15314.0,35.31028067616406,-80.74049377106525,15314.0,0.6419616037612642,0
401762510,2025,12,regular,2025-11-15 17:00:00+00:00,False,True,False,True,34856.0,3852.0,Navy-Marine Corps Memorial Stadium,2426,Navy,fbs,American Athletic,41.0,"[14, 10, 0, 17]",0.9088223576545716,1480.0,1485.0,58,South Florida,fbs,American Athletic,38.0,"[3, 6, 7, 22]",0.0911776423454284,1734.0,1729.0,5.929694836480033,Navy–Marine Corps Memorial Stadium,34000.0,38.98483263543365,-76.5071153640747,34000.0,1.0,0
401756951,2025,12,regular,2025-11-15 17:00:00+00:00,False,True,False,True,37099.0,3854.0,Nippert Stadium,2132,Cincinnati,fbs,Big 12,24.0,"[14, 0, 3, 7]",0.012125389650464,1590.0,1578.0,12,Arizona,fbs,Big 12,30.0,"[7, 3, 10, 10]",0.987874610349536,1580.0,1592.0,5.649878575059863,Nippert Stadium,40000.0,39.13128425273405,-84.51626143741578,40000.0,0.927475,0
401754597,2025,12,regular,2025-11-15 17:00:00+00:00,False,True,False,False,68400.0,3752.0,Acrisure Stadium,221,Pittsburgh,fbs,ACC,15.0,"[0, 3, 6, 6]",0.0374652259051799,1668.0,1665.0,87,Notre Dame,fbs,FBS Independents,37.0,"[14, 7, 9, 7]",0.96253477409482,2186.0,2189.0,3.9008140389274337,Heinz Field,68400.0,40.44678376501633,-80.01575589179993,68400.0,1.0,0
401752772,2025,12,regular,2025-11-15 17:00:00+00:00,False,True,False,True,108582.0,3795.0,Kyle Field,245,Texas A&M,fbs,SEC,31.0,"[3, 0, 21, 7]",1.0,1904.0,1896.0,2579,South Carolina,fbs,SEC,30.0,"[17, 13, 0, 0]",0.0,1637.0,1645.0,5.900620804326157,Kyle Field,102733.0,30.61009757817476,-96.34072922859283,102733.0,1.0,0
401752901,2025,12,regular,2025-11-15 17:00:00+00:00,False,True,False,True,55042.0,3830.0,"Memorial Stadium (Bloomington, IN)",84,Indiana,fbs,Big Ten,31.0,"[7, 3, 14, 7]",1.0,2150.0,2142.0,275,Wisconsin,fbs,Big Ten,7.0,"[0, 7, 0, 0]",0.0,1459.0,1467.0,3.3648861433046053,Memorial Stadium,52959.0,39.18090913372923,-86.52557373046875,52959.0,1.0,0
401752768,2025,12,regular,2025-11-15 17:45:00+00:00,False,True,False,True,100212.0,3958.0,Tiger Stadium (LA),99,LSU,fbs,SEC,23.0,"[0, 16, 0, 7]",0.744929850101471,1695.0,1693.0,8,Arkansas,fbs,SEC,22.0,"[14, 0, 8, 0]",0.255070149898529,1594.0,1596.0,6.39666465263123,Tiger Stadium,102321.0,30.4120123982997,-91.183819770813,102321.0,0.9793883953440643,0
401752945,2025,12,regular,2025-11-15 18:00:00+00:00,False,True,False,False,15034.0,3674.0,Chapman Stadium,202,Tulsa,fbs,American Athletic,31.0,"[14, 3, 7, 7]",0.9935263991355896,1037.0,1094.0,204,Oregon State,fbs,Pac-12,14.0,"[0, 0, 0, 14]",0.0064736008644104,1232.0,1175.0,2.4671952700862336,Skelly Field at H. A. Chapman Stadium,35542.0,36.14886067519205,-95.943603515625,35542.0,0.42299251589668563,0
401756948,2025,12,regular,2025-11-15 18:00:00+00:00,False,True,False,True,54101.0,3947.0,Mountain America Stadium,9,Arizona State,fbs,Big 12,25.0,"[0, 22, 0, 3]",0.3713201880455017,1617.0,1614.0,277,West Virginia,fbs,Big 12,23.0,"[3, 7, 0, 13]",0.6286798119544983,1352.0,1355.0,5.13494151401993,Sun Devil Stadium Frank Kush Field,71706.0,33.426364,-111.932616,71706.0,0.7544835857529356,0
401752767,2025,12,regular,2025-11-15 18:30:00+00:00,False,True,False,False,53686.0,3683.0,Kroger Field,96,Kentucky,fbs,SEC,42.0,"[14, 14, 7, 7]",0.9980577230453492,1622.0,1622.0,2635,Tennessee Tech,fcs,OVC-Big South,10.0,"[0, 7, 3, 0]",0.0019422769546508,735.0,748.0,1.904565463157122,Commonwealth Stadium,62093.0,38.02262168129363,-84.50520515441895,62093.0,0.8646063163319537,1
401757304,2025,12,regular,2025-11-15 20:00:00+00:00,False,True,False,True,13298.0,3878.0,Plaster Sports Complex,2623,Missouri State,fbs,Conference USA,38.0,"[10, 14, 0, 14]",0.927818477153778,1358.0,1376.0,2638,UTEP,fbs,Conference USA,24.0,"[0, 7, 17, 0]",0.0721815228462219,1233.0,1215.0,3.9130570653398737,Plaster Sports Complex,17500.0,37.1976295206598,-93.27998757362366,17500.0,0.7598857142857143,0
401760411,2025,12,regular,2025-11-15 20:00:00+00:00,False,True,False,True,27526.0,3971.0,University Stadium (NM),167,New Mexico,fbs,Mountain West,20.0,"[0, 10, 0, 10]",0.9611223340034484,1460.0,1458.0,36,Colorado State,fbs,Mountain West,17.0,"[0, 0, 10, 7]",0.0388776659965515,1221.0,1223.0,6.143939901413607,University Stadium,39224.0,35.06761048267165,-106.6281028358157,39224.0,0.7017642259840914,0
401752907,2025,12,regular,2025-11-15 20:30:00+00:00,False,True,False,True,65216.0,477.0,Los Angeles Memorial Coliseum,30,USC,fbs,Big Ten,26.0,"[0, 10, 9, 7]",0.3746799230575561,1911.0,1916.0,2294,Iowa,fbs,Big Ten,21.0,"[7, 14, 0, 0]",0.6253200769424438,1912.0,1907.0,4.656077932368771,Los Angeles Memorial Coliseum,93607.0,34.01400974062912,-118.28789591789246,93607.0,0.6967000331171814,0
401752906,2025,12,regular,2025-11-15 20:30:00+00:00,False,True,False,True,56416.0,3832.0,"Memorial Stadium (Champaign, IL)",356,Illinois,fbs,Big Ten,24.0,"[7, 7, 7, 3]",0.8008391857147217,1603.0,1630.0,120,Maryland,fbs,Big Ten,6.0,"[3, 3, 0, 0]",0.1991608142852783,1467.0,1440.0,3.134975374918965,Memorial Stadium,60670.0,40.09930573133053,-88.23598623275757,60670.0,0.9298829734629965,0
401761654,2025,12,regular,2025-11-15 20:30:00+00:00,False,True,False,True,27223.0,3815.0,M. M. Roberts Stadium,2572,Southern Miss,fbs,Sun Belt,14.0,"[0, 0, 7, 7]",0.047236330807209,1362.0,1303.0,326,Texas State,fbs,Sun Belt,41.0,"[10, 17, 0, 14]",0.952763669192791,1483.0,1542.0,3.3067316100380326,M. M. Roberts Stadium,36000.0,31.32897842661232,-89.33133065700531,36000.0,0.7561944444444444,0
401760413,2025,12,regular,2025-11-15 20:30:00+00:00,False,True,False,True,14491.0,3816.0,Mackay Stadium,2440,Nevada,fbs,Mountain West,55.0,"[14, 17, 7, 17]",0.995261013507843,1105.0,1288.0,23,San José State,fbs,Mountain West,10.0,"[0, 0, 3, 7]",0.0047389864921569,1391.0,1208.0,2.7859614555462486,Mackay Stadium,30000.0,39.54692485017159,-119.8175597190857,30000.0,0.4830333333333333,0
401761653,2025,12,regular,2025-11-15 20:30:00+00:00,False,True,False,True,19872.0,3817.0,Malone Stadium,2433,UL Monroe,fbs,Sun Belt,14.0,"[14, 0, 0, 0]",0.0272017531096935,998.0,1004.0,6,South Alabama,fbs,Sun Belt,26.0,"[0, 7, 13, 6]",0.9727982468903064,1375.0,1369.0,4.425007568004904,Malone Stadium,30427.0,32.53106869451547,-92.06644075067642,30427.0,0.6531041509185921,0
401761652,2025,12,regular,2025-11-15 20:30:00+00:00,False,True,False,True,25298.0,3651.0,Bridgeforth Stadium,256,James Madison,fbs,Sun Belt,58.0,"[7, 20, 10, 21]",1.0,1802.0,1882.0,2026,App State,fbs,Sun Belt,10.0,"[0, 0, 0, 10]",0.0,1328.0,1248.0,2.5124097805149224,Bridgeforth Stadium,24878.0,38.43508893585215,-78.87340330403673,24878.0,1.0,0
401754593,2025,12,regular,2025-11-15 20:30:00+00:00,False,True,False,True,27215.0,3982.0,Wallace Wade Stadium,150,Duke,fbs,ACC,17.0,"[0, 3, 0, 14]",0.0,1625.0,1576.0,258,Virginia,fbs,ACC,34.0,"[7, 10, 14, 3]",1.0,1555.0,1604.0,3.6041656880268382,Wallace Wade Stadium,33941.0,35.9953166502013,-78.94172430038452,33941.0,0.8018325918505642,0
401756953,2025,12,regular,2025-11-15 20:30:00+00:00,False,True,False,True,60229.0,3784.0,Jones AT&T Stadium,2641,Texas Tech,fbs,Big 12,48.0,"[14, 24, 10, 0]",0.9889745712280272,1937.0,1997.0,2116,UCF,fbs,Big 12,9.0,"[0, 2, 7, 0]",0.0110254287719726,1528.0,1468.0,1.763929168874903,Jones AT&T Stadium,60862.0,33.59102829801104,-101.87293767929076,60862.0,0.9895994216424041,0
401754592,2025,12,regular,2025-11-15 20:30:00+00:00,False,True,False,True,37879.0,3615.0,"Alumni Stadium (Chestnut Hill, MA)",103,Boston College,fbs,ACC,34.0,"[0, 14, 14, 6]",0.3002715110778808,1298.0,1311.0,59,Georgia Tech,fbs,ACC,36.0,"[7, 7, 3, 19]",0.6997284889221191,1612.0,1599.0,7.421454423157309,Alumni Stadium,44500.0,42.33510834895851,-71.16647243499756,44500.0,0.8512134831460674,0
401754595,2025,12,regular,2025-11-15 20:30:00+00:00,False,True,False,True,59157.0,3948.0,Hard Rock Stadium,2390,Miami,fbs,ACC,41.0,"[10, 14, 10, 7]",0.9875534176826476,1865.0,1914.0,152,NC State,fbs,ACC,7.0,"[0, 0, 0, 7]",0.0124465823173522,1498.0,1449.0,3.143203555575869,Sun Life Stadium,65326.0,25.957933739028963,-80.23884057998657,65326.0,0.9055659308697915,0
401752765,2025,12,regular,2025-11-15 20:30:00+00:00,False,True,False,True,100077.0,3657.0,Bryant-Denny Stadium,333,Alabama,fbs,SEC,21.0,"[0, 14, 7, 0]",0.1532109081745147,1977.0,1964.0,201,Oklahoma,fbs,SEC,23.0,"[10, 7, 3, 3]",0.8467890918254852,1794.0,1807.0,6.710685410174063,Bryant–Denny Stadium,101821.0,33.2074899449518,-87.5503921508789,101821.0,0.9828719026526944,0
401757303,2025,12,regular,2025-11-15 20:30:00+00:00,False,True,False,True,16547.0,3796.0,Houchens Industries-L.T. Smith Stadium,98,Western Kentucky,fbs,Conference USA,42.0,"[7, 14, 7, 14]",0.9155396819114684,1386.0,1398.0,2393,Middle Tennessee,fbs,Conference USA,26.0,"[0, 10, 13, 3]",0.0844603180885315,1134.0,1122.0,7.620477790856999,Houchens Industries–L. T. Smith Stadium,22113.0,36.98487662989466,-86.459013971646,22113.0,0.7482928594039705,0
401752903,2025,12,regular,2025-11-15 20:30:00+00:00,False,True,False,True,61671.0,3936.0,Spartan Stadium,127,Michigan State,fbs,Big Ten,10.0,"[7, 3, 0, 0]",0.0037691784091293,1365.0,1377.0,213,Penn State,fbs,Big Ten,28.0,"[7, 7, 0, 14]",0.9962308215908706,1950.0,1938.0,3.804441558601168,Spartan Stadium,75005.0,42.7281691163326,-84.48487535119057,75005.0,0.8222251849876675,0
401762509,2025,12,regular,2025-11-15 21:00:00+00:00,False,True,False,True,30000.0,4729.0,Yulman Stadium,2655,Tulane,fbs,American Athletic,35.0,"[7, 14, 7, 7]",0.93910950422287,1545.0,1543.0,2226,Florida Atlantic,fbs,American Athletic,24.0,"[3, 7, 0, 14]",0.0608904957771301,1247.0,1249.0,3.833262636519825,Benson Field at Yulman Stadium,30000.0,29.945898112528432,-90.11519112306328,30000.0,1.0,0
401762508,2025,12,regular,2025-11-15 21:00:00+00:00,False,True,False,True,37348.0,3699.0,Dowdy-Ficklen Stadium,151,East Carolina,fbs,American Athletic,31.0,"[7, 3, 14, 7]",0.8798407912254333,1599.0,1604.0,235,Memphis,fbs,American Athletic,27.0,"[0, 17, 7, 3]",0.1201592087745666,1665.0,1660.0,8.044532885223424,Dowdy–Ficklen Stadium,50000.0,35.59642579698931,-77.36522912979126,50000.0,0.74696,0
401752771,2025,12,regular,2025-11-15 21:15:00+00:00,False,True,False,False,101915.0,3853.0,Neyland Stadium,2633,Tennessee,fbs,SEC,42.0,"[14, 7, 21, 0]",0.9741840958595276,1814.0,1834.0,166,New Mexico State,fbs,Conference USA,9.0,"[0, 3, 0, 6]",0.0258159041404724,1201.0,1181.0,3.093171763725749,Neyland Stadium,102455.0,35.95473437262258,-83.92533302307129,102455.0,0.994729393392221,0
401754596,2025,12,regular,2025-11-15 21:30:00+00:00,False,True,False,True,32390.0,3630.0,Allegacy Federal Credit Union Stadium,154,Wake Forest,fbs,ACC,28.0,"[7, 7, 7, 7]",0.9570199847221376,1412.0,1444.0,153,North Carolina,fbs,ACC,12.0,"[0, 6, 3, 3]",0.0429800152778625,1393.0,1361.0,2.6545877239771705,BB&T Field,31500.0,36.09183481061275,-80.25534152984619,31500.0,1.0,0
401757301,2025,12,regular,2025-11-15 22:00:00+00:00,False,True,False,True,14167.0,2031.0,Pitbull Stadium,2229,Florida International,fbs,Conference USA,34.0,"[7, 10, 7, 3, 7]",0.978489339351654,1306.0,1326.0,2335,Liberty,fbs,Conference USA,27.0,"[7, 14, 0, 6, 0]",0.0215106606483459,1488.0,1468.0,8.87308010242118,FIU Stadium,23500.0,25.75249278747405,-80.37786483764648,23500.0,0.6028510638297873,0
401761650,2025,12,regular,2025-11-15 23:00:00+00:00,False,True,False,True,22738.0,3608.0,Allen E. Paulson Stadium,290,Georgia Southern,fbs,Sun Belt,45.0,"[21, 14, 7, 3]",0.7108765840530396,1314.0,1319.0,324,Coastal Carolina,fbs,Sun Belt,40.0,"[17, 10, 6, 7]",0.2891234159469604,1318.0,1313.0,5.9853896742129855,Paulson Stadium,24300.0,32.41221167634779,-81.78317070007324,24300.0,0.9357201646090535,0
401752769,2025,12,regular,2025-11-16 00:00:00+00:00,False,True,False,True,68138.0,3974.0,Vaught-Hemingway Stadium,145,Ole Miss,fbs,SEC,34.0,"[10, 10, 0, 14]",0.9857250452041626,1969.0,1959.0,57,Florida,fbs,SEC,24.0,"[7, 17, 0, 0]",0.0142749547958374,1555.0,1565.0,6.26444436261108,Vaught–Hemingway Stadium,60580.0,34.362154302992906,-89.53414626020904,60580.0,1.0,0
401752902,2025,12,regular,2025-11-16 00:00:00+00:00,False,True,False,True,67229.0,3765.0,Husky Stadium,264,Washington,fbs,Big Ten,49.0,"[7, 21, 14, 7]",0.8683210611343384,1699.0,1754.0,2509,Purdue,fbs,Big Ten,13.0,"[0, 0, 3, 10]",0.1316789388656616,1331.0,1276.0,2.9709339959202525,Husky Stadium,70500.0,47.65043054401222,-122.30291984739304,70500.0,0.9536028368794326,0
401756949,2025,12,regular,2025-11-16 00:00:00+00:00,False,True,False,True,38186.0,4727.0,McLane Stadium,239,Baylor,fbs,Big 12,28.0,"[0, 17, 3, 8]",0.0039741955697536,1621.0,1585.0,254,Utah,fbs,Big 12,55.0,"[14, 14, 7, 20]",0.9960258044302464,1941.0,1977.0,4.191336628760744,McLane Stadium,45140.0,31.55866263551169,-97.11560010910034,45140.0,0.845945945945946,0
401754594,2025,12,regular,2025-11-16 00:30:00+00:00,False,True,False,True,64937.0,3697.0,Doak Campbell Stadium,52,Florida State,fbs,ACC,34.0,"[0, 10, 14, 10]",0.9910560250282288,1609.0,1638.0,259,Virginia Tech,fbs,ACC,14.0,"[0, 7, 0, 7]",0.0089439749717712,1431.0,1402.0,4.261559656791791,Bobby Bowden Field at Doak Campbell Stadium,82300.0,30.437547584621285,-84.30453398103501,82300.0,0.7890279465370595,0
401752766,2025,12,regular,2025-11-16 00:30:00+00:00,False,True,False,True,93033.0,3917.0,Sanford Stadium,61,Georgia,fbs,SEC,35.0,"[7, 7, 0, 21]",0.9910233020782472,2018.0,2070.0,251,Texas,fbs,SEC,10.0,"[3, 0, 7, 0]",0.0089766979217529,1924.0,1872.0,3.2577676387805257,Sanford Stadium,92746.0,33.949821489498824,-83.37344169616699,92746.0,1.0,0
401752900,2025,12,regular,2025-11-16 00:30:00+00:00,False,True,False,True,104168.0,3861.0,Ohio Stadium,194,Ohio State,fbs,Big Ten,48.0,"[10, 17, 14, 7]",0.9827536344528198,2125.0,2145.0,26,UCLA,fbs,Big Ten,10.0,"[0, 0, 7, 3]",0.0172463655471801,1381.0,1361.0,2.1221468871556866,Ohio Stadium,104944.0,40.0016856893694,-83.01972806453705,104944.0,0.9926055801189205,0
401752770,2025,12,regular,2025-11-16 00:45:00+00:00,False,True,False,True,57321.0,3838.0,Memorial Stadium,142,Missouri,fbs,SEC,49.0,"[14, 7, 14, 14]",1.0,1734.0,1765.0,344,Mississippi State,fbs,SEC,27.0,"[10, 0, 14, 3]",0.0,1523.0,1492.0,4.870050241990691,Faurot Field,71168.0,38.93589529672232,-92.33311414718628,71168.0,0.8054322167266187,0
401757302,2025,12,regular,2025-11-16 01:00:00+00:00,False,True,False,True,24166.0,3662.0,AmFirst Stadium,55,Jacksonville State,fbs,Conference USA,35.0,"[7, 15, 3, 10]",0.9238912463188172,1512.0,1518.0,338,Kennesaw State,fbs,Conference USA,26.0,"[7, 3, 3, 13]",0.0761087536811828,1381.0,1375.0,6.147150019104686,JSU Stadium,24000.0,33.82031030570401,-85.76646566390991,24000.0,1.0,0
401752953,2025,12,regular,2025-11-16 03:00:00+00:00,False,True,False,False,21186.0,3820.0,Gesa Field,265,Washington State,fbs,Pac-12,28.0,"[7, 7, 0, 14]",0.994571566581726,1434.0,1500.0,2348,Louisiana Tech,fbs,Conference USA,3.0,"[0, 3, 0, 0]",0.0054284334182739,1462.0,1396.0,2.1283890571792554,Martin Stadium,32248.0,46.731967978653024,-117.16058578781136,32248.0,0.6569709749441826,0
401756950,2025,12,regular,2025-11-16 03:15:00+00:00,False,True,False,True,64447.0,3801.0,LaVell Edwards Stadium,252,BYU,fbs,Big 12,44.0,"[10, 17, 3, 14]",0.9717991948127748,1688.0,1772.0,2628,TCU,fbs,Big 12,13.0,"[0, 10, 3, 0]",0.0282008051872253,1689.0,1605.0,3.8991089407763098,LaVell Edwards Stadium,63725.0,40.25748799746312,-111.65443897247314,63725.0,1.0,0
401760412,2025,12,regular,2025-11-16 03:30:00+00:00,False,True,False,True,35076.0,3660.0,Valley Children's Stadium,278,Fresno State,fbs,Mountain West,24.0,"[7, 3, 0, 14]",0.924098014831543,1468.0,1510.0,2751,Wyoming,fbs,Mountain West,3.0,"[3, 0, 0, 0]",0.075901985168457,1390.0,1348.0,4.026001542428445,Bulldog Stadium,41031.0,36.81431969524593,-119.75810156690552,41031.0,0.8548658331505448,0
401762864,2025,13,regular,2025-11-19 00:00:00+00:00,False,True,False,True,4734.0,3764.0,Huskie Stadium,2459,Northern Illinois,fbs,Mid-American,19.0,"[10, 3, 0, 6]",0.079474538564682,1289.0,1260.0,2711,Western Michigan,fbs,Mid-American,35.0,"[0, 14, 7, 14]",0.920525461435318,1378.0,1407.0,3.462670773084421,Huskie Stadium,25500.0,41.934014,-88.778222,25500.0,0.18564705882352942,0
401762862,2025,13,regular,2025-11-19 00:00:00+00:00,False,True,False,True,9867.0,3700.0,Doyt L. Perry Stadium,189,Bowling Green,fbs,Mid-American,16.0,"[3, 3, 7, 3]",0.9237462878227234,1244.0,1230.0,2006,Akron,fbs,Mid-American,19.0,"[3, 3, 10, 3]",0.0762537121772766,1087.0,1101.0,7.499807813687292,Doyt Perry Stadium,23724.0,41.37805439803228,-83.62248212099075,23724.0,0.4159079413252403,0
401762863,2025,13,regular,2025-11-19 00:00:00+00:00,False,True,False,True,12438.0,3876.0,Peden Stadium,195,Ohio,fbs,Mid-American,42.0,"[7, 14, 7, 14]",1.0,1585.0,1572.0,113,Massachusetts,fbs,Mid-American,14.0,"[7, 0, 7, 0]",0.0,735.0,748.0,3.811770717209375,Peden Stadium,24000.0,39.32130908459409,-82.10343944652357,24000.0,0.51825,0
401762865,2025,13,regular,2025-11-20 00:00:00+00:00,False,True,False,True,15246.0,3965.0,UB Stadium,2084,Buffalo,fbs,Mid-American,20.0,"[3, 7, 10, 0]",0.0075292307883501,1318.0,1288.0,193,Miami (OH),fbs,Mid-American,37.0,"[0, 17, 14, 6]",0.99247076921165,1421.0,1451.0,5.921445750564814,UB Stadium,29013.0,42.99906838239644,-78.7775194644928,29013.0,0.5254885740874781,0
401762866,2025,13,regular,2025-11-20 00:00:00+00:00,False,True,False,True,8112.0,3696.0,Dix Stadium,2309,Kent State,fbs,Mid-American,16.0,"[0, 3, 0, 13]",0.0,972.0,974.0,2117,Central Michigan,fbs,Mid-American,28.0,"[7, 7, 0, 14]",1.0,1293.0,1291.0,4.460429434556407,Dix Stadium,25000.0,41.13908682549516,-81.31343945860863,25000.0,0.32448,0
401761655,2025,13,regular,2025-11-21 00:30:00+00:00,False,True,False,True,13571.0,3625.0,Centennial Bank Stadium,2032,Arkansas State,fbs,Sun Belt,30.0,"[10, 17, 0, 3]",0.0805884674191474,1306.0,1302.0,309,Louisiana,fbs,Sun Belt,34.0,"[7, 17, 7, 3]",0.9194115325808524,1350.0,1354.0,8.711359626652017,Centennial Bank Stadium,30964.0,35.84899009532366,-90.66769494362912,30964.0,0.4382831675494122,0
401754598,2025,13,regular,2025-11-22 01:00:00+00:00,False,True,False,True,56919.0,3670.0,Carter-Finley Stadium,152,NC State,fbs,ACC,21.0,"[7, 0, 7, 7]",0.7871336936950684,1449.0,1481.0,52,Florida State,fbs,ACC,11.0,"[0, 3, 0, 8]",0.2128663063049316,1638.0,1606.0,3.841445585044678,Carter–Finley Stadium,57583.0,35.80075968207897,-78.71948719024658,57583.0,0.9884688189222514,0
401752781,2025,13,regular,2025-11-22 17:00:00+00:00,False,True,False,False,104877.0,3795.0,Kyle Field,245,Texas A&M,fbs,SEC,48.0,"[21, 10, 7, 10]",0.9767223000526428,1896.0,1896.0,2535,Samford,fcs,Southern,0.0,"[0, 0, 0, 0]",0.0232776999473571,735.0,748.0,2.1226393455024506,Kyle Field,102733.0,30.61009757817476,-96.34072922859283,102733.0,1.0,1
401762512,2025,13,regular,2025-11-22 17:00:00+00:00,False,True,False,True,28705.0,3841.0,Michie Stadium,349,Army,fbs,American Athletic,25.0,"[7, 15, 3, 0]",0.1100132092833519,1529.0,1504.0,202,Tulsa,fbs,American Athletic,26.0,"[7, 7, 0, 12]",0.8899867907166481,1094.0,1119.0,6.910777336301107,Michie Stadium,38000.0,41.38708043477422,-73.96408081054688,38000.0,0.7553947368421052,0
401754606,2025,13,regular,2025-11-22 17:00:00+00:00,False,True,False,False,26950.0,3630.0,Allegacy Federal Credit Union Stadium,154,Wake Forest,fbs,ACC,52.0,"[15, 20, 14, 3]",0.9898605346679688,1444.0,1542.0,48,Delaware,fbs,Conference USA,14.0,"[0, 7, 0, 7]",0.0101394653320312,1364.0,1266.0,2.450358623240805,BB&T Field,31500.0,36.09183481061275,-80.25534152984619,31500.0,0.8555555555555555,0
401756958,2025,13,regular,2025-11-22 17:00:00+00:00,False,True,False,True,58275.0,3772.0,Jack Trice Stadium,66,Iowa State,fbs,Big 12,38.0,"[7, 10, 14, 7]",0.9831984639167786,1600.0,1655.0,2305,Kansas,fbs,Big 12,14.0,"[0, 0, 14, 0]",0.0168015360832214,1554.0,1499.0,2.3348587288675406,Jack Trice Stadium,61500.0,42.01400541108485,-93.6358094215393,61500.0,0.947560975609756,0
401754603,2025,13,regular,2025-11-22 17:00:00+00:00,False,True,False,True,65632.0,3799.0,Lane Stadium,259,Virginia Tech,fbs,ACC,17.0,"[3, 0, 7, 7]",0.1003344729542732,1402.0,1409.0,2390,Miami,fbs,ACC,34.0,"[7, 13, 7, 7]",0.8996655270457268,1914.0,1907.0,3.9113358309470994,Lane Stadium,66233.0,37.2199742830054,-80.41805505752563,66233.0,0.99092597345734,0
401754602,2025,13,regular,2025-11-22 17:00:00+00:00,False,True,False,True,32713.0,3735.0,Gerald J. Ford Stadium,2567,SMU,fbs,ACC,38.0,"[7, 14, 3, 14]",0.9910668134689332,1782.0,1860.0,97,Louisville,fbs,ACC,6.0,"[3, 3, 0, 0]",0.0089331865310668,1709.0,1631.0,2.783176713839125,Gerald J. Ford Stadium,32000.0,32.83771580994254,-96.782705783844,32000.0,1.0,0
401752778,2025,13,regular,2025-11-22 17:00:00+00:00,False,True,False,True,83541.0,3835.0,"Memorial Stadium (Norman, OK)",201,Oklahoma,fbs,SEC,17.0,"[0, 14, 3, 0]",0.5415191054344177,1807.0,1824.0,142,Missouri,fbs,SEC,6.0,"[3, 3, 0, 0]",0.4584808945655823,1765.0,1748.0,2.897279975694421,Gaylord Family Oklahoma Memorial Stadium,82112.0,35.20589959488508,-97.44255065917967,82112.0,1.0,0
401752776,2025,13,regular,2025-11-22 17:45:00+00:00,False,True,False,False,93033.0,3917.0,Sanford Stadium,61,Georgia,fbs,SEC,35.0,"[14, 14, 7, 0]",0.9879599809646606,2070.0,2048.0,2429,Charlotte,fbs,American Athletic,3.0,"[0, 3, 0, 0]",0.0120400190353393,1013.0,1035.0,1.6983975885892353,Sanford Stadium,92746.0,33.949821489498824,-83.37344169616699,92746.0,1.0,0
401761657,2025,13,regular,2025-11-22 18:00:00+00:00,False,True,False,True,19247.0,3608.0,Allen E. Paulson Stadium,290,Georgia Southern,fbs,Sun Belt,10.0,"[0, 0, 3, 7]",0.0013588489964604,1319.0,1250.0,295,Old Dominion,fbs,Sun Belt,45.0,"[14, 17, 14, 0]",0.9986411510035396,1566.0,1635.0,3.476384076018411,Paulson Stadium,24300.0,32.41221167634779,-81.78317070007324,24300.0,0.7920576131687243,0
401756954,2025,13,regular,2025-11-22 18:00:00+00:00,False,True,False,True,40199.0,3619.0,Arizona Stadium,12,Arizona,fbs,Big 12,41.0,"[7, 7, 7, 20]",0.9966047406196594,1592.0,1651.0,239,Baylor,fbs,Big 12,17.0,"[14, 3, 0, 0]",0.0033952593803405,1585.0,1526.0,5.473475061116716,Arizona Stadium,51811.0,32.228340232071496,-110.94903945922852,51811.0,0.7758777093667368,0
401752954,2025,13,regular,2025-11-22 18:00:00+00:00,False,True,False,False,25156.0,3651.0,Bridgeforth Stadium,256,James Madison,fbs,Sun Belt,24.0,"[3, 7, 7, 7]",0.7625653147697449,1882.0,1874.0,265,Washington State,fbs,Pac-12,20.0,"[3, 14, 0, 3]",0.2374346852302551,1500.0,1508.0,5.595652422164998,Bridgeforth Stadium,24878.0,38.43508893585215,-78.87340330403673,24878.0,1.0,0
401752774,2025,13,regular,2025-11-22 19:00:00+00:00,False,True,False,False,88043.0,3785.0,Jordan-Hare Stadium,2,Auburn,fbs,SEC,62.0,"[14, 21, 14, 13]",0.9926486015319824,1660.0,1660.0,2382,Mercer,fcs,Southern,17.0,"[14, 3, 0, 0]",0.0073513984680175,735.0,748.0,3.944493697449484,Jordan–Hare Stadium,87451.0,32.602361666817515,-85.48891067504883,87451.0,1.0,1
401762867,2025,13,regular,2025-11-22 19:00:00+00:00,False,True,False,True,15127.0,3739.0,Glass Bowl,2649,Toledo,fbs,Mid-American,38.0,"[14, 10, 7, 7]",0.902834177017212,1630.0,1642.0,2050,Ball State,fbs,Mid-American,9.0,"[0, 3, 0, 6]",0.097165822982788,1030.0,1018.0,3.288852048288053,Glass Bowl,26248.0,41.65739077895321,-83.61401719150295,26248.0,0.576310576043889,0
401760419,2025,13,regular,2025-11-22 19:00:00+00:00,False,True,False,True,25650.0,3984.0,War Memorial Stadium,2751,Wyoming,fbs,Mountain West,7.0,"[0, 0, 7, 0]",0.0989487469196319,1348.0,1333.0,2440,Nevada,fbs,Mountain West,13.0,"[0, 7, 3, 3]",0.901051253080368,1288.0,1303.0,4.960683280349936,War Memorial Stadium,29181.0,41.31193599299248,-105.56906461715698,29181.0,0.8789966073815154,0
401757306,2025,13,regular,2025-11-22 19:00:00+00:00,False,True,False,True,11040.0,4899.0,Fifth Third Stadium,338,Kennesaw State,fbs,Conference USA,41.0,"[14, 0, 13, 14]",0.9847188591957092,1375.0,1385.0,2623,Missouri State,fbs,Conference USA,34.0,"[3, 10, 14, 7]",0.0152811408042907,1376.0,1366.0,7.813154318575293,Fifth Third Bank Stadium,11040.0,34.0234337,-84.6154897,8318.0,1.0,0
401752773,2025,13,regular,2025-11-22 19:00:00+00:00,False,True,False,False,100077.0,3657.0,Bryant-Denny Stadium,333,Alabama,fbs,SEC,56.0,"[14, 14, 14, 14]",0.9778900146484376,1966.0,1966.0,2197,Eastern Illinois,fcs,OVC-Big South,0.0,"[0, 0, 0, 0]",0.0221099853515625,735.0,748.0,1.8684493598244247,Bryant–Denny Stadium,101821.0,33.2074899449518,-87.5503921508789,101821.0,0.9828719026526944,1
401761656,2025,13,regular,2025-11-22 19:30:00+00:00,False,True,False,True,31322.0,3792.0,Kidd Brewer Stadium,2026,App State,fbs,Sun Belt,26.0,"[3, 13, 7, 3]",0.3613669276237488,1248.0,1252.0,276,Marshall,fbs,Sun Belt,24.0,"[7, 14, 3, 0]",0.6386330723762512,1499.0,1495.0,6.875861158506466,Kidd Brewer Stadium,40168.0,36.21151530169309,-81.68550610542297,24050.0,0.7797749452300339,0
401757175,2025,13,regular,2025-11-22 20:00:00+00:00,False,True,False,False,16306.0,3715.0,FAU Stadium,2226,Florida Atlantic,fbs,American Athletic,45.0,"[3, 14, 14, 14]",0.1622029989957809,1249.0,1263.0,41,UConn,fbs,FBS Independents,48.0,"[24, 3, 7, 14]",0.837797001004219,1568.0,1554.0,8.729593024822146,FAU Stadium,30000.0,26.3754535636523,-80.10168313980103,30000.0,0.5435333333333333,0
401757308,2025,13,regular,2025-11-22 20:00:00+00:00,False,True,False,True,7605.0,3725.0,Johnny Red Floyd Stadium,2393,Middle Tennessee,fbs,Conference USA,31.0,"[0, 10, 7, 14]",0.9829244017601012,1122.0,1148.0,2534,Sam Houston,fbs,Conference USA,17.0,"[10, 0, 0, 7]",0.0170755982398986,1094.0,1068.0,4.9297984961287264,"Johnny ""Red"" Floyd Stadium",31000.0,35.85110908054087,-86.36844992637634,31000.0,0.2453225806451613,0
401757309,2025,13,regular,2025-11-22 20:00:00+00:00,False,True,False,True,16677.0,3946.0,Sun Bowl,2638,UTEP,fbs,Conference USA,31.0,"[21, 0, 3, 7]",0.4651758372783661,1215.0,1208.0,166,New Mexico State,fbs,Conference USA,34.0,"[0, 21, 3, 10]",0.5348241627216339,1181.0,1188.0,7.161423595259868,Sun Bowl Stadium,51500.0,31.77334530512776,-106.50789678096773,51500.0,0.3238252427184466,0
401757307,2025,13,regular,2025-11-22 20:00:00+00:00,False,True,False,True,10107.0,3776.0,Joe Aillet Stadium,2348,Louisiana Tech,fbs,Conference USA,34.0,"[7, 0, 7, 14, 6]",0.8025693297386169,1396.0,1407.0,2335,Liberty,fbs,Conference USA,28.0,"[3, 10, 15, 0, 0]",0.197430670261383,1468.0,1457.0,6.907620940462813,Joe Aillet Stadium,30600.0,32.53223809915824,-92.6560188758494,30600.0,0.33029411764705885,0
401752782,2025,13,regular,2025-11-22 20:30:00+00:00,False,True,False,True,35000.0,3973.0,FirstBank Stadium,238,Vanderbilt,fbs,SEC,45.0,"[3, 21, 21, 0]",0.9762735366821288,1770.0,1827.0,96,Kentucky,fbs,SEC,17.0,"[0, 3, 0, 14]",0.023726463317871,1635.0,1578.0,2.273620118904549,Vanderbilt Stadium,40350.0,36.14355849696379,-86.80877208709717,40350.0,0.8674101610904585,0
401752913,2025,13,regular,2025-11-22 20:30:00+00:00,False,True,False,True,69250.0,3793.0,Kinnick Stadium,2294,Iowa,fbs,Big Ten,20.0,"[7, 0, 0, 13]",0.5775558352470398,1907.0,1902.0,127,Michigan State,fbs,Big Ten,17.0,"[0, 3, 14, 0]",0.4224441647529602,1377.0,1382.0,4.969668955103442,Kinnick Stadium,70585.0,41.65838893680983,-91.55147552490234,70585.0,0.9810866331373521,0
401752911,2025,13,regular,2025-11-22 20:30:00+00:00,False,True,False,True,59588.0,3626.0,Autzen Stadium,2483,Oregon,fbs,Big Ten,42.0,"[14, 14, 7, 7]",0.9446062445640564,2068.0,2086.0,30,USC,fbs,Big Ten,27.0,"[7, 7, 7, 6]",0.0553937554359436,1916.0,1898.0,4.245851997828762,Autzen Stadium,54000.0,44.058272724266615,-123.0685043334961,54000.0,1.0,0
401754600,2025,13,regular,2025-11-22 20:30:00+00:00,False,True,False,True,50500.0,3787.0,Kenan Stadium,153,North Carolina,fbs,ACC,25.0,"[7, 3, 8, 7]",0.566415548324585,1361.0,1364.0,150,Duke,fbs,ACC,32.0,"[7, 10, 7, 8]",0.433584451675415,1576.0,1573.0,6.197711451448148,Kenan Memorial Stadium,62980.0,35.90698834747853,-79.04791831970215,62980.0,0.8018418545570022,0
401752780,2025,13,regular,2025-11-22 20:30:00+00:00,False,True,False,True,102361.0,3910.0,DKR-Texas Memorial Stadium,251,Texas,fbs,SEC,52.0,"[14, 10, 21, 7]",1.0,1872.0,1880.0,8,Arkansas,fbs,SEC,37.0,"[6, 14, 3, 14]",0.0,1596.0,1588.0,4.624234501424844,Darrell K Royal–Texas Memorial Stadium,100119.0,30.28360340206824,-97.73233652114868,100119.0,1.0,0
401757305,2025,13,regular,2025-11-22 20:30:00+00:00,False,True,False,True,9504.0,2031.0,Pitbull Stadium,2229,Florida International,fbs,Conference USA,27.0,"[7, 0, 10, 10]",0.5822793245315552,1326.0,1343.0,55,Jacksonville State,fbs,Conference USA,21.0,"[7, 7, 7, 0]",0.4177206754684448,1518.0,1501.0,6.692904161736895,FIU Stadium,23500.0,25.75249278747405,-80.37786483764648,23500.0,0.4044255319148936,0
401762513,2025,13,regular,2025-11-22 20:30:00+00:00,False,True,False,True,18573.0,3604.0,Alamodome,2636,UTSA,fbs,American Athletic,58.0,"[14, 20, 10, 14]",0.9919071197509766,1472.0,1585.0,151,East Carolina,fbs,American Athletic,24.0,"[0, 3, 7, 14]",0.0080928802490234,1604.0,1491.0,2.4539570338017254,Alamodome,65000.0,29.41693712868156,-98.47890257835388,65000.0,0.28573846153846155,0
401754604,2025,13,regular,2025-11-22 20:30:00+00:00,False,True,False,False,77622.0,3855.0,Notre Dame Stadium,87,Notre Dame,fbs,FBS Independents,70.0,"[35, 14, 7, 14]",0.9941574335098268,2189.0,2263.0,183,Syracuse,fbs,ACC,7.0,"[0, 0, 0, 7]",0.0058425664901733,1304.0,1230.0,2.3955991519822097,Notre Dame Stadium,80795.0,41.69842312158612,-86.23382449150085,80795.0,0.9607277678074139,0
401762515,2025,13,regular,2025-11-22 20:45:00+00:00,False,True,False,True,13366.0,3806.0,Lincoln Financial Field,218,Temple,fbs,American Athletic,13.0,"[7, 0, 0, 6]",0.0135558973997831,1266.0,1234.0,2655,Tulane,fbs,American Athletic,37.0,"[10, 10, 6, 11]",0.9864441026002168,1543.0,1575.0,3.574444017848902,Lincoln Financial Field,68532.0,39.900748900488125,-75.16749143600464,68532.0,0.19503297729527813,0
401752914,2025,13,regular,2025-11-22 21:00:00+00:00,False,True,False,True,46185.0,3665.0,SECU Stadium,120,Maryland,fbs,Big Ten,20.0,"[7, 3, 3, 7]",0.0021505476906895,1440.0,1414.0,130,Michigan,fbs,Big Ten,45.0,"[7, 14, 14, 10]",0.9978494523093104,1799.0,1825.0,3.802841750717656,Byrd Stadium,51802.0,38.99120275144426,-76.94731173248788,51802.0,0.8915678931315393,0
401756959,2025,13,regular,2025-11-22 21:00:00+00:00,False,True,False,True,41723.0,3652.0,FBC Mortgage Stadium,2116,UCF,fbs,Big 12,17.0,"[0, 0, 7, 10]",1.0,1468.0,1464.0,197,Oklahoma State,fbs,Big 12,14.0,"[7, 7, 0, 0]",0.0,1080.0,1084.0,5.068326629734767,Bright House Networks Stadium,45323.0,28.607958859227068,-81.1929988861084,45323.0,0.9205701299560929,0
401756957,2025,13,regular,2025-11-22 21:00:00+00:00,False,True,False,True,30852.0,4728.0,TDECU Stadium,248,Houston,fbs,Big 12,14.0,"[0, 7, 7, 0]",0.811245858669281,1476.0,1479.0,2628,TCU,fbs,Big 12,17.0,"[14, 0, 0, 3]",0.188754141330719,1605.0,1602.0,6.569383760017391,TDECU Stadium,40000.0,29.721767963293527,-95.34909841095214,40000.0,0.7713,0
401756960,2025,13,regular,2025-11-22 21:00:00+00:00,False,True,False,True,51444.0,587.0,Rice-Eccles Stadium,254,Utah,fbs,Big 12,51.0,"[7, 14, 14, 16]",0.3485639989376068,1977.0,1971.0,2306,Kansas State,fbs,Big 12,47.0,"[7, 24, 7, 9]",0.6514360010623932,1674.0,1680.0,9.56904541883268,Rice-Eccles Stadium,54383.0,40.75994782004573,-111.84882402420044,45017.0,0.945957376386003,0
401761660,2025,13,regular,2025-11-22 21:00:00+00:00,False,True,False,True,20243.0,3975.0,Veterans Memorial Stadium (AL),2653,Troy,fbs,Sun Belt,31.0,"[0, 10, 7, 14]",1.0,1359.0,1362.0,2247,Georgia State,fbs,Sun Belt,19.0,"[0, 6, 6, 7]",0.0,1107.0,1104.0,5.170579662993523,Veterans Memorial Stadium,30000.0,31.799527415252125,-85.95217691586194,30000.0,0.6747666666666666,0
401752779,2025,13,regular,2025-11-22 21:15:00+00:00,False,True,False,False,78452.0,3994.0,Williams-Brice Stadium,2579,South Carolina,fbs,SEC,51.0,"[20, 17, 7, 7]",0.9924185276031494,1645.0,1730.0,324,Coastal Carolina,fbs,Sun Belt,7.0,"[0, 0, 0, 7]",0.0075814723968505,1313.0,1228.0,2.592138507375151,Williams-Brice Stadium,80250.0,33.97259115457693,-81.02021634578705,80250.0,0.977595015576324,0
401754605,2025,13,regular,2025-11-22 21:30:00+00:00,False,True,False,False,78403.0,3836.0,"Memorial Stadium (Clemson, SC)",228,Clemson,fbs,ACC,45.0,"[17, 14, 0, 14]",0.9852207899093628,1727.0,1727.0,231,Furman,fcs,Southern,10.0,"[0, 3, 7, 0]",0.0147792100906372,735.0,748.0,2.322814556602823,Memorial Stadium,81500.0,34.67874665741346,-82.84317970275879,81500.0,0.962,1
401761659,2025,13,regular,2025-11-22 22:00:00+00:00,False,True,False,True,17078.0,3644.0,Bobcat Stadium (TX),326,Texas State,fbs,Sun Belt,31.0,"[0, 3, 14, 14]",0.9347583055496216,1542.0,1533.0,2433,UL Monroe,fbs,Sun Belt,14.0,"[0, 0, 7, 7]",0.0652416944503784,1004.0,1013.0,4.022895625475308,Bobcat Stadium,30000.0,29.89134454879716,-97.92531180559462,30000.0,0.5692666666666667,0
401760416,2025,13,regular,2025-11-23 00:00:00+00:00,False,True,False,True,32819.0,3653.0,Albertsons Stadium,68,Boise State,fbs,Mountain West,49.0,"[7, 20, 7, 15]",0.9938032031059264,1589.0,1621.0,36,Colorado State,fbs,Mountain West,21.0,"[7, 0, 0, 14]",0.0061967968940734,1223.0,1191.0,3.495067536066885,Albertsons Stadium,37000.0,43.6027080538683,-116.19591236114502,37000.0,0.887,0
401760415,2025,13,regular,2025-11-23 00:00:00+00:00,False,True,False,True,20218.0,3713.0,Falcon Stadium,2005,Air Force,fbs,Mountain West,3.0,"[0, 0, 0, 3]",0.0147118279710412,1383.0,1350.0,167,New Mexico,fbs,Mountain West,20.0,"[7, 10, 0, 3]",0.9852881720289588,1458.0,1491.0,2.9671530551482315,Falcon Stadium,46692.0,38.99690743122685,-104.84368801116943,46692.0,0.4330077957680116,0
401752908,2025,13,regular,2025-11-23 00:00:00+00:00,False,True,False,True,105038.0,3632.0,Beaver Stadium,213,Penn State,fbs,Big Ten,37.0,"[7, 16, 7, 7]",0.9935051202774048,1938.0,1975.0,158,Nebraska,fbs,Big Ten,10.0,"[0, 3, 7, 0]",0.0064948797225952,1648.0,1611.0,2.2286130019262984,Beaver Stadium,106572.0,40.81215273275043,-77.85620212554932,106572.0,0.9856059753030815,0
401754601,2025,13,regular,2025-11-23 00:00:00+00:00,False,True,False,True,52413.0,721.0,Bobby Dodd Stadium,59,Georgia Tech,fbs,ACC,28.0,"[0, 14, 0, 14]",0.0377707816660404,1599.0,1573.0,221,Pittsburgh,fbs,ACC,42.0,"[21, 7, 7, 7]",0.9622292183339596,1665.0,1691.0,4.477657732122358,Bobby Dodd Stadium at Historic Grant Field,55000.0,33.772556921319435,-84.39285278320312,55000.0,0.9529636363636363,0
401762514,2025,13,regular,2025-11-23 00:30:00+00:00,False,True,False,True,24598.0,3895.0,Rice Stadium,242,Rice,fbs,American Athletic,24.0,"[14, 0, 7, 3]",0.1904557794332504,1169.0,1144.0,249,North Texas,fbs,American Athletic,56.0,"[7, 21, 14, 14]",0.8095442205667496,1716.0,1741.0,3.2991485915013485,Rice Stadium,47000.0,29.71623402909437,-95.40926456451416,47000.0,0.5233617021276595,0
401752775,2025,13,regular,2025-11-23 00:30:00+00:00,False,True,False,True,90465.0,3634.0,Ben Hill Griffin Stadium,57,Florida,fbs,SEC,11.0,"[0, 0, 3, 8]",0.0007584895938634,1565.0,1543.0,2633,Tennessee,fbs,SEC,31.0,"[14, 17, 0, 0]",0.9992415104061364,1834.0,1856.0,2.205107309922417,Ben Hill Griffin Stadium,88548.0,29.649868677972304,-82.34866619110107,88548.0,1.0,0
401754599,2025,13,regular,2025-11-23 00:30:00+00:00,False,True,False,True,50039.0,3940.0,Stanford Stadium,24,Stanford,fbs,ACC,31.0,"[0, 14, 3, 14]",0.9870200753211976,1246.0,1315.0,25,California,fbs,ACC,10.0,"[3, 7, 0, 0]",0.0129799246788024,1420.0,1351.0,4.345088920497255,Stanford Stadium,50000.0,37.43472641329173,-122.1610164642334,50000.0,1.0,0
401752777,2025,13,regular,2025-11-23 00:45:00+00:00,False,True,False,False,100923.0,3958.0,Tiger Stadium (LA),99,LSU,fbs,SEC,13.0,"[0, 7, 3, 3]",0.6684710383415222,1693.0,1690.0,98,Western Kentucky,fbs,Conference USA,10.0,"[3, 0, 0, 7]",0.3315289616584778,1398.0,1401.0,4.349466223266472,Tiger Stadium,102321.0,30.4120123982997,-91.183819770813,102321.0,0.986337115548128,0
401756956,2025,13,regular,2025-11-23 01:00:00+00:00,False,True,False,True,43348.0,3726.0,Folsom Field,38,Colorado,fbs,Big 12,17.0,"[7, 0, 10, 0]",0.1142685338854789,1377.0,1338.0,9,Arizona State,fbs,Big 12,42.0,"[3, 10, 8, 21]",0.885731466114521,1614.0,1653.0,6.681236701530058,Folsom Field,50183.0,40.00939837446321,-105.26688694953918,50183.0,0.863798497499153,0
401756955,2025,13,regular,2025-11-23 01:00:00+00:00,False,True,False,True,38034.0,3854.0,Nippert Stadium,2132,Cincinnati,fbs,Big 12,14.0,"[0, 7, 0, 7]",0.2674399316310882,1578.0,1569.0,252,BYU,fbs,Big 12,26.0,"[7, 3, 7, 9]",0.7325600683689117,1772.0,1781.0,4.566544103656873,Nippert Stadium,40000.0,39.13128425273405,-84.51626143741578,40000.0,0.95085,0
401752910,2025,13,regular,2025-11-23 03:30:00+00:00,False,True,False,True,38201.0,1056.0,Rose Bowl,26,UCLA,fbs,Big Ten,14.0,"[0, 0, 7, 7]",0.0,1361.0,1313.0,264,Washington,fbs,Big Ten,48.0,"[3, 17, 14, 14]",1.0,1754.0,1802.0,3.192641077921975,Rose Bowl,92542.0,34.16156958726264,-118.1676149368286,92542.0,0.41279635192669273,0
401760417,2025,13,regular,2025-11-23 03:30:00+00:00,False,True,False,True,37551.0,3660.0,Valley Children's Stadium,278,Fresno State,fbs,Mountain West,17.0,"[7, 10, 0, 0]",0.0033767288550734,1510.0,1478.0,328,Utah State,fbs,Mountain West,28.0,"[7, 0, 7, 14]",0.9966232711449264,1423.0,1455.0,7.526834420398909,Bulldog Stadium,41031.0,36.81431969524593,-119.75810156690552,41031.0,0.9151860788184544,0
401762868,2025,14,regular,2025-11-25 21:30:00+00:00,False,True,False,True,6043.0,3985.0,Warren McGuirk Alumni Stadium,113,Massachusetts,fbs,Mid-American,14.0,"[0, 14, 0, 0]",0.0114853335544466,748.0,718.0,189,Bowling Green,fbs,Mid-American,45.0,"[14, 14, 7, 10]",0.9885146664455532,1230.0,1260.0,2.1605811274523727,Warren McGuirk Alumni Stadium,17000.0,42.377513236004525,-72.53562686052412,17000.0,0.3554705882352941,0
401762869,2025,14,regular,2025-11-26 00:30:00+00:00,False,True,False,True,11818.0,3912.0,Rynearson Stadium,2199,Eastern Michigan,fbs,Mid-American,21.0,"[7, 0, 0, 14]",0.0,1246.0,1239.0,2711,Western Michigan,fbs,Mid-American,31.0,"[0, 17, 14, 0]",1.0,1407.0,1414.0,3.7143168825044937,Rynearson Stadium,30200.0,42.2557607087688,-83.64775657653809,30200.0,0.3913245033112583,0
401762516,2025,14,regular,2025-11-28 00:30:00+00:00,False,True,False,True,27082.0,3805.0,Simmons Bank Liberty Stadium,235,Memphis,fbs,American Athletic,17.0,"[3, 14, 0, 0]",0.0125936912372708,1660.0,1620.0,2426,Navy,fbs,American Athletic,28.0,"[0, 14, 7, 7]",0.9874063087627292,1485.0,1525.0,5.624486611217874,Liberty Bowl Memorial Stadium,62380.0,35.120856917268995,-89.97805741128388,62380.0,0.4341455594741904,0
401762871,2025,14,regular,2025-11-28 17:00:00+00:00,False,True,False,True,3090.0,3764.0,Huskie Stadium,2459,Northern Illinois,fbs,Mid-American,31.0,"[7, 14, 0, 10]",0.8252435922622681,1260.0,1233.0,2309,Kent State,fbs,Mid-American,35.0,"[3, 14, 3, 15]",0.1747564077377319,974.0,1001.0,7.06656686791855,Huskie Stadium,25500.0,41.934014,-88.778222,25500.0,0.12117647058823529,0
401752788,2025,14,regular,2025-11-28 17:00:00+00:00,False,True,False,True,60417.0,3693.0,Davis Wade Stadium,344,Mississippi State,fbs,SEC,19.0,"[7, 3, 3, 6]",0.0153467515483498,1492.0,1491.0,145,Ole Miss,fbs,SEC,38.0,"[14, 7, 3, 14]",0.98465324845165,1959.0,1960.0,4.644830935938228,Davis Wade Stadium,61337.0,33.456230599072065,-88.79342436790466,61337.0,0.9850008966855243,0
401752916,2025,14,regular,2025-11-28 17:00:00+00:00,False,True,False,True,86410.0,3834.0,"Memorial Stadium (Lincoln, NE)",158,Nebraska,fbs,Big Ten,16.0,"[10, 6, 0, 0]",0.0191014371812343,1611.0,1580.0,2294,Iowa,fbs,Big Ten,40.0,"[10, 14, 9, 7]",0.9808985628187656,1902.0,1933.0,3.966240038437885,Memorial Stadium,87091.0,40.82048352329494,-96.70571565628052,87091.0,0.9921805927133688,0
401762870,2025,14,regular,2025-11-28 17:00:00+00:00,False,True,False,True,11096.0,3965.0,UB Stadium,2084,Buffalo,fbs,Mid-American,26.0,"[0, 7, 6, 13]",0.5425530076026917,1288.0,1298.0,195,Ohio,fbs,Mid-American,31.0,"[7, 14, 7, 3]",0.4574469923973083,1572.0,1562.0,4.941688531055923,UB Stadium,29013.0,42.99906838239644,-78.7775194644928,29013.0,0.38244924688932547,0
401756964,2025,14,regular,2025-11-28 17:00:00+00:00,False,True,False,True,32811.0,3833.0,Memorial Stadium,2305,Kansas,fbs,Big 12,21.0,"[0, 7, 7, 7]",0.1187808290123939,1499.0,1516.0,254,Utah,fbs,Big 12,31.0,"[3, 7, 0, 21]",0.881219170987606,1971.0,1954.0,6.276140375244612,Memorial Stadium,50071.0,38.96294598898537,-95.2463150024414,50071.0,0.6552894889257255,0
401760426,2025,14,regular,2025-11-28 20:30:00+00:00,False,True,False,True,30575.0,3971.0,University Stadium (NM),167,New Mexico,fbs,Mountain West,23.0,"[3, 7, 7, 0, 6]",0.2367859482765197,1491.0,1500.0,21,San Diego State,fbs,Mountain West,17.0,"[0, 14, 3, 0, 0]",0.7632140517234802,1530.0,1521.0,7.334001834776358,University Stadium,39224.0,35.06761048267165,-106.6281028358157,39224.0,0.7794972465837242,0
401762442,2025,14,regular,2025-11-28 20:30:00+00:00,False,True,False,True,24492.0,3825.0,DATCU Stadium,249,North Texas,fbs,American Athletic,52.0,"[14, 21, 10, 7]",0.9273855686187744,1741.0,1756.0,218,Temple,fbs,American Athletic,25.0,"[7, 0, 7, 11]",0.0726144313812255,1234.0,1219.0,2.662792323992115,Apogee Stadium,30850.0,33.20393508408917,-97.15922355651855,30850.0,0.7939059967585089,0
401760422,2025,14,regular,2025-11-28 21:00:00+00:00,False,True,False,True,21115.0,3905.0,Maverik Stadium,328,Utah State,fbs,Mountain West,24.0,"[14, 7, 3, 0]",0.2690556645393371,1455.0,1462.0,68,Boise State,fbs,Mountain West,25.0,"[10, 3, 6, 6]",0.7309443354606628,1621.0,1614.0,6.623730275130599,Romney Stadium,25513.0,41.75153188612883,-111.81210567885644,25513.0,0.8276172931446714,0
401752924,2025,14,regular,2025-11-29 00:30:00+00:00,False,True,False,True,59807.0,3907.0,Ross-Ade Stadium,2509,Purdue,fbs,Big Ten,3.0,"[3, 0, 0, 0]",0.0,1276.0,1227.0,84,Indiana,fbs,Big Ten,56.0,"[7, 21, 21, 7]",1.0,2142.0,2191.0,4.180747607485243,Ross–Ade Stadium,56400.0,40.434323,-86.918485,56400.0,1.0,0
401752792,2025,14,regular,2025-11-29 00:30:00+00:00,False,True,False,True,103632.0,3910.0,DKR-Texas Memorial Stadium,251,Texas,fbs,SEC,27.0,"[0, 3, 10, 14]",0.6624485850334167,1880.0,1898.0,245,Texas A&M,fbs,SEC,17.0,"[0, 10, 0, 7]",0.3375514149665832,1896.0,1878.0,5.110871723010601,Darrell K Royal–Texas Memorial Stadium,100119.0,30.28360340206824,-97.73233652114868,100119.0,1.0,0
401756961,2025,14,regular,2025-11-29 02:00:00+00:00,False,True,False,True,54037.0,3947.0,Mountain America Stadium,9,Arizona State,fbs,Big 12,7.0,"[0, 7, 0, 0]",0.0358437336981296,1653.0,1615.0,12,Arizona,fbs,Big 12,23.0,"[0, 3, 10, 10]",0.9641562663018703,1651.0,1689.0,4.291838806190243,Sun Devil Stadium Frank Kush Field,71706.0,33.426364,-111.932616,71706.0,0.7535910523526622,0
401756966,2025,14,regular,2025-11-29 17:00:00+00:00,False,True,False,True,35127.0,3646.0,Boone Pickens Stadium,197,Oklahoma State,fbs,Big 12,13.0,"[0, 7, 3, 3]",0.035105362534523,1084.0,1110.0,66,Iowa State,fbs,Big 12,20.0,"[3, 7, 7, 3]",0.964894637465477,1655.0,1629.0,5.347888626270137,Boone Pickens Stadium,60218.0,36.12570866235855,-97.06650495529176,60218.0,0.5833305656116111,0
401756965,2025,14,regular,2025-11-29 17:00:00+00:00,False,True,False,True,49549.0,3636.0,Bill Snyder Family Stadium,2306,Kansas State,fbs,Big 12,24.0,"[7, 0, 7, 10]",0.983287751674652,1680.0,1674.0,38,Colorado,fbs,Big 12,14.0,"[0, 7, 0, 7]",0.0167122483253479,1338.0,1344.0,4.332916458883662,Bill Snyder Family Football Stadium,50000.0,39.20186361814248,-96.59379243850708,50000.0,0.99098,0
401762519,2025,14,regular,2025-11-29 17:00:00+00:00,False,True,False,True,14712.0,3715.0,FAU Stadium,2226,Florida Atlantic,fbs,American Athletic,3.0,"[3, 0, 0, 0]",0.0,1263.0,1178.0,151,East Carolina,fbs,American Athletic,42.0,"[21, 21, 0, 0]",1.0,1491.0,1576.0,3.066490242501596,FAU Stadium,30000.0,26.3754535636523,-80.10168313980103,30000.0,0.4904,0
401752921,2025,14,regular,2025-11-29 17:00:00+00:00,False,True,False,True,111373.0,3558.0,Michigan Stadium,130,Michigan,fbs,Big Ten,9.0,"[6, 3, 0, 0]",0.0097723035141825,1825.0,1814.0,194,Ohio State,fbs,Big Ten,27.0,"[3, 14, 7, 3]",0.9902276964858174,2158.0,2169.0,3.904229966883306,Michigan Stadium,107601.0,42.26586873251738,-83.7487256526947,107601.0,1.0,0
401762875,2025,14,regular,2025-11-29 17:00:00+00:00,False,True,False,True,11137.0,3996.0,Yager Stadium,193,Miami (OH),fbs,Mid-American,45.0,"[21, 10, 7, 7]",0.9936692118644714,1451.0,1459.0,2050,Ball State,fbs,Mid-American,24.0,"[10, 0, 0, 14]",0.0063307881355285,1018.0,1010.0,3.267956398206342,Yager Stadium,24286.0,39.51942113142349,-84.73335450140017,24286.0,0.4585769579181421,0
401756968,2025,14,regular,2025-11-29 17:00:00+00:00,False,True,False,True,44250.0,3842.0,Milan Puskar Stadium,277,West Virginia,fbs,Big 12,0.0,"[0, 0, 0, 0]",0.0082718832418322,1355.0,1291.0,2641,Texas Tech,fbs,Big 12,49.0,"[21, 7, 14, 7]",0.9917281167581676,1997.0,2061.0,2.852444568793713,Mountaineer Field at Milan Puskar Stadium,60000.0,39.65221992482815,-79.9551753012939,60000.0,0.7375,0
401752787,2025,14,regular,2025-11-29 17:00:00+00:00,False,True,False,False,50634.0,3873.0,L&N Federal Credit Union Stadium,97,Louisville,fbs,ACC,41.0,"[7, 13, 7, 14]",0.973641872406006,1631.0,1744.0,96,Kentucky,fbs,SEC,0.0,"[0, 0, 0, 0]",0.0263581275939941,1578.0,1465.0,2.079453613424045,Papa John's Cardinal Stadium,55000.0,38.20542168521144,-85.75810561566809,55000.0,0.9206181818181818,0
401754611,2025,14,regular,2025-11-29 17:00:00+00:00,False,True,False,True,49845.0,3752.0,Acrisure Stadium,221,Pittsburgh,fbs,ACC,7.0,"[0, 7, 0, 0]",0.0047847162932157,1691.0,1631.0,2390,Miami,fbs,ACC,38.0,"[3, 14, 14, 7]",0.9952152837067842,1907.0,1967.0,3.695876450099734,Heinz Field,68400.0,40.44678376501633,-80.01575589179993,68400.0,0.7287280701754386,0
401762872,2025,14,regular,2025-11-29 17:00:00+00:00,False,True,False,True,6673.0,3786.0,Kelly/Shorts Stadium,2117,Central Michigan,fbs,Mid-American,3.0,"[0, 3, 0, 0]",0.0141238439828157,1291.0,1282.0,2649,Toledo,fbs,Mid-American,21.0,"[0, 0, 7, 14]",0.9858761560171844,1642.0,1651.0,4.719029622814196,Kelly/Shorts Stadium,32885.0,43.577612282574535,-84.77082967758179,32885.0,0.20291926410217426,0
401756962,2025,14,regular,2025-11-29 17:00:00+00:00,False,True,False,True,34720.0,4727.0,McLane Stadium,239,Baylor,fbs,Big 12,24.0,"[0, 9, 0, 15]",0.5145624876022339,1526.0,1509.0,248,Houston,fbs,Big 12,31.0,"[7, 10, 7, 7]",0.4854375123977661,1479.0,1496.0,5.676516189652465,McLane Stadium,45140.0,31.55866263551169,-97.11560010910034,45140.0,0.769162605228179,0
401752790,2025,14,regular,2025-11-29 17:00:00+00:00,False,True,False,False,79827.0,3994.0,Williams-Brice Stadium,2579,South Carolina,fbs,SEC,14.0,"[0, 14, 0, 0]",0.0127873942255973,1730.0,1697.0,228,Clemson,fbs,ACC,28.0,"[0, 17, 3, 8]",0.9872126057744026,1725.0,1758.0,6.0292124586193445,Williams-Brice Stadium,80250.0,33.97259115457693,-81.02021634578705,80250.0,0.9947289719626168,0
401756963,2025,14,regular,2025-11-29 18:00:00+00:00,False,True,False,True,60389.0,3801.0,LaVell Edwards Stadium,252,BYU,fbs,Big 12,41.0,"[0, 17, 21, 3]",0.996659219264984,1781.0,1797.0,2116,UCF,fbs,Big 12,21.0,"[14, 0, 7, 0]",0.0033407807350158,1464.0,1448.0,4.023789960551446,LaVell Edwards Stadium,63725.0,40.25748799746312,-111.65443897247314,63725.0,0.9476500588466065,0
401757310,2025,14,regular,2025-11-29 18:00:00+00:00,False,True,False,True,13560.0,3695.0,Delaware Stadium,48,Delaware,fbs,Conference USA,61.0,"[7, 24, 10, 20]",0.9976646900177002,1266.0,1339.0,2638,UTEP,fbs,Conference USA,31.0,"[7, 13, 11, 0]",0.0023353099822998,1208.0,1135.0,3.838235459533286,Delaware Stadium,22000.0,39.6617040181287,-75.7488301174382,22000.0,0.6163636363636363,0
401761663,2025,14,regular,2025-11-29 18:30:00+00:00,False,True,False,True,21524.0,3775.0,Joan C. Edwards Stadium,276,Marshall,fbs,Sun Belt,19.0,"[3, 3, 6, 7]",0.4643031656742096,1495.0,1468.0,290,Georgia Southern,fbs,Sun Belt,24.0,"[14, 0, 10, 0]",0.5356968343257904,1250.0,1277.0,4.427883667668173,Joan C. Edwards Stadium,38019.0,38.42486536179161,-82.42185831069946,38019.0,0.5661379836397591,0
401761664,2025,14,regular,2025-11-29 19:00:00+00:00,False,True,False,True,17126.0,3918.0,S.B. Ballard Stadium,295,Old Dominion,fbs,Sun Belt,27.0,"[0, 10, 17, 0]",0.9168986678123474,1635.0,1627.0,2247,Georgia State,fbs,Sun Belt,10.0,"[0, 10, 0, 0]",0.0831013321876525,1104.0,1112.0,3.991773066367639,Foreman Field,20118.0,36.88878131523489,-76.30567610263824,20118.0,0.8512774629684859,0
401757312,2025,14,regular,2025-11-29 19:00:00+00:00,False,True,False,True,16733.0,3662.0,AmFirst Stadium,55,Jacksonville State,fbs,Conference USA,37.0,"[7, 17, 7, 6]",0.9318355321884156,1501.0,1501.0,98,Western Kentucky,fbs,Conference USA,34.0,"[14, 14, 3, 3]",0.0681644678115844,1401.0,1401.0,6.675753951059409,JSU Stadium,24000.0,33.82031030570401,-85.76646566390991,24000.0,0.6972083333333333,0
401757314,2025,14,regular,2025-11-29 19:00:00+00:00,False,True,False,True,7656.0,3878.0,Plaster Sports Complex,2623,Missouri State,fbs,Conference USA,30.0,"[0, 10, 7, 13]",0.0537404045462608,1366.0,1344.0,2348,Louisiana Tech,fbs,Conference USA,42.0,"[7, 7, 7, 21]",0.9462595954537392,1407.0,1429.0,5.571557280944688,Plaster Sports Complex,17500.0,37.1976295206598,-93.27998757362366,17500.0,0.4374857142857143,0
401761661,2025,14,regular,2025-11-29 19:30:00+00:00,False,True,False,True,23876.0,3792.0,Kidd Brewer Stadium,2026,App State,fbs,Sun Belt,29.0,"[3, 13, 7, 6]",0.9304471611976624,1252.0,1253.0,2032,Arkansas State,fbs,Sun Belt,30.0,"[3, 13, 7, 7]",0.0695528388023376,1302.0,1301.0,7.627218506792508,Kidd Brewer Stadium,40168.0,36.21151530169309,-81.68550610542297,24050.0,0.5944035052778331,0
401762517,2025,14,regular,2025-11-29 20:00:00+00:00,False,True,False,True,13026.0,3674.0,Chapman Stadium,202,Tulsa,fbs,American Athletic,24.0,"[3, 14, 0, 7]",0.456992894411087,1119.0,1110.0,5,UAB,fbs,American Athletic,31.0,"[7, 3, 7, 14]",0.543007105588913,1175.0,1184.0,6.10812785672287,Skelly Field at H. A. Chapman Stadium,35542.0,36.14886067519205,-95.943603515625,35542.0,0.36649597659107536,0
401757315,2025,14,regular,2025-11-29 20:00:00+00:00,False,True,False,True,7381.0,3601.0,Aggie Memorial Stadium,166,New Mexico State,fbs,Conference USA,24.0,"[7, 0, 7, 10, 0]",0.0575010925531387,1188.0,1172.0,2393,Middle Tennessee,fbs,Conference USA,31.0,"[7, 7, 3, 7, 7]",0.9424989074468612,1148.0,1164.0,9.08819484044069,Aggie Memorial Stadium,30343.0,32.27974938226407,-106.74113631248474,30343.0,0.24325215041360446,0
401761665,2025,14,regular,2025-11-29 20:00:00+00:00,False,True,False,True,16270.0,3666.0,Cajun Field,309,Louisiana,fbs,Sun Belt,30.0,"[14, 3, 0, 10, 3]",0.088532842695713,1354.0,1351.0,2433,UL Monroe,fbs,Sun Belt,27.0,"[13, 0, 0, 14, 0]",0.911467157304287,1013.0,1016.0,8.960701489951958,Cajun Field,36900.0,30.21579609675613,-92.01626413552384,36900.0,0.4409214092140921,0
401761667,2025,14,regular,2025-11-29 20:00:00+00:00,False,True,False,True,16169.0,3644.0,Bobcat Stadium (TX),326,Texas State,fbs,Sun Belt,49.0,"[10, 11, 14, 14]",0.993447721004486,1533.0,1572.0,6,South Alabama,fbs,Sun Belt,26.0,"[7, 0, 0, 19]",0.0065522789955139,1375.0,1336.0,3.117519407462619,Bobcat Stadium,30000.0,29.89134454879716,-97.92531180559462,30000.0,0.5389666666666667,0
401754608,2025,14,regular,2025-11-29 20:00:00+00:00,False,True,False,True,32457.0,1964.0,JMA Wireless Dome,183,Syracuse,fbs,ACC,12.0,"[0, 6, 0, 6]",0.0002292096614837,1230.0,1182.0,103,Boston College,fbs,ACC,34.0,"[3, 3, 14, 14]",0.9997707903385162,1311.0,1359.0,4.428296929054098,Carrier Dome,49250.0,43.036132820423234,-76.13651990890503,49250.0,0.6590253807106599,0
401752789,2025,14,regular,2025-11-29 20:30:00+00:00,False,True,False,True,83734.0,3835.0,"Memorial Stadium (Norman, OK)",201,Oklahoma,fbs,SEC,17.0,"[3, 0, 7, 7]",0.3595992922782898,1824.0,1823.0,99,LSU,fbs,SEC,13.0,"[0, 3, 7, 3]",0.6404007077217102,1690.0,1691.0,7.386930391872517,Gaylord Family Oklahoma Memorial Stadium,82112.0,35.20589959488508,-97.44255065917967,82112.0,1.0,0
401752791,2025,14,regular,2025-11-29 20:30:00+00:00,False,True,False,True,101915.0,3853.0,Neyland Stadium,2633,Tennessee,fbs,SEC,24.0,"[7, 14, 0, 3]",0.0158604308962821,1856.0,1799.0,238,Vanderbilt,fbs,SEC,45.0,"[7, 14, 10, 14]",0.9841395691037178,1827.0,1884.0,6.4644006771448,Neyland Stadium,102455.0,35.95473437262258,-83.92533302307129,102455.0,0.994729393392221,0
401752920,2025,14,regular,2025-11-29 20:30:00+00:00,False,True,False,True,55212.0,6577.0,SHI Stadium,164,Rutgers,fbs,Big Ten,36.0,"[14, 7, 7, 8]",0.2960730791091919,1445.0,1469.0,213,Penn State,fbs,Big Ten,40.0,"[14, 10, 9, 7]",0.7039269208908081,1975.0,1951.0,6.920961256797671,High Point Solutions Stadium,52454.0,40.51378289308872,-74.46504457087282,52454.0,1.0,0
401752918,2025,14,regular,2025-11-29 20:30:00+00:00,False,True,False,True,46038.0,3953.0,Huntington Bank Stadium,135,Minnesota,fbs,Big Ten,17.0,"[0, 10, 7, 0]",0.980454921722412,1491.0,1510.0,275,Wisconsin,fbs,Big Ten,7.0,"[0, 7, 0, 0]",0.0195450782775878,1521.0,1502.0,3.919658684369554,TCF Bank Stadium,52525.0,44.97652496911191,-93.224575817585,52525.0,0.8764969062351261,0
401757313,2025,14,regular,2025-11-29 20:30:00+00:00,False,True,False,True,12695.0,3992.0,Williams Stadium (VA),2335,Liberty,fbs,Conference USA,42.0,"[7, 7, 7, 14, 7]",0.4767662286758423,1457.0,1441.0,338,Kennesaw State,fbs,Conference USA,48.0,"[7, 7, 7, 14, 13]",0.5232337713241577,1385.0,1401.0,11.482716748256324,Williams Stadium,19200.0,37.354414,-79.175047,19200.0,0.6611979166666667,0
401752917,2025,14,regular,2025-11-29 20:30:00+00:00,False,True,False,True,72376.0,3765.0,Husky Stadium,264,Washington,fbs,Big Ten,14.0,"[0, 7, 0, 7]",0.051447045058012,1802.0,1801.0,2483,Oregon,fbs,Big Ten,26.0,"[3, 10, 6, 7]",0.948552954941988,2086.0,2087.0,4.952081684431378,Husky Stadium,70500.0,47.65043054401222,-122.30291984739304,70500.0,1.0,0
401754610,2025,14,regular,2025-11-29 20:30:00+00:00,False,True,False,True,21045.0,3982.0,Wallace Wade Stadium,150,Duke,fbs,ACC,49.0,"[14, 7, 14, 14]",0.8953055143356323,1573.0,1607.0,154,Wake Forest,fbs,ACC,32.0,"[3, 14, 8, 7]",0.1046944856643676,1542.0,1508.0,4.479673409272416,Wallace Wade Stadium,33941.0,35.9953166502013,-78.94172430038452,33941.0,0.6200465513685514,0
401756967,2025,14,regular,2025-11-29 20:30:00+00:00,False,True,False,True,37259.0,3616.0,Amon G. Carter Stadium,2628,TCU,fbs,Big 12,45.0,"[21, 10, 7, 7]",1.0,1602.0,1652.0,2132,Cincinnati,fbs,Big 12,23.0,"[7, 10, 0, 6]",0.0,1569.0,1519.0,2.899405917733083,Amon G. Carter Stadium,45000.0,32.70991596942349,-97.36799597740172,45000.0,0.8279777777777778,0
401762441,2025,14,regular,2025-11-29 20:30:00+00:00,False,True,False,True,22620.0,3604.0,Alamodome,2636,UTSA,fbs,American Athletic,24.0,"[7, 3, 0, 14]",0.0868300572037696,1585.0,1575.0,349,Army,fbs,American Athletic,27.0,"[0, 17, 3, 7]",0.9131699427962304,1504.0,1514.0,5.737582221587653,Alamodome,65000.0,29.41693712868156,-98.47890257835388,65000.0,0.348,0
401752783,2025,14,regular,2025-11-29 20:30:00+00:00,False,True,False,True,61508.0,3887.0,Razorback Stadium,8,Arkansas,fbs,SEC,17.0,"[7, 10, 0, 0]",0.4884832799434662,1588.0,1571.0,142,Missouri,fbs,SEC,31.0,"[7, 7, 6, 11]",0.5115167200565338,1748.0,1765.0,5.336043578812519,Donald W. Reynolds Razorback Stadium,72000.0,36.067850785167344,-94.17879581451416,72000.0,0.8542777777777778,0
401761666,2025,14,regular,2025-11-29 20:30:00+00:00,False,True,False,True,25987.0,3815.0,M. M. Roberts Stadium,2572,Southern Miss,fbs,Sun Belt,18.0,"[0, 3, 7, 8]",0.5904613137245178,1297.0,1282.0,2653,Troy,fbs,Sun Belt,28.0,"[0, 14, 0, 14]",0.4095386862754822,1362.0,1377.0,5.637155890398114,M. M. Roberts Stadium,36000.0,31.32897842661232,-89.33133065700531,36000.0,0.7218611111111111,0
401761662,2025,14,regular,2025-11-29 20:45:00+00:00,False,True,False,True,15137.0,3654.0,Brooks Stadium (SC),324,Coastal Carolina,fbs,Sun Belt,10.0,"[0, 10, 0, 0]",0.0010548504069447,1228.0,1165.0,256,James Madison,fbs,Sun Belt,59.0,"[17, 3, 11, 28]",0.9989451495930552,1874.0,1937.0,3.262323910654704,Brooks Stadium,22217.0,33.792838175224496,-79.01702282805255,9214.0,0.6813251114011792,0
401752785,2025,14,regular,2025-11-29 21:30:00+00:00,False,True,False,False,90007.0,3634.0,Ben Hill Griffin Stadium,57,Florida,fbs,SEC,40.0,"[10, 7, 14, 9]",1.0,1543.0,1593.0,52,Florida State,fbs,ACC,21.0,"[0, 14, 0, 7]",0.0,1606.0,1556.0,3.621784191906209,Ben Hill Griffin Stadium,88548.0,29.649868677972304,-82.34866619110107,88548.0,1.0,0
401752946,2025,14,regular,2025-11-29 23:30:00+00:00,False,True,False,True,24806.0,3820.0,Gesa Field,265,Washington State,fbs,Pac-12,32.0,"[3, 16, 6, 7]",0.9974702596664428,1508.0,1533.0,204,Oregon State,fbs,Pac-12,8.0,"[0, 0, 0, 8]",0.0025297403335571,1175.0,1150.0,2.7653671517568634,Martin Stadium,32248.0,46.731967978653024,-117.16058578781136,32248.0,0.7692259985115356,0
401762520,2025,14,regular,2025-11-30 00:00:00+00:00,False,True,False,True,28813.0,3886.0,Raymond James Stadium,58,South Florida,fbs,American Athletic,52.0,"[14, 14, 10, 14]",0.9913873672485352,1751.0,1817.0,242,Rice,fbs,American Athletic,3.0,"[0, 3, 0, 0]",0.0086126327514648,1144.0,1078.0,1.8888965809025613,Raymond James Stadium,65857.0,27.975994470037183,-82.50334918498993,65857.0,0.43750854123327815,0
401754613,2025,14,regular,2025-11-30 00:00:00+00:00,False,True,False,True,58832.0,3923.0,Scott Stadium,258,Virginia,fbs,ACC,27.0,"[7, 7, 10, 3]",0.9796200394630432,1604.0,1631.0,259,Virginia Tech,fbs,ACC,7.0,"[0, 0, 0, 7]",0.0203799605369567,1409.0,1382.0,2.5258743911496,Scott Stadium,61500.0,38.03112372855688,-78.51370811462402,61500.0,0.9566178861788618,0
401752784,2025,14,regular,2025-11-30 00:30:00+00:00,False,True,False,True,88043.0,3785.0,Jordan-Hare Stadium,2,Auburn,fbs,SEC,20.0,"[0, 6, 7, 7]",0.3791609108448028,1661.0,1670.0,333,Alabama,fbs,SEC,27.0,"[10, 7, 3, 7]",0.6208390891551971,1964.0,1955.0,6.498412085382101,Jordan–Hare Stadium,87451.0,32.602361666817515,-85.48891067504883,87451.0,1.0,0
401754612,2025,14,regular,2025-11-30 00:30:00+00:00,False,True,False,True,56919.0,3670.0,Carter-Finley Stadium,152,NC State,fbs,ACC,42.0,"[14, 14, 0, 14]",0.999524176120758,1481.0,1525.0,153,North Carolina,fbs,ACC,19.0,"[0, 10, 3, 6]",0.0004758238792419,1364.0,1320.0,3.756003950760385,Carter–Finley Stadium,57583.0,35.80075968207897,-78.71948719024658,57583.0,0.9884688189222514,0
401752919,2025,14,regular,2025-11-30 00:30:00+00:00,False,True,False,True,69614.0,477.0,Los Angeles Memorial Coliseum,30,USC,fbs,Big Ten,29.0,"[7, 0, 7, 15]",0.9803678393363952,1898.0,1889.0,26,UCLA,fbs,Big Ten,10.0,"[0, 10, 0, 0]",0.0196321606636047,1313.0,1322.0,4.1177016060455385,Los Angeles Memorial Coliseum,93607.0,34.01400974062912,-118.28789591789246,93607.0,0.7436836988686744,0
401762518,2025,14,regular,2025-11-30 00:30:00+00:00,False,True,False,True,22245.0,4729.0,Yulman Stadium,2655,Tulane,fbs,American Athletic,27.0,"[14, 7, 0, 6]",0.9684191942214966,1575.0,1587.0,2429,Charlotte,fbs,American Athletic,0.0,"[0, 0, 0, 0]",0.0315808057785034,1035.0,1023.0,1.8879023551198373,Benson Field at Yulman Stadium,30000.0,29.945898112528432,-90.11519112306328,30000.0,0.7415,0
401754609,2025,14,regular,2025-11-30 01:00:00+00:00,False,True,False,True,28956.0,3831.0,California Memorial Stadium,25,California,fbs,ACC,38.0,"[3, 14, 7, 14]",0.9541328549385072,1351.0,1360.0,2567,SMU,fbs,ACC,35.0,"[7, 0, 7, 21]",0.0458671450614929,1860.0,1851.0,5.153069755244855,California Memorial Stadium,62717.0,37.87068660370429,-122.2507095336914,62717.0,0.4616930018974122,0
401754614,2025,14,regular,2025-11-30 03:30:00+00:00,False,True,False,False,27456.0,3940.0,Stanford Stadium,24,Stanford,fbs,ACC,20.0,"[0, 3, 3, 14]",0.0079028280451893,1315.0,1335.0,87,Notre Dame,fbs,FBS Independents,49.0,"[14, 21, 7, 7]",0.9920971719548106,2263.0,2243.0,2.554831192981494,Stanford Stadium,50000.0,37.43472641329173,-122.1610164642334,50000.0,0.54912,0
401760423,2025,14,regular,2025-11-30 03:30:00+00:00,False,True,False,True,14194.0,3935.0,CEFCU Stadium,23,San José State,fbs,Mountain West,14.0,"[0, 7, 0, 7]",0.1463857591152191,1185.0,1146.0,278,Fresno State,fbs,Mountain West,41.0,"[3, 18, 3, 17]",0.8536142408847809,1478.0,1517.0,4.315561969842375,Spartan Stadium,30456.0,37.320105186690846,-121.86811613079064,30456.0,0.4660493827160494,0
401777352,2025,15,regular,2025-12-06 00:00:00+00:00,False,True,False,False,19836.0,3651.0,Bridgeforth Stadium,256,James Madison,fbs,Sun Belt,31.0,"[3, 14, 0, 14]",0.8696437478065491,1937.0,1927.0,2653,Troy,fbs,Sun Belt,14.0,"[0, 14, 0, 0]",0.1303562521934509,1377.0,1387.0,5.637506410100381,Bridgeforth Stadium,24878.0,38.43508893585215,-78.87340330403673,24878.0,0.7973309751587748,0
401777325,2025,15,regular,2025-12-06 00:00:00+00:00,False,True,False,False,18142.0,3662.0,AmFirst Stadium,55,Jacksonville State,fbs,Conference USA,15.0,"[0, 0, 0, 15]",0.2311805784702301,1501.0,1488.0,338,Kennesaw State,fbs,Conference USA,19.0,"[0, 7, 3, 9]",0.7688194215297699,1401.0,1414.0,6.128383850532434,JSU Stadium,24000.0,33.82031030570401,-85.76646566390991,24000.0,0.7559166666666667,0
401777324,2025,15,regular,2025-12-06 01:00:00+00:00,False,True,False,False,23986.0,4729.0,Yulman Stadium,2655,Tulane,fbs,American Athletic,34.0,"[7, 17, 7, 3]",0.9920182824134828,1587.0,1627.0,249,North Texas,fbs,American Athletic,21.0,"[7, 0, 6, 8]",0.0079817175865173,1756.0,1716.0,3.824688014209357,Benson Field at Yulman Stadium,30000.0,29.945898112528432,-90.11519112306328,30000.0,0.7995333333333333,0
401777326,2025,15,regular,2025-12-06 01:00:00+00:00,False,True,False,False,27152.0,3653.0,Albertsons Stadium,68,Boise State,fbs,Mountain West,38.0,"[14, 14, 0, 10]",0.9772292375564576,1614.0,1659.0,2439,UNLV,fbs,Mountain West,21.0,"[0, 14, 7, 0]",0.0227707624435424,1689.0,1644.0,3.524503771053808,Albertsons Stadium,37000.0,43.6027080538683,-116.19591236114502,37000.0,0.7338378378378378,0
