week,conferenceGame,away_is_fcs,homePregameElo,elo_diff,elo_abs_diff,log_capacity,latitude,longitude,away_travel_km,home_prior_turnout,home_turnout_trend,home_prior_games,away_draw_lift_prior,homeConference_ACC,homeConference_American Athletic,homeConference_Big 12,homeConference_Big Ten,homeConference_Conference USA,homeConference_FBS Independents,homeConference_Mid-American,homeConference_Mountain West,homeConference_Pac-12,homeConference_SEC,homeConference_Sun Belt,day_type_friday,day_type_other_day,day_type_saturday,kickoff_slot_afternoon,kickoff_slot_evening,kickoff_slot_midday,kickoff_slot_unknown,target,turnout_rate,id,season
1.0,1.0,0.0,1500.0,131.0,131.0,10.085850775128717,33.82031030570401,-85.76646566390991,1948.676029234896,0.8459040157335065,0.0,0.0,0.0,0.0,0.0,0.0,0.0,1.0,0.0,0.0,0.0,0.0,0.0,0.0,0.0,0.0,1.0,1.0,0.0,0.0,0.0,1,0.74925,401520145,2023
1.0,0.0,0.0,1322.0,248.0,248.0,10.320354083368734,32.27974938226407,-106.74113631248474,3200.1313211958127,0.8459040157335065,0.0,0.0,0.0,0.0,0.0,0.0,0.0,1.0,0.0,0.0,0.0,0.0,0.0,0.0,0.0,0.0,1.0,1.0,0.0,0.0,0.0,0,0.5060804798470817,401525450,2023
1.0,0.0,0.0,1322.0,76.0,76.0,10.605371456538457,36.14355849696379,-86.80877208709717,730.0812425015952,0.8459040157335065,0.0,0.0,0.0,0.0,0.0,0.0,0.0,0.0,0.0,0.0,0.0,0.0,1.0,0.0,0.0,0.0,1.0,0.0,1.0,0.0,0.0,0,0.5305328376703842,401520147,2023
1.0,0.0,0.0,1663.0,201.0,201.0,11.446871128898794,34.01400974062912,-118.28789591789246,489.55494845742936,0.8459040157335065,0.0,0.0,0.0,0.0,0.0,0.0,0.0,0.0,0.0,0.0,0.0,1.0,0.0,0.0,0.0,0.0,1.0,1.0,0.0,0.0,0.0,0,0.6774172871686946,401523986,2023
1.0,1.0,0.0,1251.0,179.0,179.0,10.328787967145063,32.53223809915824,-92.6560188758494,1409.162158478383,0.8459040157335065,0.0,0.0,0.0,0.0,0.0,0.0,0.0,1.0,0.0,0.0,0.0,0.0,0.0,0.0,0.0,0.0,1.0,0.0,1.0,0.0,0.0,0,0.5326470588235294,401520146,2023
1.0,0.0,1.0,1608.0,873.0,873.0,10.357774570341576,36.09183481061275,-80.25534152984619,730.0812425015952,0.8459040157335065,0.0,0.0,0.0,1.0,0.0,0.0,0.0,0.0,0.0,0.0,0.0,0.0,0.0,0.0,0.0,1.0,0.0,0.0,1.0,0.0,0.0,1,0.9532698412698412,401525461,2023
1.0,0.0,0.0,1534.0,138.0,138.0,10.721591972500457,28.607958859227068,-81.1929988861084,1393.4407479330116,0.8459040157335065,0.0,0.0,0.0,0.0,0.0,1.0,0.0,0.0,0.0,0.0,0.0,0.0,0.0,0.0,0.0,1.0,0.0,0.0,1.0,0.0,0.0,2,0.972751141804382,401525816,2023
1.0,0.0,1.0,1367.0,632.0,632.0,10.315630315397533,42.285755487470176,-85.60100421309471,730.0812425015952,0.8459040157335065,0.0,0.0,0.0,0.0,0.0,0.0,0.0,0.0,0.0,1.0,0.0,0.0,0.0,0.0,0.0,1.0,0.0,0.0,1.0,0.0,0.0,0,0.6434437086092715,401532393,2023
1.0,0.0,0.0,1260.0,-297.0,297.0,10.596659732783579,41.75988427820291,-72.61894226074219,847.2698660959934,0.8459040157335065,0.0,0.0,0.0,0.0,0.0,0.0,0.0,0.0,1.0,0.0,0.0,0.0,0.0,0.0,0.0,1.0,0.0,0.0,1.0,0.0,0.0,1,0.91315,401520174,2023
1.0,1.0,0.0,1672.0,151.0,151.0,10.86906356408504,44.97652496911191,-93.224575817585,542.0653782219929,0.8459040157335065,0.0,0.0,0.0,0.0,0.0,0.0,1.0,0.0,0.0,0.0,0.0,0.0,0.0,0.0,0.0,1.0,0.0,0.0,1.0,0.0,0.0,2,1.0,401520148,2023
1.0,0.0,1.0,1480.0,745.0,745.0,11.172812609330474,38.93589529672232,-92.33311414718628,730.0812425015952,0.8459040157335065,0.0,0.0,0.0,0.0,0.0,0.0,0.0,0.0,0.0,0.0,0.0,0.0,1.0,0.0,0.0,1.0,0.0,0.0,1.0,0.0,0.0,1,0.7086611960431655,401520165,2023
1.0,0.0,0.0,1776.0,222.0,222.0,10.903825271935897,40.75994782004573,-111.84882402420044,2932.613178889047,0.8459040157335065,0.0,0.0,0.0,0.0,0.0,0.0,0.0,0.0,0.0,0.0,0.0,1.0,0.0,0.0,0.0,1.0,0.0,0.0,1.0,0.0,0.0,2,0.9864111946748064,401520176,2023
1.0,0.0,1.0,1418.0,683.0,683.0,10.478498510076376,36.14886067519205,-95.943603515625,730.0812425015952,0.8459040157335065,0.0,0.0,0.0,0.0,1.0,0.0,0.0,0.0,0.0,0.0,0.0,0.0,0.0,0.0,0.0,1.0,0.0,0.0,1.0,0.0,0.0,0,0.4931911541275111,401531337,2023
1.0,0.0,1.0,1464.0,729.0,729.0,11.180343650832073,33.426364,-111.932616,730.0812425015952,0.8459040157335065,0.0,0.0,0.0,0.0,0.0,0.0,0.0,0.0,0.0,0.0,0.0,1.0,0.0,0.0,0.0,1.0,0.0,0.0,1.0,0.0,0.0,0,0.6662343458009092,401523987,2023
1.0,0.0,1.0,1433.0,698.0,698.0,10.315630315397533,42.2557607087688,-83.64775657653809,730.0812425015952,0.8459040157335065,0.0,0.0,0.0,0.0,0.0,0.0,0.0,0.0,0.0,1.0,0.0,0.0,0.0,0.0,1.0,0.0,0.0,0.0,1.0,0.0,0.0,0,0.5981788079470198,401532394,2023
1.0,0.0,0.0,1377.0,-43.0,43.0,11.087160706070168,25.957933739028963,-80.23884057998657,1564.8660600739447,0.8459040157335065,0.0,0.0,0.0,1.0,0.0,0.0,0.0,0.0,0.0,0.0,0.0,0.0,0.0,0.0,1.0,0.0,0.0,0.0,1.0,0.0,0.0,1,0.7504515812999418,401525463,2023
1.0,0.0,1.0,1415.0,680.0,680.0,10.821217248604537,38.96294598898537,-95.2463150024414,261.0445252304142,0.8459040157335065,0.0,0.0,0.0,0.0,0.0,1.0,0.0,0.0,0.0,0.0,0.0,0.0,0.0,0.0,1.0,0.0,0.0,0.0,1.0,0.0,0.0,1,0.8206546703680774,401525815,2023
1.0,0.0,0.0,1665.0,270.0,270.0,11.164587103533947,41.65838893680983,-91.55147552490234,1678.0840714686622,0.8459040157335065,0.0,0.0,0.0,0.0,0.0,0.0,1.0,0.0,0.0,0.0,0.0,0.0,0.0,0.0,0.0,0.0,1.0,0.0,0.0,1.0,0.0,2,0.981086633137352,401520157,2023
1.0,0.0,0.0,1570.0,210.0,210.0,11.036404644896228,38.02262168129363,-84.50520515441895,256.28024280372335,0.8459040157335065,0.0,0.0,0.0,0.0,0.0,0.0,0.0,0.0,0.0,0.0,0.0,0.0,1.0,0.0,0.0,0.0,1.0,0.0,0.0,1.0,0.0,1,0.9386887410819256,401520159,2023
1.0,0.0,0.0,1442.0,192.0,192.0,9.862717639992917,37.354414,-79.175047,588.3340130384532,0.8459040157335065,0.0,0.0,0.0,0.0,0.0,0.0,0.0,1.0,0.0,0.0,0.0,0.0,0.0,0.0,0.0,0.0,1.0,0.0,0.0,1.0,0.0,2,0.9797395833333332,401520160,2023
1.0,0.0,0.0,1916.0,410.0,410.0,11.586194513897674,42.26586873251738,-83.7487256526947,923.9720995620175,0.8459040157335065,0.0,0.0,0.0,0.0,0.0,0.0,1.0,0.0,0.0,0.0,0.0,0.0,0.0,0.0,0.0,0.0,1.0,0.0,0.0,1.0,0.0,2,1.0,401520162,2023
1.0,0.0,0.0,1473.0,-204.0,204.0,10.94024216782542,40.434323,-86.918485,2864.3633511450435,0.8459040157335065,0.0,0.0,0.0,0.0,0.0,0.0,1.0,0.0,0.0,0.0,0.0,0.0,0.0,0.0,0.0,0.0,1.0,0.0,0.0,1.0,0.0,2,0.9733687943262412,401520170,2023
1.0,0.0,0.0,1502.0,253.0,253.0,10.373522431293592,32.83771580994254,-96.782705783844,387.6718194655833,0.8459040157335065,0.0,0.0,0.0,0.0,1.0,0.0,0.0,0.0,0.0,0.0,0.0,0.0,0.0,0.0,0.0,0.0,1.0,0.0,0.0,1.0,0.0,0,0.6715625,401520172,2023
1.0,0.0,0.0,1652.0,495.0,495.0,10.714439990727769,32.70991596942349,-97.36799597740172,1075.6590700519794,0.8459040157335065,0.0,0.0,0.0,0.0,0.0,1.0,0.0,0.0,0.0,0.0,0.0,0.0,0.0,0.0,0.0,0.0,1.0,0.0,0.0,1.0,0.0,2,1.0,401523994,2023
1.0,0.0,0.0,1314.0,10.0,10.0,10.703266939811954,42.33510834895851,-71.16647243499756,1450.337092360729,0.8459040157335065,0.0,0.0,0.0,1.0,0.0,0.0,0.0,0.0,0.0,0.0,0.0,0.0,0.0,0.0,0.0,0.0,1.0,0.0,0.0,1.0,0.0,0,0.6768988764044944,401525464,2023
1.0,0.0,0.0,1608.0,352.0,352.0,11.31585162638907,35.20589959488508,-97.44255065917967,617.1158643717024,0.8459040157335065,0.0,0.0,0.0,0.0,0.0,1.0,0.0,0.0,0.0,0.0,0.0,0.0,0.0,0.0,0.0,0.0,1.0,0.0,0.0,1.0,0.0,2,1.0,401525822,2023
1.0,0.0,1.0,1678.0,943.0,943.0,10.7513495394883,38.99690743122685,-104.84368801116943,730.0812425015952,0.8459040157335065,0.0,0.0,0.0,0.0,0.0,0.0,0.0,0.0,0.0,0.0,1.0,0.0,0.0,0.0,0.0,0.0,1.0,0.0,0.0,1.0,0.0,0,0.6455495588109312,401532570,2023
1.0,0.0,1.0,1300.0,565.0,565.0,10.085850775128717,33.82031030570401,-85.76646566390991,730.0812425015952,0.74925,0.0,1.0,0.0,0.0,0.0,0.0,0.0,1.0,0.0,0.0,0.0,0.0,0.0,0.0,0.0,0.0,1.0,0.0,0.0,1.0,0.0,1,0.8865,401520158,2023
1.0,0.0,1.0,1589.0,854.0,854.0,11.01173659154304,34.362154302992906,-89.53414626020904,730.0812425015952,0.8459040157335065,0.0,0.0,0.0,0.0,0.0,0.0,0.0,0.0,0.0,0.0,0.0,0.0,1.0,0.0,0.0,0.0,1.0,0.0,0.0,1.0,0.0,2,0.9920270716408056,401520168,2023
1.0,0.0,1.0,1536.0,801.0,801.0,11.026808713825016,42.01400541108485,-93.6358094215393,730.0812425015952,0.8459040157335065,0.0,0.0,0.0,0.0,0.0,1.0,0.0,0.0,0.0,0.0,0.0,0.0,0.0,0.0,0.0,0.0,1.0,0.0,0.0,1.0,0.0,1,0.947121951219512,401525820,2023
1.0,0.0,0.0,1262.0,-7.0,7.0,11.13507066006998,39.900748900488125,-75.16749143600464,551.7122694645512,0.8459040157335065,0.0,0.0,0.0,0.0,1.0,0.0,0.0,0.0,0.0,0.0,0.0,0.0,0.0,0.0,0.0,0.0,1.0,1.0,0.0,0.0,0.0,0,0.1817545088425844,401531387,2023
1.0,0.0,1.0,1366.0,631.0,631.0,10.085850775128717,39.32130908459409,-82.10343944652357,730.0812425015952,0.8459040157335065,0.0,0.0,0.0,0.0,0.0,0.0,0.0,0.0,0.0,1.0,0.0,0.0,0.0,0.0,0.0,0.0,1.0,1.0,0.0,0.0,0.0,1,0.768875,401532395,2023
1.0,0.0,1.0,1649.0,914.0,914.0,10.896757843893464,44.058272724266615,-123.0685043334961,730.0812425015952,0.8459040157335065,0.0,0.0,0.0,0.0,0.0,0.0,0.0,0.0,0.0,0.0,0.0,1.0,0.0,0.0,0.0,0.0,1.0,0.0,0.0,1.0,0.0,1,0.8467222222222223,401523992,2023
1.0,0.0,0.0,1564.0,442.0,442.0,11.378845350396778,32.602361666817515,-85.48891067504883,1573.760212931753,0.8459040157335065,0.0,0.0,0.0,0.0,0.0,0.0,0.0,0.0,0.0,0.0,0.0,0.0,1.0,0.0,0.0,0.0,1.0,1.0,0.0,0.0,0.0,2,1.0,401520151,2023
1.0,1.0,0.0,1388.0,-516.0,516.0,10.87729219061089,39.18090913372923,-86.52557373046875,313.94064240851486,0.8459040157335065,0.0,0.0,0.0,0.0,0.0,0.0,1.0,0.0,0.0,0.0,0.0,0.0,0.0,0.0,0.0,0.0,1.0,1.0,0.0,0.0,0.0,1,0.945070715081478,401520156,2023
1.0,0.0,1.0,1596.0,861.0,861.0,10.855203341628478,38.99120275144426,-76.94731173248788,730.0812425015952,0.8459040157335065,0.0,0.0,0.0,0.0,0.0,0.0,1.0,0.0,0.0,0.0,0.0,0.0,0.0,0.0,0.0,0.0,1.0,1.0,0.0,0.0,0.0,1,0.7189104667773445,401520161,2023
1.0,0.0,0.0,1637.0,213.0,213.0,11.293798835013952,43.06993802646878,-89.41274642944336,863.8576826497967,0.8459040157335065,0.0,0.0,0.0,0.0,0.0,0.0,1.0,0.0,0.0,0.0,0.0,0.0,0.0,0.0,0.0,0.0,1.0,1.0,0.0,0.0,0.0,1,0.9489921689221996,401520180,2023
1.0,0.0,0.0,1628.0,375.0,375.0,10.003966171102347,36.98487662989466,-86.459013971646,1067.950015863347,0.8459040157335065,0.0,0.0,0.0,0.0,0.0,0.0,0.0,1.0,0.0,0.0,0.0,0.0,0.0,0.0,0.0,0.0,1.0,1.0,0.0,0.0,0.0,0,0.6981413648080315,401520181,2023
1.0,0.0,0.0,1673.0,32.0,32.0,11.163382173096926,47.65043054401222,-122.30291984739304,653.9151560223553,0.8459040157335065,0.0,0.0,0.0,0.0,0.0,0.0,0.0,0.0,0.0,0.0,0.0,1.0,0.0,0.0,0.0,0.0,1.0,0.0,0.0,1.0,0.0,1,0.9570921985815602,401523997,2023
1.0,0.0,1.0,1909.0,1174.0,1174.0,11.299682738333281,41.69842312158612,-86.23382449150085,730.0812425015952,0.8459040157335065,0.0,0.0,0.0,0.0,0.0,0.0,0.0,0.0,1.0,0.0,0.0,0.0,0.0,0.0,0.0,0.0,1.0,1.0,0.0,0.0,0.0,2,0.960727767807414,401525435,2023
1.0,0.0,1.0,1624.0,889.0,889.0,11.133142723386813,40.44678376501633,-80.01575589179993,730.0812425015952,0.8459040157335065,0.0,0.0,0.0,1.0,0.0,0.0,0.0,0.0,0.0,0.0,0.0,0.0,0.0,0.0,0.0,0.0,1.0,1.0,0.0,0.0,0.0,0,0.659298245614035,401525465,2023
1.0,0.0,1.0,1626.0,891.0,891.0,10.596659732783579,39.13128425273405,-84.51626143741578,730.0812425015952,0.8459040157335065,0.0,0.0,0.0,0.0,0.0,1.0,0.0,0.0,0.0,0.0,0.0,0.0,0.0,0.0,0.0,0.0,1.0,1.0,0.0,0.0,0.0,1,0.954825,401525818,2023
1.0,0.0,0.0,1766.0,562.0,562.0,11.514124745545711,30.28360340206824,-97.73233652114868,232.4268518244059,0.8459040157335065,0.0,0.0,0.0,0.0,0.0,1.0,0.0,0.0,0.0,0.0,0.0,0.0,0.0,0.0,0.0,0.0,1.0,1.0,0.0,0.0,0.0,2,0.979004984068958,401525824,2023
1.0,0.0,1.0,1562.0,827.0,827.0,10.600850832843811,36.21151530169309,-81.68550610542297,730.0812425015952,0.8459040157335065,0.0,0.0,0.0,0.0,0.0,0.0,0.0,0.0,0.0,0.0,0.0,0.0,0.0,1.0,0.0,0.0,1.0,1.0,0.0,0.0,0.0,1,0.8981029675363473,401531835,2023
1.0,0.0,1.0,1629.0,894.0,894.0,11.024154831985069,33.456230599072065,-88.79342436790466,730.0812425015952,0.8459040157335065,0.0,0.0,0.0,0.0,0.0,0.0,0.0,0.0,0.0,0.0,0.0,0.0,1.0,0.0,0.0,0.0,1.0,1.0,0.0,0.0,0.0,1,0.8158370966953062,401520164,2023
1.0,0.0,0.0,1472.0,35.0,35.0,10.336924443719042,33.20393508408917,-97.15922355651855,2321.3095036823443,0.8459040157335065,0.0,0.0,0.0,0.0,1.0,0.0,0.0,0.0,0.0,0.0,0.0,0.0,0.0,0.0,0.0,0.0,1.0,1.0,0.0,0.0,0.0,0,0.6920583468395461,401523991,2023
1.0,0.0,1.0,1476.0,741.0,741.0,10.804684950962628,43.036132820423234,-76.13651990890503,730.0812425015952,0.8459040157335065,0.0,0.0,0.0,1.0,0.0,0.0,0.0,0.0,0.0,0.0,0.0,0.0,0.0,0.0,0.0,0.0,1.0,1.0,0.0,0.0,0.0,0,0.6591878172588832,401525466,2023
1.0,0.0,1.0,2033.0,1298.0,1298.0,11.437630634933093,33.949821489498824,-83.37344169616699,730.0812425015952,0.8459040157335065,0.0,0.0,0.0,0.0,0.0,0.0,0.0,0.0,0.0,0.0,0.0,0.0,1.0,0.0,0.0,0.0,1.0,1.0,0.0,0.0,0.0,2,1.0,401520154,2023
1.0,0.0,1.0,1220.0,485.0,485.0,9.636588019266876,35.31028067616406,-80.74049377106525,730.0812425015952,0.8459040157335065,0.0,0.0,0.0,0.0,1.0,0.0,0.0,0.0,0.0,0.0,0.0,0.0,0.0,0.0,0.0,0.0,1.0,0.0,1.0,0.0,0.0,2,1.0,401531402,2023
1.0,0.0,1.0,1424.0,689.0,689.0,10.308985993422082,26.3754535636523,-80.10168313980103,730.0812425015952,0.8459040157335065,0.0,0.0,0.0,0.0,1.0,0.0,0.0,0.0,0.0,0.0,0.0,0.0,0.0,0.0,0.0,0.0,1.0,0.0,1.0,0.0,0.0,0,0.6964333333333333,401531418,2023
1.0,0.0,1.0,1418.0,683.0,683.0,10.098272780745283,32.41221167634779,-81.78317070007324,730.0812425015952,0.8459040157335065,0.0,0.0,0.0,0.0,0.0,0.0,0.0,0.0,0.0,0.0,0.0,0.0,0.0,1.0,0.0,0.0,1.0,0.0,1.0,0.0,0.0,1,0.7326337448559671,401531836,2023
1.0,0.0,1.0,1606.0,871.0,871.0,10.121779353119313,38.43508893585215,-78.87340330403673,730.0812425015952,0.8459040157335065,0.0,0.0,0.0,0.0,0.0,0.0,0.0,0.0,0.0,0.0,0.0,0.0,0.0,1.0,0.0,0.0,1.0,0.0,1.0,0.0,0.0,1,0.954899911568454,401531837,2023
1.0,0.0,1.0,1542.0,807.0,807.0,10.54586761604242,38.42486536179161,-82.42185831069946,730.0812425015952,0.8459040157335065,0.0,0.0,0.0,0.0,0.0,0.0,0.0,0.0,0.0,0.0,0.0,0.0,0.0,1.0,0.0,0.0,1.0,0.0,1.0,0.0,0.0,0,0.6602225203187879,401531838,2023
1.0,0.0,1.0,1083.0,348.0,348.0,10.064798252418377,25.75249278747405,-80.37786483764648,730.0812425015952,0.8459040157335065,0.0,0.0,0.0,0.0,0.0,0.0,0.0,1.0,0.0,0.0,0.0,0.0,0.0,0.0,0.0,0.0,1.0,0.0,1.0,0.0,0.0,1,0.7182127659574468,401520153,2023
1.0,0.0,0.0,1713.0,389.0,389.0,11.446871128898794,34.01400974062912,-118.28789591789246,630.1036512340602,0.6774172871686946,0.0,1.0,0.0,0.0,0.0,0.0,0.0,0.0,0.0,0.0,0.0,1.0,0.0,0.0,0.0,0.0,1.0,1.0,0.0,0.0,0.0,0,0.6721292211052592,401523996,2023
1.0,0.0,0.0,1586.0,399.0,399.0,11.539898402471655,30.61009757817476,-96.34072922859283,1080.5637398273989,0.8459040157335065,0.0,0.0,0.0,0.0,0.0,0.0,0.0,0.0,0.0,0.0,0.0,0.0,1.0,0.0,0.0,0.0,1.0,0.0,1.0,0.0,0.0,1,0.9496461701692738,401520173,2023
1.0,0.0,0.0,1244.0,-255.0,255.0,10.323118516117193,32.53106869451547,-92.06644075067642,1880.1653316669995,0.8459040157335065,0.0,0.0,0.0,0.0,0.0,0.0,0.0,0.0,0.0,0.0,0.0,0.0,0.0,1.0,0.0,0.0,1.0,0.0,1.0,0.0,0.0,0,0.6216189568475368,401520175,2023
1.0,0.0,1.0,1238.0,503.0,503.0,10.605371456538457,36.14355849696379,-86.80877208709717,730.0812425015952,0.5305328376703842,0.0,1.0,0.0,0.0,0.0,0.0,0.0,0.0,0.0,0.0,0.0,0.0,1.0,0.0,0.0,0.0,1.0,0.0,1.0,0.0,0.0,0,0.5460966542750929,401520178,2023
1.0,0.0,0.0,1614.0,320.0,320.0,10.717546203426988,31.55866263551169,-97.11560010910034,200.90204480809933,0.8459040157335065,0.0,0.0,0.0,0.0,0.0,1.0,0.0,0.0,0.0,0.0,0.0,0.0,0.0,0.0,0.0,0.0,1.0,0.0,1.0,0.0,0.0,2,0.995680106335844,401525817,2023
1.0,0.0,0.0,1579.0,-26.0,26.0,10.596659732783579,29.721767963293527,-95.34909841095214,304.5742000719596,0.8459040157335065,0.0,0.0,0.0,0.0,0.0,1.0,0.0,0.0,0.0,0.0,0.0,0.0,0.0,0.0,0.0,0.0,1.0,0.0,1.0,0.0,0.0,1,0.94655,401525819,2023
1.0,0.0,1.0,1740.0,1005.0,1005.0,10.819798284210286,39.20186361814248,-96.59379243850708,730.0812425015952,0.8459040157335065,0.0,0.0,0.0,0.0,0.0,1.0,0.0,0.0,0.0,0.0,0.0,0.0,0.0,0.0,0.0,0.0,1.0,0.0,1.0,0.0,0.0,2,1.0,401525821,2023
1.0,0.0,1.0,1530.0,795.0,795.0,11.005743196119036,36.12570866235855,-97.06650495529176,730.0812425015952,0.8459040157335065,0.0,0.0,0.0,0.0,0.0,1.0,0.0,0.0,0.0,0.0,0.0,0.0,0.0,0.0,0.0,0.0,1.0,0.0,1.0,0.0,0.0,1,0.8943339200903384,401525823,2023
1.0,0.0,1.0,1545.0,810.0,810.0,11.041016020812398,35.120856917268995,-89.97805741128388,730.0812425015952,0.8459040157335065,0.0,0.0,0.0,0.0,1.0,0.0,0.0,0.0,0.0,0.0,0.0,0.0,0.0,0.0,0.0,0.0,1.0,0.0,1.0,0.0,0.0,0,0.4269317088810516,401531426,2023
1.0,0.0,1.0,1370.0,635.0,635.0,10.491301994830229,31.32897842661232,-89.33133065700531,730.0812425015952,0.8459040157335065,0.0,0.0,0.0,0.0,0.0,0.0,0.0,0.0,0.0,0.0,0.0,0.0,0.0,1.0,0.0,0.0,1.0,0.0,1.0,0.0,0.0,1,0.8426388888888889,401531840,2023
1.0,0.0,1.0,1556.0,821.0,821.0,10.308985993422082,31.799527415252125,-85.95217691586194,730.0812425015952,0.8459040157335065,0.0,0.0,0.0,0.0,0.0,0.0,0.0,0.0,0.0,0.0,0.0,0.0,0.0,1.0,0.0,0.0,1.0,0.0,1.0,0.0,0.0,1,0.9393,401531841,2023
1.0,0.0,0.0,1954.0,539.0,539.0,11.530981469769799,33.2074899449518,-87.5503921508789,313.2550467540007,0.8459040157335065,0.0,0.0,0.0,0.0,0.0,0.0,0.0,0.0,0.0,0.0,0.0,0.0,1.0,0.0,0.0,0.0,1.0,0.0,1.0,0.0,0.0,2,0.9828719026526944,401520149,2023
1.0,0.0,0.0,1666.0,170.0,170.0,11.013221103411352,40.09930573133053,-88.23598623275757,425.38561046103877,0.8459040157335065,0.0,0.0,0.0,0.0,0.0,0.0,1.0,0.0,0.0,0.0,0.0,0.0,0.0,0.0,0.0,0.0,1.0,0.0,1.0,0.0,0.0,1,0.8059667051260919,401520155,2023
1.0,0.0,0.0,1833.0,395.0,395.0,11.576585475330184,40.81215273275043,-77.85620212554932,219.95294012581593,0.8459040157335065,0.0,0.0,0.0,0.0,0.0,0.0,1.0,0.0,0.0,0.0,0.0,0.0,0.0,0.0,0.0,0.0,1.0,0.0,1.0,0.0,0.0,2,1.0,401520169,2023
1.0,0.0,0.0,1409.0,-179.0,179.0,10.281307359823968,41.31193599299248,-105.56906461715698,918.1837708933208,0.8459040157335065,0.0,0.0,0.0,0.0,0.0,0.0,0.0,0.0,0.0,0.0,1.0,0.0,0.0,0.0,0.0,0.0,1.0,1.0,0.0,0.0,0.0,1,0.9064117062472156,401525825,2023
1.0,0.0,1.0,1537.0,802.0,802.0,10.515993929932415,30.21579609675613,-92.01626413552384,730.0812425015952,0.8459040157335065,0.0,0.0,0.0,0.0,0.0,0.0,0.0,0.0,0.0,0.0,0.0,0.0,0.0,1.0,0.0,0.0,1.0,0.0,1.0,0.0,0.0,0,0.4928455284552845,401531839,2023
1.0,0.0,0.0,1378.0,2.0,2.0,11.100949205246406,37.2199742830054,-80.41805505752563,366.7590380766636,0.8459040157335065,0.0,0.0,0.0,1.0,0.0,0.0,0.0,0.0,0.0,0.0,0.0,0.0,0.0,0.0,0.0,0.0,1.0,0.0,1.0,0.0,0.0,2,0.99092597345734,401525467,2023
1.0,0.0,0.0,1640.0,150.0,150.0,10.308985993422082,29.945898112528432,-90.11519112306328,730.0812425015952,0.8459040157335065,0.0,0.0,0.0,0.0,1.0,0.0,0.0,0.0,0.0,0.0,0.0,0.0,0.0,0.0,0.0,0.0,1.0,0.0,1.0,0.0,0.0,1,0.8991,401531347,2023
1.0,0.0,1.0,1150.0,415.0,415.0,10.320354083368734,32.27974938226407,-106.74113631248474,730.0812425015952,0.5060804798470817,0.0,1.0,0.0,0.0,0.0,0.0,0.0,1.0,0.0,0.0,0.0,0.0,0.0,0.0,0.0,0.0,1.0,0.0,1.0,0.0,0.0,0,0.5913390238275714,401520166,2023
1.0,0.0,1.0,1369.0,634.0,634.0,10.849356503939038,31.77334530512776,-106.50789678096773,730.0812425015952,0.8459040157335065,0.0,0.0,0.0,0.0,0.0,0.0,0.0,1.0,0.0,0.0,0.0,0.0,0.0,0.0,0.0,0.0,1.0,0.0,1.0,0.0,0.0,0,0.5968543689320388,401520177,2023
1.0,0.0,1.0,1416.0,681.0,681.0,10.855377061650147,32.228340232071496,-110.94903945922852,730.0812425015952,0.8459040157335065,0.0,0.0,0.0,0.0,0.0,0.0,0.0,0.0,0.0,0.0,0.0,1.0,0.0,0.0,0.0,0.0,1.0,0.0,1.0,0.0,0.0,1,0.9295130377719018,401523989,2023
1.0,0.0,0.0,1517.0,17.0,17.0,11.062347921549595,40.25748799746312,-111.65443897247314,1799.2182929750543,0.8459040157335065,0.0,0.0,0.0,0.0,0.0,1.0,0.0,0.0,0.0,0.0,0.0,0.0,0.0,0.0,0.0,0.0,1.0,0.0,1.0,0.0,0.0,1,0.925947430364849,401520152,2023
1.0,0.0,0.0,1622.0,226.0,226.0,11.435428680349185,34.16156958726264,-118.1676149368286,3587.6599654642096,0.8459040157335065,0.0,0.0,0.0,0.0,0.0,0.0,0.0,0.0,0.0,0.0,0.0,1.0,0.0,0.0,0.0,0.0,1.0,0.0,1.0,0.0,0.0,0,0.4722720494478183,401523995,2023
1.0,1.0,0.0,1288.0,-50.0,50.0,10.867710938165587,40.51378289308872,-74.46504457087282,1117.3717420233777,0.8459040157335065,0.0,0.0,0.0,0.0,0.0,0.0,1.0,0.0,0.0,0.0,0.0,0.0,0.0,0.0,0.0,1.0,0.0,0.0,0.0,1.0,0.0,2,1.0,401520171,2023
1.0,0.0,0.0,1412.0,-283.0,283.0,10.324071131775993,37.320105186690846,-121.86811613079064,813.6498245677702,0.8459040157335065,0.0,0.0,0.0,0.0,0.0,0.0,0.0,0.0,0.0,0.0,1.0,0.0,0.0,0.0,0.0,1.0,0.0,0.0,0.0,1.0,0.0,0,0.6677501970055162,401532573,2023
1.0,1.0,0.0,1518.0,-210.0,210.0,10.43240846457121,35.9953166502013,-78.94172430038452,382.94176264873937,0.8459040157335065,0.0,0.0,0.0,1.0,0.0,0.0,0.0,0.0,0.0,0.0,0.0,0.0,0.0,0.0,0.0,1.0,0.0,0.0,1.0,0.0,0.0,1,0.932146960902743,401525468,2023
2.0,0.0,1.0,1567.0,832.0,832.0,10.915106645867503,38.20542168521144,-85.75810561566809,730.0812425015952,0.8459040157335065,0.0,0.0,0.0,1.0,0.0,0.0,0.0,0.0,0.0,0.0,0.0,0.0,0.0,0.0,0.0,1.0,0.0,0.0,1.0,0.0,0.0,1,0.8231454545454545,401525469,2023
2.0,0.0,1.0,1307.0,572.0,572.0,10.87729219061089,39.18090913372923,-86.52557373046875,730.0812425015952,0.945070715081478,0.0,1.0,0.0,0.0,0.0,0.0,1.0,0.0,0.0,0.0,0.0,0.0,0.0,0.0,1.0,0.0,0.0,0.0,1.0,0.0,0.0,1,0.8077002964557488,401520193,2023
2.0,0.0,0.0,1415.0,-249.0,249.0,10.821217248604537,38.96294598898537,-95.2463150024414,614.1784341563897,0.8206546703680774,0.0,1.0,0.0,0.0,0.0,1.0,0.0,0.0,0.0,0.0,0.0,0.0,0.0,0.0,1.0,0.0,0.0,0.0,1.0,0.0,0.0,1,0.9148808691657846,401520195,2023
2.0,0.0,0.0,1608.0,281.0,281.0,10.357774570341576,36.09183481061275,-80.25534152984619,588.5727103410213,0.9532698412698412,0.0,1.0,0.0,1.0,0.0,0.0,0.0,0.0,0.0,0.0,0.0,0.0,0.0,0.0,0.0,0.0,1.0,0.0,0.0,1.0,0.0,1,0.9004126984126984,401520216,2023
2.0,0.0,1.0,1530.0,795.0,795.0,10.545367754151743,41.38708043477422,-73.96408081054688,730.0812425015952,0.8459040157335065,0.0,0.0,0.0,0.0,0.0,0.0,0.0,0.0,1.0,0.0,0.0,0.0,0.0,0.0,0.0,0.0,1.0,0.0,0.0,1.0,0.0,0,0.661921052631579,401520185,2023
2.0,0.0,0.0,1196.0,-326.0,326.0,10.823451529776579,40.00939837446321,-105.26688694953918,730.0812425015952,0.8459040157335065,0.0,0.0,0.0,0.0,0.0,0.0,0.0,0.0,0.0,0.0,0.0,1.0,0.0,0.0,0.0,0.0,1.0,0.0,0.0,1.0,0.0,2,1.0,401520188,2023
2.0,0.0,0.0,2033.0,728.0,728.0,11.437630634933093,33.949821489498824,-83.37344169616699,719.9187506663382,1.0,0.0,1.0,0.0,0.0,0.0,0.0,0.0,0.0,0.0,0.0,0.0,0.0,1.0,0.0,0.0,0.0,1.0,0.0,0.0,1.0,0.0,2,1.0,401520191,2023
2.0,0.0,1.0,1955.0,1220.0,1220.0,11.561191682379716,40.0016856893694,-83.01972806453705,730.0812425015952,0.8459040157335065,0.0,0.0,0.0,0.0,0.0,0.0,1.0,0.0,0.0,0.0,0.0,0.0,0.0,0.0,0.0,0.0,1.0,0.0,0.0,1.0,0.0,2,0.9804943588961732,401520208,2023
2.0,0.0,1.0,1713.0,978.0,978.0,11.576585475330184,40.81215273275043,-77.85620212554932,219.90561622672024,1.0,0.0,1.0,0.0,0.0,0.0,0.0,1.0,0.0,0.0,0.0,0.0,0.0,0.0,0.0,0.0,0.0,1.0,0.0,0.0,1.0,0.0,2,1.0,401520209,2023
2.0,0.0,0.0,1421.0,-58.0,58.0,11.100949205246406,37.2199742830054,-80.41805505752563,666.6739907070356,0.99092597345734,0.0,1.0,0.0,1.0,0.0,0.0,0.0,0.0,0.0,0.0,0.0,0.0,0.0,0.0,0.0,0.0,1.0,0.0,0.0,1.0,0.0,2,0.99092597345734,401520215,2023
2.0,0.0,0.0,1559.0,-225.0,225.0,10.717546203426988,31.55866263551169,-97.11560010910034,1668.2817303748461,0.995680106335844,0.0,1.0,0.0,0.0,0.0,1.0,0.0,0.0,0.0,0.0,0.0,0.0,0.0,0.0,0.0,0.0,1.0,0.0,0.0,1.0,0.0,2,0.9688081524147096,401523999,2023
2.0,0.0,0.0,1553.0,-266.0,266.0,10.961000030318813,35.80075968207897,-78.71948719024658,923.7737943316283,0.8459040157335065,0.0,0.0,0.0,1.0,0.0,0.0,0.0,0.0,0.0,0.0,0.0,0.0,0.0,0.0,0.0,0.0,1.0,0.0,0.0,1.0,0.0,2,0.9884688189222514,401525436,2023
2.0,0.0,1.0,1434.0,699.0,699.0,10.703266939811954,42.33510834895851,-71.16647243499756,730.0812425015952,0.6768988764044944,0.0,1.0,0.0,1.0,0.0,0.0,0.0,0.0,0.0,0.0,0.0,0.0,0.0,0.0,0.0,0.0,1.0,0.0,0.0,1.0,0.0,1,0.90161797752809,401525490,2023
2.0,0.0,0.0,1339.0,-267.0,267.0,11.026808713825016,38.03112372855688,-78.51370811462402,54.81536609094545,0.8459040157335065,0.0,0.0,0.0,1.0,0.0,0.0,0.0,0.0,0.0,0.0,0.0,0.0,0.0,0.0,0.0,0.0,1.0,0.0,0.0,1.0,0.0,1,0.918829268292683,401525498,2023
2.0,0.0,0.0,1740.0,184.0,184.0,10.819798284210286,39.20186361814248,-96.59379243850708,1265.4383200080485,1.0,0.0,1.0,0.0,0.0,0.0,1.0,0.0,0.0,0.0,0.0,0.0,0.0,0.0,0.0,0.0,0.0,1.0,0.0,0.0,1.0,0.0,2,1.0,401525829,2023
2.0,0.0,1.0,1347.0,612.0,612.0,10.915106645867503,33.772556921319435,-84.39285278320312,730.0812425015952,0.8459040157335065,0.0,0.0,0.0,1.0,0.0,0.0,0.0,0.0,0.0,0.0,0.0,0.0,0.0,0.0,0.0,0.0,1.0,0.0,0.0,1.0,0.0,0,0.5718545454545455,401525494,2023
2.0,0.0,1.0,1482.0,747.0,747.0,10.400802314274172,43.577612282574535,-84.77082967758179,730.0812425015952,0.8459040157335065,0.0,0.0,0.0,0.0,0.0,0.0,0.0,0.0,0.0,1.0,0.0,0.0,0.0,0.0,0.0,0.0,1.0,0.0,0.0,1.0,0.0,0,0.5261365364147788,401532396,2023
2.0,0.0,1.0,1210.0,475.0,475.0,10.074284623478128,41.37805439803228,-83.62248212099075,730.0812425015952,0.8459040157335065,0.0,0.0,0.0,0.0,0.0,0.0,0.0,0.0,0.0,1.0,0.0,0.0,0.0,0.0,0.0,0.0,1.0,0.0,0.0,1.0,0.0,0,0.5189681335356601,401532400,2023
2.0,0.0,1.0,1684.0,949.0,949.0,11.308370569092329,34.67874665741346,-82.84317970275879,730.0812425015952,0.8459040157335065,0.0,0.0,0.0,1.0,0.0,0.0,0.0,0.0,0.0,0.0,0.0,0.0,0.0,0.0,0.0,0.0,1.0,1.0,0.0,0.0,0.0,2,1.0,401525491,2023
2.0,0.0,1.0,1730.0,995.0,995.0,11.036404644896228,38.02262168129363,-84.50520515441895,730.0812425015952,0.9386887410819256,0.0,1.0,0.0,0.0,0.0,0.0,0.0,0.0,0.0,0.0,0.0,0.0,1.0,0.0,0.0,0.0,1.0,1.0,0.0,0.0,0.0,2,0.9965052421367948,401520196,2023
2.0,0.0,1.0,1544.0,809.0,809.0,11.062347921549595,40.25748799746312,-111.65443897247314,730.0812425015952,0.925947430364849,0.0,1.0,0.0,0.0,0.0,1.0,0.0,0.0,0.0,0.0,0.0,0.0,0.0,0.0,0.0,0.0,1.0,0.0,0.0,1.0,0.0,1,0.954633189486073,401525828,2023
2.0,0.0,0.0,1536.0,-128.0,128.0,11.026808713825016,42.01400541108485,-93.6358094215393,177.14402406557187,0.947121951219512,0.0,1.0,0.0,0.0,0.0,1.0,0.0,0.0,0.0,0.0,0.0,0.0,0.0,0.0,0.0,0.0,1.0,1.0,0.0,0.0,0.0,2,1.0,401520194,2023
2.0,0.0,0.0,1481.0,-175.0,175.0,11.087160706070168,25.957933739028963,-80.23884057998657,1657.4933717536808,0.7504515812999418,0.0,1.0,0.0,1.0,0.0,0.0,0.0,0.0,0.0,0.0,0.0,0.0,0.0,0.0,0.0,0.0,1.0,1.0,0.0,0.0,0.0,1,0.7469001622631112,401520201,2023
2.0,0.0,0.0,1941.0,591.0,591.0,11.586194513897674,42.26586873251738,-83.7487256526947,730.0812425015952,1.0,0.0,1.0,0.0,0.0,0.0,0.0,1.0,0.0,0.0,0.0,0.0,0.0,0.0,0.0,0.0,0.0,1.0,1.0,0.0,0.0,0.0,2,1.0,401520202,2023
2.0,0.0,0.0,1296.0,-74.0,74.0,10.760686237600595,42.06539966752991,-87.69249558448792,2019.4177137233255,0.8459040157335065,0.0,0.0,0.0,0.0,0.0,0.0,1.0,0.0,0.0,0.0,0.0,0.0,0.0,0.0,0.0,0.0,1.0,1.0,0.0,0.0,0.0,0,0.3151071504349671,401520207,2023
2.0,0.0,0.0,1671.0,82.0,82.0,10.308985993422082,29.945898112528432,-90.11519112306328,494.099081763349,0.8991,0.0,1.0,0.0,0.0,1.0,0.0,0.0,0.0,0.0,0.0,0.0,0.0,0.0,0.0,0.0,0.0,1.0,1.0,0.0,0.0,0.0,2,1.0,401520214,2023
2.0,0.0,0.0,1476.0,109.0,109.0,10.804684950962628,43.036132820423234,-76.13651990890503,777.9754719370344,0.6591878172588832,0.0,1.0,0.0,1.0,0.0,0.0,0.0,0.0,0.0,0.0,0.0,0.0,0.0,0.0,0.0,0.0,1.0,1.0,0.0,0.0,0.0,0,0.6626802030456853,401525497,2023
2.0,0.0,0.0,1048.0,-268.0,268.0,9.741027444837728,42.377513236004525,-72.53562686052412,1071.4688556138203,0.8459040157335065,0.0,0.0,0.0,0.0,0.0,0.0,0.0,0.0,1.0,0.0,0.0,0.0,0.0,0.0,0.0,0.0,1.0,1.0,0.0,0.0,0.0,0,0.5415882352941176,401526833,2023
2.0,0.0,0.0,1604.0,255.0,255.0,11.082157933374816,29.41693712868156,-98.47890257835388,75.1288478472245,0.8459040157335065,0.0,0.0,0.0,0.0,1.0,0.0,0.0,0.0,0.0,0.0,0.0,0.0,0.0,0.0,0.0,0.0,1.0,1.0,0.0,0.0,0.0,1,0.7591076923076923,401531395,2023
2.0,0.0,1.0,1320.0,585.0,585.0,10.434145214930487,38.98483263543365,-76.5071153640747,730.0812425015952,0.8459040157335065,0.0,0.0,0.0,0.0,1.0,0.0,0.0,0.0,0.0,0.0,0.0,0.0,0.0,0.0,0.0,0.0,1.0,1.0,0.0,0.0,0.0,1,0.8761470588235294,401531432,2023
2.0,0.0,1.0,1385.0,650.0,650.0,10.146472946063877,41.934014,-88.778222,730.0812425015952,0.8459040157335065,0.0,0.0,0.0,0.0,0.0,0.0,0.0,0.0,0.0,1.0,0.0,0.0,0.0,0.0,0.0,0.0,1.0,1.0,0.0,0.0,0.0,0,0.5142745098039215,401532397,2023
2.0,0.0,1.0,1531.0,796.0,796.0,10.175383172056032,41.65739077895321,-83.61401719150295,730.0812425015952,0.8459040157335065,0.0,0.0,0.0,0.0,0.0,0.0,0.0,0.0,0.0,1.0,0.0,0.0,0.0,0.0,0.0,0.0,1.0,1.0,0.0,0.0,0.0,1,0.8664279183175861,401532398,2023
2.0,0.0,0.0,1624.0,362.0,362.0,11.184435286790631,36.067850785167344,-94.17879581451416,1250.354053716613,0.8459040157335065,0.0,0.0,0.0,0.0,0.0,0.0,0.0,0.0,0.0,0.0,0.0,0.0,1.0,0.0,0.0,0.0,1.0,1.0,0.0,0.0,0.0,2,1.0,401520184,2023
2.0,0.0,0.0,1481.0,-61.0,61.0,10.819798284210286,35.59642579698931,-77.36522912979126,548.0388722015417,0.8459040157335065,0.0,0.0,0.0,0.0,1.0,0.0,0.0,0.0,0.0,0.0,0.0,0.0,0.0,0.0,0.0,0.0,1.0,1.0,0.0,0.0,0.0,1,0.76422,401531411,2023
2.0,0.0,1.0,1223.0,488.0,488.0,10.324071131775993,37.320105186690846,-121.86811613079064,730.0812425015952,0.6677501970055162,0.0,1.0,0.0,0.0,0.0,0.0,0.0,0.0,0.0,0.0,1.0,0.0,0.0,0.0,0.0,0.0,1.0,0.0,0.0,1.0,0.0,0,0.4670344102968216,401532578,2023
2.0,0.0,1.0,1500.0,765.0,765.0,10.281307359823968,41.31193599299248,-105.56906461715698,730.0812425015952,0.9064117062472156,0.0,1.0,0.0,0.0,0.0,0.0,0.0,0.0,0.0,0.0,1.0,0.0,0.0,0.0,0.0,0.0,1.0,1.0,0.0,0.0,0.0,1,0.758061752510195,401532580,2023
2.0,0.0,1.0,1735.0,1000.0,1000.0,11.537188717105908,35.95473437262258,-83.92533302307129,730.0812425015952,0.8459040157335065,0.0,0.0,0.0,0.0,0.0,0.0,0.0,0.0,0.0,0.0,0.0,0.0,1.0,0.0,0.0,0.0,1.0,1.0,0.0,0.0,0.0,2,0.994729393392221,401520213,2023
2.0,0.0,0.0,1774.0,356.0,356.0,11.163382173096926,47.65043054401222,-122.30291984739304,2510.493468016434,0.9570921985815602,0.0,1.0,0.0,0.0,0.0,0.0,0.0,0.0,0.0,0.0,0.0,1.0,0.0,0.0,0.0,0.0,1.0,1.0,0.0,0.0,0.0,1,0.8954326241134751,401524004,2023
2.0,0.0,0.0,1579.0,17.0,17.0,11.050588372585487,35.90698834747853,-79.04791831970215,239.49322882498504,0.8459040157335065,0.0,0.0,0.0,1.0,0.0,0.0,0.0,0.0,0.0,0.0,0.0,0.0,0.0,0.0,0.0,0.0,1.0,1.0,0.0,0.0,0.0,1,0.8018418545570022,401525495,2023
2.0,1.0,0.0,1446.0,172.0,172.0,9.862717639992917,37.354414,-79.175047,2569.1476717583846,0.9797395833333332,0.0,1.0,0.0,0.0,0.0,0.0,0.0,1.0,0.0,0.0,0.0,0.0,0.0,0.0,0.0,0.0,1.0,0.0,1.0,0.0,0.0,2,1.0,401520198,2023
2.0,0.0,1.0,1250.0,515.0,515.0,10.43240846457121,35.9953166502013,-78.94172430038452,730.0812425015952,0.932146960902743,0.0,1.0,0.0,1.0,0.0,0.0,0.0,0.0,0.0,0.0,0.0,0.0,0.0,0.0,0.0,0.0,1.0,0.0,1.0,0.0,0.0,0,0.5150408061047111,401525492,2023
2.0,0.0,0.0,1793.0,258.0,258.0,11.31585162638907,35.20589959488508,-97.44255065917967,270.2582918261555,1.0,0.0,1.0,0.0,0.0,0.0,1.0,0.0,0.0,0.0,0.0,0.0,0.0,0.0,0.0,0.0,0.0,1.0,1.0,0.0,0.0,0.0,2,1.0,401525830,2023
2.0,0.0,1.0,1447.0,712.0,712.0,11.002116507732017,39.65221992482815,-79.9551753012939,730.0812425015952,0.8459040157335065,0.0,0.0,0.0,0.0,0.0,1.0,0.0,0.0,0.0,0.0,0.0,0.0,0.0,0.0,0.0,0.0,1.0,0.0,1.0,0.0,0.0,1,0.83395,401525833,2023
2.0,0.0,0.0,1418.0,-92.0,92.0,10.098272780745283,32.41221167634779,-81.78317070007324,730.0812425015952,0.7326337448559671,0.0,1.0,0.0,0.0,0.0,0.0,0.0,0.0,0.0,0.0,0.0,0.0,0.0,1.0,0.0,0.0,1.0,0.0,1.0,0.0,0.0,1,0.827283950617284,401531378,2023
2.0,0.0,0.0,1424.0,-49.0,49.0,10.308985993422082,26.3754535636523,-80.10168313980103,1451.4922037217332,0.6964333333333333,0.0,1.0,0.0,0.0,1.0,0.0,0.0,0.0,0.0,0.0,0.0,0.0,0.0,0.0,0.0,0.0,1.0,0.0,1.0,0.0,0.0,0,0.5978,401531419,2023
2.0,1.0,0.0,1333.0,-204.0,204.0,9.909419921189237,36.88878131523489,-76.30567610263824,1631.0952508555881,0.8459040157335065,0.0,0.0,0.0,0.0,0.0,0.0,0.0,0.0,0.0,0.0,0.0,0.0,0.0,1.0,0.0,0.0,1.0,0.0,1.0,0.0,0.0,1,0.9023759817079232,401531842,2023
2.0,0.0,1.0,1094.0,359.0,359.0,10.308985993422082,41.07256951528711,-81.50838375091553,730.0812425015952,0.8459040157335065,0.0,0.0,0.0,0.0,0.0,0.0,0.0,0.0,0.0,1.0,0.0,0.0,0.0,0.0,0.0,0.0,1.0,0.0,1.0,0.0,0.0,0,0.2737666666666666,401532399,2023
2.0,0.0,1.0,1354.0,619.0,619.0,10.275533751098848,42.99906838239644,-78.7775194644928,730.0812425015952,0.8459040157335065,0.0,0.0,0.0,0.0,0.0,0.0,0.0,0.0,0.0,1.0,0.0,0.0,0.0,0.0,0.0,0.0,1.0,0.0,1.0,0.0,0.0,0,0.5464446972047013,401532401,2023
2.0,0.0,0.0,1074.0,-283.0,283.0,10.064798252418377,25.75249278747405,-80.37786483764648,1820.276914390675,0.7182127659574468,0.0,1.0,0.0,0.0,0.0,0.0,0.0,1.0,0.0,0.0,0.0,0.0,0.0,0.0,0.0,0.0,1.0,0.0,1.0,0.0,0.0,0,0.6703829787234042,401520189,2023
2.0,0.0,0.0,1624.0,-2.0,2.0,11.133142723386813,40.44678376501633,-80.01575589179993,411.3559514942998,0.659298245614035,0.0,1.0,0.0,1.0,0.0,0.0,0.0,0.0,0.0,0.0,0.0,0.0,0.0,0.0,0.0,0.0,1.0,0.0,1.0,0.0,0.0,1,0.7221929824561404,401525496,2023
2.0,0.0,0.0,2029.0,253.0,253.0,11.530981469769799,33.2074899449518,-87.5503921508789,1015.6652077589958,0.9828719026526944,0.0,1.0,0.0,0.0,0.0,0.0,0.0,0.0,0.0,0.0,0.0,0.0,1.0,0.0,0.0,0.0,1.0,0.0,1.0,0.0,0.0,2,0.9828719026526944,401520183,2023
2.0,0.0,0.0,1387.0,-112.0,112.0,10.008658050141667,33.792838175224496,-79.01702282805255,623.504839226133,0.8459040157335065,0.0,0.0,0.0,0.0,0.0,0.0,0.0,0.0,0.0,0.0,0.0,0.0,0.0,1.0,0.0,0.0,1.0,0.0,1.0,0.0,0.0,1,0.7204393032362605,401520187,2023
2.0,0.0,1.0,1257.0,522.0,522.0,10.328787967145063,32.53223809915824,-92.6560188758494,730.0812425015952,0.5326470588235294,0.0,1.0,0.0,0.0,0.0,0.0,0.0,1.0,0.0,0.0,0.0,0.0,0.0,0.0,0.0,0.0,1.0,0.0,1.0,0.0,0.0,0,0.6258823529411764,401520197,2023
2.0,0.0,0.0,1480.0,140.0,140.0,11.172812609330474,38.93589529672232,-92.33311414718628,628.5215886461903,0.7086611960431655,0.0,1.0,0.0,0.0,0.0,0.0,0.0,0.0,0.0,0.0,0.0,0.0,1.0,0.0,0.0,0.0,1.0,0.0,1.0,0.0,0.0,1,0.8099848246402878,401520206,2023
2.0,0.0,1.0,1700.0,965.0,965.0,10.003966171102347,36.98487662989466,-86.459013971646,730.0812425015952,0.6981413648080315,0.0,1.0,0.0,0.0,0.0,0.0,0.0,1.0,0.0,0.0,0.0,0.0,0.0,0.0,0.0,0.0,1.0,0.0,1.0,0.0,0.0,1,0.93664360331027,401520218,2023
2.0,0.0,0.0,1585.0,-64.0,64.0,11.01638071569648,33.59102829801104,-101.87293767929076,2164.071593045662,0.8459040157335065,0.0,0.0,0.0,0.0,0.0,1.0,0.0,0.0,0.0,0.0,0.0,0.0,0.0,0.0,0.0,0.0,1.0,1.0,0.0,0.0,0.0,1,0.9234004797739148,401524002,2023
2.0,0.0,0.0,1540.0,-128.0,128.0,10.518700218288165,43.6027080538683,-116.19591236114502,3523.0754706584803,0.8459040157335065,0.0,0.0,0.0,0.0,0.0,0.0,0.0,0.0,0.0,0.0,1.0,0.0,0.0,0.0,0.0,0.0,1.0,1.0,0.0,0.0,0.0,2,0.985054054054054,401525827,2023
2.0,0.0,0.0,1194.0,-386.0,386.0,10.757924157061597,29.71623402909437,-95.40926456451416,5.8426878567674745,0.8459040157335065,0.0,0.0,0.0,0.0,1.0,0.0,0.0,0.0,0.0,0.0,0.0,0.0,0.0,0.0,0.0,0.0,1.0,0.0,1.0,0.0,0.0,0,0.4984042553191489,401525831,2023
2.0,0.0,1.0,1268.0,533.0,533.0,11.095256188023157,27.975994470037183,-82.50334918498993,730.0812425015952,0.8459040157335065,0.0,0.0,0.0,0.0,1.0,0.0,0.0,0.0,0.0,0.0,0.0,0.0,0.0,0.0,0.0,0.0,1.0,0.0,1.0,0.0,0.0,0,0.5541552150872344,401531422,2023
2.0,0.0,0.0,1071.0,-474.0,474.0,10.34061281337216,35.84899009532366,-90.66769494362912,102.24518942182924,0.8459040157335065,0.0,0.0,0.0,0.0,0.0,0.0,0.0,0.0,0.0,0.0,0.0,0.0,0.0,1.0,0.0,0.0,1.0,0.0,1.0,0.0,0.0,0,0.6047022348533782,401531427,2023
2.0,0.0,1.0,1405.0,670.0,670.0,10.308985993422082,39.54692485017159,-119.8175597190857,730.0812425015952,0.8459040157335065,0.0,0.0,0.0,0.0,0.0,0.0,0.0,0.0,0.0,0.0,1.0,0.0,0.0,0.0,0.0,0.0,1.0,1.0,0.0,0.0,0.0,0,0.6617333333333333,401532576,2023
2.0,0.0,1.0,1558.0,823.0,823.0,11.391311350092442,29.649868677972304,-82.34866619110107,730.0812425015952,0.8459040157335065,0.0,0.0,0.0,0.0,0.0,0.0,0.0,0.0,0.0,0.0,0.0,0.0,1.0,0.0,0.0,0.0,1.0,0.0,1.0,0.0,0.0,2,0.9956520757103492,401520190,2023
2.0,0.0,1.0,1484.0,749.0,749.0,11.535879982582413,30.4120123982997,-91.183819770813,730.0812425015952,0.8459040157335065,0.0,0.0,0.0,0.0,0.0,0.0,0.0,0.0,0.0,0.0,0.0,0.0,1.0,0.0,0.0,0.0,1.0,0.0,1.0,0.0,0.0,1,0.9551802660255472,401520199,2023
2.0,0.0,0.0,1596.0,376.0,376.0,10.855203341628478,38.99120275144426,-76.94731173248788,529.5502973207016,0.7189104667773445,0.0,1.0,0.0,0.0,0.0,0.0,1.0,0.0,0.0,0.0,0.0,0.0,0.0,0.0,0.0,0.0,1.0,0.0,1.0,0.0,0.0,0,0.6332574031890661,401520200,2023
2.0,0.0,0.0,1671.0,238.0,238.0,10.86906356408504,44.97652496911191,-93.224575817585,827.5448301177769,1.0,0.0,1.0,0.0,0.0,0.0,0.0,1.0,0.0,0.0,0.0,0.0,0.0,0.0,0.0,0.0,0.0,1.0,0.0,1.0,0.0,0.0,1,0.9157734412184674,401520204,2023
2.0,0.0,0.0,1629.0,213.0,213.0,11.024154831985069,33.456230599072065,-88.79342436790466,2070.4139187089013,0.8158370966953062,0.0,1.0,0.0,0.0,0.0,0.0,0.0,0.0,0.0,0.0,0.0,0.0,1.0,0.0,0.0,0.0,1.0,0.0,1.0,0.0,0.0,1,0.8420366173761351,401520205,2023
2.0,0.0,0.0,1330.0,67.0,67.0,10.867710938165587,40.51378289308872,-74.46504457087282,90.58115956320884,1.0,0.0,1.0,0.0,0.0,0.0,0.0,1.0,0.0,0.0,0.0,0.0,0.0,0.0,0.0,0.0,0.0,1.0,0.0,1.0,0.0,0.0,1,0.8639379265642277,401520210,2023
2.0,0.0,1.0,1459.0,724.0,724.0,11.292914501973813,33.97259115457693,-81.02021634578705,730.0812425015952,0.8459040157335065,0.0,0.0,0.0,0.0,0.0,0.0,0.0,0.0,0.0,0.0,0.0,0.0,1.0,0.0,0.0,0.0,1.0,0.0,1.0,0.0,0.0,2,0.9754641744548288,401520212,2023
2.0,0.0,0.0,1602.0,-63.0,63.0,10.38124231399123,46.731967978653024,-117.16058578781136,2211.070543223201,0.8459040157335065,0.0,0.0,0.0,0.0,0.0,0.0,0.0,0.0,0.0,0.0,0.0,1.0,0.0,0.0,0.0,0.0,1.0,1.0,0.0,0.0,0.0,2,1.0,401520217,2023
2.0,0.0,1.0,1428.0,693.0,693.0,10.714439990727769,32.70991596942349,-97.36799597740172,730.0812425015952,1.0,0.0,1.0,0.0,0.0,0.0,1.0,0.0,0.0,0.0,0.0,0.0,0.0,0.0,0.0,0.0,0.0,1.0,0.0,1.0,0.0,0.0,2,1.0,401525832,2023
2.0,0.0,1.0,1221.0,486.0,486.0,10.323118516117193,32.53106869451547,-92.06644075067642,730.0812425015952,0.6216189568475368,0.0,1.0,0.0,0.0,0.0,0.0,0.0,0.0,0.0,0.0,0.0,0.0,0.0,1.0,0.0,0.0,1.0,0.0,1.0,0.0,0.0,0,0.4323134058566404,401531843,2023
2.0,0.0,1.0,1146.0,411.0,411.0,10.577069577601234,35.06761048267165,-106.6281028358157,730.0812425015952,0.8459040157335065,0.0,0.0,0.0,0.0,0.0,0.0,0.0,0.0,0.0,0.0,1.0,0.0,0.0,0.0,0.0,0.0,1.0,0.0,1.0,0.0,0.0,0,0.4405211095247807,401532577,2023
2.0,0.0,1.0,1553.0,818.0,818.0,10.146982600098235,41.75153188612883,-111.81210567885644,730.0812425015952,0.8459040157335065,0.0,0.0,0.0,0.0,0.0,0.0,0.0,0.0,0.0,0.0,1.0,0.0,0.0,0.0,0.0,0.0,1.0,0.0,1.0,0.0,0.0,1,0.7852467369576295,401532579,2023
2.0,0.0,0.0,1792.0,422.0,422.0,11.31813853725963,30.437547584621285,-84.30453398103501,489.7873164125921,0.8459040157335065,0.0,0.0,0.0,1.0,0.0,0.0,0.0,0.0,0.0,0.0,0.0,0.0,0.0,0.0,0.0,0.0,1.0,0.0,1.0,0.0,0.0,1,0.904823815309842,401525493,2023
2.0,0.0,1.0,1599.0,864.0,864.0,10.729306381246207,44.5594768421455,-123.2814073562622,730.0812425015952,0.8459040157335065,0.0,0.0,0.0,0.0,0.0,0.0,0.0,0.0,0.0,0.0,0.0,1.0,0.0,0.0,0.0,0.0,1.0,0.0,1.0,0.0,0.0,1,0.7822393484258002,401524000,2023
2.0,0.0,1.0,1600.0,865.0,865.0,10.622107529069105,36.81431969524593,-119.75810156690552,730.0812425015952,0.8459040157335065,0.0,0.0,0.0,0.0,0.0,0.0,0.0,0.0,0.0,0.0,1.0,0.0,0.0,0.0,0.0,0.0,1.0,0.0,1.0,0.0,0.0,2,1.0,401532574,2023
2.0,0.0,0.0,1552.0,-86.0,86.0,11.046403766760761,37.87068660370429,-122.2507095336914,3367.572801398638,0.8459040157335065,0.0,0.0,0.0,0.0,0.0,0.0,0.0,0.0,0.0,0.0,0.0,1.0,0.0,0.0,0.0,0.0,1.0,0.0,1.0,0.0,0.0,1,0.7038123634740182,401520186,2023
2.0,0.0,0.0,1464.0,-66.0,66.0,11.180343650832073,33.426364,-111.932616,1389.0487137861737,0.6662343458009092,0.0,1.0,0.0,0.0,0.0,0.0,0.0,0.0,0.0,0.0,0.0,1.0,0.0,0.0,0.0,0.0,1.0,0.0,1.0,0.0,0.0,0,0.5936602236911834,401523998,2023
2.0,1.0,0.0,1817.0,472.0,472.0,11.446871128898794,34.01400974062912,-118.28789591789246,516.5404804581228,0.6747732541369769,0.0,2.0,0.0,0.0,0.0,0.0,0.0,0.0,0.0,0.0,0.0,1.0,0.0,0.0,0.0,0.0,1.0,0.0,1.0,0.0,0.0,1,0.7180339077205764,401524003,2023
3.0,0.0,1.0,1659.0,924.0,924.0,11.087160706070168,25.957933739028963,-80.23884057998657,730.0812425015952,0.7486758717815265,0.0,2.0,0.0,1.0,0.0,0.0,0.0,0.0,0.0,0.0,0.0,0.0,0.0,0.0,0.0,1.0,0.0,0.0,1.0,0.0,0.0,0,0.6134923307718213,401525499,2023
3.0,1.0,0.0,1584.0,199.0,199.0,11.041016020812398,35.120856917268995,-89.97805741128388,1268.7887303921507,0.4269317088810516,0.0,1.0,0.0,0.0,1.0,0.0,0.0,0.0,0.0,0.0,0.0,0.0,0.0,0.0,0.0,1.0,0.0,0.0,1.0,0.0,0.0,0,0.4096024366784225,401531428,2023
3.0,0.0,0.0,1602.0,252.0,252.0,10.855203341628478,38.99120275144426,-76.94731173248788,173.11861686984713,0.6760839349832053,0.0,2.0,0.0,0.0,0.0,0.0,1.0,0.0,0.0,0.0,0.0,0.0,0.0,0.0,1.0,0.0,0.0,0.0,1.0,0.0,0.0,1,0.7150496119840932,401520231,2023
3.0,0.0,0.0,1600.0,112.0,112.0,11.082157933374816,29.41693712868156,-98.47890257835388,2576.364426137502,0.7591076923076923,0.0,1.0,0.0,0.0,1.0,0.0,0.0,0.0,0.0,0.0,0.0,0.0,0.0,0.0,1.0,0.0,0.0,1.0,0.0,0.0,0.0,0,0.4175076923076923,401531396,2023
3.0,1.0,0.0,1677.0,281.0,281.0,10.7513495394883,38.99690743122685,-104.84368801116943,664.7464396414952,0.6455495588109312,0.0,1.0,0.0,0.0,0.0,0.0,0.0,0.0,0.0,0.0,1.0,0.0,0.0,0.0,1.0,0.0,0.0,0.0,1.0,0.0,0.0,0,0.3940717895999314,401532581,2023
3.0,0.0,0.0,1396.0,-69.0,69.0,10.275533751098848,42.99906838239644,-78.7775194644928,628.5626335832811,0.5464446972047013,0.0,1.0,0.0,0.0,0.0,0.0,0.0,0.0,0.0,1.0,0.0,0.0,0.0,0.0,0.0,0.0,1.0,0.0,0.0,1.0,0.0,0,0.4487643470168545,401520222,2023
3.0,1.0,0.0,1624.0,-225.0,225.0,11.013221103411352,40.09930573133053,-88.23598623275757,881.2711743151368,0.8059667051260919,0.0,1.0,0.0,0.0,0.0,0.0,1.0,0.0,0.0,0.0,0.0,0.0,0.0,0.0,0.0,0.0,1.0,0.0,0.0,1.0,0.0,1,0.8092797099060491,401520226,2023
3.0,1.0,0.0,1627.0,-60.0,60.0,11.024154831985069,33.456230599072065,-88.79342436790466,406.74127926665483,0.8289368570357207,0.0,2.0,0.0,0.0,0.0,0.0,0.0,0.0,0.0,0.0,0.0,0.0,1.0,0.0,0.0,0.0,1.0,0.0,0.0,1.0,0.0,2,0.9795718734206108,401520235,2023
3.0,0.0,0.0,1479.0,-316.0,316.0,11.172812609330474,38.93589529672232,-92.33311414718628,368.9789606338878,0.7593230103417266,0.0,2.0,0.0,0.0,0.0,0.0,0.0,0.0,0.0,0.0,0.0,0.0,1.0,0.0,0.0,0.0,1.0,0.0,0.0,1.0,0.0,1,0.8799038893884892,401520236,2023
3.0,0.0,0.0,1646.0,191.0,191.0,11.293798835013952,43.06993802646878,-89.41274642944336,1360.3737832581032,0.9489921689221996,0.0,1.0,0.0,0.0,0.0,0.0,1.0,0.0,0.0,0.0,0.0,0.0,0.0,0.0,0.0,0.0,1.0,0.0,0.0,1.0,0.0,1,0.9413478417848384,401520249,2023
3.0,1.0,0.0,1309.0,-586.0,586.0,10.703266939811954,42.33510834895851,-71.16647243499756,1765.8079040164544,0.7892584269662922,0.0,2.0,0.0,1.0,0.0,0.0,0.0,0.0,0.0,0.0,0.0,0.0,0.0,0.0,0.0,0.0,1.0,0.0,0.0,1.0,0.0,1,0.9299550561797753,401525500,2023
3.0,0.0,0.0,1355.0,-263.0,263.0,9.909419921189237,36.88878131523489,-76.30567610263824,364.00355395561195,0.9023759817079232,0.0,1.0,0.0,0.0,0.0,0.0,0.0,0.0,0.0,0.0,0.0,0.0,0.0,1.0,0.0,0.0,1.0,0.0,0.0,1.0,0.0,1,0.9084402028034596,401525504,2023
3.0,0.0,1.0,1643.0,908.0,908.0,10.717546203426988,31.55866263551169,-97.11560010910034,730.0812425015952,0.9822441293752768,0.0,2.0,0.0,0.0,0.0,1.0,0.0,0.0,0.0,0.0,0.0,0.0,0.0,0.0,0.0,0.0,1.0,0.0,0.0,1.0,0.0,2,0.9688081524147096,401525834,2023
3.0,0.0,0.0,1482.0,-51.0,51.0,10.085850775128717,39.32130908459409,-82.10343944652357,1016.7571425601087,0.768875,0.0,1.0,0.0,0.0,0.0,0.0,0.0,0.0,0.0,1.0,0.0,0.0,0.0,0.0,0.0,0.0,1.0,0.0,0.0,1.0,0.0,1,0.9162916666666666,401525838,2023
3.0,0.0,1.0,1212.0,477.0,477.0,10.12667110305036,41.13908682549516,-81.31343945860863,730.0812425015952,0.8459040157335065,0.0,0.0,0.0,0.0,0.0,0.0,0.0,0.0,0.0,1.0,0.0,0.0,0.0,0.0,0.0,0.0,1.0,0.0,0.0,1.0,0.0,0,0.42924,401532404,2023
3.0,0.0,1.0,1541.0,806.0,806.0,10.518700218288165,43.6027080538683,-116.19591236114502,730.0812425015952,0.985054054054054,0.0,1.0,0.0,0.0,0.0,0.0,0.0,0.0,0.0,0.0,1.0,0.0,0.0,0.0,0.0,0.0,1.0,0.0,0.0,1.0,0.0,2,0.9624324324324324,401532582,2023
3.0,0.0,1.0,1807.0,1072.0,1072.0,10.903825271935897,40.75994782004573,-111.84882402420044,730.0812425015952,0.9864111946748064,0.0,1.0,0.0,0.0,0.0,0.0,0.0,0.0,0.0,0.0,0.0,1.0,0.0,0.0,0.0,0.0,1.0,0.0,0.0,1.0,0.0,1,0.9475755291175552,401524012,2023
3.0,0.0,1.0,1570.0,835.0,835.0,10.961000030318813,35.80075968207897,-78.71948719024658,730.0812425015952,0.9884688189222514,0.0,1.0,0.0,1.0,0.0,0.0,0.0,0.0,0.0,0.0,0.0,0.0,0.0,0.0,0.0,0.0,1.0,1.0,0.0,0.0,0.0,2,0.9884688189222514,401525502,2023
3.0,0.0,0.0,1413.0,370.0,370.0,10.315630315397533,42.2557607087688,-83.64775657653809,913.1054554115259,0.5981788079470198,0.0,1.0,0.0,0.0,0.0,0.0,0.0,0.0,0.0,1.0,0.0,0.0,0.0,0.0,0.0,0.0,1.0,0.0,0.0,1.0,0.0,0,0.5343708609271524,401526834,2023
3.0,0.0,1.0,1103.0,368.0,368.0,11.13507066006998,39.900748900488125,-75.16749143600464,730.0812425015952,0.1817545088425844,0.0,1.0,0.0,0.0,1.0,0.0,0.0,0.0,0.0,0.0,0.0,0.0,0.0,0.0,0.0,0.0,1.0,1.0,0.0,0.0,0.0,0,0.1595167221152162,401531388,2023
3.0,0.0,1.0,1288.0,553.0,553.0,10.021315031649332,40.21602764466651,-85.41769962206614,730.0812425015952,0.8459040157335065,0.0,0.0,-0.13737041862572918,0.0,0.0,0.0,0.0,0.0,0.0,1.0,0.0,0.0,0.0,0.0,0.0,0.0,1.0,0.0,0.0,1.0,0.0,0,0.6690666666666667,401532402,2023
3.0,0.0,0.0,1844.0,516.0,516.0,11.299682738333281,41.69842312158612,-86.23382449150085,240.789443707874,0.960727767807414,0.0,1.0,0.0,0.0,0.0,0.0,0.0,0.0,1.0,0.0,0.0,0.0,0.0,0.0,0.0,0.0,1.0,1.0,0.0,0.0,0.0,2,0.960727767807414,401525437,2023
3.0,0.0,0.0,1592.0,202.0,202.0,10.43240846457121,35.9953166502013,-78.94172430038452,1012.3658389848797,0.723593883503727,0.0,2.0,0.0,1.0,0.0,0.0,0.0,0.0,0.0,0.0,0.0,0.0,0.0,0.0,0.0,0.0,1.0,1.0,0.0,0.0,0.0,0,0.5344863144869038,401520223,2023
3.0,1.0,0.0,2065.0,525.0,525.0,11.437630634933093,33.949821489498824,-83.37344169616699,217.04056815482252,1.0,0.0,2.0,0.0,0.0,0.0,0.0,0.0,0.0,0.0,0.0,0.0,0.0,1.0,0.0,0.0,0.0,1.0,1.0,0.0,0.0,0.0,2,1.0,401520225,2023
3.0,0.0,0.0,1667.0,405.0,405.0,11.164587103533947,41.65838893680983,-91.55147552490234,496.7420118692805,0.981086633137352,0.0,1.0,0.00349238578680211,0.0,0.0,0.0,1.0,0.0,0.0,0.0,0.0,0.0,0.0,0.0,0.0,0.0,1.0,1.0,0.0,0.0,0.0,2,0.981086633137352,401520227,2023
3.0,0.0,0.0,1585.0,-106.0,106.0,11.050588372585487,35.90698834747853,-79.04791831970215,1563.2374800413756,0.8018418545570022,0.0,1.0,0.0,1.0,0.0,0.0,0.0,0.0,0.0,0.0,0.0,0.0,0.0,0.0,0.0,0.0,1.0,1.0,0.0,0.0,0.0,1,0.7169101302000636,401520239,2023
3.0,0.0,0.0,1399.0,-13.0,13.0,10.867710938165587,40.51378289308872,-74.46504457087282,632.0313932355733,0.9319689632821139,0.0,2.0,0.0,0.0,0.0,0.0,1.0,0.0,0.0,0.0,0.0,0.0,0.0,0.0,0.0,0.0,1.0,1.0,0.0,0.0,0.0,2,1.0,401520243,2023
3.0,0.0,0.0,1249.0,-735.0,735.0,11.095256188023157,27.975994470037183,-82.50334918498993,755.9113505737546,0.5541552150872344,0.0,1.0,0.0,0.0,1.0,0.0,0.0,0.0,0.0,0.0,0.0,0.0,0.0,0.0,0.0,0.0,1.0,1.0,0.0,0.0,0.0,2,0.9890824058186676,401520244,2023
3.0,0.0,0.0,1237.0,136.0,136.0,10.596659732783579,41.75988427820291,-72.61894226074219,1916.9245778601862,0.91315,0.0,1.0,0.0,0.0,0.0,0.0,0.0,0.0,1.0,0.0,0.0,0.0,0.0,0.0,0.0,0.0,1.0,1.0,0.0,0.0,0.0,0,0.510125,401520246,2023
3.0,0.0,0.0,1729.0,283.0,283.0,10.729306381246207,44.5594768421455,-123.2814073562622,730.0812425015952,0.7822393484258002,0.0,1.0,0.0,0.0,0.0,0.0,0.0,0.0,0.0,0.0,0.0,1.0,0.0,0.0,0.0,0.0,1.0,0.0,0.0,1.0,0.0,1,0.7792398301002759,401524009,2023
3.0,0.0,0.0,1370.0,-437.0,437.0,10.478498510076376,36.14886067519205,-95.943603515625,171.24196144865644,0.4931911541275111,0.0,1.0,0.0,0.0,1.0,0.0,0.0,0.0,0.0,0.0,0.0,0.0,0.0,0.0,0.0,0.0,1.0,1.0,0.0,0.0,0.0,1,0.8681278487423331,401525842,2023
3.0,0.0,0.0,1556.0,113.0,113.0,10.600850832843811,36.21151530169309,-81.68550610542297,395.04785576695946,0.8981029675363473,0.0,1.0,0.0,0.0,0.0,0.0,0.0,0.0,0.0,0.0,0.0,0.0,0.0,1.0,0.0,0.0,1.0,1.0,0.0,0.0,0.0,2,1.0,401531412,2023
3.0,0.0,0.0,1903.0,271.0,271.0,11.561191682379716,40.0016856893694,-83.01972806453705,449.5023227766777,0.9804943588961732,0.0,1.0,0.0,0.0,0.0,0.0,1.0,0.0,0.0,0.0,0.0,0.0,0.0,0.0,0.0,0.0,1.0,1.0,0.0,0.0,0.0,1,0.954956929409971,401520240,2023
3.0,0.0,0.0,1608.0,353.0,353.0,11.539898402471655,30.61009757817476,-96.34072922859283,457.76127448514575,0.9496461701692738,0.0,1.0,0.0,0.0,0.0,0.0,0.0,0.0,0.0,0.0,0.0,0.0,1.0,0.0,0.0,0.0,1.0,1.0,0.0,0.0,0.0,1,0.906135321659058,401520245,2023
3.0,0.0,1.0,1618.0,883.0,883.0,11.046403766760761,37.87068660370429,-122.2507095336914,730.0812425015952,0.7038123634740182,0.0,1.0,0.0,0.0,0.0,0.0,0.0,0.0,0.0,0.0,0.0,1.0,0.0,0.0,0.0,0.0,1.0,0.0,0.0,1.0,0.0,0,0.5869222061004193,401524006,2023
3.0,0.0,0.0,1267.0,-354.0,354.0,10.491301994830229,31.32897842661232,-89.33133065700531,171.10057104149206,0.8426388888888889,0.0,1.0,0.0,0.0,0.0,0.0,0.0,0.0,0.0,0.0,0.0,0.0,0.0,1.0,0.0,0.0,1.0,1.0,0.0,0.0,0.0,0,0.6955,401531348,2023
3.0,0.0,0.0,1575.0,-247.0,247.0,11.225323389318618,42.7281691163326,-84.48487535119057,2983.0120950683086,0.8459040157335065,0.0,0.0,0.0,0.0,0.0,0.0,1.0,0.0,0.0,0.0,0.0,0.0,0.0,0.0,0.0,0.0,1.0,1.0,0.0,0.0,0.0,1,0.9403106459569364,401520233,2023
3.0,0.0,1.0,1756.0,1021.0,1021.0,11.435428680349185,34.16156958726264,-118.1676149368286,730.0812425015952,0.4722720494478183,0.0,1.0,0.0,0.0,0.0,0.0,0.0,0.0,0.0,0.0,0.0,1.0,0.0,0.0,0.0,0.0,1.0,1.0,0.0,0.0,0.0,0,0.4143307903438439,401524011,2023
3.0,0.0,1.0,1653.0,918.0,918.0,10.38124231399123,46.731967978653024,-117.16058578781136,730.0812425015952,1.0,0.0,1.0,0.0,0.0,0.0,0.0,0.0,0.0,0.0,0.0,0.0,1.0,0.0,0.0,0.0,0.0,1.0,1.0,0.0,0.0,0.0,1,0.731673282064004,401524013,2023
3.0,0.0,0.0,1214.0,-303.0,303.0,9.636588019266876,35.31028067616406,-80.74049377106525,730.0812425015952,1.0,0.0,1.0,0.0,0.0,1.0,0.0,0.0,0.0,0.0,0.0,0.0,0.0,0.0,0.0,0.0,0.0,1.0,0.0,1.0,0.0,0.0,1,0.9409690479299988,401531403,2023
3.0,0.0,1.0,1688.0,953.0,953.0,10.721591972500457,28.607958859227068,-81.1929988861084,730.0812425015952,0.972751141804382,0.0,1.0,0.0,0.0,0.0,1.0,0.0,0.0,0.0,0.0,0.0,0.0,0.0,0.0,0.0,0.0,1.0,0.0,1.0,0.0,0.0,2,0.9753546764335989,401525843,2023
3.0,0.0,1.0,1697.0,962.0,962.0,11.378845350396778,32.602361666817515,-85.48891067504883,730.0812425015952,1.0,0.0,1.0,0.0,0.0,0.0,0.0,0.0,0.0,0.0,0.0,0.0,0.0,1.0,0.0,0.0,0.0,1.0,0.0,1.0,0.0,0.0,2,1.0,401520221,2023
3.0,1.0,0.0,1546.0,-341.0,341.0,11.391311350092442,29.649868677972304,-82.34866619110107,716.3545109515745,0.9956520757103492,0.0,1.0,0.0,0.0,0.0,0.0,0.0,0.0,0.0,0.0,0.0,0.0,1.0,0.0,0.0,0.0,1.0,0.0,1.0,0.0,0.0,2,1.0,401520224,2023
3.0,0.0,0.0,1216.0,-114.0,114.0,10.328787967145063,32.53223809915824,-92.6560188758494,427.12095329948517,0.5792647058823529,0.0,2.0,-0.04782978723404252,0.0,0.0,0.0,0.0,1.0,0.0,0.0,0.0,0.0,0.0,0.0,0.0,0.0,1.0,0.0,1.0,0.0,0.0,0,0.5697385620915033,401520229,2023
3.0,0.0,1.0,1368.0,633.0,633.0,10.34177474101152,35.85110908054087,-86.36844992637634,730.0812425015952,0.8459040157335065,0.0,0.0,0.0,0.0,0.0,0.0,0.0,1.0,0.0,0.0,0.0,0.0,0.0,0.0,0.0,0.0,1.0,0.0,1.0,0.0,0.0,0,0.5356451612903226,401520234,2023
3.0,0.0,0.0,1430.0,121.0,121.0,11.37472031017221,40.82048352329494,-96.70571565628052,672.6804692001188,0.8459040157335065,0.0,0.0,0.0,0.0,0.0,0.0,1.0,0.0,0.0,0.0,0.0,0.0,0.0,0.0,0.0,0.0,1.0,0.0,1.0,0.0,0.0,2,0.9975198355742844,401520237,2023
3.0,0.0,0.0,1637.0,316.0,316.0,10.596659732783579,39.13128425273405,-84.51626143741578,47.02531763887392,0.954825,0.0,1.0,0.0,0.0,0.0,1.0,0.0,0.0,0.0,0.0,0.0,0.0,0.0,0.0,0.0,0.0,1.0,0.0,1.0,0.0,0.0,1,0.954825,401525835,2023
3.0,0.0,0.0,1550.0,91.0,91.0,11.005743196119036,36.12570866235855,-97.06650495529176,730.0812425015952,0.8943339200903384,0.0,1.0,0.0,0.0,0.0,1.0,0.0,0.0,0.0,0.0,0.0,0.0,0.0,0.0,0.0,0.0,1.0,0.0,1.0,0.0,0.0,1,0.8943339200903384,401525839,2023
3.0,0.0,1.0,1533.0,798.0,798.0,11.01638071569648,33.59102829801104,-101.87293767929076,730.0812425015952,0.9234004797739148,0.0,1.0,0.0,0.0,0.0,1.0,0.0,0.0,0.0,0.0,0.0,0.0,0.0,0.0,0.0,0.0,1.0,1.0,0.0,0.0,0.0,1,0.9234004797739148,401525841,2023
3.0,0.0,1.0,1584.0,849.0,849.0,10.373522431293592,32.83771580994254,-96.782705783844,730.0812425015952,0.6715625,0.0,1.0,0.0,0.0,1.0,0.0,0.0,0.0,0.0,0.0,0.0,0.0,0.0,0.0,0.0,0.0,1.0,0.0,1.0,0.0,0.0,1,0.76528125,401531438,2023
3.0,0.0,1.0,1233.0,498.0,498.0,10.757924157061597,29.71623402909437,-95.40926456451416,730.0812425015952,0.4984042553191489,0.0,1.0,0.0,0.0,1.0,0.0,0.0,0.0,0.0,0.0,0.0,0.0,0.0,0.0,0.0,0.0,1.0,0.0,1.0,0.0,0.0,0,0.3851702127659574,401531441,2023
3.0,0.0,1.0,1623.0,888.0,888.0,10.008658050141667,33.792838175224496,-79.01702282805255,730.0812425015952,0.7204393032362605,0.0,1.0,0.0,0.0,0.0,0.0,0.0,0.0,0.0,0.0,0.0,0.0,0.0,1.0,0.0,0.0,1.0,0.0,1.0,0.0,0.0,1,0.8154116217311068,401531845,2023
3.0,0.0,1.0,1024.0,289.0,289.0,10.34061281337216,35.84899009532366,-90.66769494362912,730.0812425015952,0.6047022348533782,0.0,1.0,0.0,0.0,0.0,0.0,0.0,0.0,0.0,0.0,0.0,0.0,0.0,1.0,0.0,0.0,1.0,0.0,1.0,0.0,0.0,0,0.4626986177496447,401531846,2023
3.0,1.0,0.0,1501.0,-94.0,94.0,10.308985993422082,31.799527415252125,-85.95217691586194,978.5822071230269,0.9393,0.0,1.0,0.0,0.0,0.0,0.0,0.0,0.0,0.0,0.0,0.0,0.0,0.0,1.0,0.0,0.0,1.0,0.0,1.0,0.0,0.0,1,0.8878,401531848,2023
3.0,0.0,0.0,1498.0,120.0,120.0,10.175383172056032,41.65739077895321,-83.61401719150295,3290.62621467476,0.8664279183175861,0.0,1.0,0.0,0.0,0.0,0.0,0.0,0.0,0.0,1.0,0.0,0.0,0.0,0.0,0.0,0.0,1.0,0.0,1.0,0.0,0.0,1,0.7634486437061871,401532403,2023
3.0,0.0,0.0,1641.0,97.0,97.0,11.184435286790631,36.067850785167344,-94.17879581451416,1594.2029681059153,1.0,0.0,1.0,0.0,0.0,0.0,0.0,0.0,0.0,0.0,0.0,0.0,0.0,1.0,0.0,0.0,0.0,1.0,0.0,1.0,0.0,0.0,2,1.0,401520220,2023
3.0,0.0,0.0,1625.0,357.0,357.0,11.036404644896228,38.02262168129363,-84.50520515441895,425.42507402658714,0.9675969916093602,0.0,2.0,0.0,0.0,0.0,0.0,0.0,0.0,0.0,0.0,0.0,0.0,1.0,0.0,0.0,0.0,1.0,0.0,1.0,0.0,0.0,1,0.9575314447683314,401520228,2023
3.0,0.0,0.0,1951.0,705.0,705.0,11.586194513897674,42.26586873251738,-83.7487256526947,99.27313393513268,1.0,0.0,2.0,0.0,0.0,0.0,0.0,1.0,0.0,0.0,0.0,0.0,0.0,0.0,0.0,0.0,0.0,1.0,0.0,1.0,0.0,0.0,2,1.0,401520232,2023
3.0,0.0,0.0,1639.0,277.0,277.0,11.01173659154304,34.362154302992906,-89.53414626020904,478.0349692034121,0.9920270716408056,0.0,1.0,0.0,0.0,0.0,0.0,0.0,0.0,0.0,0.0,0.0,0.0,1.0,0.0,0.0,0.0,1.0,0.0,1.0,0.0,0.0,2,1.0,401520241,2023
3.0,0.0,0.0,1488.0,-93.0,93.0,10.94024216782542,40.434323,-86.918485,939.4628761817443,0.9733687943262412,0.0,1.0,0.0,0.0,0.0,0.0,1.0,0.0,0.0,0.0,0.0,0.0,0.0,0.0,0.0,0.0,1.0,0.0,1.0,0.0,0.0,2,1.0,401520242,2023
3.0,0.0,0.0,1422.0,-191.0,191.0,11.002116507732017,39.65221992482815,-79.9551753012939,88.50180974179202,0.83395,0.0,1.0,0.0,0.0,0.0,1.0,0.0,0.0,0.0,0.0,0.0,0.0,0.0,0.0,0.0,0.0,1.0,0.0,1.0,0.0,0.0,2,1.0,401525503,2023
3.0,0.0,0.0,1117.0,-138.0,138.0,10.577069577601234,35.06761048267165,-106.6281028358157,310.1723458861577,0.4405211095247807,0.0,1.0,0.02026041666666678,0.0,0.0,0.0,0.0,0.0,0.0,0.0,1.0,0.0,0.0,0.0,0.0,0.0,1.0,0.0,1.0,0.0,0.0,0,0.6989088313277585,401520238,2023
3.0,0.0,0.0,1659.0,439.0,439.0,10.896757843893464,44.058272724266615,-123.0685043334961,730.0812425015952,0.8467222222222223,0.0,1.0,0.0,0.0,0.0,0.0,0.0,0.0,0.0,0.0,0.0,1.0,0.0,0.0,0.0,0.0,1.0,1.0,0.0,0.0,0.0,2,0.9773888888888888,401524008,2023
3.0,0.0,1.0,1283.0,548.0,548.0,10.819798284210286,37.43472641329173,-122.1610164642334,730.0812425015952,0.8459040157335065,0.0,0.0,0.0,0.0,0.0,0.0,0.0,0.0,0.0,0.0,0.0,1.0,0.0,0.0,0.0,0.0,1.0,1.0,0.0,0.0,0.0,0,0.47696,401524010,2023
3.0,0.0,0.0,1654.0,239.0,239.0,11.308370569092329,34.67874665741346,-82.84317970275879,959.7680894109036,1.0,0.0,1.0,0.0,1.0,0.0,0.0,0.0,0.0,0.0,0.0,0.0,0.0,0.0,0.0,0.0,0.0,1.0,0.0,1.0,0.0,0.0,2,0.9974846625766872,401525501,2023
3.0,1.0,0.0,1575.0,-38.0,38.0,10.596659732783579,29.721767963293527,-95.34909841095214,383.7221600682735,0.94655,0.0,1.0,0.0,0.0,0.0,1.0,0.0,0.0,0.0,0.0,0.0,0.0,0.0,0.0,0.0,0.0,1.0,0.0,1.0,0.0,0.0,1,0.901225,401525836,2023
3.0,0.0,0.0,1821.0,409.0,409.0,11.514124745545711,30.28360340206824,-97.73233652114868,1413.901810092699,0.979004984068958,0.0,1.0,0.0,0.0,0.0,1.0,0.0,0.0,0.0,0.0,0.0,0.0,0.0,0.0,0.0,0.0,1.0,0.0,1.0,0.0,0.0,2,1.0,401525840,2023
3.0,0.0,1.0,1334.0,599.0,599.0,10.308985993422082,29.89134454879716,-97.92531180559462,730.0812425015952,0.8459040157335065,0.0,0.0,0.0,0.0,0.0,0.0,0.0,0.0,0.0,0.0,0.0,0.0,0.0,1.0,0.0,0.0,1.0,0.0,1.0,0.0,0.0,1,0.8039333333333334,401531847,2023
3.0,0.0,0.0,1288.0,-2.0,2.0,10.823451529776579,40.00939837446321,-105.26688694953918,730.0812425015952,1.0,0.0,1.0,0.0,0.0,0.0,0.0,0.0,0.0,0.0,0.0,0.0,1.0,0.0,0.0,0.0,0.0,1.0,0.0,1.0,0.0,0.0,2,1.0,401524007,2023
3.0,0.0,0.0,1444.0,-227.0,227.0,11.180343650832073,33.426364,-111.932616,804.9006272309653,0.6299472847460463,0.0,2.0,0.0,0.0,0.0,0.0,0.0,0.0,0.0,0.0,0.0,1.0,0.0,0.0,0.0,0.0,1.0,0.0,1.0,0.0,0.0,0,0.6515912197026749,401524005,2023
3.0,0.0,0.0,1418.0,142.0,142.0,10.855377061650147,32.228340232071496,-110.94903945922852,421.80323211623664,0.9295130377719018,0.0,1.0,0.0,0.0,0.0,0.0,0.0,0.0,0.0,0.0,0.0,1.0,0.0,0.0,0.0,0.0,1.0,0.0,1.0,0.0,0.0,1,0.852753276331281,401520219,2023
4.0,1.0,0.0,1425.0,-101.0,101.0,10.008658050141667,33.792838175224496,-79.01702282805255,730.0812425015952,0.7679254624836837,0.0,2.0,-0.0590309520700012,0.0,0.0,0.0,0.0,0.0,0.0,0.0,0.0,0.0,0.0,1.0,0.0,1.0,0.0,0.0,1.0,0.0,0.0,0,0.686321285502093,401531849,2023
4.0,1.0,0.0,1462.0,-214.0,214.0,10.94024216782542,40.434323,-86.918485,358.7089022621837,0.9866843971631206,0.0,2.0,0.0,0.0,0.0,0.0,1.0,0.0,0.0,0.0,0.0,0.0,0.0,0.0,1.0,0.0,0.0,0.0,1.0,0.0,0.0,2,0.9845567375886524,401520266,2023
4.0,1.0,0.0,1306.0,-222.0,222.0,11.026808713825016,38.03112372855688,-78.51370811462402,248.6787639047911,0.918829268292683,0.0,1.0,0.0,1.0,0.0,0.0,0.0,0.0,0.0,0.0,0.0,0.0,0.0,0.0,1.0,0.0,0.0,0.0,1.0,0.0,0.0,0,0.6988455284552846,401525505,2023
4.0,1.0,0.0,1379.0,-312.0,312.0,10.324071131775993,37.320105186690846,-121.86811613079064,1497.8952268327137,0.5673923036511689,0.0,2.0,0.0,0.0,0.0,0.0,0.0,0.0,0.0,0.0,1.0,0.0,0.0,0.0,1.0,0.0,0.0,0.0,1.0,0.0,0.0,0,0.5294194904123982,401532584,2023
4.0,1.0,0.0,1944.0,500.0,500.0,11.586194513897674,42.26586873251738,-83.7487256526947,798.1313675062578,1.0,0.0,3.0,0.0,0.0,0.0,0.0,1.0,0.0,0.0,0.0,0.0,0.0,0.0,0.0,0.0,0.0,1.0,0.0,0.0,1.0,0.0,2,1.0,401520260,2023
4.0,0.0,0.0,1607.0,94.0,94.0,10.804684950962628,43.036132820423234,-76.13651990890503,256.1753247439807,0.6609340101522843,0.0,2.0,-0.34159999999999996,1.0,0.0,0.0,0.0,0.0,0.0,0.0,0.0,0.0,0.0,0.0,0.0,0.0,1.0,0.0,0.0,1.0,0.0,1,0.7633299492385787,401520268,2023
4.0,1.0,0.0,1690.0,51.0,51.0,11.539898402471655,30.61009757817476,-96.34072922859283,1050.7661504056118,0.9278907459141659,0.0,2.0,0.0,0.0,0.0,0.0,0.0,0.0,0.0,0.0,0.0,0.0,1.0,0.0,0.0,0.0,1.0,0.0,0.0,1.0,0.0,2,0.99802400397146,401520270,2023
4.0,0.0,0.0,1503.0,-4.0,4.0,10.308985993422082,31.799527415252125,-85.95217691586194,578.4539314794794,0.9135500000000001,0.0,2.0,-0.02553742948620219,0.0,0.0,0.0,0.0,0.0,0.0,0.0,0.0,0.0,0.0,1.0,0.0,0.0,1.0,0.0,0.0,1.0,0.0,1,0.8708,401520271,2023
4.0,1.0,0.0,1316.0,-353.0,353.0,10.605371456538457,36.14355849696379,-86.80877208709717,292.23383601558754,0.5383147459727385,0.0,2.0,0.0,0.0,0.0,0.0,0.0,0.0,0.0,0.0,0.0,0.0,1.0,0.0,0.0,0.0,1.0,0.0,0.0,1.0,0.0,0,0.651276332094176,401520274,2023
4.0,1.0,0.0,1718.0,-151.0,151.0,11.308370569092329,34.67874665741346,-82.84317970275879,491.0648068154945,0.9987423312883437,0.0,2.0,0.14069662921348303,1.0,0.0,0.0,0.0,0.0,0.0,0.0,0.0,0.0,0.0,0.0,0.0,0.0,1.0,0.0,0.0,1.0,0.0,2,1.0,401525507,2023
4.0,0.0,0.0,1580.0,213.0,213.0,10.54586761604242,38.42486536179161,-82.42185831069946,221.18491209790955,0.6602225203187879,0.0,1.0,0.06803103671788613,0.0,0.0,0.0,0.0,0.0,0.0,0.0,0.0,0.0,0.0,1.0,0.0,0.0,1.0,0.0,0.0,1.0,0.0,1,0.8278755359162524,401525511,2023
4.0,1.0,0.0,1597.0,-300.0,300.0,10.596659732783579,39.13128425273405,-84.51626143741578,1224.3074530871802,0.954825,0.0,2.0,0.374936694614822,0.0,0.0,1.0,0.0,0.0,0.0,0.0,0.0,0.0,0.0,0.0,0.0,0.0,1.0,0.0,0.0,1.0,0.0,1,0.954825,401525845,2023
4.0,0.0,0.0,1669.0,148.0,148.0,10.714439990727769,32.70991596942349,-97.36799597740172,56.536281703154614,1.0,0.0,2.0,0.0,0.0,0.0,1.0,0.0,0.0,0.0,0.0,0.0,0.0,0.0,0.0,0.0,0.0,1.0,0.0,0.0,1.0,0.0,2,1.0,401525849,2023
4.0,0.0,0.0,1263.0,-17.0,17.0,10.146472946063877,41.934014,-88.778222,891.9613136232164,0.5142745098039215,0.0,1.0,-0.06165957446808512,0.0,0.0,0.0,0.0,0.0,0.0,1.0,0.0,0.0,0.0,0.0,0.0,0.0,1.0,0.0,0.0,1.0,0.0,0,0.4047450980392157,401531338,2023
4.0,1.0,0.0,1497.0,271.0,271.0,10.175383172056032,41.65739077895321,-83.61401719150295,178.5023709129479,0.8149382810118866,0.0,2.0,0.001746192893401055,0.0,0.0,0.0,0.0,0.0,0.0,1.0,0.0,0.0,0.0,0.0,0.0,0.0,1.0,0.0,0.0,1.0,0.0,1,0.7264553489789698,401532406,2023
4.0,0.0,0.0,1273.0,-152.0,152.0,10.021315031649332,40.21602764466651,-85.41769962206614,926.5992665444253,0.6690666666666667,0.0,1.0,-0.007644327137361184,0.0,0.0,0.0,0.0,0.0,0.0,1.0,0.0,0.0,0.0,0.0,0.0,0.0,1.0,0.0,0.0,1.0,0.0,0,0.4496888888888889,401531871,2023
4.0,1.0,0.0,1954.0,282.0,282.0,11.530981469769799,33.2074899449518,-87.5503921508789,223.8131393814038,0.9828719026526944,0.0,2.0,0.10089999999999999,0.0,0.0,0.0,0.0,0.0,0.0,0.0,0.0,0.0,1.0,0.0,0.0,0.0,1.0,1.0,0.0,0.0,0.0,2,0.9828719026526944,401520250,2023
4.0,0.0,0.0,1606.0,255.0,255.0,11.013221103411352,40.09930573133053,-88.23598623275757,1701.323782417156,0.8076232075160705,0.0,2.0,-0.00251533742331278,0.0,0.0,0.0,1.0,0.0,0.0,0.0,0.0,0.0,0.0,0.0,0.0,0.0,1.0,1.0,0.0,0.0,0.0,1,0.8820174715674963,401520255,2023
4.0,1.0,0.0,1509.0,-137.0,137.0,11.225323389318618,42.7281691163326,-84.48487535119057,757.4828986347636,0.9403106459569364,0.0,1.0,0.0,0.0,0.0,0.0,1.0,0.0,0.0,0.0,0.0,0.0,0.0,0.0,0.0,0.0,1.0,1.0,0.0,0.0,0.0,1,0.9350176654889674,401520261,2023
4.0,0.0,0.0,1476.0,258.0,258.0,11.37472031017221,40.82048352329494,-96.70571565628052,989.5319896145722,0.9975198355742844,0.0,1.0,0.0,0.0,0.0,0.0,1.0,0.0,0.0,0.0,0.0,0.0,0.0,0.0,0.0,0.0,1.0,1.0,0.0,0.0,0.0,2,1.0,401520263,2023
4.0,0.0,0.0,1213.0,-417.0,417.0,10.596659732783579,41.75988427820291,-72.61894226074219,842.3586482242766,0.7116375,0.0,2.0,0.0,0.0,0.0,0.0,0.0,0.0,1.0,0.0,0.0,0.0,0.0,0.0,0.0,0.0,1.0,1.0,0.0,0.0,0.0,1,0.725825,401520272,2023
4.0,1.0,0.0,1734.0,434.0,434.0,10.896757843893464,44.058272724266615,-123.0685043334961,1534.0683485046063,0.9120555555555555,0.0,2.0,0.0,0.0,0.0,0.0,0.0,0.0,0.0,0.0,0.0,1.0,0.0,0.0,0.0,0.0,1.0,0.0,0.0,1.0,0.0,2,1.0,401524015,2023
4.0,1.0,0.0,1780.0,98.0,98.0,10.903825271935897,40.75994782004573,-111.84882402420044,921.0352483884889,0.9669933618961808,0.0,2.0,0.0,0.0,0.0,0.0,0.0,0.0,0.0,0.0,0.0,1.0,0.0,0.0,0.0,0.0,1.0,0.0,0.0,1.0,0.0,2,0.9730798227387236,401524017,2023
4.0,1.0,0.0,1644.0,309.0,309.0,10.915106645867503,38.20542168521144,-85.75810561566809,1318.297967461565,0.8231454545454545,0.0,1.0,0.0,1.0,0.0,0.0,0.0,0.0,0.0,0.0,0.0,0.0,0.0,0.0,0.0,0.0,1.0,1.0,0.0,0.0,0.0,1,0.8780727272727272,401525506,2023
4.0,0.0,0.0,1194.0,-335.0,335.0,11.13507066006998,39.900748900488125,-75.16749143600464,1620.2233994329724,0.1706356154789003,0.0,2.0,0.0,0.0,1.0,0.0,0.0,0.0,0.0,0.0,0.0,0.0,0.0,0.0,0.0,0.0,1.0,1.0,0.0,0.0,0.0,0,0.2514737640810132,401525509,2023
4.0,1.0,0.0,1451.0,-114.0,114.0,10.821217248604537,38.96294598898537,-95.2463150024414,1410.9037679900446,0.867767769766931,0.0,2.0,0.0,0.0,0.0,1.0,0.0,0.0,0.0,0.0,0.0,0.0,0.0,0.0,0.0,0.0,1.0,1.0,0.0,0.0,0.0,1,0.9433204849114256,401525847,2023
4.0,1.0,0.0,1457.0,-118.0,118.0,11.002116507732017,39.65221992482815,-79.9551753012939,2062.5414744325603,0.916975,0.0,2.0,0.0,0.0,0.0,1.0,0.0,0.0,0.0,0.0,0.0,0.0,0.0,0.0,0.0,0.0,1.0,1.0,0.0,0.0,0.0,1,0.8345166666666667,401525850,2023
4.0,0.0,0.0,1048.0,-60.0,60.0,9.741027444837728,42.377513236004525,-72.53562686052412,3044.7631384661518,0.5415882352941176,0.0,1.0,0.0,0.0,0.0,0.0,0.0,0.0,1.0,0.0,0.0,0.0,0.0,0.0,0.0,0.0,1.0,1.0,0.0,0.0,0.0,0,0.4881176470588235,401526835,2023
4.0,0.0,1.0,1358.0,623.0,623.0,9.909419921189237,36.88878131523489,-76.30567610263824,730.0812425015952,0.9054080922556914,0.0,2.0,0.0,0.0,0.0,0.0,0.0,0.0,0.0,0.0,0.0,0.0,0.0,1.0,0.0,0.0,1.0,1.0,0.0,0.0,0.0,1,0.841932597673725,401531873,2023
4.0,1.0,0.0,1253.0,-231.0,231.0,10.074284623478128,41.37805439803228,-83.62248212099075,262.42757577641424,0.5189681335356601,0.0,1.0,-0.09863333333333335,0.0,0.0,0.0,0.0,0.0,0.0,1.0,0.0,0.0,0.0,0.0,0.0,0.0,1.0,1.0,0.0,0.0,0.0,1,0.7691788905749452,401532405,2023
4.0,0.0,1.0,1350.0,615.0,615.0,10.097696506752222,39.51942113142349,-84.73335450140017,730.0812425015952,0.8459040157335065,0.0,0.0,0.0,0.0,0.0,0.0,0.0,0.0,0.0,1.0,0.0,0.0,0.0,0.0,0.0,0.0,1.0,1.0,0.0,0.0,0.0,0,0.6510746932389031,401532408,2023
4.0,0.0,0.0,1830.0,255.0,255.0,11.537188717105908,35.95473437262258,-83.92533302307129,1541.4778943194754,0.994729393392221,0.0,1.0,0.0,0.0,0.0,0.0,0.0,0.0,0.0,0.0,0.0,0.0,1.0,0.0,0.0,0.0,1.0,1.0,0.0,0.0,0.0,2,0.994729393392221,401520269,2023
4.0,1.0,0.0,1531.0,63.0,63.0,11.026808713825016,42.01400541108485,-93.6358094215393,718.4510420641025,0.9735609756097561,0.0,2.0,-0.0725741221097258,0.0,0.0,1.0,0.0,0.0,0.0,0.0,0.0,0.0,0.0,0.0,0.0,0.0,1.0,1.0,0.0,0.0,0.0,1,0.9597073170731708,401525846,2023
4.0,1.0,0.0,1279.0,80.0,80.0,11.095256188023157,27.975994470037183,-82.50334918498993,1271.1087179033987,0.771618810452951,0.0,2.0,0.0,0.0,1.0,0.0,0.0,0.0,0.0,0.0,0.0,0.0,0.0,0.0,0.0,0.0,1.0,1.0,0.0,0.0,0.0,0,0.4424890292603671,401531423,2023
4.0,0.0,0.0,1461.0,53.0,53.0,10.085850775128717,33.82031030570401,-85.76646566390991,956.0628510964617,0.8178749999999999,0.0,2.0,-0.08422655878153262,0.0,0.0,0.0,0.0,1.0,0.0,0.0,0.0,0.0,0.0,0.0,0.0,0.0,1.0,1.0,0.0,0.0,0.0,1,0.8735833333333334,401520257,2023
4.0,0.0,1.0,1420.0,685.0,685.0,10.819798284210286,35.59642579698931,-77.36522912979126,730.0812425015952,0.76422,0.0,1.0,0.0,0.0,1.0,0.0,0.0,0.0,0.0,0.0,0.0,0.0,0.0,0.0,0.0,0.0,1.0,0.0,1.0,0.0,0.0,1,0.81178,401531413,2023
4.0,1.0,0.0,1125.0,-408.0,408.0,10.064798252418377,25.75249278747405,-80.37786483764648,1295.062875494275,0.6942978723404255,0.0,2.0,-0.09768035018784682,0.0,0.0,0.0,0.0,1.0,0.0,0.0,0.0,0.0,0.0,0.0,0.0,0.0,1.0,0.0,1.0,0.0,0.0,1,0.742,401520275,2023
4.0,1.0,0.0,1607.0,278.0,278.0,10.357774570341576,36.09183481061275,-80.25534152984619,456.84187382729334,0.9268412698412698,0.0,2.0,0.007972928359194387,1.0,0.0,0.0,0.0,0.0,0.0,0.0,0.0,0.0,0.0,0.0,0.0,0.0,1.0,0.0,1.0,0.0,0.0,2,1.0,401525508,2023
4.0,0.0,0.0,1603.0,398.0,398.0,11.391311350092442,29.649868677972304,-82.34866619110107,647.2015342704364,0.9978260378551747,0.0,2.0,-0.0856530635882784,0.0,0.0,0.0,0.0,0.0,0.0,0.0,0.0,0.0,1.0,0.0,0.0,0.0,1.0,0.0,1.0,0.0,0.0,2,1.0,401520251,2023
4.0,0.0,0.0,1519.0,45.0,45.0,10.596659732783579,29.721767963293527,-95.34909841095214,111.86997444459067,0.9238875,0.0,2.0,0.0,0.0,0.0,1.0,0.0,0.0,0.0,0.0,0.0,0.0,0.0,0.0,0.0,0.0,1.0,0.0,1.0,0.0,0.0,1,0.8761,401520254,2023
4.0,1.0,0.0,1753.0,133.0,133.0,11.535879982582413,30.4120123982997,-91.183819770813,687.71309878156,0.9551802660255472,0.0,1.0,0.0,0.0,0.0,0.0,0.0,0.0,0.0,0.0,0.0,0.0,1.0,0.0,0.0,0.0,1.0,0.0,1.0,0.0,0.0,2,0.9738763303720644,401520258,2023
4.0,0.0,0.0,1341.0,63.0,63.0,10.34177474101152,35.85110908054087,-86.36844992637634,730.0812425015952,0.5356451612903226,0.0,1.0,0.0,0.0,0.0,0.0,0.0,1.0,0.0,0.0,0.0,0.0,0.0,0.0,0.0,0.0,1.0,0.0,1.0,0.0,0.0,0,0.6389032258064516,401520262,2023
4.0,1.0,0.0,1271.0,-182.0,182.0,10.819798284210286,37.43472641329173,-122.1610164642334,1174.534328542646,0.47696,0.0,1.0,0.02619952068082887,0.0,0.0,0.0,0.0,0.0,0.0,0.0,0.0,1.0,0.0,0.0,0.0,0.0,1.0,1.0,0.0,0.0,0.0,1,0.76092,401524016,2023
4.0,1.0,0.0,1621.0,-120.0,120.0,10.38124231399123,46.731967978653024,-117.16058578781136,533.4086084858066,0.865836641032002,0.0,2.0,0.0,0.0,0.0,0.0,0.0,0.0,0.0,0.0,0.0,1.0,0.0,0.0,0.0,0.0,1.0,1.0,0.0,0.0,0.0,2,1.0,401524019,2023
4.0,0.0,1.0,1651.0,916.0,916.0,10.308985993422082,29.945898112528432,-90.11519112306328,730.0812425015952,0.94955,0.0,2.0,0.0,0.0,1.0,0.0,0.0,0.0,0.0,0.0,0.0,0.0,0.0,0.0,0.0,0.0,1.0,0.0,1.0,0.0,0.0,1,0.7614,401531349,2023
4.0,0.0,0.0,1402.0,-175.0,175.0,10.281307359823968,41.31193599299248,-105.56906461715698,2139.414576475598,0.8322367293787053,0.0,2.0,0.0,0.0,0.0,0.0,0.0,0.0,0.0,0.0,1.0,0.0,0.0,0.0,0.0,0.0,1.0,1.0,0.0,0.0,0.0,1,0.7254377848600116,401531870,2023
4.0,1.0,0.0,1032.0,-226.0,226.0,10.34061281337216,35.84899009532366,-90.66769494362912,517.6033900624208,0.5337004263015115,0.0,2.0,0.0,0.0,0.0,0.0,0.0,0.0,0.0,0.0,0.0,0.0,0.0,1.0,0.0,0.0,1.0,0.0,1.0,0.0,0.0,0,0.53613874176463,401531874,2023
4.0,0.0,0.0,1353.0,129.0,129.0,10.308985993422082,29.89134454879716,-97.92531180559462,2262.1124828154393,0.8039333333333334,0.0,1.0,-0.005288066063435459,0.0,0.0,0.0,0.0,0.0,0.0,0.0,0.0,0.0,0.0,1.0,0.0,0.0,1.0,1.0,0.0,0.0,0.0,0,0.6419,401531877,2023
4.0,0.0,0.0,2048.0,621.0,621.0,11.437630634933093,33.949821489498824,-83.37344169616699,730.0812425015952,1.0,0.0,3.0,0.09465020576131689,0.0,0.0,0.0,0.0,0.0,0.0,0.0,0.0,0.0,1.0,0.0,0.0,0.0,1.0,0.0,1.0,0.0,0.0,2,1.0,401520252,2023
4.0,0.0,0.0,1399.0,175.0,175.0,10.87729219061089,39.18090913372923,-86.52557373046875,475.50725386385125,0.8763855057686134,0.0,2.0,-0.010065546841028783,0.0,0.0,0.0,1.0,0.0,0.0,0.0,0.0,0.0,0.0,0.0,0.0,0.0,1.0,0.0,1.0,0.0,0.0,1,0.8491096886270512,401520256,2023
4.0,1.0,0.0,1352.0,-288.0,288.0,10.760686237600595,42.06539966752991,-87.69249558448792,550.920175229378,0.3151071504349671,0.0,1.0,-0.08493172435693863,0.0,0.0,0.0,1.0,0.0,0.0,0.0,0.0,0.0,0.0,0.0,0.0,0.0,1.0,0.0,1.0,0.0,0.0,0,0.4274984086569064,401520264,2023
4.0,1.0,0.0,1867.0,164.0,164.0,11.576585475330184,40.81215273275043,-77.85620212554932,1147.8345634985888,1.0,0.0,2.0,0.05287804878048796,0.0,0.0,0.0,1.0,0.0,0.0,0.0,0.0,0.0,0.0,0.0,0.0,0.0,1.0,0.0,1.0,0.0,0.0,2,1.0,401520265,2023
4.0,1.0,0.0,1557.0,-4.0,4.0,11.292914501973813,33.97259115457693,-81.02021634578705,721.0854418406449,0.9754641744548288,0.0,1.0,0.0,0.0,0.0,0.0,0.0,0.0,0.0,0.0,0.0,0.0,1.0,0.0,0.0,0.0,1.0,0.0,1.0,0.0,0.0,2,0.9758380062305296,401520267,2023
4.0,0.0,0.0,1851.0,-177.0,177.0,11.299682738333281,41.69842312158612,-86.23382449150085,329.62650927285574,0.960727767807414,0.0,2.0,0.0,0.0,0.0,0.0,0.0,0.0,1.0,0.0,0.0,0.0,0.0,0.0,0.0,0.0,1.0,0.0,1.0,0.0,0.0,2,0.960727767807414,401521330,2023
4.0,1.0,0.0,1563.0,-268.0,268.0,10.717546203426988,31.55866263551169,-97.11560010910034,153.50056621754493,0.977765470388421,0.0,3.0,0.0,0.0,0.0,1.0,0.0,0.0,0.0,0.0,0.0,0.0,0.0,0.0,0.0,0.0,1.0,0.0,1.0,0.0,0.0,2,1.0,401525844,2023
4.0,0.0,0.0,1561.0,233.0,233.0,10.515993929932415,30.21579609675613,-92.01626413552384,1843.7028876665356,0.4928455284552845,0.0,1.0,0.0,0.0,0.0,0.0,0.0,0.0,0.0,0.0,0.0,0.0,0.0,1.0,0.0,0.0,1.0,0.0,1.0,0.0,0.0,0,0.478970189701897,401531875,2023
4.0,1.0,0.0,1578.0,-58.0,58.0,11.133142723386813,40.44678376501633,-80.01575589179993,511.8316401099462,0.6907456140350877,0.0,2.0,0.0,1.0,0.0,0.0,0.0,0.0,0.0,0.0,0.0,0.0,0.0,0.0,0.0,0.0,1.0,0.0,1.0,0.0,0.0,1,0.7097076023391813,401525510,2023
4.0,1.0,0.0,1789.0,125.0,125.0,10.819798284210286,39.20186361814248,-96.59379243850708,1841.2972019598562,1.0,0.0,2.0,0.0,0.0,0.0,1.0,0.0,0.0,0.0,0.0,0.0,0.0,0.0,0.0,0.0,0.0,1.0,0.0,1.0,0.0,0.0,2,1.0,401525848,2023
4.0,0.0,0.0,1382.0,-211.0,211.0,10.146982600098235,41.75153188612883,-111.81210567885644,2808.683571019889,0.7852467369576295,0.0,1.0,-0.05149999999999999,0.0,0.0,0.0,0.0,0.0,0.0,0.0,1.0,0.0,0.0,0.0,0.0,0.0,1.0,0.0,1.0,0.0,0.0,1,0.7836789087915964,401531872,2023
4.0,0.0,0.0,1241.0,-100.0,100.0,10.849356503939038,31.77334530512776,-106.50789678096773,730.0812425015952,0.5968543689320388,0.0,1.0,0.0,0.0,0.0,0.0,0.0,1.0,0.0,0.0,0.0,0.0,0.0,0.0,0.0,0.0,1.0,0.0,1.0,0.0,0.0,0,0.544504854368932,401520273,2023
4.0,1.0,0.0,1392.0,-499.0,499.0,11.180343650832073,33.426364,-111.932616,591.3054674182049,0.6371619297315892,0.0,3.0,0.0,0.0,0.0,0.0,0.0,0.0,0.0,0.0,0.0,1.0,0.0,0.0,0.0,0.0,1.0,0.0,1.0,0.0,0.0,1,0.7553900649875882,401524014,2023
4.0,1.0,0.0,1888.0,337.0,337.0,11.163382173096926,47.65043054401222,-122.30291984739304,1087.466191014611,0.9262624113475177,0.0,2.0,0.0,0.0,0.0,0.0,0.0,0.0,0.0,0.0,0.0,1.0,0.0,0.0,0.0,0.0,1.0,0.0,1.0,0.0,0.0,2,0.9802411347517732,401524018,2023
4.0,0.0,0.0,1723.0,478.0,478.0,10.622107529069105,36.81431969524593,-119.75810156690552,3330.52438923271,1.0,0.0,1.0,0.0,0.0,0.0,0.0,0.0,0.0,0.0,0.0,1.0,0.0,0.0,0.0,0.0,0.0,1.0,0.0,1.0,0.0,0.0,1,0.9438717067583048,401532407,2023
5.0,1.0,0.0,1506.0,186.0,186.0,10.003966171102347,36.98487662989466,-86.459013971646,126.32935518947329,0.8173924840591507,0.0,2.0,0.1013236285971223,0.0,0.0,0.0,0.0,1.0,0.0,0.0,0.0,0.0,0.0,0.0,0.0,1.0,0.0,0.0,1.0,0.0,0.0,0,0.665309998643332,401520277,2023
5.0,1.0,0.0,1294.0,155.0,155.0,10.478498510076376,36.14886067519205,-95.943603515625,1862.4358235437876,0.680659501434922,0.0,2.0,-0.13606207343577226,0.0,1.0,0.0,0.0,0.0,0.0,0.0,0.0,0.0,0.0,0.0,0.0,1.0,0.0,0.0,1.0,0.0,0.0,0,0.4934443756682235,401531339,2023
5.0,1.0,0.0,1396.0,-109.0,109.0,9.546884034617925,30.71394673763343,-95.54191589355467,981.348135810586,0.8459040157335065,0.0,0.0,0.0,0.0,0.0,0.0,0.0,1.0,0.0,0.0,0.0,0.0,0.0,0.0,0.0,1.0,0.0,0.0,1.0,0.0,0.0,2,1.0,401520276,2023
5.0,1.0,0.0,1520.0,-162.0,162.0,10.961000030318813,35.80075968207897,-78.71948719024658,679.5801510269268,0.9884688189222514,0.0,2.0,0.0,1.0,0.0,0.0,0.0,0.0,0.0,0.0,0.0,0.0,0.0,0.0,1.0,0.0,0.0,0.0,1.0,0.0,0.0,2,0.9884688189222514,401525512,2023
5.0,1.0,0.0,1210.0,-1.0,1.0,10.849356503939038,31.77334530512776,-106.50789678096773,1305.8375876212529,0.5706796116504854,0.0,2.0,0.0024801644257156363,0.0,0.0,0.0,0.0,1.0,0.0,0.0,0.0,0.0,0.0,0.0,1.0,0.0,0.0,0.0,1.0,0.0,0.0,0,0.1767184466019417,401520278,2023
5.0,1.0,0.0,1738.0,-46.0,46.0,10.729306381246207,44.5594768421455,-123.2814073562622,1024.6924843566778,0.780739589263038,0.0,2.0,-0.026871953921134395,0.0,0.0,0.0,0.0,0.0,0.0,0.0,0.0,1.0,0.0,0.0,1.0,0.0,0.0,0.0,1.0,0.0,0.0,1,0.8182335683320927,401524020,2023
5.0,1.0,0.0,1536.0,-57.0,57.0,11.062347921549595,40.25748799746312,-111.65443897247314,2316.2603881420123,0.9402903099254609,0.0,2.0,0.06289473684210534,0.0,0.0,1.0,0.0,0.0,0.0,0.0,0.0,0.0,0.0,0.0,1.0,0.0,0.0,0.0,1.0,0.0,0.0,2,1.0,401525851,2023
5.0,1.0,0.0,1675.0,74.0,74.0,11.036404644896228,38.02262168129363,-84.50520515441895,951.9881753582375,0.9642418093290172,0.0,3.0,0.0,0.0,0.0,0.0,0.0,0.0,0.0,0.0,0.0,0.0,1.0,0.0,0.0,0.0,1.0,0.0,0.0,1.0,0.0,2,0.9936546792714156,401520282,2023
5.0,0.0,0.0,1635.0,77.0,77.0,10.86906356408504,44.97652496911191,-93.224575817585,1644.7137108748238,0.9578867206092336,0.0,2.0,0.0,0.0,0.0,0.0,1.0,0.0,0.0,0.0,0.0,0.0,0.0,0.0,0.0,0.0,1.0,0.0,0.0,1.0,0.0,1,0.8918229414564494,401520284,2023
5.0,1.0,0.0,1357.0,-574.0,574.0,10.760686237600595,42.06539966752991,-87.69249558448792,831.2098087226478,0.37130277954593677,0.0,2.0,0.003313004779957218,0.0,0.0,0.0,1.0,0.0,0.0,0.0,0.0,0.0,0.0,0.0,0.0,0.0,1.0,0.0,0.0,1.0,0.0,0,0.5318056439635052,401520287,2023
5.0,0.0,0.0,1168.0,-217.0,217.0,10.596659732783579,41.75988427820291,-72.61894226074219,3222.309450475946,0.7163666666666667,0.0,3.0,-0.25147776921099985,0.0,0.0,0.0,0.0,0.0,1.0,0.0,0.0,0.0,0.0,0.0,0.0,0.0,1.0,0.0,0.0,1.0,0.0,0,0.530675,401520292,2023
5.0,1.0,0.0,1252.0,-627.0,627.0,10.823451529776579,40.00939837446321,-105.26688694953918,1332.5554484263296,1.0,0.0,2.0,0.11822813525599896,0.0,0.0,0.0,0.0,0.0,0.0,0.0,0.0,1.0,0.0,0.0,0.0,0.0,1.0,0.0,0.0,1.0,0.0,2,1.0,401524023,2023
5.0,1.0,0.0,1625.0,-91.0,91.0,10.804684950962628,43.036132820423234,-76.13651990890503,1094.9501074118702,0.6950659898477157,0.0,3.0,0.0,1.0,0.0,0.0,0.0,0.0,0.0,0.0,0.0,0.0,0.0,0.0,0.0,0.0,1.0,0.0,0.0,1.0,0.0,1,0.8319593908629441,401525514,2023
5.0,1.0,0.0,1630.0,210.0,210.0,10.308985993422082,29.945898112528432,-90.11519112306328,730.0812425015952,0.8868333333333333,0.0,3.0,0.04732510288065844,0.0,1.0,0.0,0.0,0.0,0.0,0.0,0.0,0.0,0.0,0.0,0.0,0.0,1.0,0.0,0.0,1.0,0.0,0,0.6700666666666667,401531370,2023
5.0,1.0,0.0,1590.0,71.0,71.0,10.121779353119313,38.43508893585215,-78.87340330403673,730.0812425015952,0.954899911568454,0.0,1.0,0.0,0.0,0.0,0.0,0.0,0.0,0.0,0.0,0.0,0.0,0.0,1.0,0.0,0.0,1.0,0.0,0.0,1.0,0.0,2,1.0,401531880,2023
5.0,1.0,0.0,1226.0,-105.0,105.0,10.308985993422082,41.07256951528711,-81.50838375091553,311.02108738521997,0.2737666666666666,0.0,1.0,-0.013875338753387534,0.0,0.0,0.0,0.0,0.0,0.0,1.0,0.0,0.0,0.0,0.0,0.0,0.0,1.0,0.0,0.0,1.0,0.0,0,0.183,401532412,2023
5.0,1.0,0.0,1343.0,-21.0,21.0,10.400802314274172,43.577612282574535,-84.77082967758179,173.10880230602314,0.5261365364147788,0.0,1.0,-0.014259112724099576,0.0,0.0,0.0,0.0,0.0,0.0,1.0,0.0,0.0,0.0,0.0,0.0,0.0,1.0,0.0,0.0,1.0,0.0,1,0.8612741371445948,401532410,2023
5.0,1.0,0.0,1297.0,-17.0,17.0,10.703266939811954,42.33510834895851,-71.16647243499756,786.0122484539528,0.8361573033707866,0.0,3.0,0.03896567700088793,1.0,0.0,0.0,0.0,0.0,0.0,0.0,0.0,0.0,0.0,0.0,0.0,0.0,1.0,1.0,0.0,0.0,0.0,1,0.9408539325842696,401525513,2023
5.0,1.0,0.0,1181.0,-180.0,180.0,10.12667110305036,41.13908682549516,-81.31343945860863,341.24658080612187,0.42924,0.0,1.0,0.0,0.0,0.0,0.0,0.0,0.0,0.0,1.0,0.0,0.0,0.0,0.0,0.0,0.0,1.0,1.0,0.0,0.0,0.0,0,0.54392,401532413,2023
5.0,1.0,0.0,1519.0,115.0,115.0,11.046403766760761,37.87068660370429,-122.2507095336914,1054.2926566751933,0.6453672847872187,0.0,2.0,0.0,0.0,0.0,0.0,0.0,0.0,0.0,0.0,0.0,1.0,0.0,0.0,0.0,0.0,1.0,0.0,0.0,1.0,0.0,0,0.5477462251064305,401524022,2023
5.0,1.0,0.0,1607.0,-448.0,448.0,11.378845350396778,32.602361666817515,-85.48891067504883,247.22282038058304,1.0,0.0,2.0,0.0,0.0,0.0,0.0,0.0,0.0,0.0,0.0,0.0,0.0,1.0,0.0,0.0,0.0,1.0,1.0,0.0,0.0,0.0,2,1.0,401520280,2023
5.0,1.0,0.0,1687.0,290.0,290.0,10.855203341628478,38.99120275144426,-76.94731173248788,826.5797173113436,0.6890724939835012,0.0,3.0,0.0,0.0,0.0,0.0,1.0,0.0,0.0,0.0,0.0,0.0,0.0,0.0,0.0,0.0,1.0,1.0,0.0,0.0,0.0,1,0.7370564843056253,401520283,2023
5.0,1.0,0.0,1483.0,-470.0,470.0,11.37472031017221,40.82048352329494,-96.70571565628052,1089.1536095062477,0.9987599177871422,0.0,2.0,0.0,0.0,0.0,0.0,1.0,0.0,0.0,0.0,0.0,0.0,0.0,0.0,0.0,0.0,1.0,1.0,0.0,0.0,0.0,2,1.0,401520286,2023
5.0,1.0,0.0,1432.0,-169.0,169.0,10.94024216782542,40.434323,-86.918485,117.82763455768526,0.9859751773049646,0.0,3.0,0.09422619879770722,0.0,0.0,0.0,1.0,0.0,0.0,0.0,0.0,0.0,0.0,0.0,0.0,0.0,1.0,1.0,0.0,0.0,0.0,2,1.0,401520289,2023
5.0,0.0,1.0,1414.0,679.0,679.0,10.867710938165587,40.51378289308872,-74.46504457087282,730.0812425015952,0.9546459755214093,0.0,3.0,0.0,0.0,0.0,0.0,1.0,0.0,0.0,0.0,0.0,0.0,0.0,0.0,0.0,0.0,1.0,1.0,0.0,0.0,0.0,1,0.7657185343348458,401520290,2023
5.0,0.0,0.0,1391.0,196.0,196.0,10.915106645867503,33.772556921319435,-84.39285278320312,848.4023614812501,0.5718545454545455,0.0,1.0,0.0,1.0,0.0,0.0,0.0,0.0,0.0,0.0,0.0,0.0,0.0,0.0,0.0,0.0,1.0,1.0,0.0,0.0,0.0,0,0.5472181818181818,401525515,2023
5.0,1.0,0.0,1888.0,408.0,408.0,11.514124745545711,30.28360340206824,-97.73233652114868,991.4225958822972,0.989502492034479,0.0,2.0,0.0,0.0,0.0,1.0,0.0,0.0,0.0,0.0,0.0,0.0,0.0,0.0,0.0,0.0,1.0,1.0,0.0,0.0,0.0,2,1.0,401525854,2023
5.0,1.0,0.0,1559.0,-38.0,38.0,11.01638071569648,33.59102829801104,-101.87293767929076,752.3099382621233,0.9234004797739148,0.0,2.0,0.0,0.0,0.0,1.0,0.0,0.0,0.0,0.0,0.0,0.0,0.0,0.0,0.0,0.0,1.0,1.0,0.0,0.0,0.0,1,0.8758831454766521,401525855,2023
5.0,1.0,0.0,1649.0,143.0,143.0,10.721591972500457,28.607958859227068,-81.1929988861084,1565.2090978589015,0.9740529091189905,0.0,2.0,0.0,0.0,0.0,1.0,0.0,0.0,0.0,0.0,0.0,0.0,0.0,0.0,0.0,0.0,1.0,1.0,0.0,0.0,0.0,2,0.970919842022814,401525856,2023
5.0,0.0,0.0,1047.0,-8.0,8.0,9.741027444837728,42.377513236004525,-72.53562686052412,1719.9283073821252,0.5148529411764705,0.0,2.0,0.0,0.0,0.0,0.0,0.0,0.0,1.0,0.0,0.0,0.0,0.0,0.0,0.0,0.0,1.0,1.0,0.0,0.0,0.0,0,0.5584705882352942,401526836,2023
5.0,1.0,0.0,1388.0,90.0,90.0,10.434145214930487,38.98483263543365,-76.5071153640747,1343.676010292322,0.8761470588235294,0.0,1.0,0.0,0.0,1.0,0.0,0.0,0.0,0.0,0.0,0.0,0.0,0.0,0.0,0.0,0.0,1.0,1.0,0.0,0.0,0.0,1,0.8761470588235294,401531424,2023
5.0,1.0,0.0,1578.0,212.0,212.0,10.54586761604242,38.42486536179161,-82.42185831069946,564.7247361032018,0.7440490281175202,0.0,2.0,0.0,0.0,0.0,0.0,0.0,0.0,0.0,0.0,0.0,0.0,0.0,1.0,0.0,0.0,1.0,1.0,0.0,0.0,0.0,0,0.5958073594781557,401531881,2023
5.0,1.0,0.0,1211.0,26.0,26.0,10.315630315397533,42.285755487470176,-85.60100421309471,230.65267255235486,0.6434437086092715,0.0,1.0,0.0,0.0,0.0,0.0,0.0,0.0,0.0,1.0,0.0,0.0,0.0,0.0,0.0,0.0,1.0,1.0,0.0,0.0,0.0,1,0.7245033112582782,401532409,2023
5.0,1.0,0.0,1512.0,263.0,263.0,10.175383172056032,41.65739077895321,-83.61401719150295,429.14385574938524,0.7854439703342476,0.0,3.0,0.0,0.0,0.0,0.0,0.0,0.0,0.0,1.0,0.0,0.0,0.0,0.0,0.0,0.0,1.0,1.0,0.0,0.0,0.0,1,0.8921441633648278,401532411,2023
5.0,1.0,0.0,1310.0,-198.0,198.0,10.605371456538457,36.14355849696379,-86.80877208709717,577.4560978194285,0.5759686080132177,0.0,3.0,0.0,0.0,0.0,0.0,0.0,0.0,0.0,0.0,0.0,0.0,1.0,0.0,0.0,0.0,1.0,1.0,0.0,0.0,0.0,0,0.6525898389095415,401520293,2023
5.0,0.0,0.0,1558.0,16.0,16.0,11.041016020812398,35.120856917268995,-89.97805741128388,2430.1983865333154,0.41826707277973707,0.0,2.0,0.0,0.0,1.0,0.0,0.0,0.0,0.0,0.0,0.0,0.0,0.0,0.0,0.0,0.0,1.0,1.0,0.0,0.0,0.0,0,0.4867585764668163,401531429,2023
5.0,1.0,0.0,1405.0,296.0,296.0,10.281307359823968,41.31193599299248,-105.56906461715698,700.4616009729854,0.7966370812058075,0.0,3.0,-0.0534705882352941,0.0,0.0,0.0,0.0,0.0,0.0,0.0,1.0,0.0,0.0,0.0,0.0,0.0,1.0,1.0,0.0,0.0,0.0,1,0.8730680922518077,401532588,2023
5.0,1.0,0.0,1667.0,-85.0,85.0,11.01173659154304,34.362154302992906,-89.53414626020904,465.72644457050313,0.9960135358204028,0.0,2.0,0.15063501638489007,0.0,0.0,0.0,0.0,0.0,0.0,0.0,0.0,0.0,1.0,0.0,0.0,0.0,1.0,1.0,0.0,0.0,0.0,2,1.0,401520288,2023
5.0,1.0,0.0,1278.0,-504.0,504.0,10.819798284210286,37.43472641329173,-122.1610164642334,740.4475209910406,0.61894,0.0,2.0,0.0,0.0,0.0,0.0,0.0,0.0,0.0,0.0,0.0,1.0,0.0,0.0,0.0,0.0,1.0,1.0,0.0,0.0,0.0,0,0.6432,401524024,2023
5.0,1.0,0.0,1901.0,364.0,364.0,11.31585162638907,35.20589959488508,-97.44255065917967,825.895606118046,1.0,0.0,2.0,0.14741666666666664,0.0,0.0,1.0,0.0,0.0,0.0,0.0,0.0,0.0,0.0,0.0,0.0,0.0,1.0,0.0,1.0,0.0,0.0,2,1.0,401525852,2023
5.0,1.0,0.0,1180.0,-242.0,242.0,10.757924157061597,29.71623402909437,-95.40926456451416,1807.9072557424465,0.44178723404255316,0.0,2.0,0.10189703246365267,0.0,1.0,0.0,0.0,0.0,0.0,0.0,0.0,0.0,0.0,0.0,0.0,0.0,1.0,0.0,1.0,0.0,0.0,0,0.4169787234042553,401531414,2023
5.0,0.0,1.0,1332.0,597.0,597.0,10.336924443719042,33.20393508408917,-97.15922355651855,730.0812425015952,0.6920583468395461,0.0,1.0,0.0,0.0,1.0,0.0,0.0,0.0,0.0,0.0,0.0,0.0,0.0,0.0,0.0,0.0,1.0,0.0,1.0,0.0,0.0,0,0.6967260940032415,401531436,2023
5.0,1.0,0.0,1513.0,108.0,108.0,10.098272780745283,32.41221167634779,-81.78317070007324,299.90869614749187,0.7799588477366255,0.0,2.0,0.0,0.0,0.0,0.0,0.0,0.0,0.0,0.0,0.0,0.0,0.0,1.0,0.0,0.0,1.0,0.0,1.0,0.0,0.0,2,1.0,401531878,2023
5.0,1.0,0.0,1235.0,-128.0,128.0,10.491301994830229,31.32897842661232,-89.33133065700531,837.5965650081994,0.7690694444444445,0.0,2.0,0.0,0.0,0.0,0.0,0.0,0.0,0.0,0.0,0.0,0.0,0.0,1.0,0.0,0.0,1.0,0.0,1.0,0.0,0.0,0,0.5917777777777777,401531883,2023
5.0,1.0,0.0,1639.0,171.0,171.0,11.164587103533947,41.65838893680983,-91.55147552490234,594.0008219431351,0.981086633137352,0.0,2.0,0.0,0.0,0.0,0.0,1.0,0.0,0.0,0.0,0.0,0.0,0.0,0.0,0.0,0.0,1.0,0.0,1.0,0.0,0.0,2,0.981086633137352,401520281,2023
5.0,1.0,0.0,1883.0,316.0,316.0,11.537188717105908,35.95473437262258,-83.92533302307129,344.43967768615886,0.994729393392221,0.0,2.0,0.0,0.0,0.0,0.0,0.0,0.0,0.0,0.0,0.0,0.0,1.0,0.0,0.0,0.0,1.0,0.0,1.0,0.0,0.0,2,0.994729393392221,401520291,2023
5.0,0.0,0.0,1675.0,-182.0,182.0,10.43240846457121,35.9953166502013,-78.94172430038452,894.299643364764,0.660558027164786,0.0,3.0,0.0,1.0,0.0,0.0,0.0,0.0,0.0,0.0,0.0,0.0,0.0,0.0,0.0,0.0,1.0,0.0,1.0,0.0,0.0,2,1.0,401525438,2023
5.0,1.0,0.0,1498.0,291.0,291.0,10.373522431293592,32.83771580994254,-96.782705783844,1501.1549703799938,0.718421875,0.0,2.0,-0.041739550721726526,0.0,1.0,0.0,0.0,0.0,0.0,0.0,0.0,0.0,0.0,0.0,0.0,0.0,1.0,0.0,1.0,0.0,0.0,1,0.79328125,401531404,2023
5.0,1.0,0.0,1369.0,-174.0,174.0,11.100949205246406,37.2199742830054,-80.41805505752563,360.4916530025238,0.99092597345734,0.0,2.0,0.16605000000000003,1.0,0.0,0.0,0.0,0.0,0.0,0.0,0.0,0.0,0.0,0.0,0.0,0.0,1.0,0.0,1.0,0.0,0.0,2,0.99092597345734,401525516,2023
5.0,1.0,0.0,1692.0,219.0,219.0,10.714439990727769,32.70991596942349,-97.36799597740172,1738.952998934361,1.0,0.0,3.0,0.0,0.0,0.0,1.0,0.0,0.0,0.0,0.0,0.0,0.0,0.0,0.0,0.0,0.0,1.0,0.0,1.0,0.0,0.0,2,0.9719111111111112,401525853,2023
5.0,1.0,0.0,1173.0,-401.0,401.0,10.323118516117193,32.53106869451547,-92.06644075067642,1036.191723849264,0.5269661813520886,0.0,2.0,-0.10679894451869365,0.0,0.0,0.0,0.0,0.0,0.0,0.0,0.0,0.0,0.0,1.0,0.0,0.0,1.0,0.0,1.0,0.0,0.0,0,0.6546488316298025,401531882,2023
5.0,1.0,0.0,1722.0,286.0,286.0,10.7513495394883,38.99690743122685,-104.84368801116943,730.0812425015952,0.5198106742054314,0.0,2.0,-0.002999518325524364,0.0,0.0,0.0,0.0,0.0,0.0,0.0,1.0,0.0,0.0,0.0,0.0,0.0,1.0,0.0,1.0,0.0,0.0,0,0.5326180073674291,401532589,2023
5.0,1.0,0.0,1551.0,-408.0,408.0,11.024154831985069,33.456230599072065,-88.79342436790466,118.74730308805941,0.8791485291640173,0.0,3.0,0.43492719073143316,0.0,0.0,0.0,0.0,0.0,0.0,0.0,0.0,0.0,1.0,0.0,0.0,0.0,1.0,0.0,1.0,0.0,0.0,2,0.9800120644961442,401520285,2023
5.0,1.0,0.0,1446.0,-474.0,474.0,10.855377061650147,32.228340232071496,-110.94903945922852,1964.3907676421009,0.8911331570515914,0.0,2.0,0.0,0.0,0.0,0.0,0.0,0.0,0.0,0.0,0.0,1.0,0.0,0.0,0.0,0.0,1.0,0.0,1.0,0.0,0.0,2,0.9804867692188918,401524021,2023
5.0,1.0,0.0,1787.0,573.0,573.0,10.622107529069105,36.81431969524593,-119.75810156690552,303.8962470385804,0.9719358533791524,0.0,2.0,-0.08366069969838441,0.0,0.0,0.0,0.0,0.0,0.0,0.0,1.0,0.0,0.0,0.0,0.0,0.0,1.0,0.0,1.0,0.0,0.0,1,0.9564963076698106,401532587,2023
6.0,1.0,0.0,1289.0,-221.0,221.0,10.34177474101152,35.85110908054087,-86.36844992637634,232.40057995289828,0.5872741935483872,0.0,2.0,0.0,0.0,0.0,0.0,0.0,1.0,0.0,0.0,0.0,0.0,0.0,0.0,0.0,1.0,0.0,0.0,1.0,0.0,0.0,0,0.4214838709677419,401520294,2023
6.0,1.0,0.0,1261.0,177.0,177.0,10.320354083368734,32.27974938226407,-106.74113631248474,2656.498092153551,0.5487097518373265,0.0,2.0,-0.40302499999999997,0.0,0.0,0.0,0.0,1.0,0.0,0.0,0.0,0.0,0.0,0.0,0.0,1.0,0.0,0.0,1.0,0.0,0.0,0,0.3803183600830505,401520297,2023
6.0,1.0,0.0,1574.0,183.0,183.0,9.862717639992917,37.354414,-79.175047,1675.9709618862844,0.9898697916666666,0.0,2.0,-0.04778749999999998,0.0,0.0,0.0,0.0,1.0,0.0,0.0,0.0,0.0,0.0,0.0,0.0,1.0,0.0,0.0,1.0,0.0,0.0,1,0.890625,401520296,2023
6.0,1.0,0.0,1243.0,-294.0,294.0,10.328787967145063,32.53223809915824,-92.6560188758494,751.7501692309224,0.5760893246187364,0.0,3.0,-0.03414371474310113,0.0,0.0,0.0,0.0,1.0,0.0,0.0,0.0,0.0,0.0,0.0,0.0,1.0,0.0,0.0,1.0,0.0,0.0,0,0.4252941176470588,401520295,2023
6.0,1.0,0.0,1462.0,-342.0,342.0,11.005743196119036,36.12570866235855,-97.06650495529176,344.5726752557938,0.8943339200903384,0.0,2.0,0.12058087904676262,0.0,0.0,1.0,0.0,0.0,0.0,0.0,0.0,0.0,0.0,0.0,1.0,0.0,0.0,0.0,1.0,0.0,0.0,1,0.8943339200903384,401525857,2023
6.0,1.0,0.0,1517.0,85.0,85.0,11.013221103411352,40.09930573133053,-88.23598623275757,720.756228135374,0.8324212955332125,0.0,3.0,0.0,0.0,0.0,0.0,1.0,0.0,0.0,0.0,0.0,0.0,0.0,0.0,1.0,0.0,0.0,0.0,1.0,0.0,0.0,1,0.7697873743200923,401520301,2023
6.0,0.0,0.0,1495.0,197.0,197.0,10.545367754151743,41.38708043477422,-73.96408081054688,254.51882572966153,0.661921052631579,0.0,1.0,0.054927272727272713,0.0,0.0,0.0,0.0,0.0,1.0,0.0,0.0,0.0,0.0,0.0,0.0,0.0,1.0,0.0,0.0,1.0,0.0,1,0.8951842105263158,401520298,2023
6.0,0.0,0.0,1535.0,286.0,286.0,11.024154831985069,33.456230599072065,-88.79342436790466,1020.7868331403112,0.9043644129970491,0.029509105433914273,4.0,-0.02833018208203823,0.0,0.0,0.0,0.0,0.0,0.0,0.0,0.0,0.0,1.0,0.0,0.0,0.0,1.0,0.0,0.0,1.0,0.0,1,0.7688344718522262,401520304,2023
6.0,1.0,0.0,1529.0,-211.0,211.0,11.172812609330474,38.93589529672232,-92.33311414718628,953.5956743672231,0.7995166366906474,0.0,3.0,0.07731074028224366,0.0,0.0,0.0,0.0,0.0,0.0,0.0,0.0,0.0,1.0,0.0,0.0,0.0,1.0,0.0,0.0,1.0,0.0,1,0.8799038893884892,401520305,2023
6.0,1.0,0.0,2022.0,298.0,298.0,11.561191682379716,40.0016856893694,-83.01972806453705,532.9052405344951,0.9677256441530722,0.0,2.0,-0.005292980467969,0.0,0.0,0.0,1.0,0.0,0.0,0.0,0.0,0.0,0.0,0.0,0.0,0.0,1.0,0.0,0.0,1.0,0.0,2,1.0,401520307,2023
6.0,1.0,0.0,1706.0,271.0,271.0,11.293798835013952,43.06993802646878,-89.41274642944336,1269.530652642407,0.945170005353519,0.0,2.0,0.0,0.0,0.0,0.0,1.0,0.0,0.0,0.0,0.0,0.0,0.0,0.0,0.0,0.0,1.0,0.0,0.0,1.0,0.0,1,0.9323215597415372,401520311,2023
6.0,0.0,1.0,1311.0,576.0,576.0,11.026808713825016,38.03112372855688,-78.51370811462402,730.0812425015952,0.8088373983739838,0.0,2.0,0.0,1.0,0.0,0.0,0.0,0.0,0.0,0.0,0.0,0.0,0.0,0.0,0.0,0.0,1.0,0.0,0.0,1.0,0.0,0,0.6225853658536585,401525522,2023
6.0,0.0,0.0,984.0,-525.0,525.0,9.741027444837728,42.377513236004525,-72.53562686052412,918.0380387358066,0.5293921568627451,0.0,3.0,0.0,0.0,0.0,0.0,0.0,0.0,1.0,0.0,0.0,0.0,0.0,0.0,0.0,0.0,1.0,0.0,0.0,1.0,0.0,0,0.5660588235294117,401526837,2023
6.0,0.0,0.0,1525.0,-50.0,50.0,10.961000030318813,35.80075968207897,-78.71948719024658,439.15181367882974,0.9884688189222514,0.0,3.0,0.0,1.0,0.0,0.0,0.0,0.0,0.0,0.0,0.0,0.0,0.0,0.0,0.0,0.0,1.0,1.0,0.0,0.0,0.0,2,0.9884688189222514,401525521,2023
6.0,1.0,0.0,1102.0,-420.0,420.0,11.13507066006998,39.900748900488125,-75.16749143600464,2419.4135800297627,0.19758166501293792,0.0,3.0,0.0,0.0,1.0,0.0,0.0,0.0,0.0,0.0,0.0,0.0,0.0,0.0,0.0,0.0,1.0,1.0,0.0,0.0,0.0,0,0.2683126130858577,401531389,2023
6.0,1.0,0.0,1329.0,-15.0,15.0,10.275533751098848,42.99906838239644,-78.7775194644928,489.23587550383155,0.49760452211077794,0.0,2.0,0.0,0.0,0.0,0.0,0.0,0.0,0.0,1.0,0.0,0.0,0.0,0.0,0.0,0.0,1.0,1.0,0.0,0.0,0.0,0,0.4168131527246407,401532415,2023
6.0,0.0,1.0,1311.0,576.0,576.0,10.760686237600595,42.06539966752991,-87.69249558448792,730.0812425015952,0.4248037343517929,0.0,3.0,0.0,0.0,0.0,0.0,1.0,0.0,0.0,0.0,0.0,0.0,0.0,0.0,0.0,0.0,1.0,1.0,0.0,0.0,0.0,0,0.4701888393804371,401520306,2023
6.0,1.0,0.0,1678.0,54.0,54.0,11.435428680349185,34.16156958726264,-118.1676149368286,1400.326500077446,0.4433014198958311,0.0,2.0,0.0,0.0,0.0,0.0,0.0,0.0,0.0,0.0,0.0,1.0,0.0,0.0,0.0,0.0,1.0,0.0,0.0,1.0,0.0,0,0.3829288323139763,401524028,2023
6.0,1.0,0.0,1644.0,128.0,128.0,11.164587103533947,41.65838893680983,-91.55147552490234,411.6119665172927,0.981086633137352,0.0,3.0,0.0,0.0,0.0,0.0,1.0,0.0,0.0,0.0,0.0,0.0,0.0,0.0,0.0,0.0,1.0,1.0,0.0,0.0,0.0,2,0.981086633137352,401520302,2023
6.0,1.0,0.0,1733.0,-242.0,242.0,11.539898402471655,30.61009757817476,-96.34072922859283,878.2091030780176,0.9512684985999306,0.0,3.0,0.26789536303178,0.0,0.0,0.0,0.0,0.0,0.0,0.0,0.0,0.0,1.0,0.0,0.0,0.0,1.0,1.0,0.0,0.0,0.0,2,1.0,401520310,2023
6.0,1.0,0.0,1748.0,203.0,203.0,11.308370569092329,34.67874665741346,-82.84317970275879,282.34028609628274,0.9991615541922291,0.0,3.0,0.006064221095536393,1.0,0.0,0.0,0.0,0.0,0.0,0.0,0.0,0.0,0.0,0.0,0.0,0.0,1.0,1.0,0.0,0.0,0.0,2,0.9915337423312884,401525517,2023
6.0,1.0,0.0,1871.0,447.0,447.0,11.31813853725963,30.437547584621285,-84.30453398103501,835.034705091371,0.904823815309842,0.0,1.0,0.1178420261576753,1.0,0.0,0.0,0.0,0.0,0.0,0.0,0.0,0.0,0.0,0.0,0.0,0.0,1.0,1.0,0.0,0.0,0.0,2,0.9667071688942892,401525518,2023
6.0,1.0,0.0,1671.0,78.0,78.0,11.050588372585487,35.90698834747853,-79.04791831970215,831.0315579394459,0.7593759923785328,0.0,2.0,0.026631205673758762,1.0,0.0,0.0,0.0,0.0,0.0,0.0,0.0,0.0,0.0,0.0,0.0,0.0,1.0,1.0,0.0,0.0,0.0,1,0.8018418545570022,401525520,2023
6.0,1.0,0.0,1347.0,19.0,19.0,10.434145214930487,38.98483263543365,-76.5071153640747,1958.5356493658533,0.8761470588235294,0.0,2.0,-0.028677965512446058,0.0,1.0,0.0,0.0,0.0,0.0,0.0,0.0,0.0,0.0,0.0,0.0,0.0,1.0,1.0,0.0,0.0,0.0,1,0.8425882352941176,401531433,2023
6.0,1.0,0.0,1544.0,161.0,161.0,10.515993929932415,30.21579609675613,-92.01626413552384,569.7983757746002,0.48590785907859074,0.0,2.0,-0.17729166666666674,0.0,0.0,0.0,0.0,0.0,0.0,0.0,0.0,0.0,0.0,1.0,0.0,0.0,1.0,1.0,0.0,0.0,0.0,0,0.407940379403794,401531884,2023
6.0,1.0,0.0,1363.0,216.0,216.0,10.315630315397533,42.2557607087688,-83.64775657653809,270.8091831544319,0.566274834437086,0.0,2.0,0.040529801324503345,0.0,0.0,0.0,0.0,0.0,0.0,1.0,0.0,0.0,0.0,0.0,0.0,0.0,1.0,1.0,0.0,0.0,0.0,0,0.6190728476821192,401532414,2023
6.0,1.0,0.0,1392.0,155.0,155.0,10.097696506752222,39.51942113142349,-84.73335450140017,227.03762935455538,0.6510746932389031,0.0,1.0,-0.01231818181818184,0.0,0.0,0.0,0.0,0.0,0.0,1.0,0.0,0.0,0.0,0.0,0.0,0.0,1.0,1.0,0.0,0.0,0.0,1,0.7842790084822532,401532416,2023
6.0,1.0,0.0,1542.0,392.0,392.0,10.085850775128717,39.32130908459409,-82.10343944652357,212.9602988919065,0.8425833333333332,0.0,2.0,-0.056128293241695215,0.0,0.0,0.0,0.0,0.0,0.0,1.0,0.0,0.0,0.0,0.0,0.0,0.0,1.0,1.0,0.0,0.0,0.0,1,0.9560416666666668,401532417,2023
6.0,1.0,0.0,1228.0,-24.0,24.0,10.308985993422082,41.07256951528711,-81.50838375091553,612.73785324804,0.2283833333333333,0.0,2.0,0.1067001930305802,0.0,0.0,0.0,0.0,0.0,0.0,1.0,0.0,0.0,0.0,0.0,0.0,0.0,1.0,1.0,0.0,0.0,0.0,0,0.2738666666666666,401532418,2023
6.0,1.0,0.0,1565.0,276.0,276.0,11.391311350092442,29.649868677972304,-82.34866619110107,833.2689512782206,0.9985506919034498,0.0,3.0,-0.052857142857142714,0.0,0.0,0.0,0.0,0.0,0.0,0.0,0.0,0.0,1.0,0.0,0.0,0.0,1.0,1.0,0.0,0.0,0.0,2,1.0,401520299,2023
6.0,1.0,0.0,1458.0,-183.0,183.0,10.821217248604537,38.96294598898537,-95.2463150024414,1731.806557019291,0.8929520081484292,0.0,3.0,0.0,0.0,0.0,1.0,0.0,0.0,0.0,0.0,0.0,0.0,0.0,0.0,0.0,0.0,1.0,1.0,0.0,0.0,0.0,1,0.9208324179664876,401525860,2023
6.0,1.0,0.0,1563.0,445.0,445.0,10.308985993422082,31.799527415252125,-85.95217691586194,626.3204266389384,0.8993000000000001,0.0,3.0,0.04361764705882365,0.0,0.0,0.0,0.0,0.0,0.0,0.0,0.0,0.0,0.0,1.0,0.0,0.0,1.0,1.0,0.0,0.0,0.0,1,0.8985666666666666,401531887,2023
6.0,0.0,0.0,1204.0,27.0,27.0,10.757924157061597,29.71623402909437,-95.40926456451416,2442.425848456382,0.43351773049645387,0.0,3.0,0.0,0.0,1.0,0.0,0.0,0.0,0.0,0.0,0.0,0.0,0.0,0.0,0.0,0.0,1.0,1.0,0.0,0.0,0.0,0,0.4512127659574468,401520309,2023
6.0,1.0,0.0,1356.0,25.0,25.0,10.308985993422082,26.3754535636523,-80.10168313980103,1852.7964571985478,0.6471166666666667,0.0,2.0,-0.08559449311639547,0.0,1.0,0.0,0.0,0.0,0.0,0.0,0.0,0.0,0.0,0.0,0.0,0.0,1.0,0.0,1.0,0.0,0.0,1,0.7025666666666667,401531340,2023
6.0,1.0,0.0,1405.0,124.0,124.0,11.180343650832073,33.426364,-111.932616,942.1462450508437,0.6667189635455889,0.00016153924822659427,4.0,0.08794444444444449,0.0,0.0,0.0,0.0,0.0,0.0,0.0,0.0,1.0,0.0,0.0,0.0,0.0,1.0,1.0,0.0,0.0,0.0,1,0.7542743982372465,401524026,2023
6.0,1.0,0.0,2037.0,326.0,326.0,11.437630634933093,33.949821489498824,-83.37344169616699,464.1695702280679,1.0,0.0,4.0,0.11296158612143747,0.0,0.0,0.0,0.0,0.0,0.0,0.0,0.0,0.0,1.0,0.0,0.0,0.0,1.0,0.0,1.0,0.0,0.0,2,1.0,401520300,2023
6.0,1.0,0.0,1189.0,-322.0,322.0,10.323118516117193,32.53106869451547,-92.06644075067642,730.0812425015952,0.5695270647779932,0.0,3.0,0.022550044215773002,0.0,0.0,0.0,0.0,0.0,0.0,0.0,0.0,0.0,0.0,1.0,0.0,0.0,1.0,0.0,1.0,0.0,0.0,0,0.3976402537220232,401531885,2023
6.0,1.0,0.0,1215.0,-154.0,154.0,10.491301994830229,31.32897842661232,-89.33133065700531,1347.480077484143,0.7099722222222221,0.0,3.0,-0.1482416686393645,0.0,0.0,0.0,0.0,0.0,0.0,0.0,0.0,0.0,0.0,1.0,0.0,0.0,1.0,0.0,1.0,0.0,0.0,0,0.6391944444444444,401531886,2023
6.0,1.0,0.0,1649.0,-355.0,355.0,10.86906356408504,44.97652496911191,-93.224575817585,819.5278026083067,0.9358654608916389,0.0,3.0,0.0012400822128577627,0.0,0.0,0.0,1.0,0.0,0.0,0.0,0.0,0.0,0.0,0.0,0.0,0.0,1.0,0.0,1.0,0.0,0.0,2,0.9934126606377915,401520303,2023
6.0,1.0,0.0,1679.0,69.0,69.0,11.01173659154304,34.362154302992906,-89.53414626020904,462.54278635227024,0.9973423572136019,0.0,3.0,0.01869606434651727,0.0,0.0,0.0,0.0,0.0,0.0,0.0,0.0,0.0,1.0,0.0,0.0,0.0,1.0,0.0,1.0,0.0,0.0,2,1.0,401520308,2023
6.0,0.0,0.0,1677.0,-179.0,179.0,10.915106645867503,38.20542168521144,-85.75810561566809,390.5130525380654,0.8506090909090909,0.0,2.0,0.33944197283521405,1.0,0.0,0.0,0.0,0.0,0.0,0.0,0.0,0.0,0.0,0.0,0.0,0.0,1.0,0.0,1.0,0.0,0.0,2,1.0,401525439,2023
6.0,1.0,0.0,1584.0,235.0,235.0,11.087160706070168,25.957933739028963,-80.23884057998657,956.5596841467365,0.7036146914449581,0.0,3.0,0.040565829258962294,1.0,0.0,0.0,0.0,0.0,0.0,0.0,0.0,0.0,0.0,0.0,0.0,0.0,1.0,0.0,1.0,0.0,0.0,1,0.888543612038086,401525519,2023
6.0,1.0,0.0,1514.0,-99.0,99.0,10.717546203426988,31.55866263551169,-97.11560010910034,499.70715450005105,0.9833241027913158,-0.00411866784817605,4.0,-0.0824583333333333,0.0,0.0,1.0,0.0,0.0,0.0,0.0,0.0,0.0,0.0,0.0,0.0,0.0,1.0,0.0,1.0,0.0,0.0,2,0.9884802835622508,401525858,2023
6.0,1.0,0.0,1499.0,-174.0,174.0,11.026808713825016,42.01400541108485,-93.6358094215393,1085.568183082949,0.9689430894308942,0.0,3.0,-0.04532499999999995,0.0,0.0,1.0,0.0,0.0,0.0,0.0,0.0,0.0,0.0,0.0,0.0,0.0,1.0,0.0,1.0,0.0,0.0,2,0.9843089430894308,401525859,2023
6.0,1.0,0.0,1376.0,77.0,77.0,10.146982600098235,41.75153188612883,-111.81210567885644,730.0812425015952,0.7844628228746129,0.0,2.0,0.05162903225806453,0.0,0.0,0.0,0.0,0.0,0.0,0.0,1.0,0.0,0.0,0.0,0.0,0.0,1.0,0.0,1.0,0.0,0.0,1,0.8961705797044643,401532590,2023
6.0,1.0,0.0,1401.0,-376.0,376.0,10.281307359823968,41.31193599299248,-105.56906461715698,1321.1742973525638,0.8157448339673075,-0.030222290759969406,4.0,0.02164393495662853,0.0,0.0,0.0,0.0,0.0,0.0,0.0,1.0,0.0,0.0,0.0,0.0,0.0,1.0,0.0,1.0,0.0,0.0,1,0.7123813440252219,401532591,2023
6.0,1.0,0.0,1541.0,193.0,193.0,10.518700218288165,43.6027080538683,-116.19591236114502,847.0554820802396,0.9737432432432431,0.0,2.0,-0.102979274611399,0.0,0.0,0.0,0.0,0.0,0.0,0.0,1.0,0.0,0.0,0.0,0.0,0.0,1.0,1.0,0.0,0.0,0.0,2,1.0,401532592,2023
6.0,1.0,0.0,1518.0,-252.0,252.0,11.046403766760761,37.87068660370429,-122.2507095336914,748.7208978356297,0.6128269315602893,0.0,3.0,0.13416335896799803,0.0,0.0,0.0,0.0,0.0,0.0,0.0,0.0,1.0,0.0,0.0,0.0,0.0,1.0,0.0,1.0,0.0,0.0,0,0.5569462825071352,401524027,2023
6.0,1.0,0.0,1850.0,384.0,384.0,11.446871128898794,34.01400974062912,-118.28789591789246,711.514105030053,0.6891934719981768,0.0,3.0,0.15507976034041446,0.0,0.0,0.0,0.0,0.0,0.0,0.0,0.0,1.0,0.0,0.0,0.0,0.0,1.0,0.0,1.0,0.0,0.0,0,0.6721292211052592,401524025,2023
7.0,1.0,0.0,1275.0,24.0,24.0,10.34177474101152,35.85110908054087,-86.36844992637634,685.785349871105,0.532010752688172,0.0,3.0,-0.19574050031141405,0.0,0.0,0.0,0.0,1.0,0.0,0.0,0.0,0.0,0.0,0.0,0.0,1.0,0.0,0.0,1.0,0.0,0.0,0,0.3097419354838709,401520313,2023
7.0,1.0,0.0,1524.0,-48.0,48.0,10.085850775128717,33.82031030570401,-85.76646566390991,713.6359598456145,0.8364444444444444,0.0,3.0,-0.024989111264136166,0.0,0.0,0.0,0.0,1.0,0.0,0.0,0.0,0.0,0.0,0.0,0.0,1.0,0.0,0.0,1.0,0.0,0.0,1,0.9060416666666666,401520312,2023
7.0,1.0,0.0,1558.0,162.0,162.0,10.600850832843811,36.21151530169309,-81.68550610542297,362.46540364018534,0.9490514837681736,0.0,2.0,0.2200411522633745,0.0,0.0,0.0,0.0,0.0,0.0,0.0,0.0,0.0,0.0,1.0,0.0,1.0,0.0,0.0,1.0,0.0,0.0,1,0.8527185819557856,401531888,2023
7.0,1.0,0.0,1063.0,-115.0,115.0,10.064798252418377,25.75249278747405,-80.37786483764648,2626.364378677529,0.7101985815602836,0.0,3.0,-0.0767597614406208,0.0,0.0,0.0,0.0,1.0,0.0,0.0,0.0,0.0,0.0,0.0,0.0,1.0,0.0,0.0,1.0,0.0,0.0,0,0.6328510638297873,401520314,2023
7.0,1.0,0.0,1282.0,-111.0,111.0,10.320354083368734,32.27974938226407,-106.74113631248474,1075.4794983709578,0.49257928791923455,0.0,3.0,-0.07351614583333327,0.0,0.0,0.0,0.0,1.0,0.0,0.0,0.0,0.0,0.0,0.0,0.0,1.0,0.0,0.0,1.0,0.0,0.0,0,0.4222390666710608,401520315,2023
7.0,1.0,0.0,1543.0,51.0,51.0,10.596659732783579,29.721767963293527,-95.34909841095214,1784.4822500125144,0.9079583333333333,0.0,3.0,-0.02808888888888883,0.0,0.0,1.0,0.0,0.0,0.0,0.0,0.0,0.0,0.0,0.0,0.0,1.0,0.0,0.0,1.0,0.0,0.0,1,0.8038,401525862,2023
7.0,1.0,0.0,1398.0,-113.0,113.0,10.819798284210286,35.59642579698931,-77.36522912979126,1808.4794574791283,0.788,0.0,2.0,0.0,0.0,1.0,0.0,0.0,0.0,0.0,0.0,0.0,0.0,0.0,0.0,0.0,1.0,0.0,0.0,1.0,0.0,0.0,0,0.66888,401531415,2023
7.0,1.0,0.0,1559.0,-77.0,77.0,11.041016020812398,35.120856917268995,-89.97805741128388,575.5725358376861,0.4410975740087635,0.0,3.0,-0.14713888888888893,0.0,1.0,0.0,0.0,0.0,0.0,0.0,0.0,0.0,0.0,0.0,1.0,0.0,0.0,0.0,1.0,0.0,0.0,0,0.5708400128246233,401531371,2023
7.0,1.0,0.0,1415.0,-340.0,340.0,10.146982600098235,41.75153188612883,-111.81210567885644,876.3197686092302,0.8216987418178968,0.0,3.0,-0.04085977749272851,0.0,0.0,0.0,0.0,0.0,0.0,0.0,1.0,0.0,0.0,0.0,1.0,0.0,0.0,0.0,1.0,0.0,0.0,0,0.6749500254772077,401532594,2023
7.0,1.0,0.0,1293.0,56.0,56.0,10.823451529776579,40.00939837446321,-105.26688694953918,1490.9143686635384,1.0,0.0,3.0,0.04326065358359954,0.0,0.0,0.0,0.0,0.0,0.0,0.0,0.0,1.0,0.0,0.0,1.0,0.0,0.0,0.0,1.0,0.0,0.0,2,1.0,401524029,2023
7.0,1.0,0.0,1969.0,365.0,365.0,11.530981469769799,33.2074899449518,-87.5503921508789,684.5284157468673,0.9828719026526944,0.0,3.0,0.0106768535664577,0.0,0.0,0.0,0.0,0.0,0.0,0.0,0.0,0.0,1.0,0.0,0.0,0.0,1.0,0.0,0.0,1.0,0.0,2,0.9828719026526944,401520316,2023
7.0,1.0,0.0,2082.0,722.0,722.0,11.586194513897674,42.26586873251738,-83.7487256526947,415.1907857532484,1.0,0.0,4.0,0.04798399032212408,0.0,0.0,0.0,1.0,0.0,0.0,0.0,0.0,0.0,0.0,0.0,0.0,0.0,1.0,0.0,0.0,1.0,0.0,2,1.0,401520321,2023
7.0,1.0,0.0,1515.0,-525.0,525.0,10.94024216782542,40.434323,-86.918485,334.48290522734675,0.9894813829787235,0.005370862884160665,4.0,0.0,0.0,0.0,0.0,1.0,0.0,0.0,0.0,0.0,0.0,0.0,0.0,0.0,0.0,1.0,0.0,0.0,1.0,0.0,2,1.0,401520323,2023
7.0,1.0,0.0,1435.0,-28.0,28.0,10.867710938165587,40.51378289308872,-74.46504457087282,867.908489183301,0.9074141152247683,-0.030861961591743925,4.0,0.0,0.0,0.0,0.0,1.0,0.0,0.0,0.0,0.0,0.0,0.0,0.0,0.0,0.0,1.0,0.0,0.0,1.0,0.0,2,1.0,401520324,2023
7.0,1.0,0.0,1259.0,-844.0,844.0,10.605371456538457,36.14355849696379,-86.80877208709717,396.5652897908501,0.5951239157372986,0.021530359355638184,4.0,0.0,0.0,0.0,0.0,0.0,0.0,0.0,0.0,0.0,0.0,1.0,0.0,0.0,0.0,1.0,0.0,0.0,1.0,0.0,1,0.7063197026022305,401520327,2023
7.0,1.0,0.0,1880.0,368.0,368.0,11.31813853725963,30.437547584621285,-84.30453398103501,1576.7855816472418,0.9357654921020656,0.0,2.0,0.03454853392611407,1.0,0.0,0.0,0.0,0.0,0.0,0.0,0.0,0.0,0.0,0.0,0.0,0.0,1.0,0.0,0.0,1.0,0.0,2,0.9667071688942892,401525524,2023
7.0,1.0,0.0,1577.0,37.0,37.0,10.596659732783579,39.13128425273405,-84.51626143741578,833.7300601211099,0.954825,0.0,3.0,0.07370833333333332,0.0,0.0,1.0,0.0,0.0,0.0,0.0,0.0,0.0,0.0,0.0,0.0,0.0,1.0,0.0,0.0,1.0,0.0,1,0.954825,401525863,2023
7.0,1.0,0.0,1327.0,221.0,221.0,10.336924443719042,33.20393508408917,-97.15922355651855,2093.983795720605,0.6943922204213938,0.0,2.0,-0.1616385996012354,0.0,1.0,0.0,0.0,0.0,0.0,0.0,0.0,0.0,0.0,0.0,0.0,0.0,1.0,0.0,0.0,1.0,0.0,0,0.4433711507293355,401531390,2023
7.0,1.0,0.0,1598.0,76.0,76.0,10.121779353119313,38.43508893585215,-78.87340330403673,719.6286898837187,0.977449955784227,0.0,2.0,-0.11351105245756948,0.0,0.0,0.0,0.0,0.0,0.0,0.0,0.0,0.0,0.0,1.0,0.0,0.0,1.0,0.0,0.0,1.0,0.0,2,1.0,401531890,2023
7.0,1.0,0.0,1373.0,244.0,244.0,10.315630315397533,42.2557607087688,-83.64775657653809,230.1589785540623,0.5838741721854305,0.0,3.0,0.028665020045819167,0.0,0.0,0.0,0.0,0.0,0.0,1.0,0.0,0.0,0.0,0.0,0.0,0.0,1.0,0.0,0.0,1.0,0.0,0,0.6106953642384106,401532422,2023
7.0,1.0,0.0,1194.0,-154.0,154.0,9.636588019266876,35.31028067616406,-80.74049377106525,554.5950064058679,0.9704845239649994,0.0,2.0,-0.017329272202629087,0.0,1.0,0.0,0.0,0.0,0.0,0.0,0.0,0.0,0.0,0.0,0.0,0.0,1.0,1.0,0.0,0.0,0.0,2,1.0,401531405,2023
7.0,1.0,0.0,1137.0,-363.0,363.0,10.021315031649332,40.21602764466651,-85.41769962206614,220.53966005311506,0.5593777777777778,0.0,2.0,0.036666666666666625,0.0,0.0,0.0,0.0,0.0,0.0,1.0,0.0,0.0,0.0,0.0,0.0,0.0,1.0,0.0,0.0,1.0,0.0,0,0.3410222222222222,401532419,2023
7.0,1.0,0.0,1752.0,238.0,238.0,10.903825271935897,40.75994782004573,-111.84882402420044,950.0460006798957,0.9690221821770284,0.0,3.0,0.05397872340425547,0.0,0.0,0.0,0.0,0.0,0.0,0.0,0.0,1.0,0.0,0.0,0.0,0.0,1.0,0.0,0.0,1.0,0.0,1,0.958295790964088,401524033,2023
7.0,0.0,0.0,1478.0,-126.0,126.0,10.545367754151743,41.38708043477422,-73.96408081054688,1507.781461151095,0.7785526315789474,0.0,2.0,0.0,0.0,0.0,0.0,0.0,0.0,1.0,0.0,0.0,0.0,0.0,0.0,0.0,0.0,1.0,1.0,0.0,0.0,0.0,1,0.7323421052631579,401520317,2023
7.0,1.0,0.0,1706.0,227.0,227.0,10.855203341628478,38.99120275144426,-76.94731173248788,975.0800682362258,0.7010684915640323,-0.00594732507110407,4.0,0.054125510746371286,0.0,0.0,0.0,1.0,0.0,0.0,0.0,0.0,0.0,0.0,0.0,0.0,0.0,1.0,1.0,0.0,0.0,0.0,0,0.686846067719393,401520320,2023
7.0,0.0,0.0,1943.0,950.0,950.0,11.576585475330184,40.81215273275043,-77.85620212554932,475.3468105982777,1.0,0.0,3.0,-0.06380794701986747,0.0,0.0,0.0,1.0,0.0,0.0,0.0,0.0,0.0,0.0,0.0,0.0,0.0,1.0,1.0,0.0,0.0,0.0,2,0.9902507225162333,401520322,2023
7.0,1.0,0.0,1549.0,-46.0,46.0,11.292914501973813,33.97259115457693,-81.02021634578705,496.7692567473778,0.9756510903426792,0.0,2.0,0.029412869942398445,0.0,0.0,0.0,0.0,0.0,0.0,0.0,0.0,0.0,1.0,0.0,0.0,0.0,1.0,1.0,0.0,0.0,0.0,2,0.9875015576323988,401520325,2023
7.0,1.0,0.0,1901.0,162.0,162.0,11.537188717105908,35.95473437262258,-83.92533302307129,1296.6568488159253,0.994729393392221,0.0,3.0,-0.0035514190368306497,0.0,0.0,0.0,0.0,0.0,0.0,0.0,0.0,0.0,1.0,0.0,0.0,0.0,1.0,1.0,0.0,0.0,0.0,2,0.994729393392221,401520326,2023
7.0,1.0,0.0,1900.0,77.0,77.0,11.163382173096926,47.65043054401222,-122.30291984739304,403.8003174113247,0.9442553191489362,0.0,3.0,0.02425999999999995,0.0,0.0,0.0,0.0,0.0,0.0,0.0,0.0,1.0,0.0,0.0,0.0,0.0,1.0,0.0,0.0,1.0,0.0,2,1.0,401524034,2023
7.0,1.0,0.0,1415.0,-133.0,133.0,11.100949205246406,37.2199742830054,-80.41805505752563,126.2802585624981,0.99092597345734,0.0,3.0,-0.0007817953827021218,1.0,0.0,0.0,0.0,0.0,0.0,0.0,0.0,0.0,0.0,0.0,0.0,0.0,1.0,1.0,0.0,0.0,0.0,2,0.99092597345734,401525527,2023
7.0,1.0,0.0,1497.0,-62.0,62.0,11.005743196119036,36.12570866235855,-97.06650495529176,353.9333911639264,0.8943339200903384,0.0,3.0,0.010497507965520958,0.0,0.0,1.0,0.0,0.0,0.0,0.0,0.0,0.0,0.0,0.0,0.0,0.0,1.0,1.0,0.0,0.0,0.0,1,0.8943339200903384,401525864,2023
7.0,1.0,0.0,1632.0,80.0,80.0,10.714439990727769,32.70991596942349,-97.36799597740172,1525.2863913017486,0.9929777777777777,-0.0023407407407407543,4.0,0.03777635757224729,0.0,0.0,1.0,0.0,0.0,0.0,0.0,0.0,0.0,0.0,0.0,0.0,0.0,1.0,1.0,0.0,0.0,0.0,2,0.9910888888888888,401525865,2023
7.0,1.0,0.0,1282.0,175.0,175.0,10.400802314274172,43.577612282574535,-84.77082967758179,386.62034485088486,0.6937053367796868,0.0,2.0,-0.018670681991295512,0.0,0.0,0.0,0.0,0.0,0.0,1.0,0.0,0.0,0.0,0.0,0.0,0.0,1.0,1.0,0.0,0.0,0.0,0,0.5438953930363387,401532420,2023
7.0,1.0,0.0,1391.0,206.0,206.0,10.275533751098848,42.99906838239644,-78.7775194644928,437.88857670914723,0.4706740656487322,0.0,3.0,0.0361893172023288,0.0,0.0,0.0,0.0,0.0,0.0,1.0,0.0,0.0,0.0,0.0,0.0,0.0,1.0,1.0,0.0,0.0,0.0,0,0.5237652086995485,401532421,2023
7.0,1.0,0.0,1246.0,-198.0,198.0,10.315630315397533,42.285755487470176,-85.60100421309471,316.1221425490712,0.6839735099337748,0.0,2.0,0.057339999999999974,0.0,0.0,0.0,0.0,0.0,0.0,1.0,0.0,0.0,0.0,0.0,0.0,0.0,1.0,1.0,0.0,0.0,0.0,0,0.6635430463576159,401532423,2023
7.0,1.0,0.0,1706.0,61.0,61.0,11.293798835013952,43.06993802646878,-89.41274642944336,235.5945213100603,0.940887190149525,0.0,3.0,0.02643902439024398,0.0,0.0,0.0,1.0,0.0,0.0,0.0,0.0,0.0,0.0,0.0,0.0,0.0,1.0,1.0,0.0,0.0,0.0,1,0.9487556180824442,401520328,2023
7.0,1.0,0.0,1373.0,-190.0,190.0,10.146472946063877,41.934014,-88.778222,633.5449031634527,0.4595098039215686,0.0,2.0,0.07578871185297587,0.0,0.0,0.0,0.0,0.0,0.0,1.0,0.0,0.0,0.0,0.0,0.0,0.0,1.0,1.0,0.0,0.0,0.0,0,0.4369803921568627,401532424,2023
7.0,1.0,0.0,1224.0,-183.0,183.0,10.308985993422082,39.54692485017159,-119.8175597190857,730.0812425015952,0.6617333333333333,0.0,1.0,-0.026174757281553385,0.0,0.0,0.0,0.0,0.0,0.0,0.0,1.0,0.0,0.0,0.0,0.0,0.0,1.0,1.0,0.0,0.0,0.0,1,0.8192666666666667,401532597,2023
7.0,1.0,0.0,1113.0,-235.0,235.0,10.577069577601234,35.06761048267165,-106.6281028358157,1388.723552514185,0.5697149704262696,0.0,2.0,-0.03836125892732106,0.0,0.0,0.0,0.0,0.0,0.0,0.0,1.0,0.0,0.0,0.0,0.0,0.0,1.0,1.0,0.0,0.0,0.0,0,0.3321180909647155,401532596,2023
7.0,1.0,0.0,1488.0,-230.0,230.0,11.133142723386813,40.44678376501633,-80.01575589179993,553.0858514031188,0.697066276803119,0.0,3.0,0.0,1.0,0.0,0.0,0.0,0.0,0.0,0.0,0.0,0.0,0.0,0.0,0.0,0.0,1.0,0.0,1.0,0.0,0.0,0,0.6768421052631579,401525525,2023
7.0,1.0,0.0,1743.0,118.0,118.0,11.535879982582413,30.4120123982997,-91.183819770813,592.1638249029945,0.9645282981988058,0.0,2.0,0.07013325805729409,0.0,0.0,0.0,0.0,0.0,0.0,0.0,0.0,0.0,1.0,0.0,0.0,0.0,1.0,0.0,1.0,0.0,0.0,2,1.0,401520319,2023
7.0,1.0,0.0,1615.0,144.0,144.0,10.38124231399123,46.731967978653024,-117.16058578781136,1697.1632371481958,0.9105577606880013,0.0,3.0,0.0976984232626371,0.0,0.0,0.0,0.0,0.0,0.0,0.0,0.0,1.0,0.0,0.0,0.0,0.0,1.0,1.0,0.0,0.0,0.0,1,0.8110580501116348,401524030,2023
7.0,1.0,0.0,1668.0,-101.0,101.0,11.01638071569648,33.59102829801104,-101.87293767929076,782.2935092035242,0.9075613683414939,0.0,3.0,0.06029043952338131,0.0,0.0,1.0,0.0,0.0,0.0,0.0,0.0,0.0,0.0,0.0,0.0,0.0,1.0,1.0,0.0,0.0,0.0,1,0.9234004797739148,401525866,2023
7.0,1.0,0.0,1385.0,298.0,298.0,10.308985993422082,29.89134454879716,-97.92531180559462,629.6205852131267,0.7229166666666667,0.0,2.0,-0.043510848510215805,0.0,0.0,0.0,0.0,0.0,0.0,0.0,0.0,0.0,0.0,1.0,0.0,0.0,1.0,1.0,0.0,0.0,0.0,1,0.9179,401531891,2023
7.0,1.0,0.0,1797.0,374.0,374.0,10.7513495394883,38.99690743122685,-104.84368801116943,264.6952457591907,0.5240797852594307,0.0,3.0,0.020995015931042027,0.0,0.0,0.0,0.0,0.0,0.0,0.0,1.0,0.0,0.0,0.0,0.0,0.0,1.0,1.0,0.0,0.0,0.0,0,0.6063351323567207,401532598,2023
7.0,1.0,0.0,1645.0,119.0,119.0,11.036404644896228,38.02262168129363,-84.50520515441895,688.6987823187834,0.9715950268146168,0.010968761910897129,4.0,0.07662123089632378,0.0,0.0,0.0,0.0,0.0,0.0,0.0,0.0,0.0,1.0,0.0,0.0,0.0,1.0,0.0,1.0,0.0,0.0,2,0.9929299598988612,401520318,2023
7.0,0.0,0.0,1815.0,-30.0,30.0,11.299682738333281,41.69842312158612,-86.23382449150085,2921.8405903671064,0.960727767807414,0.0,3.0,0.05911406762799948,0.0,0.0,0.0,0.0,0.0,1.0,0.0,0.0,0.0,0.0,0.0,0.0,0.0,1.0,0.0,1.0,0.0,0.0,2,0.960727767807414,401524031,2023
7.0,1.0,0.0,1752.0,188.0,188.0,11.050588372585487,35.90698834747853,-79.04791831970215,1112.0702964386676,0.7735312797713559,0.0,3.0,0.08083814860211289,1.0,0.0,0.0,0.0,0.0,0.0,0.0,0.0,0.0,0.0,0.0,0.0,0.0,1.0,0.0,1.0,0.0,0.0,1,0.8018418545570022,401525526,2023
7.0,1.0,0.0,1774.0,87.0,87.0,10.729306381246207,44.5594768421455,-123.2814073562622,1236.2922637036577,0.7932375822860562,0.0,3.0,0.006086460842542829,0.0,0.0,0.0,0.0,0.0,0.0,0.0,0.0,1.0,0.0,0.0,0.0,0.0,1.0,1.0,0.0,0.0,0.0,1,0.8232254674431843,401524032,2023
7.0,1.0,0.0,1676.0,139.0,139.0,10.43240846457121,35.9953166502013,-78.94172430038452,29.474333201507783,0.7454185203735895,-0.06224281350971783,4.0,-0.21998373983739838,1.0,0.0,0.0,0.0,0.0,0.0,0.0,0.0,0.0,0.0,0.0,0.0,0.0,1.0,0.0,1.0,0.0,0.0,1,0.9378922247429364,401525523,2023
7.0,1.0,0.0,1518.0,62.0,62.0,11.082157933374816,29.41693712868156,-98.47890257835388,730.0812425015952,0.5883076923076923,0.0,2.0,-0.04070548696844989,0.0,1.0,0.0,0.0,0.0,0.0,0.0,0.0,0.0,0.0,0.0,0.0,0.0,1.0,0.0,1.0,0.0,0.0,0,0.366276923076923,401531381,2023
8.0,1.0,0.0,1611.0,326.0,326.0,9.862717639992917,37.354414,-79.175047,663.3350661841043,0.9567881944444444,0.0,3.0,-0.025379428409348204,0.0,0.0,0.0,0.0,1.0,0.0,0.0,0.0,0.0,0.0,0.0,0.0,1.0,0.0,0.0,1.0,0.0,0.0,1,0.8517708333333334,401520330,2023
8.0,1.0,0.0,1485.0,-44.0,44.0,10.085850775128717,33.82031030570401,-85.76646566390991,357.43473866610645,0.85384375,0.03486458333333331,4.0,-0.07302754548595995,0.0,0.0,0.0,0.0,1.0,0.0,0.0,0.0,0.0,0.0,0.0,0.0,1.0,0.0,0.0,1.0,0.0,0.0,1,0.7490416666666667,401520329,2023
8.0,1.0,0.0,1355.0,310.0,310.0,9.546884034617925,30.71394673763343,-95.54191589355467,1582.9654118459525,1.0,0.0,1.0,-0.285708195877138,0.0,0.0,0.0,0.0,1.0,0.0,0.0,0.0,0.0,0.0,0.0,0.0,1.0,0.0,0.0,1.0,0.0,0.0,0,0.5387857142857143,401520331,2023
8.0,1.0,0.0,1196.0,-124.0,124.0,10.849356503939038,31.77334530512776,-106.50789678096773,60.4501730122917,0.4393592233009708,0.0,3.0,0.1393240692348223,0.0,0.0,0.0,0.0,1.0,0.0,0.0,0.0,0.0,0.0,0.0,0.0,1.0,0.0,0.0,1.0,0.0,0.0,0,0.3830485436893204,401520332,2023
8.0,1.0,0.0,1330.0,141.0,141.0,10.478498510076376,36.14886067519205,-95.943603515625,717.0076062216646,0.6182544595126892,0.0,3.0,-0.3291297811925839,0.0,1.0,0.0,0.0,0.0,0.0,0.0,0.0,0.0,0.0,0.0,0.0,1.0,0.0,0.0,1.0,0.0,0.0,0,0.5212706094198413,401531341,2023
8.0,1.0,0.0,1518.0,-144.0,144.0,10.54586761604242,38.42486536179161,-82.42185831069946,309.07680917752685,0.6946351385710653,0.0,3.0,-0.02653391408301653,0.0,0.0,0.0,0.0,0.0,0.0,0.0,0.0,0.0,0.0,1.0,0.0,1.0,0.0,0.0,1.0,0.0,0.0,0,0.5815250269602041,401531893,2023
8.0,1.0,0.0,1049.0,-503.0,503.0,11.13507066006998,39.900748900488125,-75.16749143600464,2081.8471857729414,0.21526440203116787,0.011169964396194498,4.0,-0.03970666666666667,0.0,1.0,0.0,0.0,0.0,0.0,0.0,0.0,0.0,0.0,0.0,1.0,0.0,0.0,0.0,1.0,0.0,0.0,0,0.1638942391875328,401531391,2023
8.0,1.0,0.0,1607.0,69.0,69.0,11.184435286790631,36.067850785167344,-94.17879581451416,571.1284176165436,1.0,0.0,2.0,0.00037383177570082804,0.0,0.0,0.0,0.0,0.0,0.0,0.0,0.0,0.0,1.0,0.0,0.0,0.0,1.0,0.0,0.0,1.0,0.0,2,0.993125,401520334,2023
8.0,1.0,0.0,2073.0,63.0,63.0,11.561191682379716,40.0016856893694,-83.01972806453705,446.3176331005068,0.9784837627687147,0.0,3.0,0.0819079345987628,0.0,0.0,0.0,1.0,0.0,0.0,0.0,0.0,0.0,0.0,0.0,0.0,0.0,1.0,0.0,0.0,1.0,0.0,2,1.0,401520343,2023
8.0,1.0,0.0,1369.0,54.0,54.0,10.915106645867503,33.772556921319435,-84.39285278320312,1496.0965567533926,0.5595363636363637,0.0,2.0,0.14409521531100478,1.0,0.0,0.0,0.0,0.0,0.0,0.0,0.0,0.0,0.0,0.0,0.0,0.0,1.0,0.0,0.0,1.0,0.0,0,0.6482909090909091,401525528,2023
8.0,1.0,0.0,1522.0,63.0,63.0,10.596659732783579,39.13128425273405,-84.51626143741578,1417.173828920225,0.954825,0.0,4.0,-0.003133067096176445,0.0,0.0,1.0,0.0,0.0,0.0,0.0,0.0,0.0,0.0,0.0,0.0,0.0,1.0,0.0,0.0,1.0,0.0,1,0.954825,401525868,2023
8.0,1.0,0.0,1939.0,399.0,399.0,11.31585162638907,35.20589959488508,-97.44255065917967,1697.3304258152448,1.0,0.0,3.0,0.013940204909029197,0.0,0.0,1.0,0.0,0.0,0.0,0.0,0.0,0.0,0.0,0.0,0.0,0.0,1.0,0.0,0.0,1.0,0.0,2,1.0,401525871,2023
8.0,0.0,0.0,1365.0,-422.0,422.0,10.434145214930487,38.98483263543365,-76.5071153640747,2438.996058129758,0.8649607843137255,0.0,3.0,-0.037972813238770664,0.0,1.0,0.0,0.0,0.0,0.0,0.0,0.0,0.0,0.0,0.0,0.0,0.0,1.0,0.0,0.0,1.0,0.0,2,1.0,401531434,2023
8.0,1.0,0.0,1531.0,296.0,296.0,10.085850775128717,39.32130908459409,-82.10343944652357,441.8679872613789,0.8804027777777778,0.0,3.0,-0.05513012184773439,0.0,0.0,0.0,0.0,0.0,0.0,1.0,0.0,0.0,0.0,0.0,0.0,0.0,1.0,0.0,0.0,1.0,0.0,0,0.6686666666666666,401532428,2023
8.0,1.0,0.0,1357.0,180.0,180.0,10.819798284210286,35.59642579698931,-77.36522912979126,307.36055551651725,0.7482933333333334,0.0,3.0,-0.0028732421478176637,0.0,1.0,0.0,0.0,0.0,0.0,0.0,0.0,0.0,0.0,0.0,0.0,0.0,1.0,1.0,0.0,0.0,0.0,1,0.79684,401531406,2023
8.0,1.0,0.0,1458.0,362.0,362.0,10.098272780745283,32.41221167634779,-81.78317070007324,964.3939483347192,0.8533058984910836,0.0,3.0,0.0757362424115588,0.0,0.0,0.0,0.0,0.0,0.0,0.0,0.0,0.0,0.0,1.0,0.0,0.0,1.0,1.0,0.0,0.0,0.0,1,0.8669958847736625,401531894,2023
8.0,1.0,0.0,1225.0,118.0,118.0,10.074284623478128,41.37805439803228,-83.62248212099075,180.0355230399357,0.6440735120553026,0.0,2.0,-0.06238376924197971,0.0,0.0,0.0,0.0,0.0,0.0,1.0,0.0,0.0,0.0,0.0,0.0,0.0,1.0,0.0,0.0,1.0,0.0,0,0.4243803743045017,401532429,2023
8.0,1.0,0.0,1966.0,64.0,64.0,11.530981469769799,33.2074899449518,-87.5503921508789,450.9920084006845,0.9828719026526944,0.0,4.0,0.004347924289650806,0.0,0.0,0.0,0.0,0.0,0.0,0.0,0.0,0.0,1.0,0.0,0.0,0.0,1.0,1.0,0.0,0.0,0.0,2,0.9828719026526944,401520333,2023
8.0,1.0,0.0,1498.0,-185.0,185.0,11.013221103411352,40.09930573133053,-88.23598623275757,344.5032157869055,0.8167628152299324,0.003598703367946876,4.0,-0.0021276595744682547,0.0,0.0,0.0,1.0,0.0,0.0,0.0,0.0,0.0,0.0,0.0,0.0,0.0,1.0,1.0,0.0,0.0,0.0,1,0.8934399208834679,401520336,2023
8.0,1.0,0.0,1668.0,97.0,97.0,11.164587103533947,41.65838893680983,-91.55147552490234,392.98001944189144,0.981086633137352,0.0,4.0,0.013729766932500331,0.0,0.0,0.0,1.0,0.0,0.0,0.0,0.0,0.0,0.0,0.0,0.0,0.0,1.0,1.0,0.0,0.0,0.0,2,0.981086633137352,401520338,2023
8.0,1.0,0.0,1580.0,31.0,31.0,11.172812609330474,38.93589529672232,-92.33311414718628,1151.2849719424858,0.8196134498651079,0.03698408460731417,4.0,0.0,0.0,0.0,0.0,0.0,0.0,0.0,0.0,0.0,0.0,1.0,0.0,0.0,0.0,1.0,1.0,0.0,0.0,0.0,1,0.8799038893884892,401520341,2023
8.0,1.0,0.0,1470.0,125.0,125.0,11.37472031017221,40.82048352329494,-96.70571565628052,763.5466089550006,0.9991732785247615,0.0,3.0,-0.18910756901682324,0.0,0.0,0.0,1.0,0.0,0.0,0.0,0.0,0.0,0.0,0.0,0.0,0.0,1.0,1.0,0.0,0.0,0.0,2,0.99630271784685,401520342,2023
8.0,0.0,0.0,1192.0,14.0,14.0,10.596659732783579,41.75988427820291,-72.61894226074219,1775.39800022964,0.6699437500000001,-0.08106874999999991,4.0,0.0,0.0,0.0,0.0,0.0,0.0,1.0,0.0,0.0,0.0,0.0,0.0,0.0,0.0,1.0,1.0,0.0,0.0,0.0,0,0.5426,401520344,2023
8.0,1.0,0.0,1823.0,343.0,343.0,10.896757843893464,44.058272724266615,-123.0685043334961,548.5778553187147,0.9413703703703703,0.0,3.0,-0.06037258758185482,0.0,0.0,0.0,0.0,0.0,0.0,0.0,0.0,1.0,0.0,0.0,0.0,0.0,1.0,0.0,0.0,1.0,0.0,2,1.0,401524035,2023
8.0,1.0,0.0,1497.0,-52.0,52.0,10.357774570341576,36.09183481061275,-80.25534152984619,484.69909823733786,0.9512275132275132,0.0,3.0,0.08302500000000002,1.0,0.0,0.0,0.0,0.0,0.0,0.0,0.0,0.0,0.0,0.0,0.0,0.0,1.0,1.0,0.0,0.0,0.0,2,1.0,401525532,2023
8.0,1.0,0.0,1492.0,-18.0,18.0,11.002116507732017,39.65221992482815,-79.9551753012939,1549.271728133868,0.8894888888888889,0.0,3.0,-0.043213890323155535,0.0,0.0,1.0,0.0,0.0,0.0,0.0,0.0,0.0,0.0,0.0,0.0,0.0,1.0,1.0,0.0,0.0,0.0,1,0.8645,401525872,2023
8.0,1.0,0.0,1650.0,266.0,266.0,10.308985993422082,29.945898112528432,-90.11519112306328,759.0317300669967,0.8326416666666667,-0.0221527777777778,4.0,-0.030304918184767955,0.0,1.0,0.0,0.0,0.0,0.0,0.0,0.0,0.0,0.0,0.0,0.0,0.0,1.0,1.0,0.0,0.0,0.0,2,1.0,401531372,2023
8.0,1.0,0.0,1150.0,-132.0,132.0,10.021315031649332,40.21602764466651,-85.41769962206614,377.60235478747234,0.48659259259259263,0.0,3.0,-0.04039568469306862,0.0,0.0,0.0,0.0,0.0,0.0,1.0,0.0,0.0,0.0,0.0,0.0,0.0,1.0,1.0,0.0,0.0,0.0,0,0.6742666666666667,401532425,2023
8.0,1.0,0.0,1405.0,24.0,24.0,10.146472946063877,41.934014,-88.778222,424.7616564493884,0.45199999999999996,0.0,3.0,0.10220645842720562,0.0,0.0,0.0,0.0,0.0,0.0,1.0,0.0,0.0,0.0,0.0,0.0,0.0,1.0,1.0,0.0,0.0,0.0,0,0.3709019607843137,401532426,2023
8.0,1.0,0.0,1121.0,-230.0,230.0,10.12667110305036,41.13908682549516,-81.31343945860863,294.23695898031815,0.48658,0.0,2.0,-0.05232100271002707,0.0,0.0,0.0,0.0,0.0,0.0,1.0,0.0,0.0,0.0,0.0,0.0,0.0,1.0,1.0,0.0,0.0,0.0,0,0.4694,401532430,2023
8.0,1.0,0.0,1543.0,-367.0,367.0,10.596659732783579,29.721767963293527,-95.34909841095214,237.83954215110631,0.88191875,-0.021543749999999973,4.0,0.011117264805789506,0.0,0.0,1.0,0.0,0.0,0.0,0.0,0.0,0.0,0.0,0.0,0.0,0.0,1.0,1.0,0.0,0.0,0.0,2,1.0,401525869,2023
8.0,1.0,0.0,1455.0,-32.0,32.0,10.097696506752222,39.51942113142349,-84.73335450140017,255.82528000079114,0.7176768508605782,0.0,2.0,-0.09084444444444445,0.0,0.0,0.0,0.0,0.0,0.0,1.0,0.0,0.0,0.0,0.0,0.0,0.0,1.0,1.0,0.0,0.0,0.0,1,0.7132092563616899,401532427,2023
8.0,1.0,0.0,1476.0,-85.0,85.0,10.308985993422082,26.3754535636523,-80.10168313980103,1835.3272323404308,0.6656,0.0,3.0,0.035365474036459885,0.0,1.0,0.0,0.0,0.0,0.0,0.0,0.0,0.0,0.0,0.0,0.0,0.0,1.0,0.0,1.0,0.0,0.0,0,0.5747,401531397,2023
8.0,1.0,0.0,1065.0,-53.0,53.0,10.577069577601234,35.06761048267165,-106.6281028358157,730.0812425015952,0.49051601060575156,0.0,3.0,0.1306666666666665,0.0,0.0,0.0,0.0,0.0,0.0,0.0,1.0,0.0,0.0,0.0,0.0,0.0,1.0,1.0,0.0,0.0,0.0,0,0.3498623291862125,401532600,2023
8.0,1.0,0.0,1756.0,443.0,443.0,11.050588372585487,35.90698834747853,-79.04791831970215,240.9125651888295,0.7806089234677676,-0.007077643696411506,4.0,0.07183115310718546,1.0,0.0,0.0,0.0,0.0,0.0,0.0,0.0,0.0,0.0,0.0,0.0,0.0,1.0,0.0,1.0,0.0,0.0,1,0.8018418545570022,401525531,2023
8.0,1.0,0.0,1559.0,-126.0,126.0,11.378845350396778,32.602361666817515,-85.48891067504883,423.0808223131806,1.0,0.0,3.0,0.050449999999999995,0.0,0.0,0.0,0.0,0.0,0.0,0.0,0.0,0.0,1.0,0.0,0.0,0.0,1.0,0.0,1.0,0.0,0.0,1,0.7263839178511395,401520335,2023
8.0,1.0,0.0,1471.0,-166.0,166.0,11.062347921549595,40.25748799746312,-111.65443897247314,1141.298625654428,0.9601935399503073,0.0,3.0,-0.038651076281199126,0.0,0.0,1.0,0.0,0.0,0.0,0.0,0.0,0.0,0.0,0.0,0.0,0.0,1.0,1.0,0.0,0.0,0.0,2,0.9968301294625344,401525867,2023
8.0,1.0,0.0,1800.0,87.0,87.0,10.819798284210286,39.20186361814248,-96.59379243850708,725.2180796210398,1.0,0.0,3.0,-0.014979573170731675,0.0,0.0,1.0,0.0,0.0,0.0,0.0,0.0,0.0,0.0,0.0,0.0,0.0,1.0,0.0,1.0,0.0,0.0,2,1.0,401525870,2023
8.0,1.0,0.0,1366.0,-177.0,177.0,9.909419921189237,36.88878131523489,-76.30567610263824,486.35918941854686,0.8842495940617026,0.0,3.0,0.010441852879510105,0.0,0.0,0.0,0.0,0.0,0.0,0.0,0.0,0.0,0.0,1.0,0.0,0.0,1.0,0.0,1.0,0.0,0.0,2,0.9949796202405806,401531895,2023
8.0,1.0,0.0,1077.0,-334.0,334.0,10.34061281337216,35.84899009532366,-90.66769494362912,1087.1006726880637,0.5345131981225509,0.0,3.0,0.06185412522549327,0.0,0.0,0.0,0.0,0.0,0.0,0.0,0.0,0.0,0.0,1.0,0.0,0.0,1.0,0.0,1.0,0.0,0.0,0,0.5886836326056065,401531896,2023
8.0,1.0,0.0,1396.0,-33.0,33.0,10.324071131775993,37.320105186690846,-121.86811613079064,992.2601816776007,0.5547346992382454,0.0,3.0,-0.21858471793883327,0.0,0.0,0.0,0.0,0.0,0.0,0.0,1.0,0.0,0.0,0.0,0.0,0.0,1.0,1.0,0.0,0.0,0.0,0,0.4934331494615183,401532602,2023
8.0,0.0,0.0,1809.0,365.0,365.0,11.535879982582413,30.4120123982997,-91.183819770813,1967.1767524293186,0.9763521987992038,0.0,3.0,-0.11960203045685278,0.0,0.0,0.0,0.0,0.0,0.0,0.0,0.0,0.0,1.0,0.0,0.0,0.0,1.0,0.0,1.0,0.0,0.0,2,0.9946736251600355,401520339,2023
8.0,1.0,0.0,1462.0,-661.0,661.0,11.225323389318618,42.7281691163326,-84.48487535119057,79.27785072209765,0.9376641557229519,0.0,2.0,0.029393640979505198,0.0,0.0,0.0,1.0,0.0,0.0,0.0,0.0,0.0,0.0,0.0,0.0,0.0,1.0,0.0,1.0,0.0,0.0,2,0.989347376841544,401520340,2023
8.0,1.0,0.0,1941.0,230.0,230.0,11.31813853725963,30.437547584621285,-84.30453398103501,793.9157849264235,0.9460793843661403,0.0,3.0,0.01418750000000002,1.0,0.0,0.0,0.0,0.0,0.0,0.0,0.0,0.0,0.0,0.0,0.0,0.0,1.0,0.0,1.0,0.0,0.0,2,0.9667071688942892,401525530,2023
8.0,1.0,0.0,1768.0,-7.0,7.0,11.446871128898794,34.01400974062912,-118.28789591789246,940.826977635648,0.6849274092749473,0.0025033740354175604,4.0,0.005311012573960161,0.0,0.0,0.0,0.0,0.0,0.0,0.0,0.0,1.0,0.0,0.0,0.0,0.0,1.0,1.0,0.0,0.0,0.0,0,0.6575469783242707,401524037,2023
8.0,1.0,0.0,1560.0,-185.0,185.0,11.087160706070168,25.957933739028963,-80.23884057998657,1001.2901642956778,0.7498469215932401,-0.00020155323556725335,4.0,0.1368934010152284,1.0,0.0,0.0,0.0,0.0,0.0,0.0,0.0,0.0,0.0,0.0,0.0,0.0,1.0,0.0,1.0,0.0,0.0,1,0.7433793589076325,401525529,2023
8.0,1.0,0.0,1542.0,10.0,10.0,10.515993929932415,30.21579609675613,-92.01626413552384,730.0812425015952,0.45991869918699185,0.0,3.0,-0.0703175645257959,0.0,0.0,0.0,0.0,0.0,0.0,0.0,0.0,0.0,0.0,1.0,0.0,0.0,1.0,0.0,1.0,0.0,0.0,0,0.5431978319783198,401531897,2023
8.0,1.0,0.0,1900.0,507.0,507.0,11.163382173096926,47.65043054401222,-122.30291984739304,1804.4491161428916,0.9581914893617022,0.00036643026004723467,4.0,-0.09762105968078827,0.0,0.0,0.0,0.0,0.0,0.0,0.0,0.0,1.0,0.0,0.0,0.0,0.0,1.0,0.0,1.0,0.0,0.0,2,0.9699148936170212,401524038,2023
9.0,1.0,0.0,1241.0,-119.0,119.0,10.328787967145063,32.53223809915824,-92.6560188758494,1321.6288641311937,0.538390522875817,0.0019144880174292167,4.0,0.07411248628599805,0.0,0.0,0.0,0.0,1.0,0.0,0.0,0.0,0.0,0.0,0.0,0.0,1.0,0.0,0.0,1.0,0.0,0.0,0,0.4509150326797385,401520345,2023
9.0,1.0,0.0,1527.0,-76.0,76.0,10.003966171102347,36.98487662989466,-86.459013971646,646.5461344253877,0.7666983222538778,0.0,3.0,0.006539666564649956,0.0,0.0,0.0,0.0,1.0,0.0,0.0,0.0,0.0,0.0,0.0,0.0,1.0,0.0,0.0,1.0,0.0,0.0,1,0.7251842807398363,401520346,2023
9.0,1.0,0.0,1081.0,-406.0,406.0,10.064798252418377,25.75249278747405,-80.37786483764648,1036.4731291426633,0.6908617021276595,-0.009117021276595527,4.0,-0.16579032258064524,0.0,0.0,0.0,0.0,1.0,0.0,0.0,0.0,0.0,0.0,0.0,0.0,1.0,0.0,0.0,1.0,0.0,0.0,0,0.5988936170212766,401520347,2023
9.0,1.0,0.0,1319.0,163.0,163.0,9.546884034617925,30.71394673763343,-95.54191589355467,1048.6934933087057,0.7693928571428572,0.0,2.0,-0.07705363958555855,0.0,0.0,0.0,0.0,1.0,0.0,0.0,0.0,0.0,0.0,0.0,0.0,1.0,0.0,0.0,1.0,0.0,0.0,0,0.4920714285714285,401520348,2023
9.0,1.0,0.0,1466.0,15.0,15.0,11.100949205246406,37.2199742830054,-80.41805505752563,741.8778365331212,0.99092597345734,0.0,4.0,0.03334624821481724,1.0,0.0,0.0,0.0,0.0,0.0,0.0,0.0,0.0,0.0,0.0,0.0,1.0,0.0,0.0,1.0,0.0,0.0,1,0.9094560113538568,401525533,2023
9.0,1.0,0.0,1451.0,-86.0,86.0,10.098272780745283,32.41221167634779,-81.78317070007324,730.0812425015952,0.8567283950617284,0.04136488340192046,4.0,-0.019118665420087944,0.0,0.0,0.0,0.0,0.0,0.0,0.0,0.0,0.0,0.0,1.0,0.0,1.0,0.0,0.0,1.0,0.0,0.0,2,0.9625102880658436,401531929,2023
9.0,1.0,0.0,1193.0,-223.0,223.0,9.636588019266876,35.31028067616406,-80.74049377106525,995.3696846036197,0.9803230159766662,0.0,3.0,0.03593946331405651,0.0,1.0,0.0,0.0,0.0,0.0,0.0,0.0,0.0,0.0,0.0,1.0,0.0,0.0,0.0,1.0,0.0,0.0,1,0.708959122371686,401531407,2023
9.0,1.0,0.0,1301.0,375.0,375.0,10.545367754151743,41.38708043477422,-73.96408081054688,161.59218138771294,0.7631491228070176,0.0,3.0,-0.03677861225181711,0.0,0.0,0.0,0.0,0.0,1.0,0.0,0.0,0.0,0.0,0.0,0.0,0.0,1.0,0.0,0.0,1.0,0.0,1,0.7796052631578947,401520349,2023
9.0,0.0,0.0,1356.0,169.0,169.0,10.703266939811954,42.33510834895851,-71.16647243499756,135.92078941266195,0.8623314606741573,0.06181086142322101,4.0,0.017695035460992936,1.0,0.0,0.0,0.0,0.0,0.0,0.0,0.0,0.0,0.0,0.0,0.0,0.0,1.0,0.0,0.0,1.0,0.0,1,0.8292584269662922,401520351,2023
9.0,1.0,0.0,1341.0,-346.0,346.0,10.760686237600595,42.06539966752991,-87.69249558448792,969.5084211450095,0.436150010608954,0.040347620057995526,4.0,0.01349068768947942,0.0,0.0,0.0,1.0,0.0,0.0,0.0,0.0,0.0,0.0,0.0,0.0,0.0,1.0,0.0,0.0,1.0,0.0,0,0.4092085720347974,401520356,2023
9.0,1.0,0.0,2002.0,712.0,712.0,11.576585475330184,40.81215273275043,-77.85620212554932,760.0878102547754,0.9975626806290583,-0.000812439790313868,4.0,0.02399199516106204,0.0,0.0,0.0,1.0,0.0,0.0,0.0,0.0,0.0,0.0,0.0,0.0,0.0,1.0,0.0,0.0,1.0,0.0,2,1.0,401520358,2023
9.0,1.0,0.0,1738.0,239.0,239.0,11.539898402471655,30.61009757817476,-96.34072922859283,1486.2084476597236,0.963451373949948,0.00460173459355806,4.0,0.020096813174460437,0.0,0.0,0.0,0.0,0.0,0.0,0.0,0.0,0.0,1.0,0.0,0.0,0.0,1.0,0.0,0.0,1.0,0.0,1,0.9276181947378156,401520359,2023
9.0,1.0,0.0,1502.0,-458.0,458.0,10.357774570341576,36.09183481061275,-80.25534152984619,732.6325039964863,0.9634206349206349,0.0033835978835979885,4.0,0.07097714896256968,1.0,0.0,0.0,0.0,0.0,0.0,0.0,0.0,0.0,0.0,0.0,0.0,0.0,1.0,0.0,0.0,1.0,0.0,2,0.9932698412698412,401525536,2023
9.0,1.0,0.0,1546.0,-388.0,388.0,10.821217248604537,38.96294598898537,-95.2463150024414,460.9150758603427,0.8999221106029438,0.026422480078288846,4.0,0.187468347307411,0.0,0.0,1.0,0.0,0.0,0.0,0.0,0.0,0.0,0.0,0.0,0.0,0.0,1.0,0.0,0.0,1.0,0.0,1,0.9433204849114256,401525874,2023
9.0,1.0,0.0,1897.0,341.0,341.0,10.819798284210286,39.20186361814248,-96.59379243850708,1060.2632578848752,1.0,0.0,4.0,-0.04751733429726268,0.0,0.0,1.0,0.0,0.0,0.0,0.0,0.0,0.0,0.0,0.0,0.0,0.0,1.0,0.0,0.0,1.0,0.0,2,1.0,401525875,2023
9.0,1.0,0.0,1545.0,83.0,83.0,10.721591972500457,28.607958859227068,-81.1929988861084,1233.3006476343182,0.9730085534202649,0.0,3.0,-0.06612361111111109,0.0,0.0,1.0,0.0,0.0,0.0,0.0,0.0,0.0,0.0,0.0,0.0,0.0,1.0,0.0,0.0,1.0,0.0,2,0.9738102067383008,401525878,2023
9.0,1.0,0.0,1653.0,434.0,434.0,10.373522431293592,32.83771580994254,-96.782705783844,376.122346319758,0.743375,0.0,3.0,-0.03857966207759698,0.0,1.0,0.0,0.0,0.0,0.0,0.0,0.0,0.0,0.0,0.0,0.0,0.0,1.0,0.0,0.0,1.0,0.0,0,0.65,401531342,2023
9.0,1.0,0.0,1373.0,135.0,135.0,10.315630315397533,42.2557607087688,-83.64775657653809,160.74704328701938,0.5905794701986755,-0.0025331125827814382,4.0,-0.08645131970040973,0.0,0.0,0.0,0.0,0.0,0.0,1.0,0.0,0.0,0.0,0.0,0.0,0.0,1.0,0.0,0.0,1.0,0.0,0,0.539635761589404,401532431,2023
9.0,1.0,0.0,1502.0,-219.0,219.0,10.961000030318813,35.80075968207897,-78.71948719024658,394.7001692127374,0.9884688189222514,0.0,4.0,0.06521291916481042,1.0,0.0,0.0,0.0,0.0,0.0,0.0,0.0,0.0,0.0,0.0,0.0,0.0,1.0,1.0,0.0,0.0,0.0,2,0.9884688189222514,401525534,2023
9.0,1.0,0.0,1389.0,-204.0,204.0,10.336924443719042,33.20393508408917,-97.15922355651855,694.057001793529,0.610718530524041,0.0,3.0,0.0,0.0,1.0,0.0,0.0,0.0,0.0,0.0,0.0,0.0,0.0,0.0,0.0,0.0,1.0,1.0,0.0,0.0,0.0,0,0.5854781199351702,401531430,2023
9.0,1.0,0.0,1555.0,6.0,6.0,11.378845350396778,32.602361666817515,-85.48891067504883,322.34419160725014,0.9315959794627848,-0.02280134017907176,4.0,-0.003250584112149568,0.0,0.0,0.0,0.0,0.0,0.0,0.0,0.0,0.0,1.0,0.0,0.0,0.0,1.0,1.0,0.0,0.0,0.0,2,1.0,401520350,2023
9.0,1.0,0.0,1579.0,178.0,178.0,10.86906356408504,44.97652496911191,-93.224575817585,743.5909412568949,0.950252260828177,-0.01658257972394095,4.0,0.04629294238761583,0.0,0.0,0.0,1.0,0.0,0.0,0.0,0.0,0.0,0.0,0.0,0.0,0.0,1.0,1.0,0.0,0.0,0.0,1,0.902275107091861,401520354,2023
9.0,1.0,0.0,1474.0,-8.0,8.0,11.37472031017221,40.82048352329494,-96.70571565628052,826.6533621101535,0.9984556383552836,0.0003119342603330466,4.0,0.0,0.0,0.0,0.0,1.0,0.0,0.0,0.0,0.0,0.0,0.0,0.0,0.0,0.0,1.0,1.0,0.0,0.0,0.0,2,0.9956137832841512,401520355,2023
9.0,1.0,0.0,1777.0,-47.0,47.0,10.903825271935897,40.75994782004573,-111.84882402420044,990.4329465451035,0.9663405843737933,-0.006690203433670994,4.0,0.04000234042553186,0.0,0.0,0.0,0.0,0.0,0.0,0.0,0.0,1.0,0.0,0.0,0.0,0.0,1.0,0.0,0.0,1.0,0.0,2,0.9853446849199198,401524044,2023
9.0,0.0,0.0,1892.0,348.0,348.0,11.299682738333281,41.69842312158612,-86.23382449150085,539.3653671184356,0.960727767807414,0.0,4.0,0.07160749559082895,0.0,0.0,0.0,0.0,0.0,1.0,0.0,0.0,0.0,0.0,0.0,0.0,0.0,1.0,1.0,0.0,0.0,0.0,2,0.960727767807414,401525440,2023
9.0,1.0,0.0,1657.0,-35.0,35.0,10.915106645867503,38.20542168521144,-85.75810561566809,652.3517389517941,0.9004060606060605,0.0,3.0,0.017407642264074485,1.0,0.0,0.0,0.0,0.0,0.0,0.0,0.0,0.0,0.0,0.0,0.0,0.0,1.0,1.0,0.0,0.0,0.0,1,0.9512545454545456,401525535,2023
9.0,1.0,0.0,1584.0,232.0,232.0,11.087160706070168,25.957933739028963,-80.23884057998657,1352.2201324905736,0.7485534090561186,-8.164181693859351e-05,5.0,0.05496507910120185,1.0,0.0,0.0,0.0,0.0,0.0,0.0,0.0,0.0,0.0,0.0,0.0,0.0,1.0,1.0,0.0,0.0,0.0,1,0.8955546030676913,401525538,2023
9.0,1.0,0.0,1467.0,-128.0,128.0,10.717546203426988,31.55866263551169,-97.11560010910034,1202.8710915494546,0.9843553389455029,0.0014074730468173202,5.0,0.04913888888888888,0.0,0.0,1.0,0.0,0.0,0.0,0.0,0.0,0.0,0.0,0.0,0.0,0.0,1.0,1.0,0.0,0.0,0.0,2,0.9642888790429774,401525873,2023
9.0,1.0,0.0,1897.0,386.0,386.0,11.514124745545711,30.28360340206824,-97.73233652114868,1677.6988638833814,0.9930016613563194,0.0,3.0,0.024554608751868545,0.0,0.0,1.0,0.0,0.0,0.0,0.0,0.0,0.0,0.0,0.0,0.0,0.0,1.0,1.0,0.0,0.0,0.0,2,1.0,401525877,2023
9.0,1.0,0.0,1621.0,280.0,280.0,11.082157933374816,29.41693712868156,-98.47890257835388,2090.6516148343144,0.5142974358974358,0.0,3.0,0.0385442609126774,0.0,1.0,0.0,0.0,0.0,0.0,0.0,0.0,0.0,0.0,0.0,0.0,0.0,1.0,1.0,0.0,0.0,0.0,0,0.3481384615384615,401531398,2023
9.0,1.0,0.0,1523.0,408.0,408.0,10.600850832843811,36.21151530169309,-81.68550610542297,890.6648043060115,0.9169405164973776,0.0,3.0,0.0024383154631184567,0.0,0.0,0.0,0.0,0.0,0.0,0.0,0.0,0.0,0.0,1.0,0.0,0.0,1.0,1.0,0.0,0.0,0.0,1,0.8116162119099781,401531898,2023
9.0,1.0,0.0,1528.0,77.0,77.0,10.085850775128717,39.32130908459409,-82.10343944652357,226.9701998118052,0.82746875,0.01953125,4.0,0.03141651214128033,0.0,0.0,0.0,0.0,0.0,0.0,1.0,0.0,0.0,0.0,0.0,0.0,0.0,1.0,1.0,0.0,0.0,0.0,1,0.82725,401532432,2023
9.0,1.0,0.0,1491.0,-275.0,275.0,11.046403766760761,37.87068660370429,-122.2507095336914,557.7052236158922,0.5988567692970008,-0.034985198059005795,4.0,0.03940937841866632,0.0,0.0,0.0,0.0,0.0,0.0,0.0,0.0,1.0,0.0,0.0,0.0,0.0,1.0,0.0,0.0,1.0,0.0,0,0.6970358913851109,401524041,2023
9.0,1.0,0.0,1300.0,-345.0,345.0,10.757924157061597,29.71623402909437,-95.40926456451416,511.26488618647903,0.4379414893617021,-0.020154255319148884,4.0,-0.008698225036514573,0.0,1.0,0.0,0.0,0.0,0.0,0.0,0.0,0.0,0.0,0.0,0.0,0.0,1.0,1.0,0.0,0.0,0.0,0,0.4348085106382979,401531373,2023
9.0,1.0,0.0,1103.0,20.0,20.0,10.323118516117193,32.53106869451547,-92.06644075067642,390.7100275869788,0.5265553620140008,-0.03168786494451209,4.0,0.021442156862745088,0.0,0.0,0.0,0.0,0.0,0.0,0.0,0.0,0.0,0.0,1.0,0.0,0.0,1.0,1.0,0.0,0.0,0.0,0,0.4603148519407105,401531901,2023
9.0,1.0,0.0,1533.0,100.0,100.0,10.518700218288165,43.6027080538683,-116.19591236114502,907.5063439911621,0.9824954954954954,0.0,3.0,0.05162518151416601,0.0,0.0,0.0,0.0,0.0,0.0,0.0,1.0,0.0,0.0,0.0,0.0,0.0,1.0,1.0,0.0,0.0,0.0,1,0.951054054054054,401532607,2023
9.0,1.0,0.0,1405.0,-102.0,102.0,10.008658050141667,33.792838175224496,-79.01702282805255,598.9154611764613,0.7407240701564867,0.0,3.0,0.0,0.0,0.0,0.0,0.0,0.0,0.0,0.0,0.0,0.0,0.0,1.0,0.0,0.0,1.0,0.0,1.0,0.0,0.0,2,0.9598055543052616,401531899,2023
9.0,1.0,0.0,1591.0,-288.0,288.0,11.036404644896228,38.02262168129363,-84.50520515441895,235.63424457349817,0.9758620134314657,0.005510014548070319,5.0,0.002173962144825403,0.0,0.0,0.0,0.0,0.0,0.0,0.0,0.0,0.0,1.0,0.0,0.0,0.0,1.0,0.0,1.0,0.0,0.0,2,0.9931071135232636,401520353,2023
9.0,1.0,0.0,1198.0,-686.0,686.0,10.819798284210286,37.43472641329173,-122.1610164642334,1135.9934027137995,0.6270266666666667,0.0,3.0,0.08935361216730042,0.0,0.0,0.0,0.0,0.0,0.0,0.0,0.0,1.0,0.0,0.0,0.0,0.0,1.0,1.0,0.0,0.0,0.0,0,0.48762,401524042,2023
9.0,1.0,0.0,1376.0,-262.0,262.0,10.308985993422082,29.89134454879716,-97.92531180559462,1161.9165994882953,0.7879111111111111,0.0,3.0,-0.02310526315789474,0.0,0.0,0.0,0.0,0.0,0.0,0.0,0.0,0.0,0.0,1.0,0.0,0.0,1.0,1.0,0.0,0.0,0.0,1,0.7456333333333334,401531903,2023
9.0,1.0,0.0,1689.0,397.0,397.0,11.01173659154304,34.362154302992906,-89.53414626020904,316.9597376416541,0.9980067679102014,0.0019932320897986244,4.0,-0.02570391738029626,0.0,0.0,0.0,0.0,0.0,0.0,0.0,0.0,0.0,1.0,0.0,0.0,0.0,1.0,0.0,1.0,0.0,0.0,2,1.0,401520357,2023
9.0,1.0,0.0,1678.0,-403.0,403.0,11.293798835013952,43.06993802646878,-89.41274642944336,631.8160685010619,0.9428542971327549,-0.002045957263148268,4.0,0.005259308510638272,0.0,0.0,0.0,1.0,0.0,0.0,0.0,0.0,0.0,0.0,0.0,0.0,0.0,1.0,0.0,1.0,0.0,0.0,1,0.9518432290434632,401520360,2023
9.0,1.0,0.0,1718.0,433.0,433.0,11.435428680349185,34.16156958726264,-118.1676149368286,1314.2505941493919,0.4231772240352128,0.0,3.0,0.08774993956805105,0.0,0.0,0.0,0.0,0.0,0.0,0.0,0.0,1.0,0.0,0.0,0.0,0.0,1.0,1.0,0.0,0.0,0.0,1,0.7709256337662899,401524043,2023
9.0,1.0,0.0,1409.0,-70.0,70.0,11.180343650832073,33.426364,-111.932616,1544.011727203102,0.6842300504839205,0.03618851049191607,5.0,-0.0008714789761125608,0.0,0.0,0.0,0.0,0.0,0.0,0.0,0.0,1.0,0.0,0.0,0.0,0.0,1.0,0.0,1.0,0.0,0.0,0,0.6594148327894458,401524040,2023
9.0,1.0,0.0,1328.0,-389.0,389.0,10.915106645867503,33.772556921319435,-84.39285278320312,542.357844258689,0.5891212121212122,0.0,3.0,0.01896198830409357,1.0,0.0,0.0,0.0,0.0,0.0,0.0,0.0,0.0,0.0,0.0,0.0,0.0,1.0,0.0,1.0,0.0,0.0,0,0.6535454545454545,401525537,2023
9.0,1.0,0.0,1540.0,26.0,26.0,11.005743196119036,36.12570866235855,-97.06650495529176,1153.530501702692,0.8943339200903384,0.0,4.0,0.06130221345832221,0.0,0.0,1.0,0.0,0.0,0.0,0.0,0.0,0.0,0.0,0.0,0.0,0.0,1.0,0.0,1.0,0.0,0.0,1,0.8943339200903384,401525876,2023
9.0,1.0,0.0,1673.0,287.0,287.0,10.121779353119313,38.43508893585215,-78.87340330403673,283.9704726466669,0.9849666371894846,0.0,3.0,-0.10950972320857111,0.0,0.0,0.0,0.0,0.0,0.0,0.0,0.0,0.0,0.0,1.0,0.0,0.0,1.0,0.0,1.0,0.0,0.0,2,1.0,401531900,2023
9.0,1.0,0.0,1606.0,-184.0,184.0,10.855377061650147,32.228340232071496,-110.94903945922852,1737.9822852964585,0.9209176944406915,0.0,3.0,0.03914135495742194,0.0,0.0,0.0,0.0,0.0,0.0,0.0,0.0,1.0,0.0,0.0,0.0,0.0,1.0,0.0,1.0,0.0,0.0,1,0.8689853506012237,401524039,2023
9.0,1.0,0.0,1222.0,101.0,101.0,10.308985993422082,39.54692485017159,-119.8175597190857,1266.7896308027998,0.7404999999999999,0.0,2.0,0.011480211405353075,0.0,0.0,0.0,0.0,0.0,0.0,0.0,1.0,0.0,0.0,0.0,0.0,0.0,1.0,0.0,1.0,0.0,0.0,0,0.4361,401532604,2023
9.0,1.0,0.0,1741.0,311.0,311.0,10.622107529069105,36.81431969524593,-119.75810156690552,730.0812425015952,0.9667893381427052,0.0,3.0,0.03506127292340888,0.0,0.0,0.0,0.0,0.0,0.0,0.0,1.0,0.0,0.0,0.0,0.0,0.0,1.0,0.0,1.0,0.0,0.0,2,1.0,401532606,2023
10.0,1.0,0.0,1265.0,-148.0,148.0,10.400802314274172,43.577612282574535,-84.77082967758179,374.70610058798104,0.6437686888652374,0.0,3.0,0.07609176318195675,0.0,0.0,0.0,0.0,0.0,0.0,1.0,0.0,0.0,0.0,0.0,0.0,1.0,0.0,0.0,1.0,0.0,0.0,0,0.2926866352440322,401532433,2023
10.0,1.0,0.0,1491.0,120.0,120.0,10.175383172056032,41.65739077895321,-83.61401719150295,424.57937701060854,0.8121190185918927,-0.01810296657523114,4.0,-0.040607335140018054,0.0,0.0,0.0,0.0,0.0,0.0,1.0,0.0,0.0,0.0,0.0,0.0,1.0,0.0,0.0,1.0,0.0,0.0,0,0.5691481255714721,401532434,2023
10.0,1.0,0.0,1281.0,114.0,114.0,10.074284623478128,41.37805439803228,-83.62248212099075,198.81836602670018,0.570842466138369,0.0,3.0,0.0446192052980133,0.0,0.0,0.0,0.0,0.0,0.0,1.0,0.0,0.0,0.0,0.0,0.0,1.0,0.0,0.0,1.0,0.0,0.0,0,0.2567442252571236,401532435,2023
10.0,1.0,0.0,1051.0,-50.0,50.0,10.308985993422082,41.07256951528711,-81.50838375091553,17.930043969245407,0.24354444444444442,0.0,3.0,0.028050410714872836,0.0,0.0,0.0,0.0,0.0,0.0,1.0,0.0,0.0,0.0,0.0,0.0,1.0,0.0,0.0,1.0,0.0,0.0,0,0.2704333333333333,401532436,2023
10.0,1.0,0.0,1597.0,-19.0,19.0,11.01638071569648,33.59102829801104,-101.87293767929076,430.64588716478306,0.9115211461995991,-0.003959777858105196,4.0,-0.009986382113821116,0.0,0.0,1.0,0.0,0.0,0.0,0.0,0.0,0.0,0.0,0.0,0.0,1.0,0.0,1.0,0.0,0.0,0.0,1,0.8410009529755841,401525879,2023
10.0,1.0,0.0,1632.0,146.0,146.0,10.43240846457121,35.9953166502013,-78.94172430038452,118.59151172214933,0.7839132612474589,0.040212918495821204,5.0,-0.0005211969218014145,1.0,0.0,0.0,0.0,0.0,0.0,0.0,0.0,0.0,0.0,0.0,0.0,1.0,0.0,0.0,1.0,0.0,0.0,0,0.538493267729295,401525539,2023
10.0,1.0,0.0,1655.0,-14.0,14.0,10.308985993422082,31.799527415252125,-85.95217691586194,730.0812425015952,0.8991166666666667,-0.013394444444444376,4.0,-0.04226224087480799,0.0,0.0,0.0,0.0,0.0,0.0,0.0,0.0,0.0,0.0,1.0,0.0,1.0,0.0,0.0,1.0,0.0,0.0,1,0.9404,401531904,2023
10.0,1.0,0.0,1379.0,23.0,23.0,10.804684950962628,43.036132820423234,-76.13651990890503,413.58493163286516,0.7292893401015228,0.023367174280879977,4.0,0.12564832535885165,1.0,0.0,0.0,0.0,0.0,0.0,0.0,0.0,0.0,0.0,0.0,1.0,0.0,0.0,0.0,1.0,0.0,0.0,1,0.8634111675126903,401525540,2023
10.0,1.0,0.0,1381.0,104.0,104.0,10.281307359823968,41.31193599299248,-105.56906461715698,730.0812425015952,0.7950721359788904,-0.024776395599876655,5.0,0.0716552737819935,0.0,0.0,0.0,0.0,0.0,0.0,0.0,1.0,0.0,0.0,0.0,1.0,0.0,0.0,0.0,1.0,0.0,0.0,1,0.956272917309208,401532609,2023
10.0,1.0,0.0,1592.0,-4.0,4.0,11.391311350092442,29.649868677972304,-82.34866619110107,1313.8260335792472,0.9989130189275873,0.0010869810724126738,4.0,0.007117902377638467,0.0,0.0,0.0,0.0,0.0,0.0,0.0,0.0,0.0,1.0,0.0,0.0,0.0,1.0,0.0,0.0,1.0,0.0,2,1.0,401520363,2023
10.0,1.0,0.0,1317.0,-365.0,365.0,10.87729219061089,39.18090913372923,-86.52557373046875,495.38564972156166,0.867293566721426,0.0,3.0,0.03727472303953361,0.0,0.0,0.0,1.0,0.0,0.0,0.0,0.0,0.0,0.0,0.0,0.0,0.0,1.0,0.0,0.0,1.0,0.0,1,0.8585131894484412,401520365,2023
10.0,1.0,0.0,1385.0,-127.0,127.0,11.225323389318618,42.7281691163326,-84.48487535119057,1034.4000238157546,0.9548918960958158,0.0,3.0,-0.06263392121312028,0.0,0.0,0.0,1.0,0.0,0.0,0.0,0.0,0.0,0.0,0.0,0.0,0.0,1.0,0.0,0.0,1.0,0.0,1,0.8417305512965803,401520369,2023
10.0,1.0,0.0,1713.0,-31.0,31.0,11.01173659154304,34.362154302992906,-89.53414626020904,762.3580463071534,0.9984054143281611,0.0015945856718388995,5.0,-0.0017757095184153249,0.0,0.0,0.0,0.0,0.0,0.0,0.0,0.0,0.0,1.0,0.0,0.0,0.0,1.0,0.0,0.0,1.0,0.0,2,1.0,401520374,2023
10.0,1.0,0.0,1465.0,-612.0,612.0,10.867710938165587,40.51378289308872,-74.46504457087282,727.8735293036383,0.9259312921798146,-0.004025114068199387,5.0,0.006502516310661603,0.0,0.0,0.0,1.0,0.0,0.0,0.0,0.0,0.0,0.0,0.0,0.0,0.0,1.0,0.0,0.0,1.0,0.0,2,1.0,401520375,2023
10.0,0.0,0.0,1493.0,-15.0,15.0,11.292914501973813,33.97259115457693,-81.02021634578705,438.3524479267892,0.979601246105919,0.0,3.0,-0.12887920384351406,0.0,0.0,0.0,0.0,0.0,0.0,0.0,0.0,0.0,1.0,0.0,0.0,0.0,1.0,0.0,0.0,1.0,0.0,1,0.9389158878504672,401520376,2023
10.0,0.0,0.0,1870.0,683.0,683.0,11.537188717105908,35.95473437262258,-83.92533302307129,1171.1026674851892,0.994729393392221,0.0,4.0,-0.007688999123436124,0.0,0.0,0.0,0.0,0.0,0.0,0.0,0.0,0.0,1.0,0.0,0.0,0.0,1.0,0.0,0.0,1.0,0.0,2,0.994729393392221,401520377,2023
10.0,0.0,0.0,1698.0,-300.0,300.0,11.308370569092329,34.67874665741346,-82.84317970275879,834.7161228827775,0.9972546012269939,-0.0009151329243353157,4.0,0.2444164409630616,1.0,0.0,0.0,0.0,0.0,0.0,0.0,0.0,0.0,0.0,0.0,0.0,0.0,1.0,0.0,0.0,1.0,0.0,2,1.0,401525441,2023
10.0,0.0,1.0,1701.0,966.0,966.0,11.050588372585487,35.90698834747853,-79.04791831970215,730.0812425015952,0.7848555096856145,0.016986344871387726,5.0,0.0,1.0,0.0,0.0,0.0,0.0,0.0,0.0,0.0,0.0,0.0,0.0,0.0,0.0,1.0,0.0,0.0,1.0,0.0,1,0.7568593204191807,401525545,2023
10.0,1.0,0.0,1930.0,-41.0,41.0,11.514124745545711,30.28360340206824,-97.73233652114868,997.080089760081,0.9947512460172395,0.005248753982760479,4.0,0.04547333015972784,0.0,0.0,1.0,0.0,0.0,0.0,0.0,0.0,0.0,0.0,0.0,0.0,0.0,1.0,0.0,0.0,1.0,0.0,2,1.0,401525884,2023
10.0,0.0,1.0,1307.0,572.0,572.0,9.546884034617925,30.71394673763343,-95.54191589355467,1089.4545212548442,0.6769523809523809,0.0,3.0,0.0,0.0,0.0,0.0,0.0,1.0,0.0,0.0,0.0,0.0,0.0,0.0,0.0,0.0,1.0,0.0,0.0,1.0,0.0,0,0.5102142857142857,401525451,2023
10.0,1.0,0.0,1702.0,268.0,268.0,10.903825271935897,40.75994782004573,-111.84882402420044,815.4910554071294,0.9701414044830186,0.0020986950578919528,5.0,-0.042948827712734616,0.0,0.0,0.0,0.0,0.0,0.0,0.0,0.0,1.0,0.0,0.0,0.0,0.0,1.0,0.0,0.0,1.0,0.0,1,0.958093521872644,401524049,2023
10.0,1.0,0.0,1354.0,10.0,10.0,11.026808713825016,38.03112372855688,-78.51370811462402,710.0875310533015,0.7467533875338753,0.0,3.0,0.08868685970368413,1.0,0.0,0.0,0.0,0.0,0.0,0.0,0.0,0.0,0.0,0.0,0.0,0.0,1.0,1.0,0.0,0.0,0.0,0,0.692780487804878,401525542,2023
10.0,1.0,0.0,948.0,-428.0,428.0,11.13507066006998,39.900748900488125,-75.16749143600464,153.6374625125047,0.20499036946244087,0.02290316932236036,5.0,0.006093101916185756,0.0,1.0,0.0,0.0,0.0,0.0,0.0,0.0,0.0,0.0,0.0,0.0,0.0,1.0,1.0,0.0,0.0,0.0,0,0.1904074009221969,401531392,2023
10.0,1.0,0.0,1396.0,-230.0,230.0,10.336924443719042,33.20393508408917,-97.15922355651855,439.347850197968,0.6044084278768234,-0.02921663965424104,4.0,-0.006723017309026737,0.0,1.0,0.0,0.0,0.0,0.0,0.0,0.0,0.0,0.0,0.0,0.0,0.0,1.0,1.0,0.0,0.0,0.0,0,0.5625283630470016,401531399,2023
10.0,1.0,0.0,1586.0,403.0,403.0,11.041016020812398,35.120856917268995,-89.97805741128388,1063.6256861626366,0.4735331837127284,0.015533824943892272,4.0,-0.06367187500000004,0.0,1.0,0.0,0.0,0.0,0.0,0.0,0.0,0.0,0.0,0.0,0.0,0.0,1.0,1.0,0.0,0.0,0.0,0,0.4844982366142994,401531425,2023
10.0,1.0,0.0,1106.0,-478.0,478.0,10.34061281337216,35.84899009532366,-90.66769494362912,638.8509369945797,0.5480558067433148,-0.01888214270335442,4.0,-0.06606377915278427,0.0,0.0,0.0,0.0,0.0,0.0,0.0,0.0,0.0,0.0,1.0,0.0,0.0,1.0,1.0,0.0,0.0,0.0,0,0.5128859320501227,401531908,2023
10.0,1.0,0.0,2073.0,443.0,443.0,11.437630634933093,33.949821489498824,-83.37344169616699,973.7440709072287,1.0,0.0,5.0,0.048978081990284084,0.0,0.0,0.0,0.0,0.0,0.0,0.0,0.0,0.0,1.0,0.0,0.0,0.0,1.0,1.0,0.0,0.0,0.0,2,1.0,401520364,2023
10.0,1.0,0.0,1661.0,-314.0,314.0,10.855203341628478,38.99120275144426,-76.94731173248788,216.81266222296642,0.6982240067951044,0.014760047874599502,5.0,0.061777368809603626,0.0,0.0,0.0,1.0,0.0,0.0,0.0,0.0,0.0,0.0,0.0,0.0,0.0,1.0,1.0,0.0,0.0,0.0,2,1.0,401520367,2023
10.0,1.0,0.0,1595.0,92.0,92.0,10.86906356408504,44.97652496911191,-93.224575817585,678.7962997252107,0.9406568300809137,-0.011486593685546387,5.0,0.03134286588270111,0.0,0.0,0.0,1.0,0.0,0.0,0.0,0.0,0.0,0.0,0.0,0.0,0.0,1.0,1.0,0.0,0.0,0.0,1,0.8168681580199905,401520370,2023
10.0,0.0,1.0,958.0,223.0,223.0,9.741027444837728,42.377513236004525,-72.53562686052412,730.0812425015952,0.5385588235294118,-0.001009803921568575,4.0,0.0,0.0,0.0,0.0,0.0,0.0,1.0,0.0,0.0,0.0,0.0,0.0,0.0,0.0,1.0,1.0,0.0,0.0,0.0,1,0.8630588235294118,401520400,2023
10.0,1.0,0.0,1438.0,-538.0,538.0,11.133142723386813,40.44678376501633,-80.01575589179993,1178.4199907390064,0.6920102339181287,0.0109039961013645,4.0,0.05726783475811522,1.0,0.0,0.0,0.0,0.0,0.0,0.0,0.0,0.0,0.0,0.0,0.0,0.0,1.0,1.0,0.0,0.0,0.0,1,0.8414766081871345,401525541,2023
10.0,1.0,0.0,1717.0,179.0,179.0,10.915106645867503,38.20542168521144,-85.75810561566809,482.2709725253949,0.9131181818181818,0.02999090909090918,4.0,0.0991891352999326,1.0,0.0,0.0,0.0,0.0,0.0,0.0,0.0,0.0,0.0,0.0,0.0,0.0,1.0,1.0,0.0,0.0,0.0,1,0.9080909090909092,401525543,2023
10.0,1.0,0.0,1452.0,-30.0,30.0,10.717546203426988,31.55866263551169,-97.11560010910034,265.0952201147901,0.9810109289617487,0.0032454585733274754,6.0,-0.02375866714863134,0.0,0.0,1.0,0.0,0.0,0.0,0.0,0.0,0.0,0.0,0.0,0.0,0.0,1.0,1.0,0.0,0.0,0.0,1,0.9122729286663712,401525880,2023
10.0,1.0,0.0,1430.0,-78.0,78.0,10.596659732783579,39.13128425273405,-84.51626143741578,1209.436886774248,0.954825,0.0,5.0,0.009293469939352797,0.0,0.0,1.0,0.0,0.0,0.0,0.0,0.0,0.0,0.0,0.0,0.0,0.0,1.0,1.0,0.0,0.0,0.0,1,0.954825,401525881,2023
10.0,1.0,0.0,1624.0,-287.0,287.0,11.005743196119036,36.12570866235855,-97.06650495529176,107.77196435523238,0.8943339200903384,0.0,5.0,0.1394450229744346,0.0,0.0,1.0,0.0,0.0,0.0,0.0,0.0,0.0,0.0,0.0,0.0,0.0,1.0,1.0,0.0,0.0,0.0,1,0.8984855026736192,401525883,2023
10.0,1.0,0.0,1336.0,-294.0,294.0,10.819798284210286,35.59642579698931,-77.36522912979126,1345.929864128025,0.7604299999999999,-0.001263333333333283,4.0,-0.0068431429321444415,0.0,1.0,0.0,0.0,0.0,0.0,0.0,0.0,0.0,0.0,0.0,0.0,0.0,1.0,1.0,0.0,0.0,0.0,0,0.6753,401531374,2023
10.0,1.0,0.0,1389.0,-102.0,102.0,9.909419921189237,36.88878131523489,-76.30567610263824,423.0270300875053,0.911932100606422,0.0031853729661662777,4.0,0.059292894978014044,0.0,0.0,0.0,0.0,0.0,0.0,0.0,0.0,0.0,0.0,1.0,0.0,0.0,1.0,1.0,0.0,0.0,0.0,1,0.8938264240978229,401531907,2023
10.0,1.0,0.0,1268.0,-315.0,315.0,10.605371456538457,36.14355849696379,-86.80877208709717,411.9605402826576,0.617363073110285,0.05269888475836426,5.0,0.05280247992924414,0.0,0.0,0.0,0.0,0.0,0.0,0.0,0.0,0.0,1.0,0.0,0.0,0.0,1.0,1.0,0.0,0.0,0.0,1,0.7063197026022305,401520379,2023
10.0,1.0,0.0,1097.0,-64.0,64.0,10.478498510076376,36.14886067519205,-95.943603515625,1374.0822651819094,0.5940084969894772,0.033605780953988695,4.0,0.009981735055803409,0.0,1.0,0.0,0.0,0.0,0.0,0.0,0.0,0.0,0.0,0.0,0.0,0.0,1.0,1.0,0.0,0.0,0.0,0,0.566963029655056,401531343,2023
10.0,1.0,0.0,1125.0,45.0,45.0,10.491301994830229,31.32897842661232,-89.33133065700531,290.65547157315257,0.6922777777777778,-0.050120370370370426,4.0,0.055054157035232164,0.0,0.0,0.0,0.0,0.0,0.0,0.0,0.0,0.0,0.0,1.0,0.0,0.0,1.0,1.0,0.0,0.0,0.0,0,0.5609166666666666,401531909,2023
10.0,1.0,0.0,1232.0,222.0,222.0,10.308985993422082,39.54692485017159,-119.8175597190857,730.0812425015952,0.6390333333333333,0.0,3.0,-0.004993507376436279,0.0,0.0,0.0,0.0,0.0,0.0,0.0,1.0,0.0,0.0,0.0,0.0,0.0,1.0,0.0,0.0,1.0,0.0,0,0.518,401532610,2023
10.0,1.0,0.0,1359.0,-138.0,138.0,10.308985993422082,29.89134454879716,-97.92531180559462,1559.8610122609598,0.7773416666666667,-0.008863888888889004,4.0,-0.06815735356645532,0.0,0.0,0.0,0.0,0.0,0.0,0.0,0.0,0.0,0.0,1.0,0.0,0.0,1.0,1.0,0.0,0.0,0.0,0,0.6068,401531910,2023
10.0,1.0,0.0,1899.0,397.0,397.0,10.896757843893464,44.058272724266615,-123.0685043334961,691.4353485309739,0.9560277777777777,0.03643518518518529,4.0,0.02162616609565754,0.0,0.0,0.0,0.0,0.0,0.0,0.0,0.0,1.0,0.0,0.0,0.0,0.0,1.0,1.0,0.0,0.0,0.0,2,1.0,401524047,2023
10.0,1.0,0.0,1625.0,381.0,381.0,9.862717639992917,37.354414,-79.175047,1338.9924103718402,0.9305338541666667,-0.016401909722222108,4.0,-0.20458327260904308,0.0,0.0,0.0,0.0,1.0,0.0,0.0,0.0,0.0,0.0,0.0,0.0,0.0,1.0,0.0,1.0,0.0,0.0,2,1.0,401520366,2023
10.0,1.0,0.0,1513.0,92.0,92.0,10.600850832843811,36.21151530169309,-81.68550610542297,254.57896344457373,0.8906094403505278,-0.0024978423952731754,4.0,0.10954074207438746,0.0,0.0,0.0,0.0,0.0,0.0,0.0,0.0,0.0,0.0,1.0,0.0,0.0,1.0,0.0,1.0,0.0,0.0,1,0.8478639713204541,401531905,2023
10.0,1.0,0.0,1111.0,-326.0,326.0,10.577069577601234,35.06761048267165,-106.6281028358157,730.0812425015952,0.45535259025086683,0.004943826908695381,4.0,0.034598620156880366,0.0,0.0,0.0,0.0,0.0,0.0,0.0,1.0,0.0,0.0,0.0,0.0,0.0,1.0,1.0,0.0,0.0,0.0,0,0.3149347338364267,401532611,2023
10.0,1.0,0.0,1610.0,41.0,41.0,11.026808713825016,42.01400541108485,-93.6358094215393,365.5599069095167,0.9727845528455284,0.008554200542005397,4.0,0.005248753982760479,0.0,0.0,1.0,0.0,0.0,0.0,0.0,0.0,0.0,0.0,0.0,0.0,0.0,1.0,0.0,1.0,0.0,0.0,2,1.0,401525882,2023
10.0,1.0,0.0,1499.0,21.0,21.0,11.002116507732017,39.65221992482815,-79.9551753012939,2688.2920676200883,0.8832416666666667,0.016430555555555504,4.0,0.02016554122482156,0.0,0.0,1.0,0.0,0.0,0.0,0.0,0.0,0.0,0.0,0.0,0.0,0.0,1.0,0.0,1.0,0.0,0.0,1,0.8377666666666667,401525885,2023
10.0,1.0,0.0,2184.0,740.0,740.0,11.586194513897674,42.26586873251738,-83.7487256526947,333.8502478380223,1.0,0.0,5.0,-0.0009472850237108125,0.0,0.0,0.0,1.0,0.0,0.0,0.0,0.0,0.0,0.0,0.0,0.0,0.0,1.0,0.0,1.0,0.0,0.0,2,1.0,401520368,2023
10.0,1.0,0.0,1521.0,-79.0,79.0,11.024154831985069,33.456230599072065,-88.79342436790466,638.2692935807215,0.8772584247680845,0.03221437848824249,5.0,0.05648079306071874,0.0,0.0,0.0,0.0,0.0,0.0,0.0,0.0,0.0,1.0,0.0,0.0,0.0,1.0,0.0,1.0,0.0,0.0,1,0.8531392145034807,401520371,2023
10.0,1.0,0.0,1755.0,-97.0,97.0,11.446871128898794,34.01400974062912,-118.28789591789246,1552.90152873753,0.679451323084812,0.0031187126318901193,5.0,-0.025026527249683156,0.0,0.0,0.0,0.0,0.0,0.0,0.0,0.0,1.0,0.0,0.0,0.0,0.0,1.0,1.0,0.0,0.0,0.0,1,0.7717692052944758,401524048,2023
10.0,1.0,0.0,1315.0,-460.0,460.0,10.757924157061597,29.71623402909437,-95.40926456451416,370.8113667358015,0.4373148936170213,-0.0029815602836880117,5.0,-0.04262254071090877,0.0,1.0,0.0,0.0,0.0,0.0,0.0,0.0,0.0,0.0,0.0,0.0,0.0,1.0,0.0,1.0,0.0,0.0,0,0.4602553191489362,401531440,2023
10.0,1.0,0.0,1989.0,37.0,37.0,11.530981469769799,33.2074899449518,-87.5503921508789,463.0785966027242,0.9828719026526944,0.0,5.0,0.07833624442077636,0.0,0.0,0.0,0.0,0.0,0.0,0.0,0.0,0.0,1.0,0.0,0.0,0.0,1.0,0.0,1.0,0.0,0.0,2,0.9828719026526944,401520362,2023
10.0,1.0,0.0,1525.0,-57.0,57.0,10.961000030318813,35.80075968207897,-78.71948719024658,1103.986396107736,0.9884688189222514,0.0,5.0,0.05457436169387957,1.0,0.0,0.0,0.0,0.0,0.0,0.0,0.0,0.0,0.0,0.0,0.0,0.0,1.0,0.0,1.0,0.0,0.0,2,0.9884688189222514,401525544,2023
10.0,1.0,0.0,1171.0,-334.0,334.0,10.849356503939038,31.77334530512776,-106.50789678096773,1924.6767803317725,0.42528155339805823,-0.057190938511326894,4.0,-0.08097117994780328,0.0,0.0,0.0,0.0,1.0,0.0,0.0,0.0,0.0,0.0,0.0,0.0,0.0,1.0,0.0,1.0,0.0,0.0,0,0.2157475728155339,401520378,2023
10.0,1.0,0.0,1454.0,224.0,224.0,10.38124231399123,46.731967978653024,-117.16058578781136,1112.5231591430054,0.8856828330439097,-0.0381057223186968,4.0,0.02163032679179977,0.0,0.0,0.0,0.0,0.0,0.0,0.0,0.0,1.0,0.0,0.0,0.0,0.0,1.0,0.0,1.0,0.0,0.0,1,0.7561709253287026,401524050,2023
10.0,1.0,0.0,1294.0,-492.0,492.0,10.823451529776579,40.00939837446321,-105.26688694953918,1562.0122092679078,1.0,0.0,4.0,0.008783455358458703,0.0,0.0,0.0,0.0,0.0,0.0,0.0,0.0,1.0,0.0,0.0,0.0,0.0,1.0,0.0,1.0,0.0,0.0,2,1.0,401524046,2023
10.0,1.0,0.0,1734.0,149.0,149.0,10.622107529069105,36.81431969524593,-119.75810156690552,812.9771258702929,0.9750920036070289,-0.008302665464323677,4.0,0.06849150368707924,0.0,0.0,0.0,0.0,0.0,0.0,0.0,1.0,0.0,0.0,0.0,0.0,0.0,1.0,0.0,1.0,0.0,0.0,2,1.0,401532608,2023
10.0,1.0,0.0,1610.0,-99.0,99.0,10.855377061650147,32.228340232071496,-110.94903945922852,705.0474386585922,0.9079346084808245,-0.007192809763692409,4.0,0.018037172999835427,0.0,0.0,0.0,0.0,0.0,0.0,0.0,0.0,1.0,0.0,0.0,0.0,0.0,1.0,0.0,1.0,0.0,0.0,1,0.8676921889174114,401524045,2023
11.0,1.0,0.0,1398.0,231.0,231.0,10.146472946063877,41.934014,-88.778222,340.3157817774536,0.4317254901960784,-0.027516339869281092,4.0,-0.045060156246801375,0.0,0.0,0.0,0.0,0.0,0.0,1.0,0.0,0.0,0.0,0.0,0.0,1.0,0.0,0.0,1.0,0.0,0.0,0,0.2463529411764705,401532437,2023
11.0,1.0,0.0,1342.0,-146.0,146.0,10.275533751098848,42.99906838239644,-78.7775194644928,494.6367693178031,0.48394685141143623,-0.02083261526442165,4.0,0.043016003980415274,0.0,0.0,0.0,0.0,0.0,0.0,1.0,0.0,0.0,0.0,0.0,0.0,1.0,0.0,0.0,1.0,0.0,0.0,0,0.3944438699893151,401532439,2023
11.0,1.0,0.0,1491.0,436.0,436.0,10.097696506752222,39.51942113142349,-84.73335450140017,323.43578496191697,0.716187652694282,0.0,3.0,-0.10171111136918501,0.0,0.0,0.0,0.0,0.0,0.0,1.0,0.0,0.0,0.0,0.0,0.0,1.0,0.0,0.0,1.0,0.0,0.0,0,0.2978259079304949,401532441,2023
11.0,1.0,0.0,1097.0,-184.0,184.0,10.12667110305036,41.13908682549516,-81.31343945860863,194.8268323477692,0.48085333333333335,0.0,3.0,0.04041477366445066,0.0,0.0,0.0,0.0,0.0,0.0,1.0,0.0,0.0,0.0,0.0,0.0,1.0,0.0,0.0,1.0,0.0,0.0,0,0.2426,401532442,2023
11.0,1.0,0.0,1520.0,228.0,228.0,10.175383172056032,41.65739077895321,-83.61401719150295,66.59416525008481,0.7635248399878086,-0.034275627349385385,5.0,0.05638033401648265,0.0,0.0,0.0,0.0,0.0,0.0,1.0,0.0,0.0,0.0,0.0,0.0,1.0,0.0,0.0,1.0,0.0,0.0,0,0.6797470283450168,401532440,2023
11.0,1.0,0.0,1779.0,504.0,504.0,10.915106645867503,38.20542168521144,-85.75810561566809,633.8839413244048,0.9121127272727273,0.041002424242424285,5.0,0.07797410782879458,1.0,0.0,0.0,0.0,0.0,0.0,0.0,0.0,0.0,0.0,0.0,0.0,1.0,0.0,0.0,1.0,0.0,0.0,1,0.8114181818181818,401525546,2023
11.0,1.0,0.0,1480.0,322.0,322.0,10.515993929932415,30.21579609675613,-92.01626413552384,284.80708059685867,0.48073848238482386,-0.0040356820234869195,4.0,-0.05144299456214052,0.0,0.0,0.0,0.0,0.0,0.0,0.0,0.0,0.0,0.0,1.0,0.0,1.0,0.0,0.0,1.0,0.0,0.0,0,0.4102168021680217,401531911,2023
11.0,1.0,0.0,1754.0,356.0,356.0,10.373522431293592,32.83771580994254,-96.782705783844,53.763874569587855,0.72003125,0.016156250000000094,4.0,0.019110894694757352,0.0,1.0,0.0,0.0,0.0,0.0,0.0,0.0,0.0,0.0,0.0,1.0,0.0,0.0,0.0,1.0,0.0,0.0,0,0.68884375,401531437,2023
11.0,0.0,1.0,1350.0,615.0,615.0,10.545367754151743,41.38708043477422,-73.96408081054688,730.0812425015952,0.7672631578947369,0.035114035087719264,4.0,0.2247191011235956,0.0,0.0,0.0,0.0,0.0,1.0,0.0,0.0,0.0,0.0,0.0,0.0,0.0,1.0,0.0,0.0,1.0,0.0,1,0.8053157894736842,401520381,2023
11.0,1.0,0.0,1509.0,165.0,165.0,11.013221103411352,40.09930573133053,-88.23598623275757,178.54051339493125,0.8320982363606395,0.016316685896379357,5.0,0.01680710323102193,0.0,0.0,0.0,1.0,0.0,0.0,0.0,0.0,0.0,0.0,0.0,0.0,0.0,1.0,0.0,0.0,1.0,0.0,1,0.8761661447173232,401520383,2023
11.0,1.0,0.0,1645.0,-369.0,369.0,11.036404644896228,38.02262168129363,-84.50520515441895,601.9367377457179,0.9787361967800988,0.014494387451081225,6.0,0.1948407424878765,0.0,0.0,0.0,0.0,0.0,0.0,0.0,0.0,0.0,1.0,0.0,0.0,0.0,1.0,0.0,0.0,1.0,0.0,2,0.9974715346335336,401520386,2023
11.0,1.0,0.0,1509.0,-88.0,88.0,11.37472031017221,40.82048352329494,-96.70571565628052,1693.9200911947858,0.997887267341057,-0.0005817669640565404,5.0,1.3312268267414348e-05,0.0,0.0,0.0,1.0,0.0,0.0,0.0,0.0,0.0,0.0,0.0,0.0,0.0,1.0,0.0,0.0,1.0,0.0,2,0.9970031346522604,401520392,2023
11.0,1.0,0.0,2039.0,-141.0,141.0,11.576585475330184,40.81215273275043,-77.85620212554932,516.2542232088454,0.9980501445032466,-0.0012999036645021667,5.0,0.036823501025867476,0.0,0.0,0.0,1.0,0.0,0.0,0.0,0.0,0.0,0.0,0.0,0.0,0.0,1.0,0.0,0.0,1.0,0.0,2,1.0,401520394,2023
11.0,1.0,0.0,1511.0,250.0,250.0,11.292914501973813,33.97259115457693,-81.02021634578705,579.4098702764668,0.9694299065420561,-0.0020114226375909094,4.0,-0.016471534223597966,0.0,0.0,0.0,0.0,0.0,0.0,0.0,0.0,0.0,1.0,0.0,0.0,0.0,1.0,0.0,0.0,1.0,0.0,1,0.9430778816199376,401520396,2023
11.0,1.0,0.0,1371.0,-105.0,105.0,10.703266939811954,42.33510834895851,-71.16647243499756,973.0064135342406,0.8557168539325843,0.04430561797752797,5.0,0.07313503329313129,1.0,0.0,0.0,0.0,0.0,0.0,0.0,0.0,0.0,0.0,0.0,0.0,0.0,1.0,0.0,0.0,1.0,0.0,1,0.7565168539325843,401525547,2023
11.0,1.0,0.0,1730.0,307.0,307.0,11.308370569092329,34.67874665741346,-82.84317970275879,174.50282302344584,0.9978036809815951,-0.0006257668711656672,5.0,0.05302191984551377,1.0,0.0,0.0,0.0,0.0,0.0,0.0,0.0,0.0,0.0,0.0,0.0,0.0,1.0,0.0,0.0,1.0,0.0,2,0.9990920245398772,401525548,2023
11.0,1.0,0.0,1585.0,-23.0,23.0,10.821217248604537,38.96294598898537,-95.2463150024414,841.9319804292022,0.9086017854646402,0.02722267713180604,5.0,-0.013555187683390405,0.0,0.0,1.0,0.0,0.0,0.0,0.0,0.0,0.0,0.0,0.0,0.0,0.0,1.0,0.0,0.0,1.0,0.0,1,0.9433204849114256,401525888,2023
11.0,1.0,0.0,1618.0,529.0,529.0,10.308985993422082,29.945898112528432,-90.11519112306328,877.5646345263397,0.8661133333333334,-0.055624444444444476,5.0,-0.05227849655819773,0.0,1.0,0.0,0.0,0.0,0.0,0.0,0.0,0.0,0.0,0.0,0.0,0.0,1.0,0.0,0.0,1.0,0.0,0,0.6708666666666666,401531344,2023
11.0,1.0,0.0,1193.0,175.0,175.0,11.095256188023157,27.975994470037183,-82.50334918498993,1487.3066593775102,0.6619088833887564,0.0,3.0,-0.19143275629817635,0.0,1.0,0.0,0.0,0.0,0.0,0.0,0.0,0.0,0.0,0.0,0.0,0.0,1.0,0.0,0.0,1.0,0.0,0,0.4697754225063394,401531393,2023
11.0,0.0,0.0,1650.0,261.0,261.0,9.862717639992917,37.354414,-79.175047,259.6080327148423,0.9444270833333333,-0.030295138888888684,5.0,-0.06799536120220895,0.0,0.0,0.0,0.0,1.0,0.0,0.0,0.0,0.0,0.0,0.0,0.0,0.0,1.0,0.0,0.0,1.0,0.0,2,1.0,401520388,2023
11.0,0.0,0.0,1725.0,616.0,616.0,10.121779353119313,38.43508893585215,-78.87340330403673,647.5586639914206,0.9887249778921134,0.011275022107886556,4.0,-0.005125999415624083,0.0,0.0,0.0,0.0,0.0,0.0,0.0,0.0,0.0,0.0,1.0,0.0,0.0,1.0,1.0,0.0,0.0,0.0,2,1.0,401520385,2023
11.0,1.0,0.0,1315.0,-342.0,342.0,10.823451529776579,40.00939837446321,-105.26688694953918,1003.9795622418405,1.0,0.0,5.0,0.04839888980288619,0.0,0.0,0.0,0.0,0.0,0.0,0.0,0.0,1.0,0.0,0.0,0.0,0.0,1.0,0.0,0.0,1.0,0.0,2,1.0,401524052,2023
11.0,1.0,0.0,1487.0,-71.0,71.0,10.357774570341576,36.09183481061275,-80.25534152984619,141.99347245356657,0.9693904761904761,0.028366137566137595,5.0,-0.01375501773402571,1.0,0.0,0.0,0.0,0.0,0.0,0.0,0.0,0.0,0.0,0.0,0.0,0.0,1.0,1.0,0.0,0.0,0.0,1,0.9393968253968256,401525551,2023
11.0,1.0,0.0,1169.0,-407.0,407.0,9.636588019266876,35.31028067616406,-80.74049377106525,839.1466822971914,0.9124820425754212,-0.02917265247485956,4.0,-0.025240410588870832,0.0,1.0,0.0,0.0,0.0,0.0,0.0,0.0,0.0,0.0,0.0,0.0,0.0,1.0,1.0,0.0,0.0,0.0,0,0.580841060467546,401531408,2023
11.0,1.0,0.0,1047.0,-650.0,650.0,10.323118516117193,32.53106869451547,-92.06644075067642,581.1599002648026,0.5133072599993427,-0.009105947568497252,5.0,-0.02949610136452241,0.0,0.0,0.0,0.0,0.0,0.0,0.0,0.0,0.0,0.0,1.0,0.0,0.0,1.0,0.0,0.0,1.0,0.0,0,0.2525059979623361,401531915,2023
11.0,1.0,0.0,1219.0,-85.0,85.0,10.328787967145063,32.53223809915824,-92.6560188758494,339.8910388778057,0.5208954248366012,-0.03891285403050099,5.0,-0.07245750430494675,0.0,0.0,0.0,0.0,1.0,0.0,0.0,0.0,0.0,0.0,0.0,0.0,0.0,1.0,1.0,0.0,0.0,0.0,0,0.4928104575163399,401520387,2023
11.0,1.0,0.0,1969.0,517.0,517.0,10.819798284210286,39.20186361814248,-96.59379243850708,851.195879950953,1.0,0.0,5.0,-0.0015665335480882225,0.0,0.0,1.0,0.0,0.0,0.0,0.0,0.0,0.0,0.0,0.0,0.0,0.0,1.0,1.0,0.0,0.0,0.0,2,1.0,401525889,2023
11.0,1.0,0.0,1388.0,208.0,208.0,10.146982600098235,41.75153188612883,-111.81210567885644,718.1473503016101,0.7850115627327245,-7.839140830179225e-05,4.0,-0.06092031503537021,0.0,0.0,0.0,0.0,0.0,0.0,0.0,1.0,0.0,0.0,0.0,0.0,0.0,1.0,0.0,0.0,1.0,0.0,0,0.6961157057186532,401532615,2023
11.0,1.0,0.0,1648.0,171.0,171.0,11.164587103533947,41.65838893680983,-91.55147552490234,1435.2903614785582,0.981086633137352,0.0,5.0,-0.00642422280599092,0.0,0.0,0.0,1.0,0.0,0.0,0.0,0.0,0.0,0.0,0.0,0.0,0.0,1.0,1.0,0.0,0.0,0.0,2,0.981086633137352,401520384,2023
11.0,1.0,0.0,1289.0,229.0,229.0,10.34177474101152,35.85110908054087,-86.36844992637634,1259.553372657178,0.4764435483870968,-0.01973387096774193,4.0,-0.3442102258228539,0.0,0.0,0.0,0.0,1.0,0.0,0.0,0.0,0.0,0.0,0.0,0.0,0.0,1.0,1.0,0.0,0.0,0.0,0,0.3584193548387097,401520390,2023
11.0,1.0,0.0,1643.0,-305.0,305.0,11.172812609330474,38.93589529672232,-92.33311414718628,812.4734793401194,0.8316715377697841,0.048232351618705094,5.0,0.00719767479381624,0.0,0.0,0.0,0.0,0.0,0.0,0.0,0.0,0.0,1.0,0.0,0.0,0.0,1.0,1.0,0.0,0.0,0.0,1,0.8799038893884892,401520391,2023
11.0,1.0,0.0,1448.0,-141.0,141.0,10.94024216782542,40.434323,-86.918485,721.1047580338134,0.9915851063829788,0.003267139479905312,5.0,0.009153177955000221,0.0,0.0,0.0,1.0,0.0,0.0,0.0,0.0,0.0,0.0,0.0,0.0,0.0,1.0,1.0,0.0,0.0,0.0,2,1.0,401520395,2023
11.0,1.0,0.0,1655.0,276.0,276.0,11.293798835013952,43.06993802646878,-89.41274642944336,179.77866801823774,0.9446520835148965,-0.000345281225748284,5.0,-0.09598906484736736,0.0,0.0,0.0,1.0,0.0,0.0,0.0,0.0,0.0,0.0,0.0,0.0,0.0,1.0,1.0,0.0,0.0,0.0,1,0.947747164502434,401520398,2023
11.0,1.0,0.0,1495.0,134.0,134.0,10.003966171102347,36.98487662989466,-86.459013971646,1923.754348940758,0.7563198118753675,0.019392815689111997,4.0,0.03371549216547891,0.0,0.0,0.0,0.0,1.0,0.0,0.0,0.0,0.0,0.0,0.0,0.0,0.0,1.0,1.0,0.0,0.0,0.0,1,0.7379821824266268,401520399,2023
11.0,1.0,0.0,1864.0,41.0,41.0,11.163382173096926,47.65043054401222,-122.30291984739304,1130.1632070367525,0.9605361702127659,0.022849172576832166,5.0,-0.005586135267585446,0.0,0.0,0.0,0.0,0.0,0.0,0.0,0.0,1.0,0.0,0.0,0.0,0.0,1.0,0.0,0.0,1.0,0.0,2,1.0,401524056,2023
11.0,1.0,0.0,1966.0,417.0,417.0,11.31813853725963,30.437547584621285,-84.30453398103501,637.7275717903458,0.9512363304981775,0.015470838396111741,4.0,0.03638290779591971,1.0,0.0,0.0,0.0,0.0,0.0,0.0,0.0,0.0,0.0,0.0,0.0,0.0,1.0,1.0,0.0,0.0,0.0,2,0.9667071688942892,401525550,2023
11.0,1.0,0.0,1507.0,-122.0,122.0,10.721591972500457,28.607958859227068,-81.1929988861084,1705.938676030692,0.9732089667497739,0.0001526083151305313,4.0,-0.037138889845066636,0.0,0.0,1.0,0.0,0.0,0.0,0.0,0.0,0.0,0.0,0.0,0.0,0.0,1.0,1.0,0.0,0.0,0.0,2,0.971824459987203,401525892,2023
11.0,1.0,0.0,1306.0,-61.0,61.0,10.434145214930487,38.98483263543365,-76.5071153640747,730.0812425015952,0.8987205882352941,0.0075245098039216085,4.0,-0.08603680753402974,0.0,1.0,0.0,0.0,0.0,0.0,0.0,0.0,0.0,0.0,0.0,0.0,0.0,1.0,1.0,0.0,0.0,0.0,1,0.8552352941176471,401531384,2023
11.0,1.0,0.0,1491.0,67.0,67.0,10.008658050141667,33.792838175224496,-79.01702282805255,1835.0870623820529,0.7954944411936805,0.025018379319140083,4.0,-0.12762957317073173,0.0,0.0,0.0,0.0,0.0,0.0,0.0,0.0,0.0,0.0,1.0,0.0,0.0,1.0,1.0,0.0,0.0,0.0,1,0.7126074627537471,401531912,2023
11.0,1.0,0.0,1600.0,10.0,10.0,11.184435286790631,36.067850785167344,-94.17879581451416,885.5970555321171,0.9977083333333333,0.0,3.0,0.06485386311681125,0.0,0.0,0.0,0.0,0.0,0.0,0.0,0.0,0.0,1.0,0.0,0.0,0.0,1.0,1.0,0.0,0.0,0.0,2,1.0,401520380,2023
11.0,1.0,0.0,1425.0,-10.0,10.0,11.046403766760761,37.87068660370429,-122.2507095336914,1069.9744681232244,0.6184925937146228,-0.01791646071506403,5.0,-0.008852725215566607,0.0,0.0,0.0,0.0,0.0,0.0,0.0,0.0,1.0,0.0,0.0,0.0,0.0,1.0,0.0,0.0,1.0,0.0,0,0.6083677471817849,401524051,2023
11.0,1.0,0.0,1765.0,516.0,516.0,10.729306381246207,44.5594768421455,-123.2814073562622,797.773014788532,0.8007345535753383,0.006165068383179317,4.0,-0.028750418043869203,0.0,0.0,0.0,0.0,0.0,0.0,0.0,0.0,1.0,0.0,0.0,0.0,0.0,1.0,1.0,0.0,0.0,0.0,1,0.8124315803301659,401524054,2023
11.0,1.0,0.0,2060.0,346.0,346.0,11.437630634933093,33.949821489498824,-83.37344169616699,568.6404989387362,1.0,0.0,6.0,-0.05757202738295349,0.0,0.0,0.0,0.0,0.0,0.0,0.0,0.0,0.0,1.0,0.0,0.0,0.0,1.0,0.0,1.0,0.0,0.0,2,1.0,401520382,2023
11.0,1.0,0.0,1482.0,51.0,51.0,10.596659732783579,29.721767963293527,-95.34909841095214,1440.7041906417853,0.9055350000000001,-0.012235000000000107,5.0,0.04086814230554814,0.0,0.0,1.0,0.0,0.0,0.0,0.0,0.0,0.0,0.0,0.0,0.0,0.0,1.0,0.0,1.0,0.0,0.0,1,0.8578,401525887,2023
11.0,1.0,0.0,1906.0,329.0,329.0,11.31585162638907,35.20589959488508,-97.44255065917967,1618.2254945626378,1.0,0.0,4.0,-0.04381518963472878,0.0,0.0,1.0,0.0,0.0,0.0,0.0,0.0,0.0,0.0,0.0,0.0,0.0,1.0,0.0,1.0,0.0,0.0,2,1.0,401525890,2023
11.0,1.0,0.0,1378.0,-54.0,54.0,10.54586761604242,38.42486536179161,-82.42185831069946,671.0711880355777,0.66635761066835,0.0020450301165207962,4.0,-0.09375343184150817,0.0,0.0,0.0,0.0,0.0,0.0,0.0,0.0,0.0,0.0,1.0,0.0,0.0,1.0,0.0,1.0,0.0,0.0,0,0.5043530866145874,401531914,2023
11.0,1.0,0.0,1927.0,339.0,339.0,11.535879982582413,30.4120123982997,-91.183819770813,854.5276727774558,0.9809325553894118,0.008584096454621548,4.0,0.02063166861605903,0.0,0.0,0.0,0.0,0.0,0.0,0.0,0.0,0.0,1.0,0.0,0.0,0.0,1.0,0.0,1.0,0.0,0.0,2,1.0,401520389,2023
11.0,1.0,0.0,2065.0,677.0,677.0,11.561191682379716,40.0016856893694,-83.01972806453705,326.8843323437249,0.9838628220765361,0.0011228210601208488,4.0,0.014869577012971869,0.0,0.0,0.0,1.0,0.0,0.0,0.0,0.0,0.0,0.0,0.0,0.0,0.0,1.0,0.0,1.0,0.0,0.0,2,1.0,401520393,2023
11.0,1.0,0.0,1743.0,267.0,267.0,11.539898402471655,30.61009757817476,-96.34072922859283,778.3800682178428,0.9562847381075216,0.018929328128903578,5.0,0.020634284104305345,0.0,0.0,0.0,0.0,0.0,0.0,0.0,0.0,0.0,1.0,0.0,0.0,0.0,1.0,0.0,1.0,0.0,0.0,2,1.0,401520397,2023
11.0,1.0,0.0,1605.0,-327.0,327.0,10.714439990727769,32.70991596942349,-97.36799597740172,271.9954482616471,0.9926,-0.004933333333333345,5.0,0.04677192653719301,0.0,0.0,1.0,0.0,0.0,0.0,0.0,0.0,0.0,0.0,0.0,0.0,0.0,1.0,0.0,1.0,0.0,0.0,2,1.0,401525891,2023
11.0,1.0,0.0,1624.0,288.0,288.0,11.082157933374816,29.41693712868156,-98.47890257835388,298.7316686233633,0.47275769230769227,-0.09544999999999998,4.0,-0.21305681564271592,0.0,1.0,0.0,0.0,0.0,0.0,0.0,0.0,0.0,0.0,0.0,0.0,0.0,1.0,0.0,1.0,0.0,0.0,0,0.4345384615384615,401531400,2023
11.0,1.0,0.0,1701.0,70.0,70.0,11.050588372585487,35.90698834747853,-79.04791831970215,13.705436327073436,0.7801894781412089,0.006658198369852819,6.0,0.028554589792211333,1.0,0.0,0.0,0.0,0.0,0.0,0.0,0.0,0.0,0.0,0.0,0.0,0.0,1.0,0.0,1.0,0.0,0.0,1,0.8018418545570022,401525549,2023
11.0,1.0,0.0,1662.0,349.0,349.0,11.435428680349185,34.16156958726264,-118.1676149368286,581.8369222507158,0.5101143264679822,0.012614092340054506,4.0,-0.03264851267861461,0.0,0.0,0.0,0.0,0.0,0.0,0.0,0.0,1.0,0.0,0.0,0.0,0.0,1.0,0.0,1.0,0.0,0.0,0,0.6098420176784595,401524055,2023
11.0,1.0,0.0,1584.0,555.0,555.0,10.518700218288165,43.6027080538683,-116.19591236114502,1254.3577797832304,0.974635135135135,-0.0034729729729728875,4.0,-0.09381319239643127,0.0,0.0,0.0,0.0,0.0,0.0,0.0,1.0,0.0,0.0,0.0,0.0,0.0,1.0,0.0,1.0,0.0,0.0,1,0.920972972972973,401532616,2023
11.0,1.0,0.0,1400.0,-194.0,194.0,11.062347921549595,40.25748799746312,-111.65443897247314,1518.7149353327327,0.969352687328364,0.01446841898783846,4.0,0.031837551691035304,0.0,0.0,1.0,0.0,0.0,0.0,0.0,0.0,0.0,0.0,0.0,0.0,0.0,1.0,0.0,1.0,0.0,0.0,1,0.9533777952138094,401525886,2023
11.0,1.0,0.0,1976.0,233.0,233.0,10.896757843893464,44.058272724266615,-123.0685043334961,1190.189468699118,0.9648222222222221,0.03517777777777786,5.0,0.05410181433602726,0.0,0.0,0.0,0.0,0.0,0.0,0.0,0.0,1.0,0.0,0.0,0.0,0.0,1.0,0.0,1.0,0.0,0.0,2,1.0,401524053,2023
11.0,1.0,0.0,1501.0,-234.0,234.0,10.324071131775993,37.320105186690846,-121.86811613079064,195.4724038908767,0.5394093117940636,-0.0427802950704842,4.0,-0.0761560904420487,0.0,0.0,0.0,0.0,0.0,0.0,0.0,1.0,0.0,0.0,0.0,0.0,0.0,1.0,0.0,1.0,0.0,0.0,0,0.6201076963488311,401532614,2023
12.0,1.0,0.0,1342.0,-219.0,219.0,10.074284623478128,41.37805439803228,-83.62248212099075,31.068782859892792,0.49231790591805763,-0.008883409205867443,4.0,-0.06205216112925908,0.0,0.0,0.0,0.0,0.0,0.0,1.0,0.0,0.0,0.0,0.0,0.0,1.0,0.0,0.0,1.0,0.0,0.0,1,0.8678974877760918,401532443,2023
12.0,1.0,0.0,1379.0,46.0,46.0,10.146472946063877,41.934014,-88.778222,264.97805983002894,0.39465098039215685,-0.043239215686274535,5.0,-0.08053338451855337,0.0,0.0,0.0,0.0,0.0,0.0,1.0,0.0,0.0,0.0,0.0,0.0,1.0,0.0,0.0,1.0,0.0,0.0,0,0.2516470588235294,401532444,2023
12.0,1.0,0.0,1251.0,199.0,199.0,10.315630315397533,42.2557607087688,-83.64775657653809,221.10277584482589,0.5803907284768213,0.009410596026490081,5.0,-0.16504123804810542,0.0,0.0,0.0,0.0,0.0,0.0,1.0,0.0,0.0,0.0,0.0,0.0,1.0,0.0,0.0,1.0,0.0,0.0,0,0.4524503311258278,401532445,2023
12.0,1.0,0.0,1496.0,230.0,230.0,10.085850775128717,39.32130908459409,-82.10343944652357,522.8162810770996,0.8274250000000001,-0.010105555555555479,5.0,0.03562756822931227,0.0,0.0,0.0,0.0,0.0,0.0,1.0,0.0,0.0,0.0,0.0,0.0,1.0,0.0,0.0,1.0,0.0,0.0,0,0.614,401532446,2023
12.0,1.0,0.0,1494.0,160.0,160.0,10.097696506752222,39.51942113142349,-84.73335450140017,630.2410632298244,0.6115972165033352,-0.013159158911855928,4.0,-0.0911982246101187,0.0,0.0,0.0,0.0,0.0,0.0,1.0,0.0,0.0,0.0,0.0,0.0,1.0,0.0,0.0,1.0,0.0,0.0,0,0.3113316313925718,401532447,2023
12.0,1.0,0.0,1401.0,88.0,88.0,11.133142723386813,40.44678376501633,-80.01575589179993,767.0736598879446,0.7219035087719299,0.02077192982456133,5.0,0.12776670087193062,1.0,0.0,0.0,0.0,0.0,0.0,0.0,0.0,0.0,0.0,0.0,0.0,1.0,0.0,0.0,1.0,0.0,0.0,0,0.6117251461988304,401525553,2023
12.0,1.0,0.0,1642.0,451.0,451.0,11.082157933374816,29.41693712868156,-98.47890257835388,1565.1894137407676,0.4651138461538461,-0.08212923076923079,5.0,-0.03879289903280969,0.0,1.0,0.0,0.0,0.0,0.0,0.0,0.0,0.0,0.0,0.0,1.0,0.0,0.0,0.0,1.0,0.0,0.0,0,0.3399384615384615,401531401,2023
12.0,1.0,0.0,1434.0,104.0,104.0,10.38124231399123,46.731967978653024,-117.16058578781136,1215.544960260118,0.8597804515008682,-0.004037459687422418,5.0,0.17441609628905974,0.0,0.0,0.0,0.0,0.0,0.0,0.0,0.0,1.0,0.0,0.0,1.0,0.0,0.0,0.0,1.0,0.0,0.0,1,0.8642086330935251,401524057,2023
12.0,0.0,1.0,2072.0,1337.0,1337.0,11.530981469769799,33.2074899449518,-87.5503921508789,730.0812425015952,0.9828719026526944,0.0,6.0,0.0,0.0,0.0,0.0,0.0,0.0,0.0,0.0,0.0,0.0,1.0,0.0,0.0,0.0,1.0,0.0,0.0,1.0,0.0,2,0.9828719026526944,401520401,2023
12.0,0.0,0.0,1361.0,-138.0,138.0,10.545367754151743,41.38708043477422,-73.96408081054688,954.1721152030951,0.7748736842105263,-0.002452631578947262,5.0,0.03994325210636074,0.0,0.0,0.0,0.0,0.0,1.0,0.0,0.0,0.0,0.0,0.0,0.0,0.0,1.0,0.0,0.0,1.0,0.0,1,0.7070263157894737,401520403,2023
12.0,1.0,0.0,1345.0,-24.0,24.0,10.87729219061089,39.18090913372923,-86.52557373046875,430.0205283911535,0.8650984724031798,-0.026657414226099352,4.0,0.015186477240594881,0.0,0.0,0.0,1.0,0.0,0.0,0.0,0.0,0.0,0.0,0.0,0.0,0.0,1.0,0.0,0.0,1.0,0.0,1,0.7678770369531147,401520405,2023
12.0,1.0,0.0,1596.0,-591.0,591.0,10.855203341628478,38.99120275144426,-76.94731173248788,679.4022453693647,0.748520005662587,0.059447511679085796,6.0,0.02810508964358896,0.0,0.0,0.0,1.0,0.0,0.0,0.0,0.0,0.0,0.0,0.0,0.0,0.0,1.0,0.0,0.0,1.0,0.0,1,0.9564495579321262,401520410,2023
12.0,1.0,0.0,1441.0,-65.0,65.0,10.760686237600595,42.06539966752991,-87.69249558448792,192.56250147982848,0.4307617228941226,0.039639295565457255,5.0,-0.0007104637677831094,0.0,0.0,0.0,1.0,0.0,0.0,0.0,0.0,0.0,0.0,0.0,0.0,0.0,1.0,0.0,0.0,1.0,0.0,0,0.4941862932314874,401520414,2023
12.0,0.0,0.0,1659.0,624.0,624.0,11.01173659154304,34.362154302992906,-89.53414626020904,310.8751773915208,0.9986711786068009,0.00132882139319912,6.0,0.008450339998646333,0.0,0.0,0.0,0.0,0.0,0.0,0.0,0.0,0.0,1.0,0.0,0.0,0.0,1.0,0.0,0.0,1.0,0.0,2,1.0,401520416,2023
12.0,1.0,0.0,2032.0,590.0,590.0,11.576585475330184,40.81215273275043,-77.85620212554932,287.9348328908039,0.9983751204193722,-0.001624879580627736,6.0,-0.0042828152039939464,0.0,0.0,0.0,1.0,0.0,0.0,0.0,0.0,0.0,0.0,0.0,0.0,0.0,1.0,0.0,0.0,1.0,0.0,2,0.9863191082085352,401520417,2023
12.0,0.0,1.0,1837.0,1102.0,1102.0,11.539898402471655,30.61009757817476,-96.34072922859283,730.0812425015952,0.9635706150896013,0.0123021164896705,6.0,0.004667747163695335,0.0,0.0,0.0,0.0,0.0,0.0,0.0,0.0,0.0,1.0,0.0,0.0,0.0,1.0,0.0,0.0,1.0,0.0,1,0.9227220075340932,401520420,2023
12.0,0.0,1.0,1047.0,312.0,312.0,10.596659732783579,41.75988427820291,-72.61894226074219,730.0812425015952,0.644475,-0.04477500000000001,5.0,0.0,0.0,0.0,0.0,0.0,0.0,1.0,0.0,0.0,0.0,0.0,0.0,0.0,0.0,1.0,0.0,0.0,1.0,0.0,0,0.476325,401520421,2023
12.0,1.0,0.0,1561.0,-202.0,202.0,11.087160706070168,25.957933739028963,-80.23884057998657,1456.9644679733387,0.7730536080580473,0.0694389166130891,6.0,-0.010112085769980517,1.0,0.0,0.0,0.0,0.0,0.0,0.0,0.0,0.0,0.0,0.0,0.0,0.0,1.0,0.0,0.0,1.0,0.0,0,0.688791599057037,401525558,2023
12.0,1.0,0.0,1334.0,-641.0,641.0,11.062347921549595,40.25748799746312,-111.65443897247314,1368.1185558753625,0.9661577089054532,0.01724493265332805,5.0,0.10562166287664614,0.0,0.0,1.0,0.0,0.0,0.0,0.0,0.0,0.0,0.0,0.0,0.0,0.0,1.0,0.0,0.0,1.0,0.0,2,0.9998273832875636,401525893,2023
12.0,1.0,0.0,1401.0,-210.0,210.0,10.308985993422082,26.3754535636523,-80.10168313980103,1058.3613644069474,0.642875,-0.017852777777777717,4.0,-0.026414857199108313,0.0,1.0,0.0,0.0,0.0,0.0,0.0,0.0,0.0,0.0,0.0,0.0,0.0,1.0,0.0,0.0,1.0,0.0,0,0.5290333333333334,401531375,2023
12.0,1.0,0.0,1376.0,-17.0,17.0,10.434145214930487,38.98483263543365,-76.5071153640747,384.3388505649364,0.8900235294117647,0.009250980392156882,5.0,-0.029690150844539836,0.0,1.0,0.0,0.0,0.0,0.0,0.0,0.0,0.0,0.0,0.0,0.0,0.0,1.0,0.0,0.0,1.0,0.0,1,0.8443529411764706,401531417,2023
12.0,1.0,0.0,1559.0,-217.0,217.0,11.041016020812398,35.120856917268995,-89.97805741128388,676.6552902008642,0.4757261942930426,0.038306081008870396,5.0,-0.02950994746234404,0.0,1.0,0.0,0.0,0.0,0.0,0.0,0.0,0.0,0.0,0.0,0.0,0.0,1.0,0.0,0.0,1.0,0.0,0,0.4859410067329272,401531431,2023
12.0,0.0,0.0,1693.0,721.0,721.0,9.862717639992917,37.354414,-79.175047,795.1638750000117,0.9536892361111112,-0.0030989583333334014,6.0,-0.01903369471758572,0.0,0.0,0.0,0.0,1.0,0.0,0.0,0.0,0.0,0.0,0.0,0.0,0.0,1.0,0.0,0.0,1.0,0.0,1,0.878125,401520408,2023
12.0,1.0,0.0,1490.0,298.0,298.0,10.085850775128717,33.82031030570401,-85.76646566390991,656.8635191085914,0.8328833333333334,0.0100055555555556,5.0,-0.13607091799844895,0.0,0.0,0.0,0.0,1.0,0.0,0.0,0.0,0.0,0.0,0.0,0.0,0.0,1.0,0.0,0.0,1.0,0.0,1,0.8438333333333333,401520407,2023
12.0,1.0,0.0,1354.0,173.0,173.0,10.34177474101152,35.85110908054087,-86.36844992637634,1911.2929724084763,0.45283870967741935,-0.08962365591397853,5.0,-0.14380956924751528,0.0,0.0,0.0,0.0,1.0,0.0,0.0,0.0,0.0,0.0,0.0,0.0,0.0,1.0,0.0,0.0,1.0,0.0,0,0.294258064516129,401520411,2023
12.0,1.0,0.0,1186.0,-132.0,132.0,9.636588019266876,35.31028067616406,-80.74049377106525,1507.460960639729,0.8461538461538461,-0.08288711854076869,5.0,-0.15477762068488754,0.0,1.0,0.0,0.0,0.0,0.0,0.0,0.0,0.0,0.0,0.0,0.0,0.0,1.0,1.0,0.0,0.0,0.0,0,0.6128379260807104,401531409,2023
12.0,1.0,0.0,1758.0,140.0,140.0,10.121779353119313,38.43508893585215,-78.87340330403673,350.6264824502869,0.9909799823136908,0.009020017686309223,5.0,0.043871243979299424,0.0,0.0,0.0,0.0,0.0,0.0,0.0,0.0,0.0,0.0,1.0,0.0,0.0,1.0,1.0,0.0,0.0,0.0,2,1.0,401531918,2023
12.0,1.0,0.0,1186.0,150.0,150.0,10.021315031649332,40.21602764466651,-85.41769962206614,360.965193956348,0.5335111111111112,-0.04518518518518516,4.0,0.027760030258376846,0.0,0.0,0.0,0.0,0.0,0.0,1.0,0.0,0.0,0.0,0.0,0.0,0.0,1.0,0.0,0.0,1.0,0.0,0,0.3801777777777778,401532448,2023
12.0,1.0,0.0,1356.0,204.0,204.0,10.281307359823968,41.31193599299248,-105.56906461715698,730.0812425015952,0.8219389328672766,0.025301851661469255,6.0,-0.04367344936206863,0.0,0.0,0.0,0.0,0.0,0.0,0.0,1.0,0.0,0.0,0.0,0.0,0.0,1.0,0.0,0.0,1.0,0.0,0,0.6248243720228916,401532620,2023
12.0,1.0,0.0,1642.0,-174.0,174.0,10.855377061650147,32.228340232071496,-110.94903945922852,952.0585063432453,0.899886124568142,0.00583531167770035,5.0,0.005676355996119431,0.0,0.0,0.0,0.0,0.0,0.0,0.0,0.0,1.0,0.0,0.0,0.0,0.0,1.0,0.0,0.0,1.0,0.0,2,0.9804867692188918,401524058,2023
12.0,1.0,0.0,1508.0,52.0,52.0,11.002116507732017,39.65221992482815,-79.9551753012939,396.165234488455,0.8741466666666667,-0.028552222222222312,5.0,0.018717356729161083,0.0,0.0,1.0,0.0,0.0,0.0,0.0,0.0,0.0,0.0,0.0,0.0,0.0,1.0,1.0,0.0,0.0,0.0,1,0.7264666666666667,401525899,2023
12.0,1.0,0.0,1291.0,-340.0,340.0,11.026808713825016,38.03112372855688,-78.51370811462402,229.53831095423027,0.733260162601626,-0.06185636856368559,4.0,0.02682903644810683,1.0,0.0,0.0,0.0,0.0,0.0,0.0,0.0,0.0,0.0,0.0,0.0,0.0,1.0,1.0,0.0,0.0,0.0,0,0.591869918699187,401525555,2023
12.0,1.0,0.0,1096.0,-280.0,280.0,10.478498510076376,36.14886067519205,-95.943603515625,345.8043904785838,0.588599403522593,-0.06137339860821933,5.0,0.009051215755805874,0.0,1.0,0.0,0.0,0.0,0.0,0.0,0.0,0.0,0.0,0.0,0.0,0.0,1.0,1.0,0.0,0.0,0.0,0,0.4648022058409768,401531345,2023
12.0,1.0,0.0,1222.0,-194.0,194.0,10.34061281337216,35.84899009532366,-90.66769494362912,947.1880161734174,0.5410218318046764,0.0048809370021100085,5.0,-0.1127153749271323,0.0,0.0,0.0,0.0,0.0,0.0,0.0,0.0,0.0,0.0,1.0,0.0,0.0,1.0,1.0,0.0,0.0,0.0,0,0.5400142100503811,401531919,2023
12.0,1.0,0.0,1683.0,175.0,175.0,11.164587103533947,41.65838893680983,-91.55147552490234,328.2210384784446,0.981086633137352,0.0,6.0,-0.007440018603204979,0.0,0.0,0.0,1.0,0.0,0.0,0.0,0.0,0.0,0.0,0.0,0.0,0.0,1.0,1.0,0.0,0.0,0.0,2,0.981086633137352,401520406,2023
12.0,1.0,0.0,1830.0,-285.0,285.0,11.537188717105908,35.95473437262258,-83.92533302307129,228.5384688268793,0.994729393392221,0.0,5.0,0.05559789343246596,0.0,0.0,0.0,0.0,0.0,0.0,0.0,0.0,0.0,1.0,0.0,0.0,0.0,1.0,1.0,0.0,0.0,0.0,2,0.994729393392221,401520419,2023
12.0,1.0,0.0,1465.0,134.0,134.0,10.003966171102347,36.98487662989466,-86.459013971646,1089.8049251143877,0.7526522859856193,-0.043160132049020805,5.0,-0.0613643700587754,0.0,0.0,0.0,0.0,1.0,0.0,0.0,0.0,0.0,0.0,0.0,0.0,0.0,1.0,1.0,0.0,0.0,0.0,0,0.4992990548546104,401520423,2023
12.0,1.0,0.0,1743.0,136.0,136.0,11.446871128898794,34.01400974062912,-118.28789591789246,19.79672534256614,0.6948376367864227,0.005644164788245698,6.0,-0.0013893578545807566,0.0,0.0,0.0,0.0,0.0,0.0,0.0,0.0,1.0,0.0,0.0,0.0,0.0,1.0,0.0,0.0,1.0,0.0,1,0.7717798882562201,401524062,2023
12.0,0.0,0.0,1966.0,522.0,522.0,11.299682738333281,41.69842312158612,-86.23382449150085,809.7079515586981,0.960727767807414,0.0,5.0,-0.06174589607089204,0.0,0.0,0.0,0.0,0.0,1.0,0.0,0.0,0.0,0.0,0.0,0.0,0.0,1.0,1.0,0.0,0.0,0.0,2,0.960727767807414,401525442,2023
12.0,1.0,0.0,1749.0,48.0,48.0,11.308370569092329,34.67874665741346,-82.84317970275879,370.5045640854882,0.9980184049079756,-0.0011431492842537416,6.0,0.041693115364167976,1.0,0.0,0.0,0.0,0.0,0.0,0.0,0.0,0.0,0.0,0.0,0.0,0.0,1.0,1.0,0.0,0.0,0.0,2,0.9976073619631902,401525554,2023
12.0,1.0,0.0,1534.0,-67.0,67.0,11.100949205246406,37.2199742830054,-80.41805505752563,218.96374821098863,0.9746319810366433,-0.010862661613797675,5.0,-0.01916789542056733,1.0,0.0,0.0,0.0,0.0,0.0,0.0,0.0,0.0,0.0,0.0,0.0,0.0,1.0,1.0,0.0,0.0,0.0,2,0.99092597345734,401525559,2023
12.0,1.0,0.0,1619.0,200.0,200.0,10.714439990727769,32.70991596942349,-97.36799597740172,130.2007257384158,0.9938333333333333,-0.006166666666666654,6.0,-0.0010443556987254816,0.0,0.0,1.0,0.0,0.0,0.0,0.0,0.0,0.0,0.0,0.0,0.0,0.0,1.0,1.0,0.0,0.0,0.0,1,0.9471333333333334,401525897,2023
12.0,1.0,0.0,1709.0,255.0,255.0,10.308985993422082,31.799527415252125,-85.95217691586194,604.0672223084501,0.9073733333333334,-0.004117777777777776,5.0,-0.05061682692298819,0.0,0.0,0.0,0.0,0.0,0.0,0.0,0.0,0.0,0.0,1.0,0.0,0.0,1.0,1.0,0.0,0.0,0.0,1,0.8873666666666666,401531921,2023
12.0,1.0,0.0,1573.0,21.0,21.0,10.7513495394883,38.99690743122685,-104.84368801116943,730.0812425015952,0.5446436220337532,-0.03363531225905947,4.0,-0.00040467515738373816,0.0,0.0,0.0,0.0,0.0,0.0,0.0,1.0,0.0,0.0,0.0,0.0,0.0,1.0,1.0,0.0,0.0,0.0,0,0.5048830634798253,401532624,2023
12.0,0.0,0.0,1705.0,314.0,314.0,11.378845350396778,32.602361666817515,-85.48891067504883,1991.3535105014373,0.9452767835702278,-0.03648214428651475,5.0,0.023304867842635003,0.0,0.0,0.0,0.0,0.0,0.0,0.0,0.0,0.0,1.0,0.0,0.0,0.0,1.0,1.0,0.0,0.0,0.0,2,1.0,401520404,2023
12.0,1.0,0.0,2084.0,553.0,553.0,11.561191682379716,40.0016856893694,-83.01972806453705,1001.8830117738585,0.9870902576612288,0.01290974233877118,5.0,0.008968606870505463,0.0,0.0,0.0,1.0,0.0,0.0,0.0,0.0,0.0,0.0,0.0,0.0,0.0,1.0,1.0,0.0,0.0,0.0,2,0.9911857752706206,401520415,2023
12.0,1.0,0.0,1368.0,-608.0,608.0,11.180343650832073,33.426364,-111.932616,1523.6086370653563,0.6800941808681746,0.04293225113658561,6.0,0.03300292713239672,0.0,0.0,0.0,0.0,0.0,0.0,0.0,0.0,1.0,0.0,0.0,0.0,0.0,1.0,1.0,0.0,0.0,0.0,0,0.6239505759629599,401524059,2023
12.0,1.0,0.0,1457.0,-29.0,29.0,10.596659732783579,29.721767963293527,-95.34909841095214,729.8630448520139,0.8975791666666666,-0.010379166666666606,6.0,-0.02820029407444269,0.0,0.0,1.0,0.0,0.0,0.0,0.0,0.0,0.0,0.0,0.0,0.0,0.0,1.0,1.0,0.0,0.0,0.0,1,0.84765,401525894,2023
12.0,1.0,0.0,1611.0,-39.0,39.0,11.01638071569648,33.59102829801104,-101.87293767929076,2041.4535191304917,0.8974171075547961,-0.01732224814607919,5.0,0.006970102454514598,0.0,0.0,1.0,0.0,0.0,0.0,0.0,0.0,0.0,0.0,0.0,0.0,0.0,1.0,1.0,0.0,0.0,0.0,1,0.8848049686175282,401525898,2023
12.0,1.0,0.0,1425.0,79.0,79.0,10.098272780745283,32.41221167634779,-81.78317070007324,706.0081607649204,0.8778847736625515,0.06528395061728387,5.0,-0.037103291734990024,0.0,0.0,0.0,0.0,0.0,0.0,0.0,0.0,0.0,0.0,1.0,0.0,0.0,1.0,0.0,1.0,0.0,0.0,1,0.8243621399176955,401531917,2023
12.0,1.0,0.0,1184.0,-242.0,242.0,10.819798284210286,37.43472641329173,-122.1610164642334,49.11544193472181,0.592175,0.03840500000000002,4.0,0.029074851471179126,0.0,0.0,0.0,0.0,0.0,0.0,0.0,0.0,1.0,0.0,0.0,0.0,0.0,1.0,1.0,0.0,0.0,0.0,2,1.0,401524061,2023
12.0,0.0,1.0,1960.0,1225.0,1225.0,11.31813853725963,30.437547584621285,-84.30453398103501,730.0812425015952,0.9543304981773998,0.012376670716889415,5.0,0.0,1.0,0.0,0.0,0.0,0.0,0.0,0.0,0.0,0.0,0.0,0.0,0.0,0.0,1.0,0.0,1.0,0.0,0.0,2,0.9667071688942892,401525556,2023
12.0,1.0,0.0,1582.0,-420.0,420.0,10.821217248604537,38.96294598898537,-95.2463150024414,119.3003747857817,0.9143882353724377,0.02143622722400851,6.0,0.035417186115486,0.0,0.0,1.0,0.0,0.0,0.0,0.0,0.0,0.0,0.0,0.0,0.0,0.0,1.0,0.0,1.0,0.0,0.0,1,0.9433204849114256,401525896,2023
12.0,1.0,0.0,1406.0,-191.0,191.0,10.146982600098235,41.75153188612883,-111.81210567885644,413.19753013514105,0.7672323913299103,-0.011486954363135071,5.0,0.04669975004002519,0.0,0.0,0.0,0.0,0.0,0.0,0.0,1.0,0.0,0.0,0.0,0.0,0.0,1.0,1.0,0.0,0.0,0.0,0,0.6985066436718536,401532619,2023
12.0,0.0,0.0,1485.0,490.0,490.0,11.184435286790631,36.067850785167344,-94.17879581451416,1742.7634834400976,0.99828125,-0.0005729166666667007,4.0,-0.2876637177542372,0.0,0.0,0.0,0.0,0.0,0.0,0.0,0.0,0.0,1.0,0.0,0.0,0.0,1.0,0.0,1.0,0.0,0.0,1,0.8533611111111111,401520402,2023
12.0,1.0,0.0,1761.0,180.0,180.0,11.172812609330474,38.93589529672232,-92.33311414718628,1379.2716724443212,0.8397102630395684,0.04019362634892076,6.0,0.020110260614235414,0.0,0.0,0.0,0.0,0.0,0.0,0.0,0.0,0.0,1.0,0.0,0.0,0.0,1.0,0.0,1.0,0.0,0.0,1,0.8799038893884892,401520413,2023
12.0,1.0,0.0,1597.0,-15.0,15.0,11.292914501973813,33.97259115457693,-81.02021634578705,548.6197133916036,0.9641595015576325,-0.00766105919003135,5.0,0.029614125285611248,0.0,0.0,0.0,0.0,0.0,0.0,0.0,0.0,0.0,1.0,0.0,0.0,0.0,1.0,0.0,1.0,0.0,0.0,2,0.9693208722741432,401520418,2023
12.0,1.0,0.0,1593.0,83.0,83.0,11.293798835013952,43.06993802646878,-89.41274642944336,652.681283060244,0.9451679303461528,0.00428074019662783,6.0,-0.08789763300617792,0.0,0.0,0.0,1.0,0.0,0.0,0.0,0.0,0.0,0.0,0.0,0.0,0.0,1.0,0.0,1.0,0.0,0.0,1,0.8993538427061416,401520422,2023
12.0,1.0,0.0,1830.0,-41.0,41.0,10.729306381246207,44.5594768421455,-123.2814073562622,351.87132918799693,0.8030739589263038,0.01488957977551053,5.0,0.014088275903432479,0.0,0.0,0.0,0.0,0.0,0.0,0.0,0.0,1.0,0.0,0.0,0.0,0.0,1.0,1.0,0.0,0.0,0.0,1,0.8410693173359023,401524060,2023
12.0,0.0,0.0,1934.0,560.0,560.0,11.535879982582413,30.4120123982997,-91.183819770813,730.0812425015952,0.9847460443115293,0.013478497408482504,5.0,0.012106474185962848,0.0,0.0,0.0,0.0,0.0,0.0,0.0,0.0,0.0,1.0,0.0,0.0,0.0,1.0,0.0,1.0,0.0,0.0,2,0.9793883953440644,401520409,2023
12.0,1.0,0.0,1404.0,-7.0,7.0,10.915106645867503,33.772556921319435,-84.39285278320312,1254.9952298923517,0.6052272727272727,0.01112424242424237,4.0,0.0046421956352421245,1.0,0.0,0.0,0.0,0.0,0.0,0.0,0.0,0.0,0.0,0.0,0.0,0.0,1.0,0.0,1.0,0.0,0.0,0,0.6060363636363636,401525557,2023
12.0,1.0,0.0,1660.0,-258.0,258.0,11.026808713825016,42.01400541108485,-93.6358094215393,1354.7687173253048,0.9782276422764227,0.0031111111111111756,5.0,0.03692894490289475,0.0,0.0,1.0,0.0,0.0,0.0,0.0,0.0,0.0,0.0,0.0,0.0,0.0,1.0,0.0,1.0,0.0,0.0,2,1.0,401525895,2023
12.0,1.0,0.0,1647.0,631.0,631.0,10.622107529069105,36.81431969524593,-119.75810156690552,1196.8917006406127,0.9800736028856232,0.005425166337647003,5.0,-0.08377543483786395,0.0,0.0,0.0,0.0,0.0,0.0,0.0,1.0,0.0,0.0,0.0,0.0,0.0,1.0,0.0,1.0,0.0,0.0,1,0.9399965879456996,401532622,2023
12.0,1.0,0.0,1589.0,270.0,270.0,10.324071131775993,37.320105186690846,-121.86811613079064,730.0812425015952,0.5555489887050171,-0.007895543297434582,5.0,0.004903907418236708,0.0,0.0,0.0,0.0,0.0,0.0,0.0,1.0,0.0,0.0,0.0,0.0,0.0,1.0,0.0,1.0,0.0,0.0,0,0.5327029156816391,401532623,2023
13.0,1.0,0.0,1278.0,-73.0,73.0,10.315630315397533,42.285755487470176,-85.60100421309471,192.49747327507282,0.6771633554083886,0.0,3.0,-0.01531884773510614,0.0,0.0,0.0,0.0,0.0,0.0,1.0,0.0,0.0,0.0,0.0,0.0,1.0,0.0,0.0,1.0,0.0,0.0,0,0.2947350993377483,401532450,2023
13.0,1.0,0.0,1322.0,73.0,73.0,10.275533751098848,42.99906838239644,-78.7775194644928,406.873203807807,0.46604625512701203,-0.021038844655843936,5.0,0.028348704884627752,0.0,0.0,0.0,0.0,0.0,0.0,1.0,0.0,0.0,0.0,0.0,0.0,1.0,0.0,0.0,1.0,0.0,0.0,0,0.3875159411298383,401532449,2023
13.0,1.0,0.0,1421.0,-255.0,255.0,11.024154831985069,33.456230599072065,-88.79342436790466,121.73611606818795,0.8732385563906506,-0.005909972773367023,6.0,-0.04317902053721512,0.0,0.0,0.0,0.0,0.0,0.0,0.0,0.0,0.0,1.0,0.0,0.0,1.0,0.0,0.0,1.0,0.0,0.0,2,0.9849193798196848,401520424,2023
13.0,1.0,0.0,1505.0,-176.0,176.0,11.37472031017221,40.82048352329494,-96.70571565628052,440.8502396947002,0.9977399118929243,-0.0014333666318371296,6.0,0.02024882557113572,0.0,0.0,0.0,1.0,0.0,0.0,0.0,0.0,0.0,0.0,0.0,1.0,0.0,0.0,0.0,0.0,1.0,0.0,2,0.989574123617825,401520425,2023
13.0,1.0,0.0,1306.0,-257.0,257.0,10.703266939811954,42.33510834895851,-71.16647243499756,2000.3712431062277,0.8391835205992509,0.0030262172284644118,6.0,0.03115489044596772,1.0,0.0,0.0,0.0,0.0,0.0,0.0,0.0,0.0,0.0,0.0,1.0,0.0,0.0,0.0,0.0,1.0,0.0,0,0.6869438202247191,401525560,2023
13.0,1.0,0.0,1945.0,285.0,285.0,11.31585162638907,35.20589959488508,-97.44255065917967,277.62585204921044,1.0,0.0,5.0,-0.025119834891369597,0.0,0.0,1.0,0.0,0.0,0.0,0.0,0.0,0.0,0.0,0.0,1.0,0.0,0.0,0.0,0.0,1.0,0.0,2,1.0,401525900,2023
13.0,1.0,0.0,1022.0,-544.0,544.0,11.13507066006998,39.900748900488125,-75.16749143600464,1408.1095115671321,0.20255987470573353,0.00497820969279561,6.0,-0.178440696348373,0.0,1.0,0.0,0.0,0.0,0.0,0.0,0.0,0.0,0.0,0.0,1.0,0.0,0.0,0.0,0.0,1.0,0.0,0,0.1580283663106286,401531394,2023
13.0,1.0,0.0,1257.0,-295.0,295.0,10.400802314274172,43.577612282574535,-84.77082967758179,233.55405540257718,0.5559981754599361,0.009953879681719124,4.0,0.047355774617564225,0.0,0.0,0.0,0.0,0.0,0.0,1.0,0.0,0.0,0.0,0.0,1.0,0.0,0.0,0.0,0.0,1.0,0.0,0,0.2618823171658811,401532451,2023
13.0,1.0,0.0,1054.0,-451.0,451.0,10.308985993422082,41.07256951528711,-81.50838375091553,201.18145511954697,0.25026666666666664,-0.007833333333333359,4.0,0.009886257629781167,0.0,0.0,0.0,0.0,0.0,0.0,1.0,0.0,0.0,0.0,0.0,1.0,0.0,0.0,0.0,0.0,1.0,0.0,0,0.2050666666666666,401532452,2023
13.0,1.0,0.0,1628.0,-37.0,37.0,10.308985993422082,29.945898112528432,-90.11519112306328,809.9353561749418,0.8335722222222222,-0.05326111111111109,6.0,-0.015512279189225493,0.0,1.0,0.0,0.0,0.0,0.0,0.0,0.0,0.0,0.0,0.0,1.0,0.0,0.0,1.0,0.0,0.0,0.0,1,0.8367666666666667,401531376,2023
13.0,1.0,0.0,1093.0,-237.0,237.0,10.577069577601234,35.06761048267165,-106.6281028358157,869.2948696121604,0.4272690189679788,-0.09496396763886061,5.0,-0.1661569952181312,0.0,0.0,0.0,0.0,0.0,0.0,0.0,1.0,0.0,0.0,0.0,1.0,0.0,0.0,0.0,0.0,1.0,0.0,0,0.3083316336936569,401532629,2023
13.0,1.0,0.0,1495.0,-264.0,264.0,11.184435286790631,36.067850785167344,-94.17879581451416,358.0472063632748,0.9692972222222223,-0.020468518518518608,5.0,0.03265205466018939,0.0,0.0,0.0,0.0,0.0,0.0,0.0,0.0,0.0,1.0,0.0,1.0,0.0,0.0,1.0,0.0,0.0,0.0,1,0.8312083333333333,401520426,2023
13.0,1.0,0.0,1673.0,108.0,108.0,10.518700218288165,43.6027080538683,-116.19591236114502,1076.443487498958,0.9639027027027026,-0.00656036036036034,5.0,0.04853320122375193,0.0,0.0,0.0,0.0,0.0,0.0,0.0,1.0,0.0,0.0,0.0,1.0,0.0,0.0,0.0,0.0,1.0,0.0,2,0.9835135135135136,401532625,2023
13.0,1.0,0.0,1917.0,304.0,304.0,11.514124745545711,30.28360340206824,-97.73233652114868,536.4750271217601,0.9958009968137915,0.004199003186208472,5.0,-0.0014867159008464526,0.0,0.0,1.0,0.0,0.0,0.0,0.0,0.0,0.0,0.0,0.0,1.0,0.0,0.0,0.0,1.0,0.0,0.0,2,1.0,401525901,2023
13.0,1.0,0.0,2006.0,176.0,176.0,10.896757843893464,44.058272724266615,-123.0685043334961,58.249113988274935,0.9706851851851851,0.029314814814814905,6.0,0.006587591518844027,0.0,0.0,0.0,0.0,0.0,0.0,0.0,0.0,1.0,0.0,0.0,1.0,0.0,0.0,1.0,0.0,0.0,0.0,2,1.0,401524063,2023
13.0,0.0,0.0,1761.0,150.0,150.0,10.915106645867503,38.20542168521144,-85.75810561566809,111.4795284740156,0.895330303030303,-0.005075757575757511,6.0,0.023500936643336107,1.0,0.0,0.0,0.0,0.0,0.0,0.0,0.0,0.0,0.0,0.0,0.0,0.0,1.0,0.0,0.0,1.0,0.0,2,1.0,401520432,2023
13.0,1.0,0.0,1985.0,158.0,158.0,11.535879982582413,30.4120123982997,-91.183819770813,494.46840795399754,0.9838531028169518,0.007500904017748056,6.0,-0.0006522777883305834,0.0,0.0,0.0,0.0,0.0,0.0,0.0,0.0,0.0,1.0,0.0,0.0,0.0,1.0,0.0,0.0,1.0,0.0,2,0.9888292725833406,401520433,2023
13.0,1.0,0.0,2160.0,47.0,47.0,11.586194513897674,42.26586873251738,-83.7487256526947,259.0594706557978,1.0,0.0,6.0,0.023394064188042546,0.0,0.0,0.0,1.0,0.0,0.0,0.0,0.0,0.0,0.0,0.0,0.0,0.0,1.0,0.0,0.0,1.0,0.0,2,1.0,401520434,2023
13.0,1.0,0.0,1490.0,148.0,148.0,10.94024216782542,40.434323,-86.918485,143.35689751835048,0.9929875886524823,0.007012411347517733,6.0,0.02362230451243738,0.0,0.0,0.0,1.0,0.0,0.0,0.0,0.0,0.0,0.0,0.0,0.0,0.0,1.0,0.0,0.0,1.0,0.0,2,1.0,401520438,2023
13.0,1.0,0.0,1331.0,-21.0,21.0,9.546884034617925,30.71394673763343,-95.54191589355467,1025.6032228491797,0.6352678571428572,-0.12157738095238091,4.0,-0.05192540597660248,0.0,0.0,0.0,0.0,1.0,0.0,0.0,0.0,0.0,0.0,0.0,0.0,0.0,1.0,0.0,0.0,1.0,0.0,0,0.3820714285714285,401520440,2023
13.0,1.0,0.0,982.0,-94.0,94.0,9.741027444837728,42.377513236004525,-72.53562686052412,69.02067506045759,0.6034588235294118,0.0590705882352941,5.0,-0.001025744034746423,0.0,0.0,0.0,0.0,0.0,1.0,0.0,0.0,0.0,0.0,0.0,0.0,0.0,1.0,0.0,0.0,1.0,0.0,1,0.723,401520443,2023
13.0,1.0,0.0,1625.0,217.0,217.0,10.43240846457121,35.9953166502013,-78.94172430038452,503.7818653566229,0.7430099289944315,0.08245190182964568,6.0,0.05370562169312171,1.0,0.0,0.0,0.0,0.0,0.0,0.0,0.0,0.0,0.0,0.0,0.0,0.0,1.0,0.0,0.0,1.0,0.0,0,0.5196959429598421,401525561,2023
13.0,1.0,0.0,1648.0,217.0,217.0,10.721591972500457,28.607958859227068,-81.1929988861084,1379.2214818835373,0.9729320653972596,-0.0007472291478203275,5.0,-0.038751778197546716,0.0,0.0,1.0,0.0,0.0,0.0,0.0,0.0,0.0,0.0,0.0,0.0,0.0,1.0,0.0,0.0,1.0,0.0,2,0.9622046201707742,401525906,2023
13.0,1.0,0.0,1769.0,375.0,375.0,10.373522431293592,32.83771580994254,-96.782705783844,1944.5407831066777,0.71379375,-0.0030854166666666183,5.0,-0.0007989215692908169,0.0,1.0,0.0,0.0,0.0,0.0,0.0,0.0,0.0,0.0,0.0,0.0,0.0,1.0,0.0,0.0,1.0,0.0,0,0.6715625,401531435,2023
13.0,1.0,0.0,1155.0,-550.0,550.0,10.491301994830229,31.32897842661232,-89.33133065700531,324.38761118480926,0.6660055555555555,-0.06870925925925919,5.0,-0.08732239153264346,0.0,0.0,0.0,0.0,0.0,0.0,0.0,0.0,0.0,0.0,1.0,0.0,0.0,1.0,0.0,0.0,1.0,0.0,0,0.5490555555555555,401531927,2023
13.0,1.0,0.0,1251.0,-255.0,255.0,10.021315031649332,40.21602764466651,-85.41769962206614,97.0101280683725,0.5028444444444444,-0.03768888888888883,5.0,0.023507696605960263,0.0,0.0,0.0,0.0,0.0,0.0,1.0,0.0,0.0,0.0,0.0,0.0,0.0,1.0,0.0,0.0,1.0,0.0,0,0.3579555555555556,401532454,2023
13.0,1.0,0.0,1357.0,-27.0,27.0,10.757924157061597,29.71623402909437,-95.40926456451416,1546.1486969098412,0.44113829787234043,0.007620567375886567,6.0,-0.06649498899228905,0.0,1.0,0.0,0.0,0.0,0.0,0.0,0.0,0.0,0.0,0.0,0.0,0.0,1.0,0.0,0.0,1.0,0.0,0,0.4126170212765957,401531421,2023
13.0,1.0,0.0,1396.0,-4.0,4.0,10.804684950962628,43.036132820423234,-76.13651990890503,848.7758216997378,0.7561137055837563,0.0634531302876481,5.0,-0.04939671685671363,1.0,0.0,0.0,0.0,0.0,0.0,0.0,0.0,0.0,0.0,0.0,0.0,0.0,1.0,1.0,0.0,0.0,0.0,1,0.7110253807106599,401525563,2023
13.0,1.0,0.0,1375.0,272.0,272.0,10.819798284210286,35.59642579698931,-77.36522912979126,1672.5564244320115,0.743404,-0.029730666666666572,5.0,-0.08087213057989154,0.0,1.0,0.0,0.0,0.0,0.0,0.0,0.0,0.0,0.0,0.0,0.0,0.0,1.0,1.0,0.0,0.0,0.0,0,0.59134,401531346,2023
13.0,1.0,0.0,1369.0,74.0,74.0,10.336924443719042,33.20393508408917,-97.15922355651855,730.0812425015952,0.5960324149108589,-0.0655732036736898,5.0,-0.0775265048507532,0.0,1.0,0.0,0.0,0.0,0.0,0.0,0.0,0.0,0.0,0.0,0.0,0.0,1.0,0.0,0.0,1.0,0.0,0,0.4741653160453808,401531386,2023
13.0,1.0,0.0,1355.0,32.0,32.0,9.909419921189237,36.88878131523489,-76.30567610263824,730.0812425015952,0.9083109653047023,0.001935248699340475,5.0,0.008613649555277292,0.0,0.0,0.0,0.0,0.0,0.0,0.0,0.0,0.0,0.0,1.0,0.0,0.0,1.0,1.0,0.0,0.0,0.0,1,0.7812406799880703,401531925,2023
13.0,1.0,0.0,985.0,-480.0,480.0,10.064798252418377,25.75249278747405,-80.37786483764648,1375.120065694428,0.672468085106383,-0.014553191489361739,5.0,-0.1066837400747475,0.0,0.0,0.0,0.0,1.0,0.0,0.0,0.0,0.0,0.0,0.0,0.0,0.0,1.0,1.0,0.0,0.0,0.0,0,0.5414468085106383,401520428,2023
13.0,1.0,0.0,1735.0,514.0,514.0,10.903825271935897,40.75994782004573,-111.84882402420044,563.5525105067117,0.9681334240479562,-0.0008887581290722979,6.0,0.131919117614959,0.0,0.0,0.0,0.0,0.0,0.0,0.0,0.0,1.0,0.0,0.0,0.0,0.0,1.0,0.0,0.0,1.0,0.0,1,0.9487339793685526,401524067,2023
13.0,1.0,0.0,1458.0,440.0,440.0,10.515993929932415,30.21579609675613,-92.01626413552384,257.4906219351415,0.4666341463414634,-0.012849141824751553,5.0,0.007026036277556891,0.0,0.0,0.0,0.0,0.0,0.0,0.0,0.0,0.0,0.0,1.0,0.0,0.0,1.0,1.0,0.0,0.0,0.0,0,0.3764769647696477,401531926,2023
13.0,1.0,0.0,1612.0,-435.0,435.0,11.378845350396778,32.602361666817515,-85.48891067504883,203.8712169185267,0.9543973196418566,-0.04560268035814352,6.0,0.15081439132926605,0.0,0.0,0.0,0.0,0.0,0.0,0.0,0.0,0.0,1.0,0.0,0.0,0.0,1.0,1.0,0.0,0.0,0.0,2,1.0,401520427,2023
13.0,1.0,0.0,1510.0,53.0,53.0,11.013221103411352,40.09930573133053,-88.23598623275757,223.3135203237507,0.8394428877534201,0.007021592220207595,6.0,-0.0629610162357324,0.0,0.0,0.0,1.0,0.0,0.0,0.0,0.0,0.0,0.0,0.0,0.0,0.0,1.0,1.0,0.0,0.0,0.0,0,0.6973792648755562,401520431,2023
13.0,1.0,0.0,1502.0,-96.0,96.0,10.86906356408504,44.97652496911191,-93.224575817585,371.19422527532384,0.9200253847374267,-0.015840076154212457,6.0,0.02192302293536082,0.0,0.0,0.0,1.0,0.0,0.0,0.0,0.0,0.0,0.0,0.0,0.0,0.0,1.0,1.0,0.0,0.0,0.0,1,0.9161161351737268,401520436,2023
13.0,1.0,0.0,1787.0,612.0,612.0,11.537188717105908,35.95473437262258,-83.92533302307129,260.0675143681999,0.994729393392221,0.0,6.0,-0.018941656898228104,0.0,0.0,0.0,0.0,0.0,0.0,0.0,0.0,0.0,1.0,0.0,0.0,0.0,1.0,1.0,0.0,0.0,0.0,2,0.994729393392221,401520442,2023
13.0,1.0,0.0,1183.0,-500.0,500.0,10.849356503939038,31.77334530512776,-106.50789678096773,2568.750841843175,0.38337475728155335,-0.12486990291262134,5.0,-0.005473760455022902,0.0,0.0,0.0,0.0,1.0,0.0,0.0,0.0,0.0,0.0,0.0,0.0,0.0,1.0,0.0,0.0,1.0,0.0,0,0.1988349514563107,401520444,2023
13.0,1.0,0.0,1338.0,-385.0,385.0,11.180343650832073,33.426364,-111.932616,161.8378693147436,0.6720736658817154,0.007139603114835413,7.0,0.03871911184230895,0.0,0.0,0.0,0.0,0.0,0.0,0.0,0.0,1.0,0.0,0.0,0.0,0.0,1.0,0.0,0.0,1.0,0.0,1,0.7449027975343765,401524064,2023
13.0,1.0,0.0,1297.0,-229.0,229.0,11.026808713825016,38.03112372855688,-78.51370811462402,190.4219661786722,0.7049821138211383,-0.0692368563685638,5.0,0.03866802663450501,1.0,0.0,0.0,0.0,0.0,0.0,0.0,0.0,0.0,0.0,0.0,0.0,0.0,1.0,1.0,0.0,0.0,0.0,0,0.6987967479674797,401525564,2023
13.0,1.0,0.0,1512.0,148.0,148.0,11.005743196119036,36.12570866235855,-97.06650495529176,1353.1591389632297,0.8950258505208852,0.0006919304305467167,6.0,0.0070374329798572385,0.0,0.0,1.0,0.0,0.0,0.0,0.0,0.0,0.0,0.0,0.0,0.0,0.0,1.0,1.0,0.0,0.0,0.0,1,0.8943339200903384,401525905,2023
13.0,1.0,0.0,1631.0,215.0,215.0,10.600850832843811,36.21151530169309,-81.68550610542297,422.55842182986754,0.8820603465445129,-0.04466075814910686,5.0,-0.10740365028395904,0.0,0.0,0.0,0.0,0.0,0.0,0.0,0.0,0.0,0.0,1.0,0.0,0.0,1.0,1.0,0.0,0.0,0.0,1,0.7779326827325234,401531922,2023
13.0,1.0,0.0,1481.0,-264.0,264.0,10.008658050141667,33.792838175224496,-79.01702282805255,516.3556955341405,0.7789170455056939,0.007327722014673355,5.0,-0.05539264659229807,0.0,0.0,0.0,0.0,0.0,0.0,0.0,0.0,0.0,0.0,1.0,0.0,0.0,1.0,1.0,0.0,0.0,0.0,1,0.7289913129585452,401531923,2023
13.0,1.0,0.0,1338.0,-56.0,56.0,10.54586761604242,38.42486536179161,-82.42185831069946,784.6891174293628,0.6339567058575974,-0.073394881506615,5.0,-0.007785398782600039,0.0,0.0,0.0,0.0,0.0,0.0,0.0,0.0,0.0,0.0,1.0,0.0,0.0,1.0,1.0,0.0,0.0,0.0,0,0.4911491622609747,401531924,2023
13.0,1.0,0.0,1484.0,-79.0,79.0,10.320354083368734,32.27974938226407,-106.74113631248474,1958.9961884309225,0.4749942326071911,-0.010362082413296891,4.0,-0.09948125531415998,0.0,0.0,0.0,0.0,1.0,0.0,0.0,0.0,0.0,0.0,0.0,0.0,0.0,1.0,1.0,0.0,0.0,0.0,0,0.5174834393435059,401520437,2023
13.0,1.0,0.0,1871.0,328.0,328.0,11.163382173096926,47.65043054401222,-122.30291984739304,401.68112709532676,0.967113475177305,0.022858156028368715,6.0,-0.009170755544884446,0.0,0.0,0.0,0.0,0.0,0.0,0.0,0.0,1.0,0.0,0.0,0.0,0.0,1.0,0.0,0.0,1.0,0.0,2,1.0,401524068,2023
13.0,0.0,0.0,1583.0,-371.0,371.0,11.391311350092442,29.649868677972304,-82.34866619110107,207.63441380394647,0.9991304151420699,0.0008695848579300947,5.0,0.08031746963583788,0.0,0.0,0.0,0.0,0.0,0.0,0.0,0.0,0.0,1.0,0.0,0.0,0.0,1.0,0.0,1.0,0.0,0.0,2,1.0,401520429,2023
13.0,0.0,0.0,1179.0,-831.0,831.0,10.819798284210286,37.43472641329173,-122.1610164642334,3093.0771347815903,0.67374,0.03653333333333331,5.0,0.16385942689970975,0.0,0.0,0.0,0.0,0.0,0.0,0.0,0.0,1.0,0.0,0.0,0.0,0.0,1.0,1.0,0.0,0.0,0.0,0,0.61802,401524065,2023
13.0,1.0,0.0,1378.0,-174.0,174.0,10.717546203426988,31.55866263551169,-97.11560010910034,1788.9974284827438,0.9711912146338376,-0.016177184209971163,7.0,-0.03286139222604659,0.0,0.0,1.0,0.0,0.0,0.0,0.0,0.0,0.0,0.0,0.0,0.0,0.0,1.0,0.0,1.0,0.0,0.0,1,0.8019494904740806,401525902,2023
13.0,1.0,0.0,1244.0,-418.0,418.0,10.308985993422082,29.89134454879716,-97.92531180559462,730.0812425015952,0.7432333333333334,0.013544444444444359,5.0,-0.02137584732277266,0.0,0.0,0.0,0.0,0.0,0.0,0.0,0.0,0.0,0.0,1.0,0.0,0.0,1.0,1.0,0.0,0.0,0.0,0,0.5205666666666666,401531928,2023
13.0,0.0,0.0,1419.0,-739.0,739.0,10.915106645867503,33.772556921319435,-84.39285278320312,96.16866274396394,0.6053890909090909,0.030568484848484845,5.0,0.03706526228831064,1.0,0.0,0.0,0.0,0.0,0.0,0.0,0.0,0.0,0.0,0.0,0.0,0.0,1.0,0.0,1.0,0.0,0.0,1,0.9354,401520430,2023
13.0,0.0,0.0,1598.0,-167.0,167.0,11.292914501973813,33.97259115457693,-81.02021634578705,184.89866374105395,0.9650197300103841,-0.014581516095534708,6.0,0.04347527944320695,0.0,0.0,0.0,0.0,0.0,0.0,0.0,0.0,0.0,1.0,0.0,0.0,0.0,1.0,0.0,1.0,0.0,0.0,2,0.9990280373831776,401520441,2023
13.0,1.0,0.0,1412.0,-189.0,189.0,10.596659732783579,39.13128425273405,-84.51626143741578,926.2662257008346,0.954825,0.0,6.0,0.012570985039997503,0.0,0.0,1.0,0.0,0.0,0.0,0.0,0.0,0.0,0.0,0.0,0.0,0.0,1.0,0.0,1.0,0.0,0.0,1,0.954825,401525903,2023
13.0,1.0,0.0,1168.0,21.0,21.0,11.095256188023157,27.975994470037183,-82.50334918498993,832.384807217062,0.6138755181681521,0.019906767693639194,4.0,0.0025762945777584754,0.0,1.0,0.0,0.0,0.0,0.0,0.0,0.0,0.0,0.0,0.0,0.0,0.0,1.0,0.0,1.0,0.0,0.0,0,0.4445844784912766,401531410,2023
13.0,1.0,0.0,1983.0,322.0,322.0,10.819798284210286,39.20186361814248,-96.59379243850708,400.10622171374314,1.0,0.0,6.0,0.022275062929917322,0.0,0.0,1.0,0.0,0.0,0.0,0.0,0.0,0.0,0.0,0.0,0.0,0.0,1.0,0.0,1.0,0.0,0.0,2,1.0,401525904,2023
13.0,1.0,0.0,1153.0,-268.0,268.0,10.308985993422082,39.54692485017159,-119.8175597190857,1220.4442514954567,0.6087750000000001,-0.01765277777777785,4.0,0.023936307195630186,0.0,0.0,0.0,0.0,0.0,0.0,0.0,1.0,0.0,0.0,0.0,0.0,0.0,1.0,0.0,1.0,0.0,0.0,0,0.4014666666666667,401532630,2023
13.0,1.0,0.0,1667.0,236.0,236.0,11.435428680349185,34.16156958726264,-118.1676149368286,552.1069613335675,0.5300598647100776,0.05783896320949766,5.0,0.12376238860338434,0.0,0.0,0.0,0.0,0.0,0.0,0.0,0.0,1.0,0.0,0.0,0.0,0.0,1.0,0.0,1.0,0.0,0.0,0,0.4585917745456117,401524066,2023
14.0,1.0,0.0,1671.0,185.0,185.0,9.862717639992917,37.354414,-79.175047,2569.1476717583846,0.9428943452380952,0.016480654761904745,7.0,0.028541259273824532,0.0,0.0,0.0,0.0,1.0,0.0,0.0,0.0,0.0,0.0,0.0,1.0,0.0,0.0,0.0,1.0,0.0,0.0,2,1.0,401539476,2023
14.0,1.0,0.0,1657.0,-195.0,195.0,10.308985993422082,29.945898112528432,-90.11519112306328,709.6637988158104,0.8340285714285713,0.0018492063492063782,7.0,-0.022889154145305925,0.0,1.0,0.0,0.0,0.0,0.0,0.0,0.0,0.0,0.0,0.0,0.0,0.0,1.0,1.0,0.0,0.0,0.0,1,0.8402,401539477,2023
14.0,1.0,0.0,1696.0,17.0,17.0,10.308985993422082,31.799527415252125,-85.95217691586194,628.6160296546161,0.904038888888889,0.004738888888888848,6.0,0.03515843740605187,0.0,0.0,0.0,0.0,0.0,0.0,0.0,0.0,0.0,0.0,1.0,0.0,0.0,1.0,1.0,0.0,0.0,0.0,0,0.6727666666666666,401539484,2023
1.0,0.0,1.0,1234.0,499.0,499.0,10.577069577601234,35.06761048267165,-106.6281028358157,730.0812425015952,0.40744612142225844,-0.08306988918349306,6.0,0.0,0.0,0.0,0.0,0.0,0.0,0.0,0.0,1.0,0.0,0.0,0.0,0.0,0.0,1.0,1.0,0.0,0.0,0.0,0,0.4414134203548848,401643697,2024
1.0,0.0,0.0,1222.0,-468.0,468.0,10.308985993422082,39.54692485017159,-119.8175597190857,2190.1009480616062,0.5673133333333333,-0.11545777777777771,5.0,-0.018737642328629563,0.0,0.0,0.0,0.0,0.0,0.0,0.0,1.0,0.0,0.0,0.0,0.0,0.0,1.0,1.0,0.0,0.0,0.0,0,0.6754333333333333,401643696,2024
1.0,0.0,1.0,1460.0,725.0,725.0,10.867710938165587,40.51378289308872,-74.46504457087282,730.0812425015952,0.9382760768165123,-0.016369898704897023,6.0,0.04538510502864418,0.0,0.0,0.0,1.0,0.0,0.0,0.0,0.0,0.0,0.0,0.0,0.0,1.0,0.0,0.0,1.0,0.0,0.0,1,0.9113318336065886,401628458,2024
1.0,0.0,1.0,1431.0,696.0,696.0,10.357774570341576,36.09183481061275,-80.25534152984619,730.0812425015952,0.9643915343915345,0.013164021164021156,6.0,0.0,1.0,0.0,0.0,0.0,0.0,0.0,0.0,0.0,0.0,0.0,0.0,0.0,1.0,0.0,0.0,1.0,0.0,0.0,1,0.9349206349206348,401628581,2024
1.0,0.0,1.0,1578.0,843.0,843.0,10.721591972500457,28.607958859227068,-81.1929988861084,730.0812425015952,0.9711441578595122,-0.0018643955607529072,6.0,0.0,0.0,0.0,1.0,0.0,0.0,0.0,0.0,0.0,0.0,0.0,0.0,0.0,1.0,0.0,0.0,1.0,0.0,0.0,2,0.9753546764335989,401628582,2024
1.0,0.0,1.0,1606.0,871.0,871.0,10.961000030318813,35.80075968207897,-78.71948719024658,730.0812425015952,0.9884688189222514,0.0,6.0,0.0,1.0,0.0,0.0,0.0,0.0,0.0,0.0,0.0,0.0,0.0,0.0,0.0,1.0,0.0,0.0,1.0,0.0,0.0,2,0.9884688189222514,401634299,2024
1.0,0.0,1.0,1156.0,421.0,421.0,10.323118516117193,32.53106869451547,-92.06644075067642,730.0812425015952,0.46984038299317493,-0.09968668178481832,6.0,0.0,0.0,0.0,0.0,0.0,0.0,0.0,0.0,0.0,0.0,0.0,1.0,0.0,1.0,0.0,0.0,1.0,0.0,0.0,0,0.366286521839156,401636387,2024
1.0,0.0,1.0,1357.0,622.0,622.0,10.275533751098848,42.99906838239644,-78.7775194644928,730.0812425015952,0.45295786946081645,-0.017716196187915867,6.0,-0.4171061547980318,0.0,0.0,0.0,0.0,0.0,0.0,1.0,0.0,0.0,0.0,0.0,0.0,1.0,0.0,0.0,1.0,0.0,0.0,0,0.565263847240892,401644727,2024
1.0,0.0,1.0,1431.0,696.0,696.0,10.074284623478128,41.37805439803228,-83.62248212099075,730.0812425015952,0.5674338222896644,-0.05109312651042541,5.0,0.0,0.0,0.0,0.0,0.0,0.0,0.0,1.0,0.0,0.0,0.0,0.0,0.0,1.0,0.0,0.0,1.0,0.0,0.0,0,0.5389479008598888,401644729,2024
1.0,0.0,1.0,1333.0,598.0,598.0,10.400802314274172,43.577612282574535,-84.77082967758179,730.0812425015952,0.4971750038011251,-0.13102022198570779,5.0,0.0,0.0,0.0,0.0,0.0,0.0,0.0,1.0,0.0,0.0,0.0,0.0,0.0,1.0,0.0,0.0,1.0,0.0,0.0,0,0.549034514216208,401644730,2024
1.0,0.0,1.0,1526.0,791.0,791.0,10.175383172056032,41.65739077895321,-83.61401719150295,730.0812425015952,0.7495618713806765,-0.03588209895357086,6.0,0.09497231849484633,0.0,0.0,0.0,0.0,0.0,0.0,1.0,0.0,0.0,0.0,0.0,0.0,1.0,0.0,0.0,1.0,0.0,0.0,1,0.8958777811642792,401644728,2024
1.0,0.0,1.0,1744.0,1009.0,1009.0,11.172812609330474,38.93589529672232,-92.33311414718628,730.0812425015952,0.8454522096608427,0.03445167972764651,7.0,0.0,0.0,0.0,0.0,0.0,0.0,0.0,0.0,0.0,0.0,1.0,0.0,0.0,1.0,0.0,0.0,1.0,0.0,0.0,1,0.8799038893884892,401628327,2024
1.0,0.0,0.0,1492.0,-54.0,54.0,10.86906356408504,44.97652496911191,-93.224575817585,1563.2374800413756,0.9194669205140409,-0.04104712041884806,7.0,0.027658395927850205,0.0,0.0,0.0,1.0,0.0,0.0,0.0,0.0,0.0,0.0,0.0,0.0,1.0,0.0,0.0,1.0,0.0,0.0,2,0.9672536887196572,401628448,2024
1.0,0.0,1.0,1324.0,589.0,589.0,10.823451529776579,40.00939837446321,-105.26688694953918,730.0812425015952,1.0,0.0,6.0,0.0,0.0,0.0,1.0,0.0,0.0,0.0,0.0,0.0,0.0,0.0,0.0,0.0,1.0,0.0,0.0,1.0,0.0,0.0,2,0.9851543351334116,401634206,2024
1.0,0.0,0.0,1538.0,90.0,90.0,10.085850775128717,33.82031030570401,-85.76646566390991,623.504839226133,0.8347083333333334,-0.0017361111111111605,6.0,0.018385128000878083,0.0,0.0,0.0,0.0,1.0,0.0,0.0,0.0,0.0,0.0,0.0,0.0,1.0,0.0,0.0,1.0,0.0,0.0,1,0.7907083333333333,401640998,2024
1.0,0.0,1.0,1565.0,830.0,830.0,10.308985993422082,29.945898112528432,-90.11519112306328,730.0812425015952,0.8348,-0.05218888888888895,8.0,0.0,0.0,1.0,0.0,0.0,0.0,0.0,0.0,0.0,0.0,0.0,0.0,0.0,1.0,0.0,0.0,1.0,0.0,0.0,0,0.6714333333333333,401645317,2024
1.0,0.0,1.0,1248.0,513.0,513.0,10.478498510076376,36.14886067519205,-95.943603515625,730.0812425015952,0.5679665372423236,-0.050287922270365604,6.0,0.09323529411764708,0.0,1.0,0.0,0.0,0.0,0.0,0.0,0.0,0.0,0.0,0.0,0.0,1.0,0.0,0.0,1.0,0.0,0.0,0,0.4637611839513814,401645318,2024
1.0,0.0,1.0,1622.0,887.0,887.0,10.903825271935897,40.75994782004573,-111.84882402420044,730.0812425015952,0.9653620748080414,-0.0013046794210026524,7.0,0.028685759121224064,0.0,0.0,1.0,0.0,0.0,0.0,0.0,0.0,0.0,0.0,0.0,0.0,1.0,0.0,0.0,1.0,0.0,0.0,2,0.9600426603901956,401636607,2024
1.0,0.0,1.0,1502.0,767.0,767.0,11.013221103411352,40.09930573133053,-88.23598623275757,730.0812425015952,0.8191480844851539,0.003180359006961897,7.0,0.0,0.0,0.0,0.0,1.0,0.0,0.0,0.0,0.0,0.0,0.0,0.0,0.0,1.0,0.0,0.0,1.0,0.0,0.0,1,0.72274600296687,401654845,2024
1.0,0.0,1.0,1544.0,809.0,809.0,10.324071131775993,37.320105186690846,-121.86811613079064,730.0812425015952,0.5517413098677874,-0.0029933893704578995,6.0,0.0,0.0,0.0,0.0,0.0,0.0,0.0,0.0,1.0,0.0,0.0,0.0,0.0,1.0,0.0,0.0,1.0,0.0,0.0,0,0.4534738639348568,401643698,2024
1.0,0.0,1.0,1425.0,690.0,690.0,10.545367754151743,41.38708043477422,-73.96408081054688,730.0812425015952,0.7635657894736841,0.0004166666666667318,6.0,0.0,0.0,1.0,0.0,0.0,0.0,0.0,0.0,0.0,0.0,0.0,0.0,1.0,0.0,0.0,0.0,1.0,0.0,0.0,0,0.6252631578947369,401645319,2024
1.0,0.0,0.0,1786.0,608.0,608.0,11.31585162638907,35.20589959488508,-97.44255065917967,2025.8845641522703,1.0,0.0,6.0,-0.19160793244423652,0.0,0.0,0.0,0.0,0.0,0.0,0.0,0.0,0.0,1.0,0.0,1.0,0.0,0.0,0.0,1.0,0.0,0.0,2,1.0,401628328,2024
1.0,0.0,0.0,1392.0,-30.0,30.0,11.225323389318618,42.7281691163326,-84.48487535119057,1861.3992863022906,0.926601559896007,-0.004569695353643155,4.0,-0.05700156089315296,0.0,0.0,0.0,1.0,0.0,0.0,0.0,0.0,0.0,0.0,0.0,1.0,0.0,0.0,0.0,1.0,0.0,0.0,1,0.9368842077194852,401628453,2024
1.0,0.0,1.0,1602.0,867.0,867.0,10.43240846457121,35.9953166502013,-78.94172430038452,730.0812425015952,0.7111079309894902,-0.045747452512132414,7.0,0.0,1.0,0.0,0.0,0.0,0.0,0.0,0.0,0.0,0.0,0.0,0.0,1.0,0.0,0.0,0.0,1.0,0.0,0.0,0,0.5440617542205592,401628584,2024
1.0,0.0,0.0,1587.0,272.0,272.0,11.293798835013952,43.06993802646878,-89.41274642944336,323.5387357364967,0.938623060683294,-0.005641648599281068,7.0,-0.08945774695427823,0.0,0.0,0.0,1.0,0.0,0.0,0.0,0.0,0.0,0.0,0.0,1.0,0.0,0.0,0.0,1.0,0.0,0.0,1,0.9357204218074974,401628461,2024
1.0,0.0,0.0,1286.0,-301.0,301.0,10.819798284210286,37.43472641329173,-122.1610164642334,2309.368513775143,0.6644533333333333,0.03742666666666672,6.0,-0.02009586791309568,1.0,0.0,0.0,0.0,0.0,0.0,0.0,0.0,0.0,0.0,0.0,1.0,0.0,0.0,0.0,1.0,0.0,0.0,1,0.72052,401634300,2024
1.0,0.0,1.0,1346.0,611.0,611.0,10.146982600098235,41.75153188612883,-111.81210567885644,730.0812425015952,0.7557781000535675,-0.06592064176432932,6.0,0.0,0.0,0.0,0.0,0.0,0.0,0.0,0.0,1.0,0.0,0.0,0.0,1.0,0.0,0.0,0.0,0.0,0.0,1.0,0,0.6677772116176067,401643703,2024
1.0,0.0,1.0,1550.0,815.0,815.0,11.164587103533947,41.65838893680983,-91.55147552490234,730.0812425015952,0.981086633137352,0.0,7.0,0.0,0.0,0.0,0.0,1.0,0.0,0.0,0.0,0.0,0.0,0.0,0.0,0.0,0.0,1.0,0.0,0.0,1.0,0.0,2,0.981086633137352,401628450,2024
1.0,0.0,0.0,1630.0,400.0,400.0,10.855203341628478,38.99120275144426,-76.94731173248788,478.6508916071145,0.7782242274153782,0.10287431446846151,7.0,0.02308764006632049,0.0,0.0,0.0,1.0,0.0,0.0,0.0,0.0,0.0,0.0,0.0,0.0,0.0,1.0,0.0,0.0,1.0,0.0,0,0.6837766881587584,401628451,2024
1.0,0.0,0.0,1574.0,-259.0,259.0,11.002116507732017,39.65221992482815,-79.9551753012939,219.95294012581593,0.8495333333333334,-0.03995555555555552,6.0,0.12177702490842661,0.0,0.0,1.0,0.0,0.0,0.0,0.0,0.0,0.0,0.0,0.0,0.0,0.0,1.0,0.0,0.0,1.0,0.0,2,1.0,401628457,2024
1.0,0.0,1.0,1625.0,890.0,890.0,10.915106645867503,38.20542168521144,-85.75810561566809,730.0812425015952,0.9102831168831169,-0.003780086580086661,7.0,0.0,1.0,0.0,0.0,0.0,0.0,0.0,0.0,0.0,0.0,0.0,0.0,0.0,0.0,1.0,0.0,0.0,1.0,0.0,1,0.8557636363636364,401632062,2024
1.0,0.0,1.0,1492.0,757.0,757.0,10.94024216782542,40.434323,-86.918485,730.0812425015952,0.9939893617021277,0.006010638297872295,7.0,-0.13737041862572918,0.0,0.0,0.0,1.0,0.0,0.0,0.0,0.0,0.0,0.0,0.0,0.0,0.0,1.0,0.0,0.0,1.0,0.0,2,1.0,401634169,2024
1.0,0.0,0.0,1436.0,278.0,278.0,11.133142723386813,40.44678376501633,-80.01575589179993,133.63878455514086,0.7035404483430799,0.006474171539961104,6.0,-0.008458642459965198,1.0,0.0,0.0,0.0,0.0,0.0,0.0,0.0,0.0,0.0,0.0,0.0,0.0,1.0,0.0,0.0,1.0,0.0,0,0.652280701754386,401634305,2024
1.0,0.0,1.0,1368.0,633.0,633.0,10.434145214930487,38.98483263543365,-76.5071153640747,730.0812425015952,0.8824117647058823,0.01745098039215698,6.0,0.0,0.0,1.0,0.0,0.0,0.0,0.0,0.0,0.0,0.0,0.0,0.0,0.0,0.0,1.0,0.0,0.0,1.0,0.0,1,0.8459705882352941,401645322,2024
1.0,0.0,1.0,1751.0,1016.0,1016.0,11.537188717105908,35.95473437262258,-83.92533302307129,730.0812425015952,0.994729393392221,0.0,7.0,0.0,0.0,0.0,0.0,0.0,0.0,0.0,0.0,0.0,0.0,1.0,0.0,0.0,0.0,1.0,0.0,0.0,1.0,0.0,2,0.994729393392221,401628330,2024
1.0,0.0,1.0,1522.0,787.0,787.0,11.005743196119036,36.12570866235855,-97.06650495529176,730.0812425015952,0.8949270033165213,0.0007907776349106443,7.0,0.0,0.0,0.0,1.0,0.0,0.0,0.0,0.0,0.0,0.0,0.0,0.0,0.0,0.0,1.0,0.0,0.0,1.0,0.0,1,0.8668836560496861,401634212,2024
1.0,0.0,1.0,1394.0,659.0,659.0,10.596659732783579,39.13128425273405,-84.51626143741578,730.0812425015952,0.954825,0.0,7.0,0.0,0.0,0.0,1.0,0.0,0.0,0.0,0.0,0.0,0.0,0.0,0.0,0.0,0.0,1.0,1.0,0.0,0.0,0.0,1,0.94135,401628591,2024
1.0,0.0,1.0,1530.0,795.0,795.0,10.38124231399123,46.731967978653024,-117.16058578781136,730.0812425015952,0.8605184817663111,-0.050039278921690356,6.0,-0.14834995373702053,0.0,0.0,0.0,0.0,0.0,0.0,0.0,0.0,1.0,0.0,0.0,0.0,0.0,1.0,0.0,0.0,1.0,0.0,0,0.622953361448772,401637159,2024
1.0,0.0,0.0,1562.0,9.0,9.0,11.391311350092442,29.649868677972304,-82.34866619110107,459.962164859169,0.999275345951725,0.0007246540482750419,6.0,-0.005524027718132191,0.0,0.0,0.0,0.0,0.0,0.0,0.0,0.0,0.0,1.0,0.0,0.0,0.0,1.0,1.0,0.0,0.0,0.0,2,1.0,401628322,2024
1.0,0.0,0.0,1850.0,500.0,500.0,11.514124745545711,30.28360340206824,-97.73233652114868,730.0812425015952,0.9965008306781596,0.0034991693218403563,6.0,0.09404165066907455,0.0,0.0,0.0,0.0,0.0,0.0,0.0,0.0,0.0,1.0,0.0,0.0,0.0,1.0,1.0,0.0,0.0,0.0,2,0.9905312677913284,401628331,2024
1.0,0.0,0.0,1395.0,231.0,231.0,10.87729219061089,39.18090913372923,-86.52557373046875,1599.6027756500823,0.8456541853131668,-0.020487546970297754,5.0,-0.25911500198116755,0.0,0.0,0.0,1.0,0.0,0.0,0.0,0.0,0.0,0.0,0.0,0.0,0.0,1.0,1.0,0.0,0.0,0.0,1,0.8336637776393059,401628449,2024
1.0,0.0,0.0,1507.0,211.0,211.0,11.37472031017221,40.82048352329494,-96.70571565628052,1333.735758093064,0.9965733707107673,-0.0025096901926884296,7.0,-0.14750233822595904,0.0,0.0,0.0,1.0,0.0,0.0,0.0,0.0,0.0,0.0,0.0,0.0,0.0,1.0,1.0,0.0,0.0,0.0,2,0.9882995946768324,401628454,2024
1.0,0.0,0.0,1876.0,664.0,664.0,11.561191682379716,40.0016856893694,-83.01972806453705,174.61203622484487,0.9877728439294607,0.009289081160746226,6.0,-0.15885776459858678,0.0,0.0,0.0,1.0,0.0,0.0,0.0,0.0,0.0,0.0,0.0,0.0,0.0,1.0,1.0,0.0,0.0,0.0,2,0.9720517609391676,401628455,2024
1.0,0.0,0.0,1141.0,-146.0,146.0,9.741027444837728,42.377513236004525,-72.53562686052412,913.1054554115259,0.6233823529411765,0.09399019607843129,6.0,0.010535535070994168,0.0,0.0,0.0,0.0,0.0,1.0,0.0,0.0,0.0,0.0,0.0,0.0,0.0,1.0,1.0,0.0,0.0,0.0,1,0.7535294117647059,401629039,2024
1.0,0.0,1.0,1578.0,843.0,843.0,10.600850832843811,36.21151530169309,-81.68550610542297,730.0812425015952,0.8647057359091814,-0.052234780588196195,6.0,0.13724999999999998,0.0,0.0,0.0,0.0,0.0,0.0,0.0,0.0,0.0,0.0,1.0,0.0,0.0,1.0,1.0,0.0,0.0,0.0,1,0.9020115514837682,401634133,2024
1.0,0.0,1.0,1612.0,877.0,877.0,11.026808713825016,42.01400541108485,-93.6358094215393,730.0812425015952,0.9818563685636855,0.0129132791327915,6.0,-0.022621621621621624,0.0,0.0,1.0,0.0,0.0,0.0,0.0,0.0,0.0,0.0,0.0,0.0,0.0,1.0,1.0,0.0,0.0,0.0,1,0.9129756097560976,401634197,2024
1.0,0.0,0.0,1330.0,-192.0,192.0,10.804684950962628,43.036132820423234,-76.13651990890503,647.7839322121589,0.7485989847715736,0.05353299492385788,6.0,-0.0011309938961750754,1.0,0.0,0.0,0.0,0.0,0.0,0.0,0.0,0.0,0.0,0.0,0.0,0.0,1.0,1.0,0.0,0.0,0.0,1,0.7558375634517767,401634304,2024
1.0,0.0,0.0,1598.0,98.0,98.0,11.082157933374816,29.41693712868156,-98.47890257835388,1406.233452195393,0.444251282051282,-0.07004615384615381,6.0,-0.16673809523809513,0.0,1.0,0.0,0.0,0.0,0.0,0.0,0.0,0.0,0.0,0.0,0.0,0.0,1.0,1.0,0.0,0.0,0.0,0,0.3986307692307692,401641015,2024
1.0,0.0,1.0,1572.0,837.0,837.0,10.7513495394883,38.99690743122685,-104.84368801116943,730.0812425015952,0.5366915103229675,0.011253890745024253,5.0,0.3245,0.0,0.0,0.0,0.0,0.0,0.0,0.0,1.0,0.0,0.0,0.0,0.0,0.0,1.0,1.0,0.0,0.0,0.0,0,0.6780176475627516,401643699,2024
1.0,0.0,1.0,1446.0,711.0,711.0,10.146472946063877,41.934014,-88.778222,730.0812425015952,0.3708169934640522,-0.08118300653594768,6.0,0.08525854398048971,0.0,0.0,0.0,0.0,0.0,0.0,1.0,0.0,0.0,0.0,0.0,0.0,0.0,1.0,1.0,0.0,0.0,0.0,0,0.4246274509803922,401644731,2024
1.0,0.0,0.0,1384.0,-242.0,242.0,10.098272780745283,32.41221167634779,-81.78317070007324,3232.8203514858806,0.8689643347050754,0.015658436213991767,6.0,0.008224584140664551,0.0,0.0,0.0,0.0,0.0,0.0,0.0,0.0,0.0,0.0,1.0,0.0,0.0,1.0,1.0,0.0,0.0,0.0,2,0.9931687242798354,401643700,2024
1.0,0.0,0.0,1562.0,156.0,156.0,11.292914501973813,33.97259115457693,-81.02021634578705,536.1669325895774,0.969878059635069,0.0005975374573504721,7.0,-0.04038716013696322,0.0,0.0,0.0,0.0,0.0,0.0,0.0,0.0,0.0,1.0,0.0,0.0,0.0,1.0,1.0,0.0,0.0,0.0,2,0.9781433021806852,401628329,2024
1.0,0.0,1.0,1406.0,671.0,671.0,10.54586761604242,38.42486536179161,-82.42185831069946,730.0812425015952,0.6101554485914937,-0.08447968997957156,6.0,-0.14200361710373344,0.0,0.0,0.0,0.0,0.0,0.0,0.0,0.0,0.0,0.0,1.0,0.0,0.0,1.0,1.0,0.0,0.0,0.0,0,0.6584076382861201,401628590,2024
1.0,0.0,1.0,1483.0,748.0,748.0,11.046403766760761,37.87068660370429,-122.2507095336914,730.0812425015952,0.6168051192924832,0.0039781877321938275,6.0,0.0,1.0,0.0,0.0,0.0,0.0,0.0,0.0,0.0,0.0,0.0,0.0,0.0,0.0,1.0,1.0,0.0,0.0,0.0,0,0.514613262751726,401634301,2024
1.0,0.0,1.0,1447.0,712.0,712.0,11.024154831985069,33.456230599072065,-88.79342436790466,730.0812425015952,0.8891929597376554,-0.02022860434585816,7.0,0.05781650105486924,0.0,0.0,0.0,0.0,0.0,0.0,0.0,0.0,0.0,1.0,0.0,0.0,0.0,1.0,1.0,0.0,0.0,0.0,1,0.7943655542331708,401628326,2024
1.0,0.0,1.0,1572.0,837.0,837.0,9.862717639992917,37.354414,-79.175047,730.0812425015952,0.9500325520833334,0.009342447916666607,8.0,-0.02799618926643377,0.0,0.0,0.0,0.0,1.0,0.0,0.0,0.0,0.0,0.0,0.0,0.0,0.0,1.0,0.0,1.0,0.0,0.0,2,1.0,401628586,2024
1.0,0.0,1.0,1310.0,575.0,575.0,11.026808713825016,38.03112372855688,-78.51370811462402,730.0812425015952,0.7039512195121951,-0.04280216802168013,6.0,0.0,1.0,0.0,0.0,0.0,0.0,0.0,0.0,0.0,0.0,0.0,0.0,0.0,0.0,1.0,0.0,1.0,0.0,0.0,0,0.6635934959349593,401628589,2024
1.0,0.0,1.0,1404.0,669.0,669.0,10.819798284210286,35.59642579698931,-77.36522912979126,730.0812425015952,0.71806,-0.030233333333333334,6.0,-0.022237786727368203,0.0,1.0,0.0,0.0,0.0,0.0,0.0,0.0,0.0,0.0,0.0,0.0,0.0,1.0,0.0,1.0,0.0,0.0,1,0.72934,401645320,2024
1.0,0.0,1.0,1648.0,913.0,913.0,10.729306381246207,44.5594768421455,-123.2814073562622,730.0812425015952,0.8094065186612368,0.016168936375180687,6.0,0.0,0.0,0.0,0.0,0.0,0.0,0.0,0.0,0.0,1.0,0.0,0.0,0.0,0.0,1.0,1.0,0.0,0.0,0.0,0,0.6790077505801988,401643704,2024
1.0,0.0,0.0,1854.0,388.0,388.0,11.530981469769799,33.2074899449518,-87.5503921508789,431.59232715886776,0.9828719026526944,0.0,7.0,-0.11073999616158037,0.0,0.0,0.0,0.0,0.0,0.0,0.0,0.0,0.0,1.0,0.0,0.0,0.0,1.0,0.0,1.0,0.0,0.0,2,0.9828719026526944,401628319,2024
1.0,0.0,1.0,1658.0,923.0,923.0,11.01173659154304,34.362154302992906,-89.53414626020904,730.0812425015952,0.9988610102344008,0.0011389897655992298,7.0,0.0,0.0,0.0,0.0,0.0,0.0,0.0,0.0,0.0,0.0,1.0,0.0,0.0,0.0,1.0,0.0,1.0,0.0,0.0,2,1.0,401628325,2024
1.0,0.0,1.0,1406.0,671.0,671.0,10.34061281337216,35.84899009532366,-90.66769494362912,730.0812425015952,0.5408538948456272,0.0063406967230762445,6.0,0.0,0.0,0.0,0.0,0.0,0.0,0.0,0.0,0.0,0.0,0.0,1.0,0.0,0.0,1.0,0.0,1.0,0.0,0.0,1,0.7010722128923912,401632064,2024
1.0,0.0,1.0,1422.0,687.0,687.0,10.717546203426988,31.55866263551169,-97.11560010910034,730.0812425015952,0.9500359991138679,-0.057198899719391516,8.0,0.0,0.0,0.0,1.0,0.0,0.0,0.0,0.0,0.0,0.0,0.0,0.0,0.0,0.0,1.0,0.0,1.0,0.0,0.0,1,0.9364643331856448,401636610,2024
1.0,0.0,0.0,1447.0,-49.0,49.0,10.596659732783579,29.721767963293527,-95.34909841095214,730.0812425015952,0.8904464285714286,0.011370238095237961,7.0,-0.006963989056807766,0.0,0.0,1.0,0.0,0.0,0.0,0.0,0.0,0.0,0.0,0.0,0.0,0.0,1.0,0.0,1.0,0.0,0.0,0,0.64375,401636611,2024
1.0,0.0,1.0,1794.0,1059.0,1059.0,10.819798284210286,39.20186361814248,-96.59379243850708,730.0812425015952,1.0,0.0,7.0,0.0,0.0,0.0,1.0,0.0,0.0,0.0,0.0,0.0,0.0,0.0,0.0,0.0,0.0,1.0,0.0,1.0,0.0,0.0,2,1.0,401636612,2024
1.0,0.0,1.0,1400.0,665.0,665.0,10.34177474101152,35.85110908054087,-86.36844992637634,730.0812425015952,0.4264086021505376,-0.10560215053763444,6.0,0.0,0.0,0.0,0.0,0.0,1.0,0.0,0.0,0.0,0.0,0.0,0.0,0.0,0.0,1.0,0.0,1.0,0.0,0.0,0,0.5161290322580645,401641023,2024
1.0,0.0,0.0,1362.0,-26.0,26.0,10.757924157061597,29.71623402909437,-95.40926456451416,111.67037642705262,0.43706382978723407,-0.001170212765957468,7.0,-0.0997621422732221,0.0,1.0,0.0,0.0,0.0,0.0,0.0,0.0,0.0,0.0,0.0,0.0,0.0,1.0,0.0,1.0,0.0,0.0,0,0.3680425531914894,401641039,2024
1.0,0.0,0.0,1657.0,414.0,414.0,10.308985993422082,31.799527415252125,-85.95217691586194,3157.382628188595,0.8709999999999999,-0.037488888888888794,7.0,-0.06791420053004549,0.0,0.0,0.0,0.0,0.0,0.0,0.0,0.0,0.0,0.0,1.0,0.0,0.0,1.0,0.0,1.0,0.0,0.0,1,0.9137333333333332,401643701,2024
1.0,0.0,1.0,1569.0,834.0,834.0,11.041016020812398,35.120856917268995,-89.97805741128388,730.0812425015952,0.47742866303302334,0.036331089024259966,6.0,0.012376670716889415,0.0,1.0,0.0,0.0,0.0,0.0,0.0,0.0,0.0,0.0,0.0,0.0,0.0,1.0,0.0,1.0,0.0,0.0,0,0.41437960884899,401645321,2024
1.0,0.0,1.0,1556.0,821.0,821.0,11.378845350396778,32.602361666817515,-85.48891067504883,730.0812425015952,0.9609119882644485,0.03908801173555154,7.0,0.015563816604708736,0.0,0.0,0.0,0.0,0.0,0.0,0.0,0.0,0.0,1.0,0.0,0.0,0.0,1.0,0.0,1.0,0.0,0.0,2,1.0,401628321,2024
1.0,0.0,0.0,1973.0,415.0,415.0,11.586194513897674,42.26586873251738,-83.7487256526947,3122.628840503963,1.0,0.0,7.0,-0.03694247169284465,0.0,0.0,0.0,1.0,0.0,0.0,0.0,0.0,0.0,0.0,0.0,0.0,0.0,1.0,0.0,1.0,0.0,0.0,2,1.0,401628452,2024
1.0,0.0,1.0,1904.0,1169.0,1169.0,10.896757843893464,44.058272724266615,-123.0685043334961,730.0812425015952,0.9748730158730158,0.02512698412698422,7.0,-0.11689015737359887,0.0,0.0,0.0,1.0,0.0,0.0,0.0,0.0,0.0,0.0,0.0,0.0,0.0,1.0,1.0,0.0,0.0,0.0,2,1.0,401628456,2024
1.0,0.0,0.0,1594.0,318.0,318.0,11.036404644896228,38.02262168129363,-84.50520515441895,864.9691438721229,0.9814126736163037,0.013090195735582455,7.0,-0.05780255644702773,0.0,0.0,0.0,0.0,0.0,0.0,0.0,0.0,0.0,1.0,0.0,0.0,0.0,1.0,0.0,1.0,0.0,0.0,2,0.9924951282753288,401628324,2024
1.0,0.0,1.0,1409.0,674.0,674.0,11.062347921549595,40.25748799746312,-111.65443897247314,730.0812425015952,0.9717693213024715,0.011575781352164305,6.0,0.0,0.0,0.0,1.0,0.0,0.0,0.0,0.0,0.0,0.0,0.0,0.0,0.0,0.0,1.0,0.0,1.0,0.0,0.0,2,0.9997959984307572,401634240,2024
1.0,0.0,0.0,1513.0,97.0,97.0,10.915106645867503,33.772556921319435,-84.39285278320312,730.0812425015952,0.6603909090909091,0.07126969696969687,6.0,-0.014000339590040925,1.0,0.0,0.0,0.0,0.0,0.0,0.0,0.0,0.0,0.0,0.0,0.0,0.0,1.0,0.0,1.0,0.0,0.0,1,0.7293272727272727,401634302,2024
1.0,0.0,1.0,1684.0,949.0,949.0,10.373522431293592,32.83771580994254,-96.782705783844,730.0812425015952,0.7067552083333334,-0.036619791666666734,6.0,0.2385022385022385,1.0,0.0,0.0,0.0,0.0,0.0,0.0,0.0,0.0,0.0,0.0,0.0,0.0,1.0,0.0,1.0,0.0,0.0,1,0.84625,401634303,2024
1.0,0.0,1.0,1496.0,761.0,761.0,10.515993929932415,30.21579609675613,-92.01626413552384,730.0812425015952,0.4516079494128275,-0.008310749774164461,6.0,0.0,0.0,0.0,0.0,0.0,0.0,0.0,0.0,0.0,0.0,0.0,1.0,0.0,0.0,1.0,0.0,1.0,0.0,0.0,0,0.6262059620596206,401636380,2024
1.0,0.0,1.0,1246.0,511.0,511.0,10.328787967145063,32.53223809915824,-92.6560188758494,730.0812425015952,0.516214596949891,-0.05987472766884533,6.0,-0.09407500000000002,0.0,0.0,0.0,0.0,1.0,0.0,0.0,0.0,0.0,0.0,0.0,0.0,0.0,1.0,0.0,1.0,0.0,0.0,0,0.5415032679738562,401641007,2024
1.0,0.0,0.0,1203.0,-488.0,488.0,9.636588019266876,35.31028067616406,-80.74049377106525,385.09041669486726,0.8072678594749902,-0.17305515650167613,6.0,-0.054025918081010704,0.0,1.0,0.0,0.0,0.0,0.0,0.0,0.0,0.0,0.0,0.0,0.0,0.0,1.0,0.0,1.0,0.0,0.0,2,1.0,401643774,2024
1.0,0.0,1.0,1399.0,664.0,664.0,10.308985993422082,29.89134454879716,-97.92531180559462,730.0812425015952,0.7061222222222222,-0.08178888888888891,6.0,-0.18930555099089635,0.0,0.0,0.0,0.0,0.0,0.0,0.0,0.0,0.0,0.0,1.0,0.0,0.0,1.0,0.0,1.0,0.0,0.0,0,0.6545666666666666,401643776,2024
1.0,0.0,1.0,1432.0,697.0,697.0,10.320354083368734,32.27974938226407,-106.74113631248474,730.0812425015952,0.48349207395445404,-0.04347845192191496,5.0,0.0,0.0,0.0,0.0,0.0,1.0,0.0,0.0,0.0,0.0,0.0,0.0,0.0,0.0,1.0,0.0,1.0,0.0,0.0,0,0.3538872227531885,401641032,2024
1.0,0.0,0.0,1714.0,480.0,480.0,10.855377061650147,32.228340232071496,-110.94903945922852,509.45952369896264,0.9133195653432669,-0.007598129097424522,6.0,-0.07503575085827588,0.0,0.0,1.0,0.0,0.0,0.0,0.0,0.0,0.0,0.0,0.0,0.0,0.0,1.0,0.0,1.0,0.0,0.0,1,0.863677597421397,401636608,2024
1.0,0.0,0.0,1355.0,-141.0,141.0,11.180343650832073,33.426364,-111.932616,1040.9560671186052,0.6811773073382981,-0.005087905242704083,8.0,-0.0338748529366107,0.0,0.0,1.0,0.0,0.0,0.0,0.0,0.0,0.0,0.0,0.0,0.0,0.0,1.0,0.0,1.0,0.0,0.0,0,0.670906200317965,401636609,2024
1.0,0.0,1.0,1752.0,1017.0,1017.0,11.163382173096926,47.65043054401222,-122.30291984739304,730.0812425015952,0.9718115501519756,0.01816008105369804,7.0,-0.038835665557251264,0.0,0.0,0.0,1.0,0.0,0.0,0.0,0.0,0.0,0.0,0.0,0.0,0.0,1.0,0.0,1.0,0.0,0.0,1,0.950127659574468,401628460,2024
1.0,1.0,0.0,1676.0,280.0,280.0,11.31813853725963,30.437547584621285,-84.30453398103501,1765.8079040164544,0.9563932766302147,0.010313892264074531,6.0,0.08017768818292462,1.0,0.0,0.0,0.0,0.0,0.0,0.0,0.0,0.0,0.0,0.0,0.0,1.0,0.0,0.0,1.0,0.0,0.0,0,0.6284204131227218,401634306,2024
2.0,0.0,1.0,1438.0,703.0,703.0,10.87729219061089,39.18090913372923,-86.52557373046875,730.0812425015952,0.84365578403419,-0.023637782687236042,6.0,0.06953450074841483,0.0,0.0,0.0,1.0,0.0,0.0,0.0,0.0,0.0,0.0,0.0,1.0,0.0,0.0,0.0,1.0,0.0,0.0,1,0.7379671066296569,401628463,2024
2.0,0.0,0.0,1669.0,260.0,260.0,10.373522431293592,32.83771580994254,-96.782705783844,1560.6115808613806,0.7266830357142856,0.00886904761904772,7.0,0.005749205744789894,1.0,0.0,0.0,0.0,0.0,0.0,0.0,0.0,0.0,0.0,0.0,1.0,0.0,0.0,0.0,1.0,0.0,0.0,2,0.974125,401634765,2024
2.0,0.0,0.0,1522.0,68.0,68.0,11.005743196119036,36.12570866235855,-97.06650495529176,259.52525060154335,0.8914215849081669,-0.00485389197028574,8.0,0.005610172051332019,0.0,0.0,1.0,0.0,0.0,0.0,0.0,0.0,0.0,0.0,0.0,0.0,0.0,1.0,0.0,0.0,1.0,0.0,1,0.8668836560496861,401628336,2024
2.0,0.0,0.0,1980.0,41.0,41.0,11.586194513897674,42.26586873251738,-83.7487256526947,1824.505890825201,1.0,0.0,8.0,0.03389762746703127,0.0,0.0,0.0,1.0,0.0,0.0,0.0,0.0,0.0,0.0,0.0,0.0,0.0,1.0,0.0,0.0,1.0,0.0,2,1.0,401628347,2024
2.0,0.0,1.0,1490.0,755.0,755.0,10.86906356408504,44.97652496911191,-93.224575817585,730.0812425015952,0.925440266539743,-0.02536093923528482,8.0,0.0,0.0,0.0,0.0,1.0,0.0,0.0,0.0,0.0,0.0,0.0,0.0,0.0,0.0,1.0,0.0,0.0,1.0,0.0,1,0.7806949071870538,401628466,2024
2.0,0.0,0.0,1861.0,430.0,430.0,11.576585475330184,40.81215273275043,-77.85620212554932,487.1927939137797,0.9966528329606812,-0.0012131302245027564,7.0,-0.07650374912436182,0.0,0.0,0.0,1.0,0.0,0.0,0.0,0.0,0.0,0.0,0.0,0.0,0.0,1.0,0.0,0.0,1.0,0.0,2,0.974561798596254,401628470,2024
2.0,0.0,0.0,1460.0,299.0,299.0,10.867710938165587,40.51378289308872,-74.46504457087282,596.0075798210606,0.9344268992150946,0.03601704532043504,7.0,-0.1384096672259734,0.0,0.0,0.0,1.0,0.0,0.0,0.0,0.0,0.0,0.0,0.0,0.0,0.0,1.0,0.0,0.0,1.0,0.0,1,0.782037594845007,401628471,2024
2.0,1.0,0.0,1383.0,-176.0,176.0,10.804684950962628,43.036132820423234,-76.13651990890503,1254.9952298923517,0.749633067440174,0.027124969784868336,7.0,0.042675204588067436,1.0,0.0,0.0,0.0,0.0,0.0,0.0,0.0,0.0,0.0,0.0,0.0,0.0,1.0,0.0,0.0,1.0,0.0,1,0.8030456852791878,401635534,2024
2.0,0.0,0.0,1394.0,-92.0,92.0,10.596659732783579,39.13128425273405,-84.51626143741578,411.3559514942998,0.9531406250000001,-0.0028072916666667114,8.0,-0.0016982998524205152,0.0,0.0,1.0,0.0,0.0,0.0,0.0,0.0,0.0,0.0,0.0,0.0,0.0,1.0,0.0,0.0,1.0,0.0,1,0.9498,401635538,2024
2.0,0.0,0.0,1565.0,-229.0,229.0,10.308985993422082,29.945898112528432,-90.11519112306328,1187.0763435100791,0.8166481481481481,-0.03384814814814818,9.0,0.03412019880018637,0.0,1.0,0.0,0.0,0.0,0.0,0.0,0.0,0.0,0.0,0.0,0.0,0.0,1.0,0.0,0.0,1.0,0.0,1,0.8344666666666667,401636616,2024
2.0,0.0,1.0,1139.0,404.0,404.0,10.596659732783579,41.75988427820291,-72.61894226074219,730.0812425015952,0.61645,-0.09991666666666665,6.0,0.23291306861989208,0.0,0.0,0.0,0.0,0.0,1.0,0.0,0.0,0.0,0.0,0.0,0.0,0.0,1.0,0.0,0.0,1.0,0.0,1,0.808775,401636999,2024
2.0,0.0,0.0,1569.0,-60.0,60.0,11.041016020812398,35.120856917268995,-89.97805741128388,525.1317078099244,0.46842165529244717,-0.006815371227041622,7.0,-0.09324791322611477,0.0,1.0,0.0,0.0,0.0,0.0,0.0,0.0,0.0,0.0,0.0,0.0,0.0,1.0,0.0,0.0,1.0,0.0,0,0.3726514908624559,401643784,2024
2.0,1.0,0.0,1413.0,-12.0,12.0,10.308985993422082,26.3754535636523,-80.10168313980103,1761.4959761731045,0.6201066666666667,-0.018006666666666726,5.0,-0.07362754485095792,0.0,1.0,0.0,0.0,0.0,0.0,0.0,0.0,0.0,0.0,0.0,0.0,0.0,1.0,0.0,0.0,1.0,0.0,1,0.727,401645323,2024
2.0,0.0,1.0,1666.0,931.0,931.0,11.539898402471655,30.61009757817476,-96.34072922859283,730.0812425015952,0.9577350997245286,-0.007621698967225754,7.0,0.0,0.0,0.0,0.0,0.0,0.0,0.0,0.0,0.0,0.0,1.0,0.0,0.0,0.0,1.0,0.0,0.0,1.0,0.0,1,0.898883513574022,401628348,2024
2.0,0.0,1.0,2079.0,1344.0,1344.0,11.437630634933093,33.949821489498824,-83.37344169616699,730.0812425015952,1.0,0.0,7.0,0.0897204301075269,0.0,0.0,0.0,0.0,0.0,0.0,0.0,0.0,0.0,1.0,0.0,0.0,0.0,1.0,0.0,0.0,1.0,0.0,2,1.0,401628339,2024
2.0,0.0,1.0,1341.0,606.0,606.0,10.021315031649332,40.21602764466651,-85.41769962206614,759.9182414705442,0.47869629629629634,-0.00789629629629629,6.0,0.0,0.0,0.0,0.0,0.0,0.0,0.0,1.0,0.0,0.0,0.0,0.0,0.0,0.0,1.0,0.0,0.0,1.0,0.0,0,0.4452444444444444,401634181,2024
2.0,0.0,1.0,1096.0,361.0,361.0,10.12667110305036,41.13908682549516,-81.31343945860863,730.0812425015952,0.42129,-0.002650000000000041,4.0,0.0,0.0,0.0,0.0,0.0,0.0,0.0,1.0,0.0,0.0,0.0,0.0,0.0,0.0,1.0,1.0,0.0,0.0,0.0,0,0.4634,401644732,2024
2.0,0.0,0.0,1556.0,73.0,73.0,11.378845350396778,32.602361666817515,-85.48891067504883,3367.572801398638,0.9657979897313924,0.034202010268607586,8.0,0.08471629284981429,0.0,0.0,0.0,0.0,0.0,0.0,0.0,0.0,0.0,1.0,0.0,0.0,0.0,1.0,1.0,0.0,0.0,0.0,2,1.0,401628337,2024
2.0,1.0,0.0,1640.0,80.0,80.0,11.036404644896228,38.02262168129363,-84.50520515441895,548.6197133916036,0.9827979804486818,0.011559945028693397,8.0,0.006114315077812238,0.0,0.0,0.0,0.0,0.0,0.0,0.0,0.0,0.0,1.0,0.0,0.0,0.0,1.0,1.0,0.0,0.0,0.0,2,0.9880179730404394,401628340,2024
2.0,0.0,0.0,1550.0,-62.0,62.0,11.164587103533947,41.65838893680983,-91.55147552490234,177.14402406557187,0.981086633137352,0.0,8.0,0.01856255244159777,0.0,0.0,0.0,1.0,0.0,0.0,0.0,0.0,0.0,0.0,0.0,0.0,0.0,1.0,1.0,0.0,0.0,0.0,2,0.981086633137352,401628464,2024
2.0,1.0,0.0,1703.0,302.0,302.0,10.855203341628478,38.99120275144426,-76.94731173248788,757.4828986347636,0.7664182850083008,0.11365713035532743,8.0,-0.007295105297537119,0.0,0.0,0.0,1.0,0.0,0.0,0.0,0.0,0.0,0.0,0.0,0.0,0.0,1.0,1.0,0.0,0.0,0.0,0,0.6721555152310722,401628465,2024
2.0,0.0,0.0,1752.0,447.0,447.0,11.163382173096926,47.65043054401222,-122.30291984739304,3067.154664036585,0.9691010638297872,0.014274822695035438,8.0,0.027622895607070628,0.0,0.0,0.0,1.0,0.0,0.0,0.0,0.0,0.0,0.0,0.0,0.0,0.0,1.0,0.0,0.0,1.0,0.0,1,0.9109503546099292,401628473,2024
2.0,0.0,1.0,1601.0,866.0,866.0,11.293798835013952,43.06993802646878,-89.41274642944336,730.0812425015952,0.9382602308238195,-0.010653087818461748,8.0,0.0,0.0,0.0,0.0,1.0,0.0,0.0,0.0,0.0,0.0,0.0,0.0,0.0,0.0,1.0,1.0,0.0,0.0,0.0,1,0.9470624120715628,401628474,2024
2.0,0.0,0.0,1888.0,442.0,442.0,11.299682738333281,41.69842312158612,-86.23382449150085,212.4726399689312,0.960727767807414,0.0,6.0,-0.0662995090857639,0.0,0.0,0.0,0.0,0.0,1.0,0.0,0.0,0.0,0.0,0.0,0.0,0.0,1.0,1.0,0.0,0.0,0.0,2,0.960727767807414,401628977,2024
2.0,0.0,0.0,1526.0,403.0,403.0,10.175383172056032,41.65739077895321,-83.61401719150295,918.0380387358066,0.7704641442069056,-0.05553983251331618,7.0,-0.03316633006596709,0.0,0.0,0.0,0.0,0.0,0.0,1.0,0.0,0.0,0.0,0.0,0.0,0.0,1.0,1.0,0.0,0.0,0.0,1,0.8255105150868638,401629040,2024
2.0,0.0,1.0,1450.0,715.0,715.0,10.703266939811954,42.33510834895851,-71.16647243499756,730.0812425015952,0.8174349919743179,-0.059861958266452686,7.0,0.12064411413922449,1.0,0.0,0.0,0.0,0.0,0.0,0.0,0.0,0.0,0.0,0.0,0.0,0.0,1.0,1.0,0.0,0.0,0.0,1,0.8638426966292135,401635531,2024
2.0,0.0,0.0,1625.0,176.0,176.0,10.915106645867503,38.20542168521144,-85.75810561566809,487.60271722333493,0.9034681818181818,-0.014407575757575786,8.0,-0.06398863980154128,1.0,0.0,0.0,0.0,0.0,0.0,0.0,0.0,0.0,0.0,0.0,0.0,0.0,1.0,1.0,0.0,0.0,0.0,1,0.8831818181818182,401635535,2024
2.0,0.0,0.0,1546.0,351.0,351.0,11.050588372585487,35.90698834747853,-79.04791831970215,166.77690648177736,0.7832826747720364,0.0035650017390252975,7.0,-0.026068261131347192,1.0,0.0,0.0,0.0,0.0,0.0,0.0,0.0,0.0,0.0,0.0,0.0,0.0,1.0,1.0,0.0,0.0,0.0,1,0.768990155604954,401635537,2024
2.0,0.0,0.0,1622.0,200.0,200.0,10.903825271935897,40.75994782004573,-111.84882402420044,1668.2817303748461,0.9646971480058106,-0.009073760795346497,8.0,-0.012458266774044102,0.0,0.0,1.0,0.0,0.0,0.0,0.0,0.0,0.0,0.0,0.0,0.0,0.0,1.0,0.0,0.0,1.0,0.0,2,0.9713881176102828,401636618,2024
2.0,0.0,1.0,1369.0,634.0,634.0,10.281307359823968,41.31193599299248,-105.56906461715698,730.0812425015952,0.7937797098895073,-0.029286832103733396,7.0,-0.045881586623307324,0.0,0.0,0.0,0.0,0.0,0.0,0.0,1.0,0.0,0.0,0.0,0.0,0.0,1.0,0.0,0.0,1.0,0.0,1,0.8591206607038827,401643710,2024
2.0,1.0,0.0,1368.0,253.0,253.0,10.434145214930487,38.98483263543365,-76.5071153640747,153.6374625125047,0.8772058823529412,-0.028686274509803877,7.0,-0.1532863459553892,0.0,1.0,0.0,0.0,0.0,0.0,0.0,0.0,0.0,0.0,0.0,0.0,0.0,1.0,1.0,0.0,0.0,0.0,1,0.8496764705882353,401645324,2024
2.0,0.0,0.0,1399.0,-214.0,214.0,10.308985993422082,29.89134454879716,-97.92531180559462,75.1288478472245,0.6987571428571429,-0.10477936507936503,7.0,-0.011770934462491495,0.0,0.0,0.0,0.0,0.0,0.0,0.0,0.0,0.0,0.0,1.0,0.0,0.0,1.0,1.0,0.0,0.0,0.0,1,0.9333333333333332,401643783,2024
2.0,0.0,0.0,1658.0,258.0,258.0,11.01173659154304,34.362154302992906,-89.53414626020904,332.1465905048398,0.9990033839551007,0.0009966160448993122,8.0,-0.10224316162530903,0.0,0.0,0.0,0.0,0.0,0.0,0.0,0.0,0.0,1.0,0.0,0.0,0.0,1.0,1.0,0.0,0.0,0.0,2,1.0,401628342,2024
2.0,0.0,0.0,1575.0,169.0,169.0,11.100949205246406,37.2199742830054,-80.41805505752563,221.18491209790955,0.9773476464400929,-0.01357832701724726,6.0,0.05877867170623374,1.0,0.0,0.0,0.0,0.0,0.0,0.0,0.0,0.0,0.0,0.0,0.0,0.0,1.0,1.0,0.0,0.0,0.0,2,0.99092597345734,401635540,2024
2.0,0.0,1.0,1527.0,792.0,792.0,11.002116507732017,39.65221992482815,-79.9551753012939,730.0812425015952,0.8710285714285714,-0.016284126984126845,7.0,0.0,0.0,0.0,1.0,0.0,0.0,0.0,0.0,0.0,0.0,0.0,0.0,0.0,0.0,1.0,0.0,1.0,0.0,0.0,1,0.83455,401628593,2024
2.0,0.0,1.0,1622.0,887.0,887.0,11.087160706070168,25.957933739028963,-80.23884057998657,730.0812425015952,0.7610161782007602,0.014892342143360215,7.0,0.0,1.0,0.0,0.0,0.0,0.0,0.0,0.0,0.0,0.0,0.0,0.0,0.0,0.0,1.0,0.0,1.0,0.0,0.0,1,0.8861096653706029,401635536,2024
2.0,0.0,1.0,1728.0,993.0,993.0,10.121779353119313,38.43508893585215,-78.87340330403673,730.0812425015952,0.9924833185947423,0.007516681405257741,6.0,0.047559999999999936,0.0,0.0,0.0,0.0,0.0,0.0,0.0,0.0,0.0,0.0,1.0,0.0,0.0,1.0,0.0,1.0,0.0,0.0,2,0.9876195835678108,401643777,2024
2.0,0.0,0.0,1408.0,4.0,4.0,9.909419921189237,36.88878131523489,-76.30567610263824,172.2751161110861,0.8871325844185969,0.0028829903568943216,6.0,-0.03368526019222838,0.0,0.0,0.0,0.0,0.0,0.0,0.0,0.0,0.0,0.0,1.0,0.0,0.0,1.0,0.0,1.0,0.0,0.0,2,1.0,401643778,2024
2.0,0.0,0.0,1469.0,-124.0,124.0,10.085850775128717,39.32130908459409,-82.10343944652357,730.0812425015952,0.7918541666666666,-0.08854861111111101,6.0,-0.061634011191551485,0.0,0.0,0.0,0.0,0.0,0.0,1.0,0.0,0.0,0.0,0.0,0.0,0.0,1.0,0.0,1.0,0.0,0.0,1,0.92325,401643781,2024
2.0,0.0,0.0,1578.0,142.0,142.0,10.721591972500457,28.607958859227068,-81.1929988861084,1405.0694189196354,0.9717456605129531,-0.0019510749824277474,7.0,-0.0946386646603092,0.0,0.0,1.0,0.0,0.0,0.0,0.0,0.0,0.0,0.0,0.0,0.0,0.0,1.0,0.0,1.0,0.0,0.0,2,0.9665511991703992,401636617,2024
2.0,0.0,0.0,1997.0,555.0,555.0,11.530981469769799,33.2074899449518,-87.5503921508789,755.9113505737546,0.9828719026526944,0.0,8.0,-0.06038852042845341,0.0,0.0,0.0,0.0,0.0,0.0,0.0,0.0,0.0,1.0,0.0,0.0,0.0,1.0,0.0,1.0,0.0,0.0,2,0.9828719026526944,401628335,2024
2.0,0.0,1.0,1493.0,758.0,758.0,11.391311350092442,29.649868677972304,-82.34866619110107,730.0812425015952,0.9993788679586214,0.0006211320413785915,7.0,0.0,0.0,0.0,0.0,0.0,0.0,0.0,0.0,0.0,0.0,1.0,0.0,0.0,0.0,1.0,0.0,1.0,0.0,0.0,2,1.0,401628338,2024
2.0,0.0,0.0,1744.0,387.0,387.0,11.172812609330474,38.93589529672232,-92.33311414718628,1222.7534665423073,0.8497586696267986,0.0301452197616906,8.0,-0.13301169671024765,0.0,0.0,0.0,0.0,0.0,0.0,0.0,0.0,0.0,1.0,0.0,0.0,0.0,1.0,0.0,1.0,0.0,0.0,1,0.8799038893884892,401628344,2024
2.0,0.0,0.0,1502.0,-117.0,117.0,11.013221103411352,40.09930573133053,-88.23598623275757,614.1784341563897,0.8070978242953684,-0.04166735344211847,8.0,0.009428238779998127,0.0,0.0,0.0,1.0,0.0,0.0,0.0,0.0,0.0,0.0,0.0,0.0,0.0,1.0,0.0,1.0,0.0,0.0,2,1.0,401628462,2024
2.0,0.0,1.0,1537.0,802.0,802.0,10.008658050141667,33.792838175224496,-79.01702282805255,730.0812425015952,0.770596090081169,0.029872019924682358,6.0,-0.1862520325203253,0.0,0.0,0.0,0.0,0.0,0.0,0.0,0.0,0.0,0.0,1.0,0.0,0.0,1.0,0.0,1.0,0.0,0.0,1,0.8684340820092722,401628603,2024
2.0,0.0,1.0,1307.0,572.0,572.0,10.003966171102347,36.98487662989466,-86.459013971646,730.0812425015952,0.7104267474637845,-0.05627157479009337,6.0,-0.018505452224807706,0.0,0.0,0.0,0.0,1.0,0.0,0.0,0.0,0.0,0.0,0.0,0.0,0.0,1.0,0.0,1.0,0.0,0.0,1,0.7557545335323113,401632068,2024
2.0,0.0,1.0,1282.0,547.0,547.0,10.819798284210286,37.43472641329173,-122.1610164642334,730.0812425015952,0.6724628571428573,0.10705047619047614,7.0,-0.2007157867086946,1.0,0.0,0.0,0.0,0.0,0.0,0.0,0.0,0.0,0.0,0.0,0.0,0.0,1.0,1.0,0.0,0.0,0.0,0,0.45268,401635539,2024
2.0,1.0,0.0,1431.0,121.0,121.0,10.357774570341576,36.09183481061275,-80.25534152984619,265.2842721188512,0.9601814058956916,-0.004318972033257706,7.0,0.042240377172126566,1.0,0.0,0.0,0.0,0.0,0.0,0.0,0.0,0.0,0.0,0.0,0.0,0.0,1.0,0.0,1.0,0.0,0.0,1,0.9527619047619048,401635639,2024
2.0,0.0,0.0,1485.0,-11.0,11.0,9.309370895439137,34.0234337,-84.6154897,815.1357605444958,0.8459040157335065,0.0,0.0,-0.04041344017088103,0.0,0.0,0.0,0.0,1.0,0.0,0.0,0.0,0.0,0.0,0.0,0.0,0.0,1.0,0.0,1.0,0.0,0.0,2,1.0,401641016,2024
2.0,1.0,0.0,1572.0,28.0,28.0,10.7513495394883,38.99690743122685,-104.84368801116943,1497.8952268327137,0.5602458665295983,0.03616608127016763,6.0,-0.10477313243873208,0.0,0.0,0.0,0.0,0.0,0.0,0.0,1.0,0.0,0.0,0.0,0.0,0.0,1.0,1.0,0.0,0.0,0.0,0,0.481410091664525,401643705,2024
2.0,0.0,0.0,1271.0,-110.0,110.0,10.308985993422082,39.54692485017159,-119.8175597190857,3485.824166726248,0.5853333333333334,-0.05369999999999997,6.0,-0.10685765253863079,0.0,0.0,0.0,0.0,0.0,0.0,0.0,1.0,0.0,0.0,0.0,0.0,0.0,1.0,1.0,0.0,0.0,0.0,0,0.5415,401643708,2024
2.0,0.0,0.0,1406.0,158.0,158.0,10.34061281337216,35.84899009532366,-90.66769494362912,475.7303670773551,0.5637422259951649,0.020915225669133397,7.0,-0.0927374421499096,0.0,0.0,0.0,0.0,0.0,0.0,0.0,0.0,0.0,0.0,1.0,0.0,0.0,1.0,0.0,1.0,0.0,0.0,0,0.6238212117297507,401643779,2024
2.0,0.0,0.0,1156.0,-207.0,207.0,10.323118516117193,32.53106869451547,-92.06644075067642,730.0812425015952,0.4550469742568865,-0.09534451700948565,7.0,-0.08491660385320736,0.0,0.0,0.0,0.0,0.0,0.0,0.0,0.0,0.0,0.0,1.0,0.0,0.0,1.0,0.0,1.0,0.0,0.0,0,0.4051335984487462,401643780,2024
2.0,0.0,1.0,1217.0,482.0,482.0,10.491301994830229,31.32897842661232,-89.33133065700531,730.0812425015952,0.6465138888888888,-0.06345833333333328,6.0,-0.16336666666666666,0.0,0.0,0.0,0.0,0.0,0.0,0.0,0.0,0.0,0.0,1.0,0.0,0.0,1.0,0.0,1.0,0.0,0.0,0,0.6123333333333333,401643782,2024
2.0,0.0,1.0,1309.0,574.0,574.0,10.757924157061597,29.71623402909437,-95.40926456451416,730.0812425015952,0.4284361702127659,-0.014797872340425455,8.0,-0.11323404255319147,0.0,1.0,0.0,0.0,0.0,0.0,0.0,0.0,0.0,0.0,0.0,0.0,0.0,1.0,0.0,1.0,0.0,0.0,0,0.3778723404255319,401645326,2024
2.0,0.0,1.0,1805.0,1070.0,1070.0,11.535879982582413,30.4120123982997,-91.183819770813,730.0812425015952,0.9845639842121503,0.004841905096984678,7.0,-0.0542871096586783,0.0,0.0,0.0,0.0,0.0,0.0,0.0,0.0,0.0,1.0,0.0,0.0,0.0,1.0,0.0,1.0,0.0,0.0,2,0.9796815902893834,401628341,2024
2.0,0.0,1.0,1303.0,568.0,568.0,10.605371456538457,36.14355849696379,-86.80877208709717,730.0812425015952,0.6321891780256093,0.05622057001239167,6.0,0.0,0.0,0.0,0.0,0.0,0.0,0.0,0.0,0.0,0.0,1.0,0.0,0.0,0.0,1.0,0.0,1.0,0.0,0.0,0,0.5967781908302354,401628349,2024
2.0,0.0,0.0,1571.0,247.0,247.0,11.37472031017221,40.82048352329494,-96.70571565628052,730.0812425015952,0.9955391487065255,-0.003913531057552766,8.0,0.10165540515608651,0.0,0.0,0.0,1.0,0.0,0.0,0.0,0.0,0.0,0.0,0.0,0.0,0.0,1.0,0.0,1.0,0.0,0.0,2,0.9978757850983454,401628467,2024
2.0,0.0,0.0,1927.0,618.0,618.0,11.561191682379716,40.0016856893694,-83.01972806453705,333.46694110255186,0.9855269749308475,0.002218870472415202,7.0,-0.07863835844446804,0.0,0.0,0.0,1.0,0.0,0.0,0.0,0.0,0.0,0.0,0.0,0.0,0.0,1.0,0.0,1.0,0.0,0.0,2,0.9782836560451288,401628468,2024
2.0,0.0,1.0,1460.0,725.0,725.0,10.336924443719042,33.20393508408917,-97.15922355651855,730.0812425015952,0.5757212317666126,-0.03499729875742841,6.0,0.0,0.0,1.0,0.0,0.0,0.0,0.0,0.0,0.0,0.0,0.0,0.0,0.0,0.0,1.0,0.0,1.0,0.0,0.0,1,0.7620745542949757,401645325,2024
2.0,0.0,0.0,1849.0,447.0,447.0,11.31585162638907,35.20589959488508,-97.44255065917967,640.6041141702897,1.0,0.0,7.0,-0.031745694954781384,0.0,0.0,0.0,0.0,0.0,0.0,0.0,0.0,0.0,1.0,0.0,0.0,0.0,1.0,0.0,1.0,0.0,0.0,2,1.0,401628345,2024
2.0,0.0,0.0,1625.0,47.0,47.0,11.308370569092329,34.67874665741346,-82.84317970275879,200.11125364467858,0.9979596844872918,0.0009401110137307045,7.0,-0.018127694519602965,1.0,0.0,0.0,0.0,0.0,0.0,0.0,0.0,0.0,0.0,0.0,0.0,0.0,1.0,0.0,1.0,0.0,0.0,2,1.0,401635532,2024
2.0,0.0,1.0,1591.0,856.0,856.0,10.714439990727769,32.70991596942349,-97.36799597740172,730.0812425015952,0.9871619047619048,-0.007754497354497403,7.0,-0.013435976960567197,0.0,0.0,1.0,0.0,0.0,0.0,0.0,0.0,0.0,0.0,0.0,0.0,0.0,1.0,0.0,1.0,0.0,0.0,2,0.9791777777777778,401636615,2024
2.0,0.0,1.0,1224.0,489.0,489.0,10.849356503939038,31.77334530512776,-106.50789678096773,730.0812425015952,0.35261812297734624,-0.08674110032362459,6.0,0.011683172351689142,0.0,0.0,0.0,0.0,1.0,0.0,0.0,0.0,0.0,0.0,0.0,0.0,0.0,1.0,0.0,1.0,0.0,0.0,1,0.8079417475728156,401632072,2024
2.0,0.0,0.0,1904.0,275.0,275.0,10.896757843893464,44.058272724266615,-123.0685043334961,553.4447862886003,0.9780138888888888,0.02198611111111115,8.0,0.03721953549918841,0.0,0.0,0.0,1.0,0.0,0.0,0.0,0.0,0.0,0.0,0.0,0.0,0.0,1.0,0.0,1.0,0.0,0.0,2,1.0,401628469,2024
2.0,0.0,1.0,1739.0,1004.0,1004.0,10.855377061650147,32.228340232071496,-110.94903945922852,730.0812425015952,0.9062278556401425,-0.0022756704542423734,7.0,0.0,0.0,0.0,1.0,0.0,0.0,0.0,0.0,0.0,0.0,0.0,0.0,0.0,0.0,1.0,0.0,1.0,0.0,0.0,1,0.9215417575418348,401636614,2024
2.0,0.0,0.0,1530.0,-11.0,11.0,10.38124231399123,46.731967978653024,-117.16058578781136,1948.1724905305111,0.8265806074352341,-0.07880296747823423,7.0,-0.00034957208343546766,0.0,0.0,0.0,0.0,0.0,0.0,0.0,0.0,1.0,0.0,0.0,0.0,0.0,1.0,0.0,1.0,0.0,0.0,1,0.8487968246092781,401636859,2024
2.0,0.0,1.0,1535.0,800.0,800.0,10.622107529069105,36.81431969524593,-119.75810156690552,730.0812425015952,0.9733941003956358,0.006604762252930718,6.0,-0.09826744593293057,0.0,0.0,0.0,0.0,0.0,0.0,0.0,1.0,0.0,0.0,0.0,0.0,0.0,1.0,0.0,1.0,0.0,0.0,2,1.0,401643707,2024
2.0,1.0,0.0,1432.0,-140.0,140.0,10.320354083368734,32.27974938226407,-106.74113631248474,2569.1476717583846,0.4618912654209098,-0.030688022498324696,6.0,-0.04128696952906685,0.0,0.0,0.0,0.0,1.0,0.0,0.0,0.0,0.0,0.0,0.0,0.0,0.0,1.0,0.0,1.0,0.0,0.0,0,0.545826055432884,401640989,2024
2.0,0.0,0.0,1497.0,50.0,50.0,11.180343650832073,33.426364,-111.932616,2142.5327885548227,0.6800360732249278,-0.0001162152864940813,9.0,0.026404528551348616,0.0,0.0,1.0,0.0,0.0,0.0,0.0,0.0,0.0,0.0,0.0,0.0,0.0,1.0,0.0,1.0,0.0,0.0,0,0.6345912475943436,401628343,2024
2.0,0.0,0.0,1668.0,322.0,322.0,11.446871128898794,34.01400974062912,-118.28789591789246,1030.4030986284572,0.7058293869963937,0.027869303628595077,7.0,-0.15435209273217887,0.0,0.0,0.0,1.0,0.0,0.0,0.0,0.0,0.0,0.0,0.0,0.0,0.0,1.0,0.0,1.0,0.0,0.0,1,0.7276165244052261,401628472,2024
3.0,0.0,0.0,1545.0,41.0,41.0,10.308985993422082,29.89134454879716,-97.92531180559462,1381.49733385865,0.7280791666666666,-0.025256944444444374,8.0,0.0004455382936583707,0.0,0.0,0.0,0.0,0.0,0.0,0.0,0.0,0.0,0.0,1.0,0.0,1.0,0.0,0.0,1.0,0.0,0.0,1,0.8395666666666667,401636867,2024
3.0,0.0,0.0,1790.0,70.0,70.0,10.819798284210286,39.20186361814248,-96.59379243850708,1507.5350312898502,1.0,0.0,8.0,0.04440411514403431,0.0,0.0,1.0,0.0,0.0,0.0,0.0,0.0,0.0,0.0,0.0,1.0,0.0,0.0,0.0,1.0,0.0,0.0,2,1.0,401636864,2024
3.0,0.0,0.0,1593.0,-413.0,413.0,11.293798835013952,43.06993802646878,-89.41274642944336,1108.5986568333028,0.9392382509624577,-0.011859358767390416,9.0,0.12977204913504153,0.0,0.0,0.0,1.0,0.0,0.0,0.0,0.0,0.0,0.0,0.0,0.0,0.0,1.0,0.0,0.0,1.0,0.0,1,0.9502247232977676,401628350,2024
3.0,1.0,0.0,1637.0,-166.0,166.0,11.292914501973813,33.97259115457693,-81.02021634578705,1034.4673451684298,0.970911214953271,0.011252855659397598,8.0,0.05875218331558227,0.0,0.0,0.0,0.0,0.0,0.0,0.0,0.0,0.0,1.0,0.0,0.0,0.0,1.0,0.0,0.0,1.0,0.0,2,0.9910404984423676,401628359,2024
3.0,0.0,0.0,1928.0,524.0,524.0,11.586194513897674,42.26586873251738,-83.7487256526947,929.9131483618032,1.0,0.0,9.0,-0.04154093498610571,0.0,0.0,0.0,1.0,0.0,0.0,0.0,0.0,0.0,0.0,0.0,0.0,0.0,1.0,0.0,0.0,1.0,0.0,2,1.0,401628479,2024
3.0,0.0,0.0,1610.0,-15.0,15.0,11.31813853725963,30.437547584621285,-84.30453398103501,743.0387955110925,0.9095400104148587,-0.05559509344442515,7.0,-0.1338043003639503,1.0,0.0,0.0,0.0,0.0,0.0,0.0,0.0,0.0,0.0,0.0,0.0,0.0,1.0,0.0,0.0,1.0,0.0,0,0.6695868772782503,401635542,2024
3.0,0.0,0.0,1512.0,266.0,266.0,10.961000030318813,35.80075968207897,-78.71948719024658,1331.3643641982785,0.9884688189222514,0.0,7.0,-0.1066667343987592,1.0,0.0,0.0,0.0,0.0,0.0,0.0,0.0,0.0,0.0,0.0,0.0,0.0,1.0,0.0,0.0,1.0,0.0,2,0.9884688189222514,401635546,2024
3.0,0.0,0.0,1490.0,93.0,93.0,10.097696506752222,39.51942113142349,-84.73335450140017,47.02531763887392,0.5515440994811825,-0.11075516758626364,5.0,-0.01456211461667114,0.0,0.0,0.0,0.0,0.0,0.0,1.0,0.0,0.0,0.0,0.0,0.0,0.0,1.0,0.0,0.0,1.0,0.0,2,1.0,401636865,2024
3.0,0.0,0.0,1490.0,21.0,21.0,11.01638071569648,33.59102829801104,-101.87293767929076,439.6634357190585,0.8953150843985848,-0.012246283942909053,6.0,-0.013090186483764468,0.0,0.0,1.0,0.0,0.0,0.0,0.0,0.0,0.0,0.0,0.0,0.0,0.0,1.0,0.0,0.0,1.0,0.0,1,0.950757451283231,401636868,2024
3.0,0.0,0.0,1250.0,-280.0,280.0,10.478498510076376,36.14886067519205,-95.943603515625,100.87077782714044,0.5530800582007604,-0.05457125171828903,7.0,-0.032546068592887466,0.0,1.0,0.0,0.0,0.0,0.0,0.0,0.0,0.0,0.0,0.0,0.0,0.0,1.0,0.0,0.0,1.0,0.0,1,0.8698159923470823,401636869,2024
3.0,0.0,0.0,1803.0,341.0,341.0,11.172812609330474,38.93589529672232,-92.33311414718628,1820.575927560779,0.8531081384892086,0.026795750899280546,9.0,0.012152596234521695,0.0,0.0,0.0,0.0,0.0,0.0,0.0,0.0,0.0,1.0,0.0,0.0,0.0,1.0,0.0,0.0,1.0,0.0,1,0.8799038893884892,401628357,2024
3.0,0.0,0.0,1298.0,173.0,173.0,10.275533751098848,42.99906838239644,-78.7775194644928,514.712349238678,0.4690015805722557,-0.01992702778557398,7.0,-0.015523789876782023,0.0,0.0,0.0,0.0,0.0,0.0,1.0,0.0,0.0,0.0,0.0,0.0,0.0,1.0,0.0,0.0,1.0,0.0,0,0.5240409471616172,401629041,2024
3.0,0.0,0.0,1074.0,-463.0,463.0,11.13507066006998,39.900748900488125,-75.16749143600464,760.4543885874308,0.19619823064928996,-0.025421561842503854,7.0,0.007987606667398395,0.0,1.0,0.0,0.0,0.0,0.0,0.0,0.0,0.0,0.0,0.0,0.0,0.0,1.0,1.0,0.0,0.0,0.0,0,0.2034815852448491,401643786,2024
3.0,1.0,0.0,1497.0,-180.0,180.0,11.391311350092442,29.649868677972304,-82.34866619110107,1348.9885646153248,0.9994565094637937,0.0005434905362062814,8.0,0.0007548341003492665,0.0,0.0,0.0,0.0,0.0,0.0,0.0,0.0,0.0,1.0,0.0,0.0,0.0,1.0,1.0,0.0,0.0,0.0,2,1.0,401628353,2024
3.0,0.0,0.0,1840.0,271.0,271.0,11.31585162638907,35.20589959488508,-97.44255065917967,901.4250760456796,1.0,0.0,8.0,-0.04390021909261997,0.0,0.0,0.0,0.0,0.0,0.0,0.0,0.0,0.0,1.0,0.0,0.0,0.0,1.0,1.0,0.0,0.0,0.0,2,1.0,401628358,2024
3.0,0.0,1.0,1418.0,683.0,683.0,11.225323389318618,42.7281691163326,-84.48487535119057,730.0812425015952,0.9286580894607026,-0.006004044174832801,5.0,0.09371875000000007,0.0,0.0,0.0,1.0,0.0,0.0,0.0,0.0,0.0,0.0,0.0,0.0,0.0,1.0,1.0,0.0,0.0,0.0,1,0.9341510565962268,401628480,2024
3.0,0.0,0.0,1492.0,219.0,219.0,10.86906356408504,44.97652496911191,-93.224575817585,2258.764492750714,0.9093574488338886,-0.021335871807075968,9.0,-0.04578469375736973,0.0,0.0,0.0,1.0,0.0,0.0,0.0,0.0,0.0,0.0,0.0,0.0,0.0,1.0,1.0,0.0,0.0,0.0,1,0.8478629224178963,401628481,2024
3.0,0.0,0.0,1676.0,-226.0,226.0,10.729306381246207,44.5594768421455,-123.2814073562622,58.249113988274935,0.7907781232210886,-0.013275240472332972,7.0,0.010716294122993852,0.0,0.0,0.0,0.0,0.0,0.0,0.0,0.0,1.0,0.0,0.0,0.0,0.0,1.0,0.0,0.0,1.0,0.0,1,0.8411568945132898,401628483,2024
3.0,0.0,0.0,1492.0,-366.0,366.0,10.94024216782542,40.434323,-86.918485,151.8278628949597,0.9947406914893617,0.005259308510638272,8.0,0.10896457017478231,0.0,0.0,0.0,1.0,0.0,0.0,0.0,0.0,0.0,0.0,0.0,0.0,0.0,1.0,1.0,0.0,0.0,0.0,2,1.0,401628978,2024
3.0,0.0,1.0,1551.0,816.0,816.0,10.915106645867503,33.772556921319435,-84.39285278320312,730.0812425015952,0.670238961038961,0.08668225108225125,7.0,0.0,1.0,0.0,0.0,0.0,0.0,0.0,0.0,0.0,0.0,0.0,0.0,0.0,0.0,1.0,1.0,0.0,0.0,0.0,0,0.5768909090909091,401635543,2024
3.0,0.0,0.0,1618.0,277.0,277.0,11.087160706070168,25.957933739028963,-80.23884057998657,1656.3762625432264,0.7766528640969905,0.0468324250681198,8.0,-0.07312263480136269,1.0,0.0,0.0,0.0,0.0,0.0,0.0,0.0,0.0,0.0,0.0,0.0,0.0,1.0,1.0,0.0,0.0,0.0,1,0.7893334966169672,401635544,2024
3.0,0.0,0.0,1483.0,-63.0,63.0,11.133142723386813,40.44678376501633,-80.01575589179993,88.50180974179202,0.6962176274018379,0.005609857978279176,7.0,-0.06013745861278867,1.0,0.0,0.0,0.0,0.0,0.0,0.0,0.0,0.0,0.0,0.0,0.0,0.0,1.0,1.0,0.0,0.0,0.0,2,0.9661842105263158,401635547,2024
3.0,0.0,1.0,1481.0,746.0,746.0,10.085850775128717,39.32130908459409,-82.10343944652357,730.0812425015952,0.810625,-0.022458333333333358,7.0,0.0,0.0,0.0,0.0,0.0,0.0,0.0,1.0,0.0,0.0,0.0,0.0,0.0,0.0,1.0,1.0,0.0,0.0,0.0,1,0.8515833333333334,401644734,2024
3.0,0.0,0.0,1552.0,-21.0,21.0,11.164587103533947,41.65838893680983,-91.55147552490234,1203.7735188479585,0.981086633137352,0.0,9.0,-0.09366828842676085,0.0,0.0,0.0,1.0,0.0,0.0,0.0,0.0,0.0,0.0,0.0,0.0,0.0,1.0,1.0,0.0,0.0,0.0,2,0.981086633137352,401628477,2024
3.0,0.0,0.0,1415.0,-31.0,31.0,10.819798284210286,35.59642579698931,-77.36522912979126,395.04785576695946,0.7196714285714286,-0.05434476190476201,7.0,-0.014766359514217767,0.0,1.0,0.0,0.0,0.0,0.0,0.0,0.0,0.0,0.0,0.0,0.0,0.0,1.0,1.0,0.0,0.0,0.0,1,0.92234,401643785,2024
3.0,0.0,0.0,1446.0,176.0,176.0,11.184435286790631,36.067850785167344,-94.17879581451416,730.0812425015952,0.9462824074074074,-0.051425925925925875,6.0,-0.07991614270391205,0.0,0.0,0.0,0.0,0.0,0.0,0.0,0.0,0.0,1.0,0.0,0.0,0.0,1.0,1.0,0.0,0.0,0.0,2,1.0,401628351,2024
3.0,0.0,0.0,1602.0,445.0,445.0,10.43240846457121,35.9953166502013,-78.94172430038452,842.3586482242766,0.6902271588933738,-0.1561435039234751,8.0,0.0034984435124970994,1.0,0.0,0.0,0.0,0.0,0.0,0.0,0.0,0.0,0.0,0.0,0.0,0.0,1.0,0.0,1.0,0.0,0.0,0,0.5943843728823547,401629030,2024
3.0,0.0,1.0,1567.0,832.0,832.0,11.050588372585487,35.90698834747853,-79.04791831970215,730.0812425015952,0.7814961098761511,-0.005598999682438821,8.0,-0.05794125910397441,1.0,0.0,0.0,0.0,0.0,0.0,0.0,0.0,0.0,0.0,0.0,0.0,0.0,1.0,0.0,1.0,0.0,0.0,1,0.7223086694188632,401635545,2024
3.0,0.0,0.0,1397.0,-200.0,200.0,9.909419921189237,36.88878131523489,-76.30567610263824,366.7590380766636,0.903256500930226,-0.011567466234928325,7.0,0.03119246121981108,0.0,0.0,0.0,0.0,0.0,0.0,0.0,0.0,0.0,0.0,1.0,0.0,0.0,1.0,0.0,1.0,0.0,0.0,2,1.0,401635548,2024
3.0,0.0,0.0,1373.0,102.0,102.0,10.308985993422082,26.3754535636523,-80.10168313980103,74.56117399175547,0.6379222222222222,-0.02767777777777769,6.0,-0.21792756959661644,0.0,1.0,0.0,0.0,0.0,0.0,0.0,0.0,0.0,0.0,0.0,0.0,0.0,1.0,0.0,1.0,0.0,0.0,1,0.8094333333333333,401640980,2024
3.0,1.0,0.0,1573.0,341.0,341.0,9.862717639992917,37.354414,-79.175047,2568.750841843175,0.9555844907407407,0.003790509259259278,9.0,-0.11965662578755423,0.0,0.0,0.0,0.0,1.0,0.0,0.0,0.0,0.0,0.0,0.0,0.0,0.0,1.0,0.0,1.0,0.0,0.0,2,1.0,401640990,2024
3.0,0.0,1.0,1383.0,648.0,648.0,10.098272780745283,32.41221167634779,-81.78317070007324,730.0812425015952,0.8867078189300411,0.039972565157750384,7.0,0.0,0.0,0.0,0.0,0.0,0.0,0.0,0.0,0.0,0.0,0.0,1.0,0.0,0.0,1.0,0.0,1.0,0.0,0.0,1,0.8895884773662551,401643787,2024
3.0,0.0,1.0,1098.0,363.0,363.0,10.308985993422082,41.07256951528711,-81.50838375091553,730.0812425015952,0.24122666666666662,0.008562222222222193,5.0,0.0,0.0,0.0,0.0,0.0,0.0,0.0,1.0,0.0,0.0,0.0,0.0,0.0,0.0,1.0,0.0,1.0,0.0,0.0,0,0.2977333333333333,401644733,2024
3.0,0.0,0.0,1424.0,-346.0,346.0,10.357774570341576,36.09183481061275,-80.25534152984619,864.1034151597454,0.9592539682539682,-0.01689417989417985,8.0,-0.012207051743965257,1.0,0.0,0.0,0.0,0.0,0.0,0.0,0.0,0.0,0.0,0.0,0.0,0.0,1.0,0.0,1.0,0.0,0.0,2,1.0,401628355,2024
3.0,0.0,1.0,1193.0,458.0,458.0,10.315630315397533,42.285755487470176,-85.60100421309471,730.0812425015952,0.5815562913907284,-0.02062913907284758,4.0,-0.1351835410097052,0.0,0.0,0.0,0.0,0.0,0.0,1.0,0.0,0.0,0.0,0.0,0.0,0.0,1.0,0.0,1.0,0.0,0.0,1,0.7773509933774835,401636364,2024
3.0,0.0,0.0,1991.0,524.0,524.0,11.514124745545711,30.28360340206824,-97.73233652114868,120.2948845780371,0.9956480359800409,0.0011957199504019078,7.0,0.029286919693955485,0.0,0.0,0.0,0.0,0.0,0.0,0.0,0.0,0.0,1.0,0.0,0.0,0.0,1.0,1.0,0.0,0.0,0.0,2,1.0,401628361,2024
3.0,0.0,0.0,1298.0,-76.0,76.0,10.315630315397533,42.2557607087688,-83.64775657653809,956.0628510964617,0.5590673289183222,-0.024806843267108025,6.0,-0.05524818456850574,0.0,0.0,0.0,0.0,0.0,0.0,1.0,0.0,0.0,0.0,0.0,0.0,0.0,1.0,0.0,1.0,0.0,0.0,0,0.5795033112582781,401640999,2024
3.0,0.0,0.0,1567.0,144.0,144.0,10.324071131775993,37.320105186690846,-121.86811613079064,3363.237002891304,0.5377031033059402,-0.002274944650831223,7.0,-0.10617930402930398,0.0,0.0,0.0,0.0,0.0,0.0,0.0,1.0,0.0,0.0,0.0,0.0,0.0,1.0,1.0,0.0,0.0,0.0,0,0.3641318623588127,401641017,2024
3.0,1.0,0.0,1288.0,-35.0,35.0,10.34177474101152,35.85110908054087,-86.36844992637634,126.32935518947329,0.4392258064516129,-0.04962365591397855,7.0,-0.09491999670992603,0.0,0.0,0.0,0.0,1.0,0.0,0.0,0.0,0.0,0.0,0.0,0.0,0.0,1.0,0.0,1.0,0.0,0.0,0,0.3944193548387096,401641024,2024
3.0,0.0,0.0,1370.0,128.0,128.0,9.546884034617925,30.71394673763343,-95.54191589355467,730.0812425015952,0.5846285714285714,-0.1231761904761905,5.0,-0.08203372723264771,0.0,0.0,0.0,0.0,1.0,0.0,0.0,0.0,0.0,0.0,0.0,0.0,0.0,1.0,0.0,1.0,0.0,0.0,2,1.0,401641040,2024
3.0,0.0,0.0,1230.0,-203.0,203.0,10.491301994830229,31.32897842661232,-89.33133065700531,757.6160597797908,0.6416309523809524,-0.06752910052910055,7.0,-0.04831081634276273,0.0,0.0,0.0,0.0,0.0,0.0,0.0,0.0,0.0,0.0,1.0,0.0,0.0,1.0,0.0,1.0,0.0,0.0,0,0.6538055555555555,401643789,2024
3.0,0.0,0.0,1537.0,309.0,309.0,11.378845350396778,32.602361666817515,-85.48891067504883,1967.856510538476,0.9695982130945711,0.03040178690542894,9.0,-0.0708034537022082,0.0,0.0,0.0,0.0,0.0,0.0,0.0,0.0,0.0,1.0,0.0,0.0,0.0,1.0,0.0,1.0,0.0,0.0,2,1.0,401628352,2024
3.0,1.0,0.0,1563.0,-503.0,503.0,11.036404644896228,38.02262168129363,-84.50520515441895,464.1695702280679,0.9833779796255437,0.009283565690890172,9.0,0.11030167398896026,0.0,0.0,0.0,0.0,0.0,0.0,0.0,0.0,0.0,1.0,0.0,0.0,0.0,1.0,0.0,1.0,0.0,0.0,2,0.9930749037733722,401628354,2024
3.0,0.0,0.0,1440.0,-84.0,84.0,11.024154831985069,33.456230599072065,-88.79342436790466,1019.3235075223869,0.8773395340495949,0.00013518213585062,8.0,-0.020938551964759623,0.0,0.0,0.0,0.0,0.0,0.0,0.0,0.0,0.0,1.0,0.0,0.0,0.0,1.0,0.0,1.0,0.0,0.0,1,0.772975528636875,401628356,2024
3.0,1.0,0.0,1553.0,123.0,123.0,11.435428680349185,34.16156958726264,-118.1676149368286,2861.5570403607912,0.5181485163493332,0.09497129231412049,6.0,0.020300325879453452,0.0,0.0,0.0,1.0,0.0,0.0,0.0,0.0,0.0,0.0,0.0,0.0,0.0,1.0,1.0,0.0,0.0,0.0,0,0.5166410926930475,401628476,2024
3.0,0.0,1.0,1596.0,861.0,861.0,11.37472031017221,40.82048352329494,-96.70571565628052,730.0812425015952,0.9957987749722831,-0.0038822738412821467,9.0,0.0,0.0,0.0,0.0,1.0,0.0,0.0,0.0,0.0,0.0,0.0,0.0,0.0,0.0,1.0,0.0,1.0,0.0,0.0,2,0.9937421777221528,401628482,2024
3.0,0.0,0.0,1417.0,-132.0,132.0,10.717546203426988,31.55866263551169,-97.11560010910034,1083.6214487176417,0.9485280362329542,-0.06496578545758858,9.0,0.038892404419438274,0.0,0.0,1.0,0.0,0.0,0.0,0.0,0.0,0.0,0.0,0.0,0.0,0.0,1.0,0.0,1.0,0.0,0.0,2,1.0,401636860,2024
3.0,1.0,0.0,1578.0,-66.0,66.0,10.714439990727769,32.70991596942349,-97.36799597740172,1611.0601330539882,0.9861638888888888,-0.010726851851851626,8.0,0.003053654176158105,0.0,0.0,1.0,0.0,0.0,0.0,0.0,0.0,0.0,0.0,0.0,0.0,0.0,1.0,0.0,1.0,0.0,0.0,2,1.0,401636866,2024
3.0,0.0,0.0,1845.0,737.0,737.0,11.537188717105908,35.95473437262258,-83.92533302307129,619.5245420365327,0.994729393392221,0.0,8.0,-0.01559215981475332,0.0,0.0,0.0,0.0,0.0,0.0,0.0,0.0,0.0,1.0,0.0,0.0,0.0,1.0,0.0,1.0,0.0,0.0,2,0.994729393392221,401628360,2024
3.0,0.0,0.0,1411.0,97.0,97.0,10.596659732783579,29.721767963293527,-95.34909841095214,5.8426878567674745,0.859609375,-0.07654270833333332,8.0,-0.1744121955319496,0.0,0.0,1.0,0.0,0.0,0.0,0.0,0.0,0.0,0.0,0.0,0.0,0.0,1.0,0.0,1.0,0.0,0.0,1,0.70365,401636862,2024
3.0,0.0,0.0,1354.0,-76.0,76.0,10.281307359823968,41.31193599299248,-105.56906461715698,525.4701644270621,0.8019473287413043,0.011458654604023177,8.0,0.04027674267920768,0.0,0.0,0.0,0.0,0.0,0.0,0.0,1.0,0.0,0.0,0.0,0.0,0.0,1.0,0.0,1.0,0.0,0.0,1,0.8400328981186388,401636871,2024
3.0,0.0,0.0,1502.0,114.0,114.0,11.046403766760761,37.87068660370429,-122.2507095336914,730.0812425015952,0.6022062826438035,0.004466017795737076,7.0,-0.004346086062301542,1.0,0.0,0.0,0.0,0.0,0.0,0.0,0.0,0.0,0.0,0.0,0.0,0.0,1.0,0.0,1.0,0.0,0.0,0,0.5612035014429899,401635541,2024
3.0,0.0,0.0,1551.0,120.0,120.0,10.622107529069105,36.81431969524593,-119.75810156690552,1292.9697644018636,0.9771949431962593,0.0028039194523071798,7.0,0.03262188720069314,0.0,0.0,0.0,0.0,0.0,0.0,0.0,1.0,0.0,0.0,0.0,0.0,0.0,1.0,0.0,1.0,0.0,0.0,1,0.9524262143257536,401641033,2024
4.0,1.0,0.0,1447.0,-129.0,129.0,10.600850832843811,36.21151530169309,-81.68550610542297,730.0812425015952,0.8700351381341224,-0.027432402955207102,7.0,-0.029462370437404007,0.0,0.0,0.0,0.0,0.0,0.0,0.0,0.0,0.0,0.0,1.0,0.0,1.0,0.0,0.0,1.0,0.0,0.0,1,0.8497560246962756,401643790,2024
4.0,1.0,0.0,1386.0,91.0,91.0,10.804684950962628,43.036132820423234,-76.13651990890503,3906.4815908548317,0.7563096446700508,0.0003265651438238981,8.0,-0.018638556844194992,1.0,0.0,0.0,0.0,0.0,0.0,0.0,0.0,0.0,0.0,0.0,1.0,0.0,0.0,0.0,1.0,0.0,0.0,1,0.797766497461929,401634766,2024
4.0,1.0,0.0,1588.0,55.0,55.0,11.37472031017221,40.82048352329494,-96.70571565628052,720.756228135374,0.9955931152472701,-0.002287262748159935,10.0,-0.005952014882563983,0.0,0.0,0.0,1.0,0.0,0.0,0.0,0.0,0.0,0.0,0.0,1.0,0.0,0.0,0.0,1.0,0.0,0.0,2,0.9982202523796948,401628485,2024
4.0,0.0,0.0,1595.0,-7.0,7.0,10.38124231399123,46.731967978653024,-117.16058578781136,1115.9120811833163,0.8293576345819895,-0.050704694864797784,8.0,-0.09828879304531739,0.0,0.0,0.0,0.0,0.0,0.0,0.0,0.0,1.0,0.0,0.0,1.0,0.0,0.0,0.0,1.0,0.0,0.0,1,0.7692880178615729,401643714,2024
4.0,1.0,0.0,1386.0,-99.0,99.0,11.024154831985069,33.456230599072065,-88.79342436790466,742.7406906337073,0.8657435334481816,-0.01499004588493802,9.0,0.02513110204790675,0.0,0.0,0.0,0.0,0.0,0.0,0.0,0.0,0.0,1.0,0.0,0.0,0.0,1.0,0.0,0.0,1.0,0.0,1,0.8095439946524936,401628367,2024
4.0,0.0,0.0,1527.0,340.0,340.0,10.87729219061089,39.18090913372923,-86.52557373046875,668.6598474642517,0.8285574015478281,-0.04872142780713562,7.0,-0.024386012279309366,0.0,0.0,0.0,1.0,0.0,0.0,0.0,0.0,0.0,0.0,0.0,0.0,0.0,1.0,0.0,0.0,1.0,0.0,1,0.8140070620668819,401628486,2024
4.0,0.0,1.0,1698.0,963.0,963.0,10.855203341628478,38.99120275144426,-76.94731173248788,730.0812425015952,0.7559446439219422,0.014849276518710153,9.0,0.0026035346292168082,0.0,0.0,0.0,1.0,0.0,0.0,0.0,0.0,0.0,0.0,0.0,0.0,0.0,1.0,0.0,0.0,1.0,0.0,1,0.7336782363615304,401628488,2024
4.0,0.0,0.0,2014.0,630.0,630.0,11.561191682379716,40.0016856893694,-83.01972806453705,182.74240672776634,0.9846215600701327,-0.004114495985160449,8.0,0.047478585533987094,0.0,0.0,0.0,1.0,0.0,0.0,0.0,0.0,0.0,0.0,0.0,0.0,0.0,1.0,0.0,0.0,1.0,0.0,2,0.9897754993139198,401628492,2024
4.0,1.0,0.0,1757.0,246.0,246.0,11.308370569092329,34.67874665741346,-82.84317970275879,394.7001692127374,0.9982147239263803,0.0006850715746421487,8.0,-0.010302423460251314,1.0,0.0,0.0,0.0,0.0,0.0,0.0,0.0,0.0,0.0,0.0,0.0,0.0,1.0,0.0,0.0,1.0,0.0,2,1.0,401635552,2024
4.0,0.0,0.0,1554.0,-145.0,145.0,11.050588372585487,35.90698834747853,-79.04791831970215,281.5367191980208,0.7749197276031192,-0.010539501076179403,9.0,-0.004674306359806613,1.0,0.0,0.0,0.0,0.0,0.0,0.0,0.0,0.0,0.0,0.0,0.0,0.0,1.0,0.0,0.0,1.0,0.0,1,0.8018418545570022,401635556,2024
4.0,1.0,0.0,1429.0,-37.0,37.0,10.596659732783579,39.13128425273405,-84.51626143741578,1440.7041906417853,0.9527694444444444,-0.004111111111111065,9.0,-0.025396555963825108,0.0,0.0,1.0,0.0,0.0,0.0,0.0,0.0,0.0,0.0,0.0,0.0,0.0,1.0,0.0,0.0,1.0,0.0,1,0.950175,401636873,2024
4.0,1.0,0.0,1541.0,-62.0,62.0,11.002116507732017,39.65221992482815,-79.9551753012939,1316.252207776955,0.86646875,-0.012796527777777733,8.0,0.04612302616492483,0.0,0.0,1.0,0.0,0.0,0.0,0.0,0.0,0.0,0.0,0.0,0.0,0.0,1.0,0.0,0.0,1.0,0.0,1,0.8738,401636879,2024
4.0,0.0,0.0,1558.0,-3.0,3.0,10.515993929932415,30.21579609675613,-92.01626413552384,185.36269131908196,0.4765505226480836,-0.005583946315653621,7.0,-0.036583515910516645,0.0,0.0,0.0,0.0,0.0,0.0,0.0,0.0,0.0,0.0,1.0,0.0,0.0,1.0,0.0,0.0,1.0,0.0,0,0.6106775067750677,401643791,2024
4.0,1.0,0.0,1465.0,206.0,206.0,10.545367754151743,41.38708043477422,-73.96408081054688,2323.794006322455,0.7438082706766916,-0.03127318295739334,7.0,-0.17072163142555968,0.0,1.0,0.0,0.0,0.0,0.0,0.0,0.0,0.0,0.0,0.0,0.0,0.0,1.0,0.0,0.0,1.0,0.0,1,0.701421052631579,401645328,2024
4.0,0.0,0.0,1583.0,97.0,97.0,11.036404644896228,38.02262168129363,-84.50520515441895,253.61510017318741,0.9843476720403267,0.006848329656053531,10.0,0.0002639348665546132,0.0,0.0,0.0,0.0,0.0,0.0,0.0,0.0,0.0,1.0,0.0,0.0,0.0,1.0,0.0,0.0,1.0,0.0,2,0.9950074887668496,401628364,2024
4.0,1.0,0.0,1173.0,-12.0,12.0,10.400802314274172,43.577612282574535,-84.77082967758179,377.60235478747234,0.5058182555369722,-0.13795043332826512,6.0,-0.05882209024780613,0.0,0.0,0.0,0.0,0.0,0.0,1.0,0.0,0.0,0.0,0.0,0.0,0.0,1.0,0.0,0.0,1.0,0.0,0,0.5476965181693781,401644735,2024
4.0,0.0,0.0,1519.0,201.0,201.0,10.008658050141667,33.792838175224496,-79.01702282805255,473.44813418937065,0.784572946070898,-0.014561993497043124,7.0,0.03396373078780768,0.0,0.0,0.0,0.0,0.0,0.0,0.0,0.0,0.0,0.0,1.0,0.0,0.0,1.0,1.0,0.0,0.0,0.0,2,0.9949138047441148,401635558,2024
4.0,0.0,0.0,1610.0,189.0,189.0,11.026808713825016,42.01400541108485,-93.6358094215393,731.8847350322369,0.9720162601626017,-0.001024390243902551,7.0,-0.03323274798888457,0.0,0.0,1.0,0.0,0.0,0.0,0.0,0.0,0.0,0.0,0.0,0.0,0.0,1.0,0.0,0.0,1.0,0.0,1,0.9012682926829269,401636875,2024
4.0,0.0,0.0,1092.0,-150.0,150.0,11.13507066006998,39.900748900488125,-75.16749143600464,3066.8400831161257,0.19710864997373487,-0.013136199147843336,8.0,-0.11912424670397663,0.0,1.0,0.0,0.0,0.0,0.0,0.0,0.0,0.0,0.0,0.0,0.0,0.0,1.0,1.0,0.0,0.0,0.0,0,0.1661121811708399,401643715,2024
4.0,0.0,1.0,1303.0,568.0,568.0,10.315630315397533,42.2557607087688,-83.64775657653809,730.0812425015952,0.5619867549668874,-0.03812362030905081,7.0,0.04210999999999998,0.0,0.0,0.0,0.0,0.0,0.0,1.0,0.0,0.0,0.0,0.0,0.0,0.0,1.0,0.0,0.0,1.0,0.0,0,0.5135430463576159,401644737,2024
4.0,0.0,0.0,1372.0,185.0,185.0,10.085850775128717,33.82031030570401,-85.76646566390991,433.90556965253836,0.828422619047619,-0.033894841269841325,7.0,-0.04058130367051452,0.0,0.0,0.0,0.0,1.0,0.0,0.0,0.0,0.0,0.0,0.0,0.0,0.0,1.0,1.0,0.0,0.0,0.0,1,0.9078333333333334,401641000,2024
4.0,0.0,1.0,1220.0,485.0,485.0,10.308985993422082,39.54692485017159,-119.8175597190857,730.0812425015952,0.5790714285714286,-0.03960476190476181,7.0,0.0,0.0,0.0,0.0,0.0,0.0,0.0,0.0,1.0,0.0,0.0,0.0,0.0,0.0,1.0,0.0,0.0,1.0,0.0,0,0.5466333333333333,401643713,2024
4.0,1.0,0.0,1569.0,118.0,118.0,11.378845350396778,32.602361666817515,-85.48891067504883,885.5970555321171,0.9726383917851139,0.02736160821488609,10.0,-0.00041944813063055086,0.0,0.0,0.0,0.0,0.0,0.0,0.0,0.0,0.0,1.0,0.0,0.0,0.0,1.0,1.0,0.0,0.0,0.0,2,1.0,401628363,2024
4.0,0.0,0.0,1798.0,342.0,342.0,11.535879982582413,30.4120123982997,-91.183819770813,2562.8940060485984,0.9839536849718045,-0.001320598899541614,8.0,0.01819354447651378,0.0,0.0,0.0,0.0,0.0,0.0,0.0,0.0,0.0,1.0,0.0,0.0,0.0,1.0,1.0,0.0,0.0,0.0,2,0.9803950313229932,401628365,2024
4.0,1.0,0.0,1911.0,143.0,143.0,11.586194513897674,42.26586873251738,-83.7487256526947,3132.6979254290914,1.0,0.0,10.0,0.05031700702437738,0.0,0.0,0.0,1.0,0.0,0.0,0.0,0.0,0.0,0.0,0.0,0.0,0.0,1.0,1.0,0.0,0.0,0.0,2,1.0,401628489,2024
4.0,0.0,0.0,1848.0,859.0,859.0,11.576585475330184,40.81215273275043,-77.85620212554932,292.4859964041519,0.9938914536651278,-0.006931151396864732,8.0,-0.013364708412645702,0.0,0.0,0.0,1.0,0.0,0.0,0.0,0.0,0.0,0.0,0.0,0.0,0.0,1.0,1.0,0.0,0.0,0.0,2,1.0,401628493,2024
4.0,0.0,0.0,1626.0,115.0,115.0,11.100949205246406,37.2199742830054,-80.41805505752563,632.0313932355733,0.9792874074425567,-0.015518088019711107,7.0,-0.006226114455704701,1.0,0.0,0.0,0.0,0.0,0.0,0.0,0.0,0.0,0.0,0.0,0.0,0.0,1.0,1.0,0.0,0.0,0.0,2,0.99092597345734,401628494,2024
4.0,0.0,0.0,1992.0,534.0,534.0,11.299682738333281,41.69842312158612,-86.23382449150085,273.39240618884645,0.960727767807414,0.0,7.0,-0.01017162049300956,0.0,0.0,0.0,0.0,0.0,1.0,0.0,0.0,0.0,0.0,0.0,0.0,0.0,1.0,1.0,0.0,0.0,0.0,2,0.960727767807414,401628979,2024
4.0,0.0,1.0,1057.0,322.0,322.0,9.741027444837728,42.377513236004525,-72.53562686052412,730.0812425015952,0.6419747899159665,0.13788795518207275,7.0,0.051859510415082855,0.0,0.0,0.0,0.0,0.0,1.0,0.0,0.0,0.0,0.0,0.0,0.0,0.0,1.0,1.0,0.0,0.0,0.0,0,0.6380588235294118,401629042,2024
4.0,0.0,1.0,1488.0,753.0,753.0,11.133142723386813,40.44678376501633,-80.01575589179993,730.0812425015952,0.7299634502923977,0.01343323586744638,8.0,0.0,1.0,0.0,0.0,0.0,0.0,0.0,0.0,0.0,0.0,0.0,0.0,0.0,0.0,1.0,1.0,0.0,0.0,0.0,1,0.7081432748538011,401634247,2024
4.0,1.0,0.0,1700.0,144.0,144.0,10.915106645867503,38.20542168521144,-85.75810561566809,507.9671807931878,0.9012141414141414,0.011767676767676871,9.0,0.04446477346322517,1.0,0.0,0.0,0.0,0.0,0.0,0.0,0.0,0.0,0.0,0.0,0.0,0.0,1.0,1.0,0.0,0.0,0.0,1,0.9223090909090907,401635554,2024
4.0,1.0,0.0,1623.0,112.0,112.0,11.01638071569648,33.59102829801104,-101.87293767929076,932.4918021234893,0.9032354225249628,-0.011047631566181715,7.0,0.02265393063492671,0.0,0.0,1.0,0.0,0.0,0.0,0.0,0.0,0.0,0.0,0.0,0.0,0.0,1.0,1.0,0.0,0.0,0.0,2,0.966037921856002,401636877,2024
4.0,1.0,0.0,1476.0,116.0,116.0,10.146472946063877,41.934014,-88.778222,828.3042902894234,0.3785042016806722,-0.07096171802054158,7.0,-0.10581887729825794,0.0,0.0,0.0,0.0,0.0,0.0,1.0,0.0,0.0,0.0,0.0,0.0,0.0,1.0,1.0,0.0,0.0,0.0,1,0.7328627450980392,401644736,2024
4.0,1.0,0.0,1409.0,-230.0,230.0,10.434145214930487,38.98483263543365,-76.5071153640747,1268.7887303921507,0.873764705882353,-0.02709803921568632,8.0,-0.16034150855711482,0.0,1.0,0.0,0.0,0.0,0.0,0.0,0.0,0.0,0.0,0.0,0.0,0.0,1.0,1.0,0.0,0.0,0.0,1,0.9196470588235294,401645329,2024
4.0,0.0,1.0,1366.0,631.0,631.0,11.082157933374816,29.41693712868156,-98.47890257835388,730.0812425015952,0.43773406593406594,-0.046698168498168546,7.0,0.18899851508445253,0.0,1.0,0.0,0.0,0.0,0.0,0.0,0.0,0.0,0.0,0.0,0.0,0.0,1.0,1.0,0.0,0.0,0.0,0,0.3226615384615384,401645330,2024
4.0,0.0,0.0,1215.0,-375.0,375.0,10.34177474101152,35.85110908054087,-86.36844992637634,668.7781516408121,0.433625,-0.03202284946236561,8.0,-0.006814819622002322,0.0,0.0,0.0,0.0,1.0,0.0,0.0,0.0,0.0,0.0,0.0,0.0,0.0,1.0,1.0,0.0,0.0,0.0,0,0.4906129032258065,401635553,2024
4.0,1.0,0.0,1595.0,-36.0,36.0,11.005743196119036,36.12570866235855,-97.06650495529176,1384.4779131922528,0.8886951483683357,-0.012661404305098878,9.0,0.0206612137270455,0.0,0.0,1.0,0.0,0.0,0.0,0.0,0.0,0.0,0.0,0.0,0.0,0.0,1.0,1.0,0.0,0.0,0.0,1,0.8668836560496861,401636876,2024
4.0,1.0,0.0,1795.0,483.0,483.0,11.172812609330474,38.93589529672232,-92.33311414718628,577.4560978194285,0.8557877135791367,0.024116175809352436,10.0,-0.015153325518582483,0.0,0.0,0.0,0.0,0.0,0.0,0.0,0.0,0.0,1.0,0.0,0.0,0.0,1.0,1.0,0.0,0.0,0.0,1,0.8799038893884892,401628368,2024
4.0,0.0,0.0,1648.0,68.0,68.0,10.373522431293592,32.83771580994254,-96.782705783844,56.536281703154614,0.75761328125,0.07303255208333315,8.0,-0.007402112149801947,1.0,0.0,0.0,0.0,0.0,0.0,0.0,0.0,0.0,0.0,0.0,0.0,0.0,1.0,1.0,0.0,0.0,0.0,2,1.0,401635557,2024
4.0,1.0,0.0,1745.0,231.0,231.0,11.163382173096926,47.65043054401222,-122.30291984739304,2773.1905777287884,0.9626398739164697,-0.008947202521670583,9.0,-0.08273666789626527,0.0,0.0,0.0,1.0,0.0,0.0,0.0,0.0,0.0,0.0,0.0,0.0,0.0,1.0,1.0,0.0,0.0,0.0,2,0.9899007092198582,401628491,2024
4.0,0.0,0.0,1169.0,-234.0,234.0,10.596659732783579,41.75988427820291,-72.61894226074219,1842.4011895828237,0.6439250000000001,-0.03469166666666679,7.0,-0.04354471914982673,0.0,0.0,0.0,0.0,0.0,1.0,0.0,0.0,0.0,0.0,0.0,0.0,0.0,1.0,0.0,1.0,0.0,0.0,0,0.5036,401629031,2024
4.0,1.0,0.0,1596.0,56.0,56.0,11.31813853725963,30.437547584621285,-84.30453398103501,3562.3125070033534,0.8795458687727825,-0.12464104900769546,8.0,0.07629724575294651,1.0,0.0,0.0,0.0,0.0,0.0,0.0,0.0,0.0,0.0,0.0,0.0,0.0,1.0,0.0,1.0,0.0,0.0,0,0.6695868772782503,401635551,2024
4.0,0.0,0.0,1476.0,-298.0,298.0,11.095256188023157,27.975994470037183,-82.50334918498993,317.3477419586013,0.580017310232777,-0.12773433348011598,5.0,-0.004482580757064318,0.0,1.0,0.0,0.0,0.0,0.0,0.0,0.0,0.0,0.0,0.0,0.0,0.0,1.0,0.0,1.0,0.0,0.0,1,0.8900496530361237,401635555,2024
4.0,0.0,1.0,1538.0,803.0,803.0,10.308985993422082,31.799527415252125,-85.95217691586194,730.0812425015952,0.8763416666666667,-0.05171944444444454,8.0,0.1250934871698427,0.0,0.0,0.0,0.0,0.0,0.0,0.0,0.0,0.0,0.0,1.0,0.0,0.0,1.0,0.0,1.0,0.0,0.0,2,0.9674666666666668,401636374,2024
4.0,0.0,0.0,1247.0,62.0,62.0,10.328787967145063,32.53223809915824,-92.6560188758494,502.74688912526364,0.5198272642390289,-0.024751011515717403,7.0,-0.07090652388069599,0.0,0.0,0.0,0.0,1.0,0.0,0.0,0.0,0.0,0.0,0.0,0.0,0.0,1.0,0.0,1.0,0.0,0.0,0,0.593202614379085,401641008,2024
4.0,0.0,0.0,1396.0,-182.0,182.0,10.003966171102347,36.98487662989466,-86.459013971646,574.2213428671912,0.716902145473574,-0.05255688853572449,7.0,-0.034842794206086325,0.0,0.0,0.0,0.0,1.0,0.0,0.0,0.0,0.0,0.0,0.0,0.0,0.0,1.0,0.0,1.0,0.0,0.0,1,0.8649663094107538,401641037,2024
4.0,0.0,0.0,1336.0,24.0,24.0,10.336924443719042,33.20393508408917,-97.15922355651855,1167.8585581585844,0.6023431349849503,-0.0027537238558308363,7.0,-0.029154103753355178,0.0,1.0,0.0,0.0,0.0,0.0,0.0,0.0,0.0,0.0,0.0,0.0,0.0,1.0,0.0,1.0,0.0,0.0,1,0.8767909238249595,401643716,2024
4.0,1.0,0.0,1848.0,-116.0,116.0,11.31585162638907,35.20589959488508,-97.44255065917967,1224.278106804013,1.0,0.0,9.0,0.017456344000038454,0.0,0.0,0.0,0.0,0.0,0.0,0.0,0.0,0.0,1.0,0.0,0.0,0.0,1.0,0.0,1.0,0.0,0.0,2,1.0,401628369,2024
4.0,0.0,0.0,1642.0,532.0,532.0,11.292914501973813,33.97259115457693,-81.02021634578705,790.650374006546,0.9731478020076152,0.016256143994461625,9.0,-0.14015712186898766,0.0,0.0,0.0,0.0,0.0,0.0,0.0,0.0,0.0,1.0,0.0,0.0,0.0,1.0,0.0,1.0,0.0,0.0,2,0.9807352024922118,401628370,2024
4.0,0.0,0.0,1689.0,245.0,245.0,11.539898402471655,30.61009757817476,-96.34072922859283,1652.5695365002712,0.9503786514557153,-0.009843477753010199,8.0,-0.06873050415865688,0.0,0.0,0.0,0.0,0.0,0.0,0.0,0.0,0.0,1.0,0.0,0.0,0.0,1.0,0.0,1.0,0.0,0.0,2,0.9687539544255496,401628372,2024
4.0,1.0,0.0,1537.0,-54.0,54.0,10.86906356408504,44.97652496911191,-93.224575817585,392.98001944189144,0.9032079961922894,-0.03793749008408709,10.0,0.01314517210957697,0.0,0.0,0.0,1.0,0.0,0.0,0.0,0.0,0.0,0.0,0.0,0.0,0.0,1.0,0.0,1.0,0.0,0.0,2,0.990918610185626,401628487,2024
4.0,0.0,0.0,1824.0,445.0,445.0,11.01173659154304,34.362154302992906,-89.53414626020904,751.3544736892549,0.9991141190712006,0.0008858809287993763,9.0,-0.09785417836644546,0.0,0.0,0.0,0.0,0.0,0.0,0.0,0.0,0.0,1.0,0.0,0.0,0.0,1.0,0.0,1.0,0.0,0.0,2,1.0,401628366,2024
4.0,0.0,0.0,2068.0,819.0,819.0,11.514124745545711,30.28360340206824,-97.73233652114868,592.8271207061688,0.9961920314825359,0.0006517244479069539,8.0,-0.009171166697338537,0.0,0.0,0.0,0.0,0.0,0.0,0.0,0.0,0.0,1.0,0.0,0.0,0.0,1.0,0.0,1.0,0.0,0.0,2,1.0,401628371,2024
4.0,0.0,0.0,1470.0,45.0,45.0,10.703266939811954,42.33510834895851,-71.16647243499756,1091.0525011419636,0.8232359550561799,-0.054134831460674104,8.0,-0.021789716044152363,1.0,0.0,0.0,0.0,0.0,0.0,0.0,0.0,0.0,0.0,0.0,0.0,0.0,1.0,0.0,1.0,0.0,0.0,2,1.0,401628490,2024
4.0,1.0,0.0,1349.0,-158.0,158.0,10.823451529776579,40.00939837446321,-105.26688694953918,1191.9779726875265,0.9978791907333445,-0.002827745688874117,7.0,-0.008628419498340856,0.0,0.0,1.0,0.0,0.0,0.0,0.0,0.0,0.0,0.0,0.0,0.0,0.0,1.0,0.0,1.0,0.0,0.0,2,1.0,401636874,2024
4.0,1.0,0.0,1196.0,-484.0,484.0,10.577069577601234,35.06761048267165,-106.6281028358157,1196.8917006406127,0.41229859269834795,-0.057405330070025185,7.0,-0.02955397735427572,0.0,0.0,0.0,0.0,0.0,0.0,0.0,1.0,0.0,0.0,0.0,0.0,0.0,1.0,0.0,1.0,0.0,0.0,0,0.4593871099326942,401643711,2024
4.0,0.0,0.0,1604.0,246.0,246.0,10.729306381246207,44.5594768421455,-123.2814073562622,2991.0485572479884,0.7970754696326138,-0.00999748215615015,8.0,0.012116543053246465,0.0,0.0,0.0,0.0,0.0,0.0,0.0,0.0,1.0,0.0,0.0,0.0,0.0,1.0,1.0,0.0,0.0,0.0,1,0.7518500678723125,401643717,2024
4.0,0.0,1.0,1636.0,901.0,901.0,10.518700218288165,43.6027080538683,-116.19591236114502,730.0812425015952,0.9671711711711711,-0.015324324324324179,6.0,-0.1929575370272798,0.0,0.0,0.0,0.0,0.0,0.0,0.0,1.0,0.0,0.0,0.0,0.0,0.0,1.0,0.0,1.0,0.0,0.0,2,0.9992432432432432,401637162,2024
4.0,1.0,0.0,1472.0,-370.0,370.0,11.062347921549595,40.25748799746312,-111.65443897247314,1291.7020552947452,0.9757731323207981,0.008560593323245325,7.0,0.03140325208657507,0.0,0.0,1.0,0.0,0.0,0.0,0.0,0.0,0.0,0.0,0.0,0.0,0.0,1.0,0.0,1.0,0.0,0.0,2,1.0,401636872,2024
5.0,1.0,0.0,1141.0,-358.0,358.0,11.13507066006998,39.900748900488125,-75.16749143600464,193.96413623618096,0.1936645978845243,-0.01779055364241844,9.0,-0.02849732530488512,0.0,1.0,0.0,0.0,0.0,0.0,0.0,0.0,0.0,0.0,0.0,0.0,1.0,0.0,0.0,1.0,0.0,0.0,0,0.1934132959785209,401645331,2024
5.0,1.0,0.0,1837.0,223.0,223.0,11.087160706070168,25.957933739028963,-80.23884057998657,1252.396024996467,0.7780618232658768,0.010016430415658917,9.0,0.040556895198377206,1.0,0.0,0.0,0.0,0.0,0.0,0.0,0.0,0.0,0.0,0.0,1.0,0.0,0.0,0.0,1.0,0.0,0.0,1,0.9114135260080212,401634767,2024
5.0,1.0,0.0,1523.0,-243.0,243.0,10.867710938165587,40.51378289308872,-74.46504457087282,3839.043643193399,0.9153782361688336,-0.017588426684968406,8.0,0.02006504652997397,0.0,0.0,0.0,1.0,0.0,0.0,0.0,0.0,0.0,0.0,0.0,1.0,0.0,0.0,0.0,1.0,0.0,0.0,2,1.0,401628501,2024
5.0,1.0,0.0,1592.0,-86.0,86.0,10.87729219061089,39.18090913372923,-86.52557373046875,826.5797173113436,0.8267386091127098,-0.03152596033409505,8.0,-0.00021104897099859243,0.0,0.0,0.0,1.0,0.0,0.0,0.0,0.0,0.0,0.0,0.0,0.0,0.0,1.0,0.0,0.0,1.0,0.0,1,0.9124605827149304,401628496,2024
5.0,1.0,0.0,1910.0,408.0,408.0,11.586194513897674,42.26586873251738,-83.7487256526947,819.5278026083067,1.0,0.0,11.0,0.00799398901828272,0.0,0.0,0.0,1.0,0.0,0.0,0.0,0.0,0.0,0.0,0.0,0.0,0.0,1.0,0.0,0.0,1.0,0.0,2,1.0,401628497,2024
5.0,1.0,0.0,1343.0,-227.0,227.0,10.94024216782542,40.434323,-86.918485,826.6533621101535,0.9953250591016549,0.004674940898345081,9.0,-0.073869784550789,0.0,0.0,0.0,1.0,0.0,0.0,0.0,0.0,0.0,0.0,0.0,0.0,0.0,1.0,0.0,0.0,1.0,0.0,2,1.0,401628499,2024
5.0,0.0,0.0,1297.0,-75.0,75.0,10.596659732783579,41.75988427820291,-72.61894226074219,524.1519852512191,0.626384375,-0.03015104166666671,8.0,-0.04007924576745438,0.0,0.0,0.0,0.0,0.0,1.0,0.0,0.0,0.0,0.0,0.0,0.0,0.0,1.0,0.0,0.0,1.0,0.0,0,0.508675,401629032,2024
5.0,0.0,0.0,1472.0,63.0,63.0,10.703266939811954,42.33510834895851,-71.16647243499756,1435.151943047129,0.8428764044943821,0.007385767790262121,9.0,-0.08865580357279819,1.0,0.0,0.0,0.0,0.0,0.0,0.0,0.0,0.0,0.0,0.0,0.0,0.0,1.0,0.0,0.0,1.0,0.0,1,0.9304044943820224,401635560,2024
5.0,0.0,0.0,1478.0,14.0,14.0,10.961000030318813,35.80075968207897,-78.71948719024658,1104.7982345187445,0.9884688189222514,0.0,8.0,-0.04972463181432293,1.0,0.0,0.0,0.0,0.0,0.0,0.0,0.0,0.0,0.0,0.0,0.0,0.0,1.0,0.0,0.0,1.0,0.0,2,0.9884688189222514,401635564,2024
5.0,0.0,1.0,1379.0,644.0,644.0,10.804684950962628,43.036132820423234,-76.13651990890503,730.0812425015952,0.7609159616469261,0.024633953750705095,9.0,0.13138586635127147,1.0,0.0,0.0,0.0,0.0,0.0,0.0,0.0,0.0,0.0,0.0,0.0,0.0,1.0,0.0,0.0,1.0,0.0,1,0.8823350253807106,401635565,2024
5.0,1.0,0.0,1488.0,-112.0,112.0,10.717546203426988,31.55866263551169,-97.11560010910034,1624.3483461494422,0.9536752326096588,-0.04087062472308367,10.0,0.04000284601647354,0.0,0.0,1.0,0.0,0.0,0.0,0.0,0.0,0.0,0.0,0.0,0.0,0.0,1.0,0.0,0.0,1.0,0.0,1,0.876894107221976,401636880,2024
5.0,1.0,0.0,1576.0,163.0,163.0,10.308985993422082,29.945898112528432,-90.11519112306328,772.0817395451637,0.81843,-0.036396666666666744,10.0,-0.038229913089868416,0.0,1.0,0.0,0.0,0.0,0.0,0.0,0.0,0.0,0.0,0.0,0.0,0.0,1.0,0.0,0.0,1.0,0.0,0,0.6927666666666666,401645337,2024
5.0,0.0,0.0,1734.0,550.0,550.0,10.121779353119313,38.43508893585215,-78.87340330403673,596.5493469673651,0.9917884993051808,0.004084695217422718,7.0,-0.04443632555063298,0.0,0.0,0.0,0.0,0.0,0.0,0.0,0.0,0.0,0.0,1.0,0.0,0.0,1.0,0.0,0.0,1.0,0.0,2,1.0,401643793,2024
5.0,1.0,0.0,1537.0,-300.0,300.0,11.378845350396778,32.602361666817515,-85.48891067504883,1139.7186265003463,0.9751258107137399,0.024874189286260062,11.0,0.091231265177739,0.0,0.0,0.0,0.0,0.0,0.0,0.0,0.0,0.0,1.0,0.0,0.0,0.0,1.0,1.0,0.0,0.0,0.0,2,1.0,401628375,2024
5.0,1.0,0.0,1769.0,216.0,216.0,11.446871128898794,34.01400974062912,-118.28789591789246,2688.863938408691,0.7085527791724977,0.048502426812809585,8.0,0.01546495481059565,0.0,0.0,0.0,1.0,0.0,0.0,0.0,0.0,0.0,0.0,0.0,0.0,0.0,1.0,0.0,0.0,1.0,0.0,1,0.7917997585650646,401628502,2024
5.0,0.0,0.0,2000.0,289.0,289.0,11.299682738333281,41.69842312158612,-86.23382449150085,390.5130525380654,0.960727767807414,0.0,8.0,-0.034828726846990454,0.0,0.0,0.0,0.0,0.0,1.0,0.0,0.0,0.0,0.0,0.0,0.0,0.0,1.0,1.0,0.0,0.0,0.0,2,0.960727767807414,401628980,2024
5.0,0.0,0.0,1450.0,387.0,387.0,10.097696506752222,39.51942113142349,-84.73335450140017,1071.4688556138203,0.6262867495676522,-0.0899009031266299,6.0,-0.0037632637990914395,0.0,0.0,0.0,0.0,0.0,0.0,1.0,0.0,0.0,0.0,0.0,0.0,0.0,1.0,1.0,0.0,0.0,0.0,0,0.3929012599851766,401629043,2024
5.0,0.0,0.0,1370.0,-173.0,173.0,10.357774570341576,36.09183481061275,-80.25534152984619,1273.5658113665231,0.9637813051146384,-0.0012204585537919366,9.0,-0.04041344017088103,1.0,0.0,0.0,0.0,0.0,0.0,0.0,0.0,0.0,0.0,0.0,0.0,0.0,1.0,1.0,0.0,0.0,0.0,2,0.986063492063492,401635659,2024
5.0,1.0,0.0,1642.0,274.0,274.0,10.721591972500457,28.607958859227068,-81.1929988861084,2536.6385785530115,0.9710963528451338,-0.0030595209202096685,8.0,0.08510227702870872,0.0,0.0,1.0,0.0,0.0,0.0,0.0,0.0,0.0,0.0,0.0,0.0,0.0,1.0,1.0,0.0,0.0,0.0,2,1.0,401636885,2024
5.0,0.0,0.0,1174.0,-176.0,176.0,10.400802314274172,43.577612282574535,-84.77082967758179,730.0812425015952,0.5118008644844588,-0.0589297479673031,7.0,-0.013510259846929551,0.0,0.0,0.0,0.0,0.0,0.0,1.0,0.0,0.0,0.0,0.0,0.0,0.0,1.0,1.0,0.0,0.0,0.0,1,0.8232324768131367,401643721,2024
5.0,0.0,0.0,1360.0,138.0,138.0,10.54586761604242,38.42486536179161,-82.42185831069946,506.73700656426973,0.6170486185478689,-0.06574532282730805,7.0,-0.07070557627127368,0.0,0.0,0.0,0.0,0.0,0.0,0.0,0.0,0.0,0.0,1.0,0.0,0.0,1.0,1.0,0.0,0.0,0.0,0,0.4924642941687051,401643794,2024
5.0,1.0,0.0,1401.0,348.0,348.0,10.085850775128717,39.32130908459409,-82.10343944652357,201.18145511954697,0.8157447916666667,-0.01946701388888894,8.0,-0.12374106382970051,0.0,0.0,0.0,0.0,0.0,0.0,1.0,0.0,0.0,0.0,0.0,0.0,0.0,1.0,1.0,0.0,0.0,0.0,1,0.8860416666666666,401644738,2024
5.0,1.0,0.0,932.0,-368.0,368.0,10.12667110305036,41.13908682549516,-81.31343945860863,230.1589785540623,0.429712,-0.037912,5.0,0.01690119500370455,0.0,0.0,0.0,0.0,0.0,0.0,1.0,0.0,0.0,0.0,0.0,0.0,0.0,1.0,1.0,0.0,0.0,0.0,0,0.43596,401644739,2024
5.0,1.0,0.0,1623.0,104.0,104.0,10.43240846457121,35.9953166502013,-78.94172430038452,13.705436327073436,0.679577960447705,-0.12686393709345312,9.0,0.03269048899729174,1.0,0.0,0.0,0.0,0.0,0.0,0.0,0.0,0.0,0.0,0.0,0.0,0.0,1.0,1.0,0.0,0.0,0.0,2,1.0,401635562,2024
5.0,1.0,0.0,1407.0,17.0,17.0,10.819798284210286,35.59642579698931,-77.36522912979126,2090.6516148343144,0.745005,0.0026683333333332726,8.0,0.025724783169098854,0.0,1.0,0.0,0.0,0.0,0.0,0.0,0.0,0.0,0.0,0.0,0.0,0.0,1.0,1.0,0.0,0.0,0.0,1,0.83702,401645334,2024
5.0,1.0,0.0,2107.0,752.0,752.0,11.514124745545711,30.28360340206824,-97.73233652114868,914.4381313153001,0.9966151390955874,0.00022861683485542184,9.0,0.01203465771496206,0.0,0.0,0.0,0.0,0.0,0.0,0.0,0.0,0.0,1.0,0.0,0.0,0.0,1.0,1.0,0.0,0.0,0.0,2,1.0,401628378,2024
5.0,0.0,0.0,1448.0,80.0,80.0,10.074284623478128,41.37805439803228,-83.62248212099075,804.1328141936903,0.5626861687180352,-0.008156297420333969,6.0,-0.03227842635653331,0.0,0.0,0.0,0.0,0.0,0.0,1.0,0.0,0.0,0.0,0.0,0.0,0.0,1.0,1.0,0.0,0.0,0.0,1,0.8067779463834092,401643795,2024
5.0,0.0,1.0,1295.0,560.0,560.0,10.308985993422082,26.3754535636523,-80.10168313980103,730.0812425015952,0.6624238095238095,0.02606507936507929,7.0,-0.18892744118656346,0.0,1.0,0.0,0.0,0.0,0.0,0.0,0.0,0.0,0.0,0.0,0.0,0.0,1.0,0.0,1.0,0.0,0.0,1,0.7050333333333333,401645335,2024
5.0,1.0,0.0,1790.0,487.0,487.0,11.308370569092329,34.67874665741346,-82.84317970275879,3522.1644286329456,0.9984130879345603,0.0007893660531698155,9.0,-0.006619474916980362,1.0,0.0,0.0,0.0,0.0,0.0,0.0,0.0,0.0,0.0,0.0,0.0,0.0,1.0,0.0,1.0,0.0,0.0,2,0.9852147239263804,401635561,2024
5.0,1.0,0.0,1366.0,-352.0,352.0,10.596659732783579,29.721767963293527,-95.34909841095214,1375.4397220445055,0.8422805555555555,-0.11059722222222212,9.0,0.01591075923565523,0.0,0.0,1.0,0.0,0.0,0.0,0.0,0.0,0.0,0.0,0.0,0.0,0.0,1.0,0.0,1.0,0.0,0.0,0,0.62845,401636881,2024
5.0,1.0,0.0,1534.0,324.0,324.0,10.308985993422082,31.799527415252125,-85.95217691586194,581.1599002648026,0.8864666666666667,-0.035144444444444534,9.0,-0.007317004523795301,0.0,0.0,0.0,0.0,0.0,0.0,0.0,0.0,0.0,0.0,1.0,0.0,0.0,1.0,0.0,1.0,0.0,0.0,1,0.7084333333333334,401643796,2024
5.0,1.0,0.0,1225.0,103.0,103.0,10.757924157061597,29.71623402909437,-95.40926456451416,1507.460960639729,0.4228179669030733,-0.03664066193853427,9.0,-0.02315655317951397,0.0,1.0,0.0,0.0,0.0,0.0,0.0,0.0,0.0,0.0,0.0,0.0,0.0,1.0,0.0,1.0,0.0,0.0,0,0.3713829787234042,401645333,2024
5.0,1.0,0.0,1403.0,210.0,210.0,10.336924443719042,33.20393508408917,-97.15922355651855,345.8043904785838,0.6366491085899514,0.06769448946515388,8.0,-0.05287128962810198,0.0,1.0,0.0,0.0,0.0,0.0,0.0,0.0,0.0,0.0,0.0,0.0,0.0,1.0,0.0,1.0,0.0,0.0,0,0.6006158833063209,401645336,2024
5.0,1.0,0.0,2046.0,0.0,0.0,11.530981469769799,33.2074899449518,-87.5503921508789,395.6250105882792,0.9828719026526944,0.0,9.0,0.09018072402073389,0.0,0.0,0.0,0.0,0.0,0.0,0.0,0.0,0.0,1.0,0.0,0.0,0.0,1.0,0.0,1.0,0.0,0.0,2,0.9828719026526944,401628374,2024
5.0,1.0,0.0,1905.0,354.0,354.0,11.576585475330184,40.81215273275043,-77.85620212554932,881.2711743151368,0.9945701810356691,-0.007609878767406042,9.0,-0.004522156213399205,0.0,0.0,0.0,1.0,0.0,0.0,0.0,0.0,0.0,0.0,0.0,0.0,0.0,1.0,0.0,1.0,0.0,0.0,2,1.0,401628495,2024
5.0,1.0,0.0,1423.0,-615.0,615.0,11.225323389318618,42.7281691163326,-84.48487535119057,326.8843323437249,0.92957358398329,-0.025318312112525998,6.0,0.018715251350434038,0.0,0.0,0.0,1.0,0.0,0.0,0.0,0.0,0.0,0.0,0.0,0.0,0.0,1.0,0.0,1.0,0.0,0.0,1,0.9481234584361042,401628498,2024
5.0,0.0,0.0,1597.0,415.0,415.0,11.041016020812398,35.120856917268995,-89.97805741128388,336.7318315282555,0.45645038473869826,-0.03212634925724056,8.0,-0.08159520609126736,0.0,1.0,0.0,0.0,0.0,0.0,0.0,0.0,0.0,0.0,0.0,0.0,0.0,1.0,0.0,1.0,0.0,0.0,0,0.4050336646361013,401641025,2024
5.0,0.0,0.0,1805.0,148.0,148.0,11.535879982582413,30.4120123982997,-91.183819770813,730.0812425015952,0.9835582790108255,-0.000589647612252997,9.0,-0.028150476580324397,0.0,0.0,0.0,0.0,0.0,0.0,0.0,0.0,0.0,1.0,0.0,0.0,0.0,1.0,0.0,1.0,0.0,0.0,2,0.9982603766577732,401628376,2024
5.0,1.0,0.0,1700.0,101.0,101.0,10.373522431293592,32.83771580994254,-96.782705783844,1210.2653929333576,0.7845451388888889,0.15557986111111122,9.0,0.06442789268025632,1.0,0.0,0.0,0.0,0.0,0.0,0.0,0.0,0.0,0.0,0.0,0.0,0.0,1.0,0.0,1.0,0.0,0.0,2,1.0,401635563,2024
5.0,1.0,0.0,1628.0,99.0,99.0,11.01638071569648,33.59102829801104,-101.87293767929076,1668.4067324215796,0.9110857349413427,0.022781045644244324,8.0,0.06260755457257695,0.0,0.0,1.0,0.0,0.0,0.0,0.0,0.0,0.0,0.0,0.0,0.0,0.0,1.0,0.0,1.0,0.0,0.0,2,0.989599421642404,401636884,2024
5.0,0.0,0.0,1265.0,64.0,64.0,10.320354083368734,32.27974938226407,-106.74113631248474,310.1723458861577,0.4738819497083347,-0.0014830438651419198,7.0,-0.05634556218683146,0.0,0.0,0.0,0.0,1.0,0.0,0.0,0.0,0.0,0.0,0.0,0.0,0.0,1.0,0.0,1.0,0.0,0.0,0,0.6941304419470719,401641035,2024
5.0,1.0,0.0,1245.0,-214.0,214.0,10.281307359823968,41.31193599299248,-105.56906461715698,264.6952457591907,0.8061790586721193,-0.031519748390314795,9.0,0.042037294256340146,0.0,0.0,0.0,0.0,0.0,0.0,0.0,1.0,0.0,0.0,0.0,0.0,0.0,1.0,0.0,1.0,0.0,0.0,1,0.7905143757924677,401643718,2024
5.0,0.0,0.0,1631.0,35.0,35.0,10.518700218288165,43.6027080538683,-116.19591236114502,356.0734774775477,0.9717528957528957,-0.0038429858429858132,7.0,-0.0007592994713685464,0.0,0.0,0.0,0.0,0.0,0.0,0.0,1.0,0.0,0.0,0.0,0.0,0.0,1.0,0.0,1.0,0.0,0.0,2,1.0,401643719,2024
5.0,1.0,0.0,1633.0,-35.0,35.0,10.903825271935897,40.75994782004573,-111.84882402420044,952.0585063432453,0.9654405890729743,-0.005385669949964034,9.0,0.038060670123457985,0.0,0.0,1.0,0.0,0.0,0.0,0.0,0.0,0.0,0.0,0.0,0.0,0.0,1.0,0.0,1.0,0.0,0.0,2,0.9726936726550576,401636886,2024
5.0,1.0,0.0,1449.0,-525.0,525.0,11.435428680349185,34.16156958726264,-118.1676149368286,1178.3249020618423,0.517933170112721,0.010425124859651858,7.0,0.01864878955683531,0.0,0.0,0.0,1.0,0.0,0.0,0.0,0.0,0.0,0.0,0.0,0.0,0.0,1.0,0.0,1.0,0.0,0.0,0,0.4652049880054462,401628500,2024
6.0,1.0,0.0,1504.0,-30.0,30.0,10.308985993422082,31.799527415252125,-85.95217691586194,1161.9165994882953,0.8686633333333333,-0.005452222222222192,10.0,-0.08478843663392306,0.0,0.0,0.0,0.0,0.0,0.0,0.0,0.0,0.0,0.0,1.0,0.0,1.0,0.0,0.0,1.0,0.0,0.0,0,0.6783,401643797,2024
6.0,1.0,0.0,1206.0,-233.0,233.0,10.849356503939038,31.77334530512776,-106.50789678096773,1048.6934933087057,0.41766435506241334,-0.010156264447526653,7.0,-0.0818609213292013,0.0,0.0,0.0,0.0,1.0,0.0,0.0,0.0,0.0,0.0,0.0,0.0,1.0,0.0,0.0,1.0,0.0,0.0,0,0.2806601941747573,401641029,2024
6.0,1.0,0.0,1388.0,-65.0,65.0,9.309370895439137,34.0234337,-84.6154897,108.57450518448746,1.0,0.0,1.0,-0.0426341567504288,0.0,0.0,0.0,0.0,1.0,0.0,0.0,0.0,0.0,0.0,0.0,1.0,0.0,0.0,0.0,1.0,0.0,0.0,1,0.9084239130434782,401641001,2024
6.0,1.0,0.0,1551.0,199.0,199.0,10.714439990727769,32.70991596942349,-97.36799597740172,383.7221600682735,0.9877012345679012,-0.01226419753086394,9.0,-0.02159620404392833,0.0,0.0,1.0,0.0,0.0,0.0,0.0,0.0,0.0,0.0,0.0,1.0,0.0,0.0,0.0,1.0,0.0,0.0,2,0.9824666666666668,401636891,2024
6.0,1.0,0.0,1974.0,567.0,567.0,10.896757843893464,44.058272724266615,-123.0685043334961,3092.453698560052,0.9804567901234569,0.01954320987654312,9.0,0.006575106954129424,0.0,0.0,0.0,1.0,0.0,0.0,0.0,0.0,0.0,0.0,0.0,1.0,0.0,0.0,0.0,1.0,0.0,0.0,2,1.0,401628506,2024
6.0,1.0,0.0,1683.0,-107.0,107.0,11.539898402471655,30.61009757817476,-96.34072922859283,995.2259776828627,0.952420351785697,-0.02230052660780879,9.0,-0.01003318122708019,0.0,0.0,0.0,0.0,0.0,0.0,0.0,0.0,0.0,1.0,0.0,0.0,0.0,1.0,0.0,0.0,1.0,0.0,1,0.94467211120088,401628383,2024
6.0,1.0,0.0,1536.0,214.0,214.0,11.293798835013952,43.06993802646878,-89.41274642944336,358.7089022621837,0.9403368981959886,0.003998954196287263,10.0,0.0025595522509885005,0.0,0.0,0.0,1.0,0.0,0.0,0.0,0.0,0.0,0.0,0.0,0.0,0.0,1.0,0.0,0.0,1.0,0.0,1,0.9473363130439112,401628509,2024
6.0,1.0,0.0,1905.0,456.0,456.0,11.576585475330184,40.81215273275043,-77.85620212554932,3599.986877449289,0.9951131629321022,-0.0035925634000174567,10.0,0.013843104851448773,0.0,0.0,0.0,1.0,0.0,0.0,0.0,0.0,0.0,0.0,0.0,0.0,0.0,1.0,0.0,0.0,1.0,0.0,2,1.0,401628510,2024
6.0,0.0,0.0,1455.0,388.0,388.0,10.146472946063877,41.934014,-88.778222,1337.7693243380334,0.4227990196078431,0.04691339869281047,8.0,-0.03656643891100346,0.0,0.0,0.0,0.0,0.0,0.0,1.0,0.0,0.0,0.0,0.0,0.0,0.0,1.0,0.0,0.0,1.0,0.0,0,0.4888627450980392,401629044,2024
6.0,1.0,0.0,1389.0,-82.0,82.0,11.026808713825016,38.03112372855688,-78.51370811462402,786.0122484539528,0.6981858304297328,-0.04676577622919076,7.0,0.014244475472344389,1.0,0.0,0.0,0.0,0.0,0.0,0.0,0.0,0.0,0.0,0.0,0.0,0.0,1.0,0.0,0.0,1.0,0.0,0,0.6225203252032521,401635567,2024
6.0,1.0,0.0,1717.0,-38.0,38.0,10.915106645867503,38.20542168521144,-85.75810561566809,1161.398461319943,0.9033236363636364,-0.016238787878788075,10.0,-0.0028804370375508682,1.0,0.0,0.0,0.0,0.0,0.0,0.0,0.0,0.0,0.0,0.0,0.0,0.0,1.0,0.0,0.0,1.0,0.0,1,0.9137090909090908,401635571,2024
6.0,1.0,0.0,1521.0,33.0,33.0,11.050588372585487,35.90698834747853,-79.04791831970215,511.8316401099462,0.7776119402985074,-0.013231713771567621,10.0,-0.0019720207103504452,1.0,0.0,0.0,0.0,0.0,0.0,0.0,0.0,0.0,0.0,0.0,0.0,0.0,1.0,0.0,0.0,1.0,0.0,1,0.7309145760558907,401635572,2024
6.0,1.0,0.0,1487.0,111.0,111.0,10.961000030318813,35.80075968207897,-78.71948719024658,141.99347245356657,0.9884688189222514,0.0,9.0,-0.04867865152611076,1.0,0.0,0.0,0.0,0.0,0.0,0.0,0.0,0.0,0.0,0.0,0.0,0.0,1.0,0.0,0.0,1.0,0.0,2,0.9884688189222514,401635638,2024
6.0,0.0,0.0,1418.0,-72.0,72.0,10.7513495394883,38.99690743122685,-104.84368801116943,2438.996058129758,0.5489836129774449,0.005786654591589002,7.0,-0.011157003676968126,0.0,0.0,0.0,0.0,0.0,0.0,0.0,1.0,0.0,0.0,0.0,0.0,0.0,1.0,0.0,0.0,1.0,0.0,1,0.8447057311745053,401643722,2024
6.0,1.0,0.0,1088.0,-132.0,132.0,10.021315031649332,40.21602764466651,-85.41769962206614,230.65267255235486,0.47391746031746035,-0.07945820105820106,7.0,-0.0760934510820627,0.0,0.0,0.0,0.0,0.0,0.0,1.0,0.0,0.0,0.0,0.0,0.0,0.0,1.0,0.0,0.0,1.0,0.0,0,0.4596444444444444,401644741,2024
6.0,1.0,0.0,2036.0,489.0,489.0,11.437630634933093,33.949821489498824,-83.37344169616699,247.22282038058304,1.0,0.0,8.0,0.049213314004275116,0.0,0.0,0.0,0.0,0.0,0.0,0.0,0.0,0.0,1.0,0.0,0.0,0.0,1.0,1.0,0.0,0.0,0.0,2,1.0,401628381,2024
6.0,1.0,0.0,1699.0,-162.0,162.0,11.292914501973813,33.97259115457693,-81.02021634578705,784.270841911203,0.9739065420560747,0.009399792315680222,10.0,-0.0033815378289657563,0.0,0.0,0.0,0.0,0.0,0.0,0.0,0.0,0.0,1.0,0.0,0.0,0.0,1.0,1.0,0.0,0.0,0.0,2,0.9948535825545172,401628382,2024
6.0,1.0,0.0,2054.0,428.0,428.0,11.561191682379716,40.0016856893694,-83.01972806453705,740.7339632047314,0.985194219986109,-0.005157247886703575,9.0,0.02805826048632889,0.0,0.0,0.0,1.0,0.0,0.0,0.0,0.0,0.0,0.0,0.0,0.0,0.0,1.0,1.0,0.0,0.0,0.0,2,1.0,401628504,2024
6.0,0.0,0.0,1441.0,335.0,335.0,10.596659732783579,41.75988427820291,-72.61894226074219,297.8203813230109,0.6133055555555555,-0.006288888888888899,9.0,-0.13232685692360868,0.0,0.0,0.0,0.0,0.0,1.0,0.0,0.0,0.0,0.0,0.0,0.0,0.0,1.0,1.0,0.0,0.0,0.0,1,0.723025,401629033,2024
6.0,1.0,0.0,1288.0,-329.0,329.0,10.819798284210286,37.43472641329173,-122.1610164642334,3660.0335666038854,0.6449900000000001,-0.04791666666666672,8.0,0.0521562461413481,1.0,0.0,0.0,0.0,0.0,0.0,0.0,0.0,0.0,0.0,0.0,0.0,0.0,1.0,0.0,0.0,1.0,0.0,1,0.72554,401635573,2024
6.0,1.0,0.0,1362.0,-4.0,4.0,10.54586761604242,38.42486536179161,-82.42185831069946,254.57896344457373,0.6014755780004735,-0.05413521309520686,8.0,0.01629577347760926,0.0,0.0,0.0,0.0,0.0,0.0,0.0,0.0,0.0,0.0,1.0,0.0,0.0,1.0,1.0,0.0,0.0,0.0,1,0.7370788290065493,401643799,2024
6.0,1.0,0.0,1565.0,119.0,119.0,10.175383172056032,41.65739077895321,-83.61401719150295,255.82528000079114,0.7773449405669004,0.023033500965152887,8.0,-0.008476350410841299,0.0,0.0,0.0,0.0,0.0,0.0,1.0,0.0,0.0,0.0,0.0,0.0,0.0,1.0,1.0,0.0,0.0,0.0,1,0.9534821700701006,401644684,2024
6.0,1.0,0.0,1040.0,-399.0,399.0,10.308985993422082,41.07256951528711,-81.50838375091553,180.0355230399357,0.2506444444444444,0.007099999999999995,6.0,-0.05784227826759549,0.0,0.0,0.0,0.0,0.0,0.0,1.0,0.0,0.0,0.0,0.0,0.0,0.0,1.0,1.0,0.0,0.0,0.0,0,0.3112333333333333,401644740,2024
6.0,1.0,0.0,1128.0,-295.0,295.0,9.636588019266876,35.31028067616406,-80.74049377106525,307.36055551651725,0.8348010224071345,-0.10357469355771565,7.0,-0.004374725037502081,0.0,1.0,0.0,0.0,0.0,0.0,0.0,0.0,0.0,0.0,0.0,0.0,0.0,1.0,1.0,0.0,0.0,0.0,2,1.0,401645340,2024
6.0,1.0,0.0,1591.0,64.0,64.0,11.37472031017221,40.82048352329494,-96.70571565628052,1871.0915254113836,0.9958319458956724,0.0007807925043921138,11.0,-0.0026531783616071,0.0,0.0,0.0,1.0,0.0,0.0,0.0,0.0,0.0,0.0,0.0,0.0,0.0,1.0,1.0,0.0,0.0,0.0,2,1.0,401628508,2024
6.0,1.0,0.0,1553.0,7.0,7.0,11.005743196119036,36.12570866235855,-97.06650495529176,1549.271728133868,0.8865139991364709,-0.019630343086784796,10.0,-0.005120118323244253,0.0,0.0,1.0,0.0,0.0,0.0,0.0,0.0,0.0,0.0,0.0,0.0,0.0,1.0,1.0,0.0,0.0,0.0,1,0.8668836560496861,401636890,2024
6.0,1.0,0.0,1317.0,-739.0,739.0,10.605371456538457,36.14355849696379,-86.80877208709717,333.44158801389534,0.6271304655691273,0.042675399775771394,7.0,0.10997445300175292,0.0,0.0,0.0,0.0,0.0,0.0,0.0,0.0,0.0,1.0,0.0,0.0,0.0,1.0,1.0,0.0,0.0,0.0,1,0.7170755885997522,401628384,2024
6.0,0.0,0.0,1619.0,383.0,383.0,10.729306381246207,44.5594768421455,-123.2814073562622,730.0812425015952,0.7920504249925803,-0.034712187337313294,9.0,0.07403940795789339,0.0,0.0,0.0,0.0,0.0,0.0,0.0,0.0,1.0,0.0,0.0,0.0,0.0,1.0,1.0,0.0,0.0,0.0,2,1.0,401643724,2024
6.0,1.0,0.0,1544.0,-261.0,261.0,11.31813853725963,30.437547584621285,-84.30453398103501,491.0648068154945,0.8562170919400567,-0.20035236938031586,9.0,0.04110853642560358,1.0,0.0,0.0,0.0,0.0,0.0,0.0,0.0,0.0,0.0,0.0,0.0,0.0,1.0,0.0,1.0,0.0,0.0,0,0.6695868772782503,401635569,2024
6.0,1.0,0.0,1677.0,484.0,484.0,10.518700218288165,43.6027080538683,-116.19591236114502,413.19753013514105,0.9752837837837838,0.018968468468468558,8.0,-0.10443628372046303,0.0,0.0,0.0,0.0,0.0,0.0,0.0,1.0,0.0,0.0,0.0,0.0,0.0,1.0,1.0,0.0,0.0,0.0,2,1.0,401643723,2024
6.0,1.0,0.0,1448.0,71.0,71.0,10.008658050141667,33.792838175224496,-79.01702282805255,423.0270300875053,0.8108655534050502,0.05324751316559395,8.0,0.0072030313608820095,0.0,0.0,0.0,0.0,0.0,0.0,0.0,0.0,0.0,0.0,1.0,0.0,0.0,1.0,0.0,1.0,0.0,0.0,1,0.835036233514876,401643798,2024
6.0,1.0,0.0,1313.0,-275.0,275.0,10.34061281337216,35.84899009532366,-90.66769494362912,730.0812425015952,0.5712520992119882,0.05038377901218616,8.0,-0.022793904801915378,0.0,0.0,0.0,0.0,0.0,0.0,0.0,0.0,0.0,0.0,1.0,0.0,0.0,1.0,0.0,1.0,0.0,0.0,0,0.6919971579899238,401643800,2024
6.0,1.0,0.0,1240.0,-590.0,590.0,10.323118516117193,32.53106869451547,-92.06644075067642,1361.1156309333624,0.448807802280869,-0.10749909619745618,8.0,0.00059176585914165,0.0,0.0,0.0,0.0,0.0,0.0,0.0,0.0,0.0,0.0,1.0,0.0,0.0,1.0,0.0,1.0,0.0,0.0,0,0.6565221678114832,401643801,2024
6.0,1.0,0.0,1106.0,-431.0,431.0,10.491301994830229,31.32897842661232,-89.33133065700531,284.80708059685867,0.6431527777777778,-0.03808796296296302,8.0,-0.024739533390947394,0.0,0.0,0.0,0.0,0.0,0.0,0.0,0.0,0.0,0.0,1.0,0.0,0.0,1.0,0.0,1.0,0.0,0.0,0,0.6678055555555555,401643802,2024
6.0,1.0,0.0,1485.0,-490.0,490.0,11.184435286790631,36.067850785167344,-94.17879581451416,921.914081902831,0.9539563492063492,-0.05909986772486764,7.0,0.013965075200030763,0.0,0.0,0.0,0.0,0.0,0.0,0.0,0.0,0.0,1.0,0.0,0.0,0.0,1.0,0.0,1.0,0.0,0.0,2,1.0,401628379,2024
6.0,1.0,0.0,1762.0,-144.0,144.0,11.163382173096926,47.65043054401222,-122.30291984739304,3059.1341280268502,0.9653659574468085,-0.015039716312056806,10.0,0.06406998216877899,0.0,0.0,0.0,1.0,0.0,0.0,0.0,0.0,0.0,0.0,0.0,0.0,0.0,1.0,1.0,0.0,0.0,0.0,2,1.0,401628505,2024
6.0,1.0,0.0,1506.0,-280.0,280.0,10.86906356408504,44.97652496911191,-93.224575817585,2457.2133999397934,0.9111816883735018,-0.03802287510997637,11.0,0.04193083918698115,0.0,0.0,0.0,1.0,0.0,0.0,0.0,0.0,0.0,0.0,0.0,0.0,0.0,1.0,0.0,1.0,0.0,0.0,2,0.9693098524512136,401628507,2024
6.0,1.0,0.0,1732.0,247.0,247.0,11.026808713825016,42.01400541108485,-93.6358094215393,1202.8710915494546,0.9631727642276423,-0.025091463414634196,8.0,-0.006836881370841467,0.0,0.0,1.0,0.0,0.0,0.0,0.0,0.0,0.0,0.0,0.0,0.0,0.0,1.0,0.0,1.0,0.0,0.0,2,1.0,401636889,2024
6.0,1.0,0.0,1601.0,373.0,373.0,10.324071131775993,37.320105186690846,-121.86811613079064,305.28545643367204,0.5160066981875493,-0.06590381752911312,8.0,-0.048402999200473494,0.0,0.0,0.0,0.0,0.0,0.0,0.0,1.0,0.0,0.0,0.0,0.0,0.0,1.0,1.0,0.0,0.0,0.0,0,0.5614328867874967,401643726,2024
6.0,0.0,0.0,1516.0,-15.0,15.0,11.391311350092442,29.649868677972304,-82.34866619110107,161.31377517887353,0.99951689730115,0.0004831026988499909,9.0,0.004850730331983614,0.0,0.0,0.0,0.0,0.0,0.0,0.0,0.0,0.0,1.0,0.0,0.0,0.0,1.0,0.0,1.0,0.0,0.0,2,1.0,401628380,2024
6.0,1.0,0.0,1545.0,-76.0,76.0,10.915106645867503,33.772556921319435,-84.39285278320312,555.1401703202581,0.6585704545454546,0.08863560606060594,8.0,0.003818967519299147,1.0,0.0,0.0,0.0,0.0,0.0,0.0,0.0,0.0,0.0,0.0,0.0,0.0,1.0,0.0,1.0,0.0,0.0,0,0.6779454545454545,401635570,2024
6.0,1.0,0.0,1506.0,-69.0,69.0,11.180343650832073,33.426364,-111.932616,1615.859430716449,0.6754915906618694,0.007975157820358958,10.0,0.03965773013743736,0.0,0.0,1.0,0.0,0.0,0.0,0.0,0.0,0.0,0.0,0.0,0.0,0.0,1.0,0.0,1.0,0.0,0.0,1,0.7619864446489834,401636888,2024
6.0,1.0,0.0,1537.0,-297.0,297.0,11.046403766760761,37.87068660370429,-122.2507095336914,4141.410450139706,0.5970809349937019,-0.03568609786820154,8.0,0.040448122608708684,1.0,0.0,0.0,0.0,0.0,0.0,0.0,0.0,0.0,0.0,0.0,0.0,0.0,1.0,0.0,1.0,0.0,0.0,1,0.8359455968876063,401635568,2024
6.0,1.0,0.0,1694.0,66.0,66.0,10.855377061650147,32.228340232071496,-110.94903945922852,860.4058508159295,0.9081420933778541,0.013759948016187074,8.0,0.0034113927928111076,0.0,0.0,1.0,0.0,0.0,0.0,0.0,0.0,0.0,0.0,0.0,0.0,0.0,1.0,0.0,1.0,0.0,0.0,1,0.8834610410916601,401636887,2024
7.0,1.0,0.0,1589.0,332.0,332.0,9.862717639992917,37.354414,-79.175047,1295.062875494275,0.9600260416666666,0.03997395833333339,10.0,-0.16229347235265537,0.0,0.0,0.0,0.0,1.0,0.0,0.0,0.0,0.0,0.0,0.0,0.0,1.0,0.0,0.0,1.0,0.0,0.0,1,0.8511979166666667,401640982,2024
7.0,1.0,0.0,1560.0,322.0,322.0,10.085850775128717,33.82031030570401,-85.76646566390991,1958.9961884309225,0.8383489583333333,0.009109374999999975,8.0,0.025448060191793277,0.0,0.0,0.0,0.0,1.0,0.0,0.0,0.0,0.0,0.0,0.0,0.0,1.0,0.0,0.0,1.0,0.0,0.0,0,0.6897916666666667,401641002,2024
7.0,1.0,0.0,1823.0,367.0,367.0,10.121779353119313,38.43508893585215,-78.87340330403673,516.3556955341405,0.9928149368920332,0.003058257630570327,8.0,0.007886999228564217,0.0,0.0,0.0,0.0,0.0,0.0,0.0,0.0,0.0,0.0,1.0,0.0,1.0,0.0,0.0,1.0,0.0,0.0,2,1.0,401643803,2024
7.0,1.0,0.0,1223.0,42.0,42.0,10.328787967145063,32.53223809915824,-92.6560188758494,685.785349871105,0.5289991830065359,0.013506263616557823,8.0,-0.07656545842648896,0.0,0.0,0.0,0.0,1.0,0.0,0.0,0.0,0.0,0.0,0.0,0.0,1.0,0.0,0.0,1.0,0.0,0.0,0,0.4925490196078431,401641009,2024
7.0,1.0,0.0,1410.0,229.0,229.0,10.003966171102347,36.98487662989466,-86.459013971646,1924.6767803317725,0.7354101659657215,-0.028736866699829666,8.0,-0.09231126994641864,0.0,0.0,0.0,0.0,1.0,0.0,0.0,0.0,0.0,0.0,0.0,0.0,1.0,0.0,0.0,1.0,0.0,0.0,0,0.5753629086962421,401641030,2024
7.0,1.0,0.0,1642.0,169.0,169.0,10.855203341628478,38.99120275144426,-76.94731173248788,969.5084211450095,0.7537180031659009,-0.057181189915447184,10.0,-0.06073716725633451,0.0,0.0,0.0,1.0,0.0,0.0,0.0,0.0,0.0,0.0,0.0,1.0,0.0,0.0,0.0,1.0,0.0,0.0,1,0.7600285703254701,401628513,2024
7.0,1.0,0.0,1162.0,-513.0,513.0,10.146982600098235,41.75153188612883,-111.81210567885644,730.0812425015952,0.7432065445627158,-0.05574002422667801,7.0,-0.041211480416039316,0.0,0.0,0.0,0.0,0.0,0.0,0.0,1.0,0.0,0.0,0.0,1.0,0.0,0.0,0.0,1.0,0.0,0.0,1,0.7954768157409948,401643733,2024
7.0,1.0,0.0,1511.0,-96.0,96.0,11.180343650832073,33.426364,-111.932616,815.4910554071294,0.6833547592061524,0.005806538314278353,11.0,0.01358242938609631,0.0,0.0,1.0,0.0,0.0,0.0,0.0,0.0,0.0,0.0,0.0,1.0,0.0,0.0,0.0,1.0,0.0,0.0,0,0.631885755724765,401636892,2024
7.0,1.0,0.0,2014.0,360.0,360.0,11.530981469769799,33.2074899449518,-87.5503921508789,610.7165969936182,0.9828719026526944,0.0,10.0,0.005935450580601298,0.0,0.0,0.0,0.0,0.0,0.0,0.0,0.0,0.0,1.0,0.0,0.0,0.0,1.0,0.0,0.0,1.0,0.0,2,0.9828719026526944,401628385,2024
7.0,0.0,0.0,1070.0,-622.0,622.0,9.741027444837728,42.377513236004525,-72.53562686052412,1709.065373961806,0.6414852941176471,0.06337745098039205,8.0,-0.009576193098627539,0.0,0.0,0.0,0.0,0.0,1.0,0.0,0.0,0.0,0.0,0.0,0.0,0.0,1.0,0.0,0.0,1.0,0.0,1,0.9471764705882352,401628389,2024
7.0,1.0,0.0,1600.0,-190.0,190.0,11.164587103533947,41.65838893680983,-91.55147552490234,2503.722040506125,0.981086633137352,0.0,10.0,0.03297638999021245,0.0,0.0,0.0,1.0,0.0,0.0,0.0,0.0,0.0,0.0,0.0,0.0,0.0,1.0,0.0,0.0,1.0,0.0,2,0.981086633137352,401628512,2024
7.0,1.0,0.0,1521.0,-123.0,123.0,10.867710938165587,40.51378289308872,-74.46504457087282,1269.530652642407,0.9247806543722965,-0.026990844888431287,9.0,0.029021359726989892,0.0,0.0,0.0,1.0,0.0,0.0,0.0,0.0,0.0,0.0,0.0,0.0,0.0,1.0,0.0,0.0,1.0,0.0,1,0.9553322911503412,401628517,2024
7.0,1.0,0.0,1390.0,-427.0,427.0,10.357774570341576,36.09183481061275,-80.25534152984619,282.34028609628274,0.9660095238095238,0.013598941798941944,10.0,-0.004439213791878416,1.0,0.0,0.0,0.0,0.0,0.0,0.0,0.0,0.0,0.0,0.0,0.0,0.0,1.0,0.0,0.0,1.0,0.0,2,1.0,401635576,2024
7.0,1.0,0.0,1497.0,-71.0,71.0,11.050588372585487,35.90698834747853,-79.04791831970215,542.357844258689,0.7733667253673605,-0.021678358690108368,11.0,0.04112622718204292,1.0,0.0,0.0,0.0,0.0,0.0,0.0,0.0,0.0,0.0,0.0,0.0,0.0,1.0,0.0,0.0,1.0,0.0,1,0.706287710384249,401635577,2024
7.0,1.0,0.0,922.0,-169.0,169.0,10.12667110305036,41.13908682549516,-81.31343945860863,360.965193956348,0.4307533333333333,-0.05009999999999998,6.0,-0.037855347269951455,0.0,0.0,0.0,0.0,0.0,0.0,1.0,0.0,0.0,0.0,0.0,0.0,0.0,1.0,0.0,0.0,1.0,0.0,0,0.29288,401644743,2024
7.0,1.0,0.0,1228.0,-346.0,346.0,10.275533751098848,42.99906838239644,-78.7775194644928,424.57937701060854,0.47588150139592594,0.016392077114856574,8.0,-0.008713228757048306,0.0,0.0,0.0,0.0,0.0,0.0,1.0,0.0,0.0,0.0,0.0,0.0,0.0,1.0,0.0,0.0,1.0,0.0,0,0.4824044393892393,401644745,2024
7.0,1.0,0.0,1606.0,478.0,478.0,10.545367754151743,41.38708043477422,-73.96408081054688,730.0812425015952,0.7385098684210526,-0.060606359649122865,8.0,-0.06321192579184898,0.0,1.0,0.0,0.0,0.0,0.0,0.0,0.0,0.0,0.0,0.0,0.0,0.0,1.0,0.0,0.0,1.0,0.0,1,0.7632105263157895,401645342,2024
7.0,1.0,0.0,1310.0,-127.0,127.0,10.315630315397533,42.2557607087688,-83.64775657653809,317.6496618634027,0.5559312913907285,-0.04076572847682125,8.0,0.01789701814830749,0.0,0.0,0.0,0.0,0.0,0.0,1.0,0.0,0.0,0.0,0.0,0.0,0.0,1.0,0.0,0.0,1.0,0.0,0,0.5597019867549669,401644685,2024
7.0,1.0,0.0,1551.0,337.0,337.0,11.013221103411352,40.09930573133053,-88.23598623275757,117.82763455768526,0.8285313993736607,-0.02182297675951872,9.0,0.0031938183362647927,0.0,0.0,0.0,1.0,0.0,0.0,0.0,0.0,0.0,0.0,0.0,0.0,0.0,1.0,1.0,0.0,0.0,0.0,1,0.9199769243448164,401628511,2024
7.0,1.0,0.0,1759.0,-142.0,142.0,11.446871128898794,34.01400974062912,-118.28789591789246,3616.7766180647836,0.7178024435494497,0.04592961352605396,9.0,0.12751495326007461,0.0,0.0,0.0,1.0,0.0,0.0,0.0,0.0,0.0,0.0,0.0,0.0,0.0,1.0,0.0,0.0,1.0,0.0,1,0.803892871259628,401628516,2024
7.0,0.0,0.0,1994.0,733.0,733.0,11.299682738333281,41.69842312158612,-86.23382449150085,3093.0771347815903,0.960727767807414,0.0,9.0,-0.007715956432180278,0.0,0.0,0.0,0.0,0.0,1.0,0.0,0.0,0.0,0.0,0.0,0.0,0.0,1.0,1.0,0.0,0.0,0.0,2,0.960727767807414,401628981,2024
7.0,1.0,0.0,1512.0,-37.0,37.0,11.133142723386813,40.44678376501633,-80.01575589179993,3618.067186579067,0.7275389863547759,0.04799707602339176,9.0,0.03540349757473526,1.0,0.0,0.0,0.0,0.0,0.0,0.0,0.0,0.0,0.0,0.0,0.0,0.0,1.0,1.0,0.0,0.0,0.0,1,0.7276754385964912,401635575,2024
7.0,1.0,0.0,1412.0,-295.0,295.0,11.026808713825016,38.03112372855688,-78.51370811462402,633.8839413244048,0.6887276422764228,-0.027090785907859072,8.0,-0.02612154513524284,1.0,0.0,0.0,0.0,0.0,0.0,0.0,0.0,0.0,0.0,0.0,0.0,0.0,1.0,1.0,0.0,0.0,0.0,0,0.5315121951219512,401635578,2024
7.0,1.0,0.0,1510.0,-19.0,19.0,10.721591972500457,28.607958859227068,-81.1929988861084,1209.436886774248,0.9743078691956746,0.006327422672324889,9.0,0.06487985916236043,0.0,0.0,1.0,0.0,0.0,0.0,0.0,0.0,0.0,0.0,0.0,0.0,0.0,1.0,1.0,0.0,0.0,0.0,1,0.94016283123359,401636895,2024
7.0,1.0,0.0,1286.0,-57.0,57.0,10.281307359823968,41.31193599299248,-105.56906461715698,730.0812425015952,0.804612590384154,0.025276721154175785,10.0,0.05147811458819194,0.0,0.0,0.0,0.0,0.0,0.0,0.0,1.0,0.0,0.0,0.0,0.0,0.0,1.0,0.0,0.0,1.0,0.0,1,0.7934957677941126,401643732,2024
7.0,1.0,0.0,1217.0,162.0,162.0,10.315630315397533,42.285755487470176,-85.60100421309471,365.6314811057614,0.6207152317880794,-0.04217218543046353,5.0,-0.10433726994673047,0.0,0.0,0.0,0.0,0.0,0.0,1.0,0.0,0.0,0.0,0.0,0.0,0.0,1.0,1.0,0.0,0.0,0.0,0,0.6459271523178808,401644742,2024
7.0,1.0,0.0,1424.0,-28.0,28.0,10.074284623478128,41.37805439803228,-83.62248212099075,432.7036019933372,0.5975564226702315,0.1403180223362318,7.0,-0.03977970545145834,0.0,0.0,0.0,0.0,0.0,0.0,1.0,0.0,0.0,0.0,0.0,0.0,0.0,1.0,1.0,0.0,0.0,0.0,0,0.4029253077052773,401644744,2024
7.0,1.0,0.0,1603.0,-75.0,75.0,11.062347921549595,40.25748799746312,-111.65443897247314,895.0293294429182,0.9788014907806983,0.02107296979207518,8.0,0.03420972180578615,0.0,0.0,1.0,0.0,0.0,0.0,0.0,0.0,0.0,0.0,0.0,0.0,0.0,1.0,1.0,0.0,0.0,0.0,2,1.0,401636893,2024
7.0,1.0,0.0,1180.0,-234.0,234.0,10.400802314274172,43.577612282574535,-84.77082967758179,522.8162810770996,0.5507298160255436,0.08925802037403063,8.0,0.0017490608465500887,0.0,0.0,0.0,0.0,0.0,0.0,1.0,0.0,0.0,0.0,0.0,0.0,0.0,1.0,1.0,0.0,0.0,0.0,0,0.6822867568800365,401644746,2024
7.0,1.0,0.0,2033.0,662.0,662.0,11.437630634933093,33.949821489498824,-83.37344169616699,504.31419077332055,1.0,0.0,9.0,0.010593024913203816,0.0,0.0,0.0,0.0,0.0,0.0,0.0,0.0,0.0,1.0,0.0,0.0,0.0,1.0,1.0,0.0,0.0,0.0,2,1.0,401628386,2024
7.0,1.0,0.0,1247.0,127.0,127.0,10.323118516117193,32.53106869451547,-92.06644075067642,290.65547157315257,0.471887176228715,0.004093586471080157,9.0,-0.01658290007926875,0.0,0.0,0.0,0.0,0.0,0.0,0.0,0.0,0.0,0.0,1.0,0.0,0.0,1.0,1.0,0.0,0.0,0.0,1,0.7442403128800079,401643807,2024
7.0,1.0,0.0,1947.0,410.0,410.0,11.537188717105908,35.95473437262258,-83.92533302307129,716.3545109515745,0.994729393392221,0.0,9.0,0.00886497387918781,0.0,0.0,0.0,0.0,0.0,0.0,0.0,0.0,0.0,1.0,0.0,0.0,0.0,1.0,0.0,1.0,0.0,0.0,2,0.994729393392221,401628391,2024
7.0,1.0,0.0,1228.0,-125.0,125.0,10.577069577601234,35.06761048267165,-106.6281028358157,464.7141720923709,0.4181846573526412,-0.015140602692229221,8.0,0.030496898829141816,0.0,0.0,0.0,0.0,0.0,0.0,0.0,1.0,0.0,0.0,0.0,0.0,0.0,1.0,1.0,0.0,0.0,0.0,0,0.3967213950642463,401643727,2024
7.0,0.0,0.0,1518.0,-32.0,32.0,10.622107529069105,36.81431969524593,-119.75810156690552,1123.4558618093124,0.9740988520874461,-0.009957917996961663,8.0,0.004075101148376929,0.0,0.0,0.0,0.0,0.0,0.0,0.0,1.0,0.0,0.0,0.0,0.0,0.0,1.0,1.0,0.0,0.0,0.0,2,1.0,401643730,2024
7.0,1.0,0.0,1584.0,267.0,267.0,10.308985993422082,29.89134454879716,-97.92531180559462,947.1880161734174,0.7404666666666667,0.0686888888888888,9.0,-0.03948528457068295,0.0,0.0,0.0,0.0,0.0,0.0,0.0,0.0,0.0,0.0,1.0,0.0,0.0,1.0,1.0,0.0,0.0,0.0,1,0.9333333333333332,401643808,2024
7.0,1.0,0.0,1275.0,-189.0,189.0,10.308985993422082,26.3754535636523,-80.10168313980103,1809.621563563386,0.66775,0.07940555555555562,8.0,-0.003299821716848656,0.0,1.0,0.0,0.0,0.0,0.0,0.0,0.0,0.0,0.0,0.0,0.0,0.0,1.0,0.0,1.0,0.0,0.0,0,0.4858666666666666,401645343,2024
7.0,1.0,0.0,1219.0,-155.0,155.0,10.757924157061597,29.71623402909437,-95.40926456451416,298.7316686233633,0.4176744680851064,-0.045241843971631224,10.0,0.034011060272961496,0.0,1.0,0.0,0.0,0.0,0.0,0.0,0.0,0.0,0.0,0.0,0.0,0.0,1.0,0.0,1.0,0.0,0.0,0,0.3970212765957446,401645344,2024
7.0,1.0,0.0,1874.0,-32.0,32.0,11.535879982582413,30.4120123982997,-91.183819770813,465.72644457050313,0.9850284887755201,0.0010838439811966527,10.0,9.397336066398396e-05,0.0,0.0,0.0,0.0,0.0,0.0,0.0,0.0,0.0,1.0,0.0,0.0,0.0,1.0,0.0,1.0,0.0,0.0,2,0.9989347250320072,401628388,2024
7.0,1.0,0.0,1971.0,-109.0,109.0,10.896757843893464,44.058272724266615,-123.0685043334961,3305.428923309555,0.9824111111111111,0.017588888888888876,10.0,0.018687688534164065,0.0,0.0,0.0,1.0,0.0,0.0,0.0,0.0,0.0,0.0,0.0,0.0,0.0,1.0,1.0,0.0,0.0,0.0,2,1.0,401628515,2024
7.0,0.0,0.0,1235.0,-374.0,374.0,10.308985993422082,39.54692485017159,-119.8175597190857,626.3084744193677,0.5750166666666666,0.012838888888888955,8.0,0.011133036178038203,0.0,0.0,0.0,0.0,0.0,0.0,0.0,1.0,0.0,0.0,0.0,0.0,0.0,1.0,1.0,0.0,0.0,0.0,1,0.7180333333333333,401643731,2024
7.0,1.0,0.0,1523.0,189.0,189.0,10.515993929932415,30.21579609675613,-92.01626413552384,1168.5223012903427,0.49331639566395663,0.044470415537488706,8.0,0.031209208168667582,0.0,0.0,0.0,0.0,0.0,0.0,0.0,0.0,0.0,0.0,1.0,0.0,0.0,1.0,0.0,1.0,0.0,0.0,0,0.3809756097560975,401643806,2024
7.0,1.0,0.0,1686.0,327.0,327.0,11.036404644896228,38.02262168129363,-84.50520515441895,292.23383601558754,0.9853167462881923,0.006716708905361357,11.0,-0.00860840863059333,0.0,0.0,0.0,0.0,0.0,0.0,0.0,0.0,0.0,1.0,0.0,0.0,0.0,1.0,0.0,1.0,0.0,0.0,2,1.0,401628387,2024
7.0,1.0,0.0,1473.0,69.0,69.0,10.961000030318813,35.80075968207897,-78.71948719024658,834.4511563491114,0.9884688189222514,0.0,10.0,0.0038755746900118737,1.0,0.0,0.0,0.0,0.0,0.0,0.0,0.0,0.0,0.0,0.0,0.0,0.0,1.0,0.0,1.0,0.0,0.0,2,0.9884688189222514,401635574,2024
7.0,1.0,0.0,1610.0,-150.0,150.0,11.002116507732017,39.65221992482815,-79.9551753012939,1179.1591188024497,0.8672833333333334,0.035499999999999976,9.0,-0.012806905113246114,0.0,0.0,1.0,0.0,0.0,0.0,0.0,0.0,0.0,0.0,0.0,0.0,0.0,1.0,0.0,1.0,0.0,0.0,1,0.9200333333333334,401636896,2024
7.0,1.0,0.0,1370.0,-24.0,24.0,10.098272780745283,32.41221167634779,-81.78317070007324,671.0711880355777,0.8870679012345679,0.015305212620027375,8.0,0.039013656275947106,0.0,0.0,0.0,0.0,0.0,0.0,0.0,0.0,0.0,0.0,1.0,0.0,0.0,1.0,0.0,1.0,0.0,0.0,2,0.9896296296296296,401643804,2024
7.0,1.0,0.0,1453.0,-80.0,80.0,11.435428680349185,34.16156958726264,-118.1676149368286,2438.4824829805157,0.5113421473493116,-0.03119619560127651,8.0,0.006661657515235601,0.0,0.0,0.0,1.0,0.0,0.0,0.0,0.0,0.0,0.0,0.0,0.0,0.0,1.0,0.0,1.0,0.0,0.0,0,0.4539776533898122,401628514,2024
7.0,1.0,0.0,1479.0,-275.0,275.0,10.823451529776579,40.00939837446321,-105.26688694953918,748.1265504356244,0.9981442918916764,-0.00309284684720601,8.0,0.03037805431409319,0.0,0.0,1.0,0.0,0.0,0.0,0.0,0.0,0.0,0.0,0.0,0.0,0.0,1.0,0.0,1.0,0.0,0.0,2,1.0,401636894,2024
8.0,1.0,0.0,1116.0,-165.0,165.0,10.34177474101152,35.85110908054087,-86.36844992637634,258.5132458095703,0.43995698924731186,0.027096774193548334,9.0,-0.12864328300191183,0.0,0.0,0.0,0.0,1.0,0.0,0.0,0.0,0.0,0.0,0.0,0.0,1.0,0.0,0.0,1.0,0.0,0.0,0,0.3290322580645161,401641019,2024
8.0,1.0,0.0,1161.0,-127.0,127.0,10.320354083368734,32.27974938226407,-106.74113631248474,1321.6288641311937,0.5014130112381768,0.029868228806204655,8.0,-0.08888894533229934,0.0,0.0,0.0,0.0,1.0,0.0,0.0,0.0,0.0,0.0,0.0,0.0,1.0,0.0,0.0,1.0,0.0,0.0,0,0.3187226048841578,401641010,2024
8.0,1.0,0.0,1464.0,10.0,10.0,9.546884034617925,30.71394673763343,-95.54191589355467,1089.8049251143877,0.6538571428571428,-0.023095238095238058,6.0,-0.06907981541052724,0.0,0.0,0.0,0.0,1.0,0.0,0.0,0.0,0.0,0.0,0.0,0.0,1.0,0.0,0.0,1.0,0.0,0.0,0,0.6367142857142857,401641038,2024
8.0,1.0,0.0,1137.0,-128.0,128.0,10.849356503939038,31.77334530512776,-106.50789678096773,2626.364378677529,0.4005388349514563,0.028606796116504962,8.0,-0.15561030393357342,0.0,0.0,0.0,0.0,1.0,0.0,0.0,0.0,0.0,0.0,0.0,0.0,1.0,0.0,0.0,1.0,0.0,0.0,0,0.2208349514563106,401640983,2024
8.0,1.0,0.0,1393.0,78.0,78.0,10.54586761604242,38.42486536179161,-82.42185831069946,730.0812425015952,0.6165426058900374,0.012774314597087444,9.0,-0.0021522391291259957,0.0,0.0,0.0,0.0,0.0,0.0,0.0,0.0,0.0,0.0,1.0,0.0,1.0,0.0,0.0,1.0,0.0,0.0,0,0.5445435177148268,401643810,2024
8.0,1.0,0.0,1644.0,196.0,196.0,11.100949205246406,37.2199742830054,-80.41805505752563,973.0064135342406,0.9807422281944046,0.010183745262935417,8.0,0.0030057278849912467,1.0,0.0,0.0,0.0,0.0,0.0,0.0,0.0,0.0,0.0,0.0,0.0,1.0,0.0,0.0,1.0,0.0,0.0,2,0.99092597345734,401634768,2024
8.0,1.0,0.0,1598.0,66.0,66.0,10.43240846457121,35.9953166502013,-78.94172430038452,793.9157849264235,0.7116201644029345,0.0011952112980367913,10.0,0.0895990540853988,1.0,0.0,0.0,0.0,0.0,0.0,0.0,0.0,0.0,0.0,0.0,1.0,0.0,0.0,0.0,1.0,0.0,0.0,1,0.9055419698889248,401634769,2024
8.0,1.0,0.0,1224.0,-751.0,751.0,10.94024216782542,40.434323,-86.918485,2978.526703620809,0.9957925531914894,0.004207446808510595,10.0,0.006752627612816957,0.0,0.0,0.0,1.0,0.0,0.0,0.0,0.0,0.0,0.0,0.0,1.0,0.0,0.0,0.0,1.0,0.0,0.0,2,1.0,401628523,2024
8.0,1.0,0.0,1665.0,176.0,176.0,11.062347921549595,40.25748799746312,-111.65443897247314,1353.1591389632297,0.9811568806939541,0.018775118782964895,9.0,0.025667598530314084,0.0,0.0,1.0,0.0,0.0,0.0,0.0,0.0,0.0,0.0,0.0,1.0,0.0,0.0,0.0,1.0,0.0,0.0,2,0.9861278932914868,401636898,2024
8.0,1.0,0.0,1257.0,-248.0,248.0,10.308985993422082,39.54692485017159,-119.8175597190857,303.8962470385804,0.5909074074074074,0.01114814814814824,9.0,-0.016780228256172054,0.0,0.0,0.0,0.0,0.0,0.0,0.0,1.0,0.0,0.0,0.0,1.0,0.0,0.0,0.0,1.0,0.0,0.0,0,0.6106333333333334,401643735,2024
8.0,1.0,0.0,1737.0,187.0,187.0,11.172812609330474,38.93589529672232,-92.33311414718628,936.0159340539532,0.8579800931981687,0.021923796190320477,11.0,0.03937065120342009,0.0,0.0,0.0,0.0,0.0,0.0,0.0,0.0,0.0,1.0,0.0,0.0,0.0,1.0,0.0,0.0,1.0,0.0,1,0.8799038893884892,401628395,2024
8.0,1.0,0.0,1648.0,51.0,51.0,10.87729219061089,39.18090913372923,-86.52557373046875,885.5440789034241,0.8362632728462899,-0.01478502237580026,9.0,-0.05423360318850548,0.0,0.0,0.0,1.0,0.0,0.0,0.0,0.0,0.0,0.0,0.0,0.0,0.0,1.0,0.0,0.0,1.0,0.0,2,1.0,401628519,2024
8.0,1.0,0.0,1436.0,-16.0,16.0,10.867710938165587,40.51378289308872,-74.46504457087282,3887.2130471573255,0.9278358180501011,-0.015379189384984948,10.0,0.012350393554190283,0.0,0.0,0.0,1.0,0.0,0.0,0.0,0.0,0.0,0.0,0.0,0.0,0.0,1.0,0.0,0.0,1.0,0.0,2,1.0,401628524,2024
8.0,0.0,0.0,1434.0,91.0,91.0,10.596659732783579,41.75988427820291,-72.61894226074219,912.3014063449024,0.6242775,-0.045844166666666686,10.0,-0.04172455845095208,0.0,0.0,0.0,0.0,0.0,1.0,0.0,0.0,0.0,0.0,0.0,0.0,0.0,1.0,0.0,0.0,1.0,0.0,1,0.75305,401629034,2024
8.0,1.0,0.0,1864.0,440.0,440.0,11.308370569092329,34.67874665741346,-82.84317970275879,537.7163713869153,0.9970932515337424,-0.002021676891615698,10.0,0.05916046334286613,1.0,0.0,0.0,0.0,0.0,0.0,0.0,0.0,0.0,0.0,0.0,0.0,0.0,1.0,0.0,0.0,1.0,0.0,2,0.9828220858895704,401635588,2024
8.0,1.0,0.0,1695.0,-127.0,127.0,10.915106645867503,38.20542168521144,-85.75810561566809,1456.9644679733387,0.9042677685950413,0.002132231404958662,11.0,0.06525019001935815,1.0,0.0,0.0,0.0,0.0,0.0,0.0,0.0,0.0,0.0,0.0,0.0,0.0,1.0,0.0,0.0,1.0,0.0,2,1.0,401635589,2024
8.0,1.0,0.0,1538.0,9.0,9.0,10.596659732783579,39.13128425273405,-84.51626143741578,2527.4914143510514,0.95251,-0.005401666666666638,10.0,0.02934535875094546,0.0,0.0,1.0,0.0,0.0,0.0,0.0,0.0,0.0,0.0,0.0,0.0,0.0,1.0,0.0,0.0,1.0,0.0,1,0.950175,401636899,2024
8.0,1.0,0.0,1413.0,-114.0,114.0,10.008658050141667,33.792838175224496,-79.01702282805255,1287.5550517262827,0.8135511845283641,0.08591018889439017,9.0,-0.014861071157202366,0.0,0.0,0.0,0.0,0.0,0.0,0.0,0.0,0.0,0.0,1.0,0.0,0.0,1.0,0.0,0.0,1.0,0.0,1,0.8017284061754513,401643811,2024
8.0,1.0,0.0,1643.0,345.0,345.0,10.545367754151743,41.38708043477422,-73.96408081054688,708.5133704416902,0.7412543859649123,-0.04462280701754395,9.0,0.02388755873422585,0.0,1.0,0.0,0.0,0.0,0.0,0.0,0.0,0.0,0.0,0.0,0.0,0.0,1.0,0.0,0.0,1.0,0.0,0,0.606421052631579,401645346,2024
8.0,1.0,0.0,1780.0,122.0,122.0,11.31585162638907,35.20589959488508,-97.44255065917967,1507.8193697465026,1.0,0.0,10.0,0.004946208817167748,0.0,0.0,0.0,0.0,0.0,0.0,0.0,0.0,0.0,1.0,0.0,0.0,0.0,1.0,0.0,0.0,1.0,0.0,2,1.0,401628396,2024
8.0,1.0,0.0,1261.0,72.0,72.0,10.315630315397533,42.2557607087688,-83.64775657653809,173.10880230602314,0.5563502575423106,-0.005434142752023585,9.0,-0.02663557382801582,0.0,0.0,0.0,0.0,0.0,0.0,1.0,0.0,0.0,0.0,0.0,0.0,0.0,1.0,0.0,0.0,1.0,0.0,0,0.5951655629139073,401644750,2024
8.0,1.0,0.0,1113.0,53.0,53.0,11.13507066006998,39.900748900488125,-75.16749143600464,1862.4358235437876,0.19363946769392398,-0.005970446895854048,10.0,-0.05100039358982737,0.0,1.0,0.0,0.0,0.0,0.0,0.0,0.0,0.0,0.0,0.0,0.0,0.0,1.0,1.0,0.0,0.0,0.0,0,0.2731716570361291,401645351,2024
8.0,1.0,0.0,1936.0,-74.0,74.0,11.537188717105908,35.95473437262258,-83.92533302307129,450.9920084006845,0.994729393392221,0.0,10.0,0.10711312014873463,0.0,0.0,0.0,0.0,0.0,0.0,0.0,0.0,0.0,1.0,0.0,0.0,0.0,1.0,1.0,0.0,0.0,0.0,2,0.994729393392221,401628397,2024
8.0,1.0,0.0,1541.0,-337.0,337.0,11.013221103411352,40.09930573133053,-88.23598623275757,446.0611993776931,0.8376759518707763,0.043231690566452485,10.0,0.05916399223284774,0.0,0.0,0.0,1.0,0.0,0.0,0.0,0.0,0.0,0.0,0.0,0.0,0.0,1.0,1.0,0.0,0.0,0.0,2,1.0,401628518,2024
8.0,1.0,0.0,1548.0,94.0,94.0,11.046403766760761,37.87068660370429,-122.2507095336914,3845.7412913548915,0.6236214529819135,0.013632667378860597,9.0,-0.007884883553477117,1.0,0.0,0.0,0.0,0.0,0.0,0.0,0.0,0.0,0.0,0.0,0.0,0.0,1.0,0.0,0.0,1.0,0.0,0,0.5628936333051645,401635587,2024
8.0,0.0,0.0,1563.0,351.0,351.0,10.38124231399123,46.731967978653024,-117.16058578781136,730.0812425015952,0.8226832327241654,-0.07567049808429105,9.0,0.017447303928167558,0.0,0.0,0.0,0.0,0.0,0.0,0.0,0.0,1.0,0.0,0.0,0.0,0.0,1.0,0.0,0.0,1.0,0.0,1,0.778714959067229,401643736,2024
8.0,1.0,0.0,1379.0,-260.0,260.0,9.909419921189237,36.88878131523489,-76.30567610263824,2146.6457451866345,0.9153494383139478,0.011730788348742305,8.0,-0.10590341597380512,0.0,0.0,0.0,0.0,0.0,0.0,0.0,0.0,0.0,0.0,1.0,0.0,0.0,1.0,1.0,0.0,0.0,0.0,1,0.9508400437419228,401643813,2024
8.0,1.0,0.0,1486.0,81.0,81.0,10.097696506752222,39.51942113142349,-84.73335450140017,226.9701998118052,0.5929459653415842,-0.02486833488233464,7.0,0.017975045847542937,0.0,0.0,0.0,0.0,0.0,0.0,1.0,0.0,0.0,0.0,0.0,0.0,0.0,1.0,1.0,0.0,0.0,0.0,0,0.7008564605122293,401644686,2024
8.0,1.0,0.0,1406.0,478.0,478.0,10.074284623478128,41.37805439803228,-83.62248212099075,194.8268323477692,0.5732275332996122,0.00965618501657961,8.0,-0.01093055156920596,0.0,0.0,0.0,0.0,0.0,0.0,1.0,0.0,0.0,0.0,0.0,0.0,0.0,1.0,1.0,0.0,0.0,0.0,1,0.8791940650817738,401644748,2024
8.0,1.0,0.0,1294.0,71.0,71.0,10.275533751098848,42.99906838239644,-78.7775194644928,563.5689043504927,0.4766062722840718,0.047296805646511064,9.0,-0.07047341151760389,0.0,0.0,0.0,0.0,0.0,0.0,1.0,0.0,0.0,0.0,0.0,0.0,0.0,1.0,1.0,0.0,0.0,0.0,0,0.6371971185330714,401644749,2024
8.0,1.0,0.0,1470.0,-38.0,38.0,10.146472946063877,41.934014,-88.778222,429.14385574938524,0.4301394335511982,0.11864488017429198,9.0,-0.006808707913253095,0.0,0.0,0.0,0.0,0.0,0.0,1.0,0.0,0.0,0.0,0.0,0.0,0.0,1.0,1.0,0.0,0.0,0.0,1,0.7196078431372549,401644751,2024
8.0,1.0,0.0,1325.0,234.0,234.0,11.095256188023157,27.975994470037183,-82.50334918498993,730.0812425015952,0.6316893673666681,-0.030219516022088277,6.0,-0.05344386093778389,0.0,1.0,0.0,0.0,0.0,0.0,0.0,0.0,0.0,0.0,0.0,0.0,0.0,1.0,1.0,0.0,0.0,0.0,0,0.4275020119349499,401645345,2024
8.0,1.0,0.0,1555.0,302.0,302.0,10.434145214930487,38.98483263543365,-76.5071153640747,554.5950064058679,0.8788627450980392,-0.007098039215686303,9.0,-0.026298601512864537,0.0,1.0,0.0,0.0,0.0,0.0,0.0,0.0,0.0,0.0,0.0,0.0,0.0,1.0,1.0,0.0,0.0,0.0,2,1.0,401645347,2024
8.0,1.0,0.0,1371.0,91.0,91.0,11.082157933374816,29.41693712868156,-98.47890257835388,1835.3272323404308,0.42334999999999995,-0.06960641025641029,8.0,-0.05967476595818894,0.0,1.0,0.0,0.0,0.0,0.0,0.0,0.0,0.0,0.0,0.0,0.0,0.0,1.0,1.0,0.0,0.0,0.0,0,0.3200307692307692,401645348,2024
8.0,1.0,0.0,1751.0,529.0,529.0,10.308985993422082,29.945898112528432,-90.11519112306328,511.26488618647903,0.8070060606060605,-0.07411717171717169,11.0,-0.14933256252881852,0.0,1.0,0.0,0.0,0.0,0.0,0.0,0.0,0.0,0.0,0.0,0.0,0.0,1.0,1.0,0.0,0.0,0.0,1,0.7632333333333333,401645350,2024
8.0,1.0,0.0,1546.0,-217.0,217.0,10.855203341628478,38.99120275144426,-76.94731173248788,3704.2898754157814,0.7542916910894981,-0.032337583783473844,11.0,0.04424474274279982,0.0,0.0,0.0,1.0,0.0,0.0,0.0,0.0,0.0,0.0,0.0,0.0,0.0,1.0,1.0,0.0,0.0,0.0,1,0.8303347361105748,401628521,2024
8.0,1.0,0.0,1616.0,126.0,126.0,10.855377061650147,32.228340232071496,-110.94903945922852,1003.9795622418405,0.9053997542349437,-0.015839622216646254,9.0,0.07707390133244552,0.0,0.0,1.0,0.0,0.0,0.0,0.0,0.0,0.0,0.0,0.0,0.0,0.0,1.0,1.0,0.0,0.0,0.0,2,0.9790198992491942,401636897,2024
8.0,1.0,0.0,1644.0,187.0,187.0,11.01638071569648,33.59102829801104,-101.87293767929076,499.70715450005105,0.9198094779081273,0.048988787019084934,9.0,-0.0005991503503844443,0.0,0.0,1.0,0.0,0.0,0.0,0.0,0.0,0.0,0.0,0.0,0.0,0.0,1.0,1.0,0.0,0.0,0.0,2,0.989599421642404,401636902,2024
8.0,1.0,0.0,1172.0,-99.0,99.0,10.146982600098235,41.75153188612883,-111.81210567885644,869.2948696121604,0.7497403284600008,-0.029153438116515717,8.0,-0.021771305383635385,0.0,0.0,0.0,0.0,0.0,0.0,0.0,1.0,0.0,0.0,0.0,0.0,0.0,1.0,1.0,0.0,0.0,0.0,0,0.5716301493356328,401643737,2024
8.0,1.0,0.0,1563.0,278.0,278.0,10.324071131775993,37.320105186690846,-121.86811613079064,1468.1108882120525,0.5210540524764323,-0.06137451478271022,9.0,0.02144621167887222,0.0,0.0,0.0,0.0,0.0,0.0,0.0,1.0,0.0,0.0,0.0,0.0,0.0,1.0,0.0,0.0,1.0,0.0,0,0.5614985552928815,401643738,2024
8.0,1.0,0.0,1371.0,-495.0,495.0,10.098272780745283,32.41221167634779,-81.78317070007324,719.6286898837187,0.8984636488340192,0.05899862825788749,9.0,0.03018070866935202,0.0,0.0,0.0,0.0,0.0,0.0,0.0,0.0,0.0,0.0,1.0,0.0,0.0,1.0,1.0,0.0,0.0,0.0,1,0.8293415637860082,401643812,2024
8.0,1.0,0.0,1395.0,-386.0,386.0,11.024154831985069,33.456230599072065,-88.79342436790466,778.3800682178428,0.8601235795686127,-0.0678285537277662,10.0,0.0007125653875206695,0.0,0.0,0.0,0.0,0.0,0.0,0.0,0.0,0.0,1.0,0.0,0.0,0.0,1.0,1.0,0.0,0.0,0.0,1,0.8172391867877464,401628394,2024
8.0,1.0,0.0,1513.0,-362.0,362.0,11.184435286790631,36.067850785167344,-94.17879581451416,687.71309878156,0.9597118055555556,-0.015975694444444355,8.0,0.05102760335028513,0.0,0.0,0.0,0.0,0.0,0.0,0.0,0.0,0.0,1.0,0.0,0.0,0.0,1.0,0.0,1.0,0.0,0.0,2,1.0,401628392,2024
8.0,0.0,0.0,1400.0,315.0,315.0,10.605371456538457,36.14355849696379,-86.80877208709717,468.8585091929926,0.6383736059479554,0.03501755472945067,8.0,-0.04896845683254944,0.0,0.0,0.0,0.0,0.0,0.0,0.0,0.0,0.0,1.0,0.0,0.0,0.0,1.0,0.0,1.0,0.0,0.0,0,0.6910532837670385,401628399,2024
8.0,1.0,0.0,1095.0,-167.0,167.0,10.491301994830229,31.32897842661232,-89.33133065700531,517.6033900624208,0.645891975308642,-0.001243827160493871,9.0,-0.006292148679633022,0.0,0.0,0.0,0.0,0.0,0.0,0.0,0.0,0.0,0.0,1.0,0.0,0.0,1.0,0.0,1.0,0.0,0.0,0,0.6817222222222222,401643814,2024
8.0,1.0,0.0,2138.0,129.0,129.0,11.514124745545711,30.28360340206824,-97.73233652114868,1410.9648243885101,0.9969536251860287,0.0030463748139712976,10.0,0.07515060335061158,0.0,0.0,0.0,0.0,0.0,0.0,0.0,0.0,0.0,1.0,0.0,0.0,0.0,1.0,0.0,1.0,0.0,0.0,2,1.0,401628398,2024
8.0,1.0,0.0,1410.0,-273.0,273.0,11.225323389318618,42.7281691163326,-84.48487535119057,594.0008219431351,0.9322235660479777,0.007496008202627746,7.0,0.025849513740922574,0.0,0.0,0.0,1.0,0.0,0.0,0.0,0.0,0.0,0.0,0.0,0.0,0.0,1.0,0.0,1.0,0.0,0.0,1,0.9290313979068062,401628520,2024
8.0,1.0,0.0,1773.0,272.0,272.0,11.026808713825016,42.01400541108485,-93.6358094215393,1865.6268315179575,0.9672646793134597,-0.029183378500451607,9.0,0.00422678352725024,0.0,0.0,1.0,0.0,0.0,0.0,0.0,0.0,0.0,0.0,0.0,0.0,0.0,1.0,0.0,1.0,0.0,0.0,2,1.0,401636900,2024
8.0,1.0,0.0,1597.0,-146.0,146.0,11.002116507732017,39.65221992482815,-79.9551753012939,1427.9354273170413,0.8725583333333333,0.003569444444444625,10.0,0.02681276103837199,0.0,0.0,1.0,0.0,0.0,0.0,0.0,0.0,0.0,0.0,0.0,0.0,0.0,1.0,0.0,1.0,0.0,0.0,1,0.90545,401636904,2024
8.0,1.0,0.0,1609.0,150.0,150.0,11.041016020812398,35.120856917268995,-89.97805741128388,694.057001793529,0.4507374158384097,-0.053382494389227264,9.0,-0.025622760668909242,0.0,1.0,0.0,0.0,0.0,0.0,0.0,0.0,0.0,0.0,0.0,0.0,0.0,1.0,0.0,1.0,0.0,0.0,0,0.3865020840012824,401645349,2024
8.0,1.0,0.0,1229.0,-536.0,536.0,10.819798284210286,37.43472641329173,-122.1610164642334,2355.9898860367907,0.65394,-0.021026666666666638,9.0,-0.0014064490838836203,1.0,0.0,0.0,0.0,0.0,0.0,0.0,0.0,0.0,0.0,0.0,0.0,0.0,1.0,1.0,0.0,0.0,0.0,0,0.38234,401635590,2024
8.0,1.0,0.0,1310.0,33.0,33.0,10.7513495394883,38.99690743122685,-104.84368801116943,730.0812425015952,0.5859488777520775,0.08209561238184981,8.0,0.09635776913281445,0.0,0.0,0.0,0.0,0.0,0.0,0.0,1.0,0.0,0.0,0.0,0.0,0.0,1.0,0.0,1.0,0.0,0.0,0,0.5910648505097232,401643734,2024
8.0,0.0,0.0,1587.0,-78.0,78.0,10.729306381246207,44.5594768421455,-123.2814073562622,730.0812425015952,0.8128453824933223,0.051490271635211804,10.0,-0.029526261466749526,0.0,0.0,0.0,0.0,0.0,0.0,0.0,0.0,1.0,0.0,0.0,0.0,0.0,1.0,0.0,1.0,0.0,0.0,1,0.7705696895389061,401643739,2024
8.0,1.0,0.0,1589.0,81.0,81.0,10.903825271935897,40.75994782004573,-111.84882402420044,1567.143458188448,0.9661658974311825,0.0018755861206627422,10.0,0.028282006550169752,0.0,0.0,1.0,0.0,0.0,0.0,0.0,0.0,0.0,0.0,0.0,0.0,0.0,1.0,0.0,1.0,0.0,0.0,2,0.9800673004431532,401636903,2024
9.0,1.0,0.0,1285.0,124.0,124.0,10.328787967145063,32.53223809915824,-92.6560188758494,1305.8375876212529,0.5249491648511255,0.017469135802469227,9.0,-0.10198783956399875,0.0,0.0,0.0,0.0,1.0,0.0,0.0,0.0,0.0,0.0,0.0,0.0,1.0,0.0,0.0,1.0,0.0,0.0,0,0.4956862745098039,401641011,2024
9.0,1.0,0.0,1255.0,-326.0,326.0,9.309370895439137,34.0234337,-84.6154897,615.1139714039948,0.9542119565217391,0.0,2.0,-0.02041667627222668,0.0,0.0,0.0,0.0,1.0,0.0,0.0,0.0,0.0,0.0,0.0,0.0,1.0,0.0,0.0,1.0,0.0,0.0,1,0.7435688405797102,401640993,2024
9.0,1.0,0.0,1637.0,495.0,495.0,10.085850775128717,33.82031030570401,-85.76646566390991,232.40057995289828,0.8218425925925925,-0.02573148148148141,9.0,-0.07083470199394666,0.0,0.0,0.0,0.0,1.0,0.0,0.0,0.0,0.0,0.0,0.0,0.0,1.0,0.0,0.0,1.0,0.0,0.0,1,0.7495,401641003,2024
9.0,1.0,0.0,1416.0,-33.0,33.0,9.909419921189237,36.88878131523489,-76.30567610263824,706.0081607649204,0.9192928389170559,0.06432050899691832,9.0,-0.08551167095453985,0.0,0.0,0.0,0.0,0.0,0.0,0.0,0.0,0.0,0.0,1.0,0.0,1.0,0.0,0.0,1.0,0.0,0.0,1,0.908688736454916,401643815,2024
9.0,1.0,0.0,1513.0,90.0,90.0,11.133142723386813,40.44678376501633,-80.01575589179993,431.7558806235529,0.7275526315789473,0.07311500974658869,10.0,0.003229645575009895,1.0,0.0,0.0,0.0,0.0,0.0,0.0,0.0,0.0,0.0,0.0,0.0,1.0,0.0,0.0,1.0,0.0,0.0,0,0.6910233918128655,401634770,2024
9.0,1.0,0.0,1418.0,-273.0,273.0,10.703266939811954,42.33510834895851,-71.16647243499756,1318.297967461565,0.8516292134831461,0.07978651685393257,10.0,-0.052340325539088586,1.0,0.0,0.0,0.0,0.0,0.0,0.0,0.0,0.0,0.0,0.0,1.0,0.0,0.0,0.0,1.0,0.0,0.0,2,0.963752808988764,401634771,2024
9.0,1.0,0.0,1756.0,324.0,324.0,11.446871128898794,34.01400974062912,-118.28789591789246,3903.941355876474,0.7264114863204675,0.04802489842283875,10.0,-0.0015163062839513113,0.0,0.0,0.0,1.0,0.0,0.0,0.0,0.0,0.0,0.0,0.0,1.0,0.0,0.0,0.0,1.0,0.0,0.0,0,0.6773425064364844,401628532,2024
9.0,1.0,0.0,1905.0,211.0,211.0,11.01173659154304,34.362154302992906,-89.53414626020904,728.1046403349441,0.9992027071640806,0.0007972928359194498,10.0,0.08017175252915917,0.0,0.0,0.0,0.0,0.0,0.0,0.0,0.0,0.0,1.0,0.0,0.0,0.0,1.0,0.0,0.0,1.0,0.0,2,1.0,401628402,2024
9.0,1.0,0.0,1791.0,84.0,84.0,10.87729219061089,39.18090913372923,-86.52557373046875,3008.586553182608,0.8526369455616608,0.05618560269894335,10.0,0.02748032499184371,0.0,0.0,0.0,1.0,0.0,0.0,0.0,0.0,0.0,0.0,0.0,0.0,0.0,1.0,0.0,0.0,1.0,0.0,2,1.0,401628526,2024
9.0,1.0,0.0,2076.0,622.0,622.0,11.561191682379716,40.0016856893694,-83.01972806453705,1161.1102016543634,0.9866747979874981,0.0026782537988513377,10.0,-0.010639537120062359,0.0,0.0,0.0,1.0,0.0,0.0,0.0,0.0,0.0,0.0,0.0,0.0,0.0,1.0,0.0,0.0,1.0,0.0,2,0.9989137063576764,401628530,2024
9.0,1.0,0.0,1674.0,93.0,93.0,11.100949205246406,37.2199742830054,-80.41805505752563,525.6545146993379,0.9818737554458418,0.009052218011498248,9.0,0.027600571911398614,1.0,0.0,0.0,0.0,0.0,0.0,0.0,0.0,0.0,0.0,0.0,0.0,0.0,1.0,0.0,0.0,1.0,0.0,2,0.9909410716712213,401635597,2024
9.0,1.0,0.0,1425.0,-64.0,64.0,11.026808713825016,38.03112372855688,-78.51370811462402,240.9125651888295,0.6712592592592592,-0.0653839205058716,9.0,0.09023679910829238,1.0,0.0,0.0,0.0,0.0,0.0,0.0,0.0,0.0,0.0,0.0,0.0,0.0,1.0,0.0,0.0,1.0,0.0,1,0.724390243902439,401635598,2024
9.0,1.0,0.0,1394.0,119.0,119.0,10.085850775128717,39.32130908459409,-82.10343944652357,494.6367693178031,0.8235555555555556,0.0634027777777777,9.0,-0.04978301192152258,0.0,0.0,0.0,0.0,0.0,0.0,1.0,0.0,0.0,0.0,0.0,0.0,0.0,1.0,0.0,0.0,1.0,0.0,0,0.6686666666666666,401644755,2024
9.0,1.0,0.0,1612.0,416.0,416.0,11.041016020812398,35.120856917268995,-89.97805741128388,839.1466822971914,0.44431388265469696,-0.05625146948808374,10.0,-0.011555015871382001,0.0,1.0,0.0,0.0,0.0,0.0,0.0,0.0,0.0,0.0,0.0,0.0,0.0,1.0,0.0,0.0,1.0,0.0,0,0.4084321898044245,401645353,2024
9.0,1.0,0.0,1456.0,-282.0,282.0,10.336924443719042,33.20393508408917,-97.15922355651855,759.0317300669967,0.6326454168917702,0.11384837025031513,9.0,-0.012196301619445111,0.0,1.0,0.0,0.0,0.0,0.0,0.0,0.0,0.0,0.0,0.0,0.0,0.0,1.0,0.0,0.0,1.0,0.0,1,0.7500162074554295,401645354,2024
9.0,1.0,0.0,1405.0,-85.0,85.0,11.024154831985069,33.456230599072065,-88.79342436790466,571.1284176165436,0.8562249984067158,-0.056305428381010825,11.0,0.004210727926955556,0.0,0.0,0.0,0.0,0.0,0.0,0.0,0.0,0.0,1.0,0.0,0.0,0.0,1.0,0.0,0.0,1.0,0.0,1,0.8038052072973898,401628403,2024
9.0,1.0,0.0,1330.0,39.0,39.0,10.600850832843811,36.21151530169309,-81.68550610542297,730.0812425015952,0.8675002489543916,-0.024266829316869076,8.0,-0.010883095259886573,0.0,0.0,0.0,0.0,0.0,0.0,0.0,0.0,0.0,0.0,1.0,0.0,0.0,1.0,0.0,0.0,1.0,0.0,1,0.8410426209918342,401643816,2024
9.0,1.0,0.0,1497.0,309.0,309.0,10.097696506752222,39.51942113142349,-84.73335450140017,451.26102843754836,0.6064347772379148,0.09148446292788714,8.0,-0.013545397988093311,0.0,0.0,0.0,0.0,0.0,0.0,1.0,0.0,0.0,0.0,0.0,0.0,0.0,1.0,0.0,0.0,1.0,0.0,0,0.4389771885036647,401644687,2024
9.0,1.0,0.0,1292.0,166.0,166.0,10.819798284210286,35.59642579698931,-77.36522912979126,516.1037714172325,0.755228888888889,0.07433777777777772,9.0,-0.09774881387102966,0.0,1.0,0.0,0.0,0.0,0.0,0.0,0.0,0.0,0.0,0.0,0.0,0.0,1.0,1.0,0.0,0.0,0.0,0,0.67488,401645352,2024
9.0,1.0,0.0,1996.0,261.0,261.0,11.530981469769799,33.2074899449518,-87.5503921508789,768.1598597350762,0.9828719026526944,0.0,11.0,0.04296836849624173,0.0,0.0,0.0,0.0,0.0,0.0,0.0,0.0,0.0,1.0,0.0,0.0,0.0,1.0,1.0,0.0,0.0,0.0,2,0.9828719026526944,401628400,2024
9.0,1.0,0.0,1987.0,385.0,385.0,10.896757843893464,44.058272724266615,-123.0685043334961,2886.3163110236696,0.9840101010101011,0.015989898989898887,11.0,-0.0031004454737234726,0.0,0.0,0.0,1.0,0.0,0.0,0.0,0.0,0.0,0.0,0.0,0.0,0.0,1.0,0.0,0.0,1.0,0.0,2,1.0,401628525,2024
9.0,1.0,0.0,1637.0,94.0,94.0,11.164587103533947,41.65838893680983,-91.55147552490234,322.73368155153577,0.981086633137352,0.0,11.0,-0.04956254485368389,0.0,0.0,0.0,1.0,0.0,0.0,0.0,0.0,0.0,0.0,0.0,0.0,0.0,1.0,1.0,0.0,0.0,0.0,2,0.981086633137352,401628527,2024
9.0,1.0,0.0,1534.0,-19.0,19.0,10.86906356408504,44.97652496911191,-93.224575817585,1497.30283502378,0.9160257020466444,0.020004759638267533,12.0,0.016975555543645236,0.0,0.0,0.0,1.0,0.0,0.0,0.0,0.0,0.0,0.0,0.0,0.0,0.0,1.0,1.0,0.0,0.0,0.0,1,0.9271013802950976,401628528,2024
9.0,0.0,0.0,1424.0,189.0,189.0,10.596659732783579,41.75988427820291,-72.61894226074219,2442.425848456382,0.6359840909090909,0.025599242424242385,11.0,-0.1342525860636626,0.0,0.0,0.0,0.0,0.0,1.0,0.0,0.0,0.0,0.0,0.0,0.0,0.0,1.0,1.0,0.0,0.0,0.0,0,0.592775,401629035,2024
9.0,1.0,0.0,1208.0,-145.0,145.0,10.819798284210286,37.43472641329173,-122.1610164642334,3704.95431477174,0.62678,-0.10659333333333332,10.0,-0.02041242614458308,1.0,0.0,0.0,0.0,0.0,0.0,0.0,0.0,0.0,0.0,0.0,0.0,0.0,1.0,0.0,0.0,1.0,0.0,0,0.46942,401635599,2024
9.0,1.0,0.0,1545.0,55.0,55.0,10.717546203426988,31.55866263551169,-97.11560010910034,507.8525643887933,0.9466951303016877,-0.008908983499147372,11.0,0.02271094339705959,0.0,0.0,1.0,0.0,0.0,0.0,0.0,0.0,0.0,0.0,0.0,0.0,0.0,1.0,1.0,0.0,0.0,0.0,2,0.9966105449712008,401636906,2024
9.0,1.0,0.0,1525.0,-31.0,31.0,10.714439990727769,32.70991596942349,-97.36799597740172,430.64588716478306,0.9871777777777778,3.703703703705763e-05,10.0,-0.000601813647046764,0.0,0.0,1.0,0.0,0.0,0.0,0.0,0.0,0.0,0.0,0.0,0.0,0.0,1.0,1.0,0.0,0.0,0.0,1,0.9365333333333332,401636910,2024
9.0,1.0,0.0,1503.0,-161.0,161.0,10.721591972500457,28.607958859227068,-81.1929988861084,3059.0576222402756,0.9708933653994661,-0.00198868859813639,10.0,0.027026849193789504,0.0,0.0,1.0,0.0,0.0,0.0,0.0,0.0,0.0,0.0,0.0,0.0,0.0,1.0,1.0,0.0,0.0,0.0,1,0.929859011980672,401636911,2024
9.0,1.0,0.0,1788.0,714.0,714.0,10.121779353119313,38.43508893585215,-78.87340330403673,1237.1968878762686,0.9936132772373628,0.0022599172852406646,9.0,0.03157310604249153,0.0,0.0,0.0,0.0,0.0,0.0,0.0,0.0,0.0,0.0,1.0,0.0,0.0,1.0,1.0,0.0,0.0,0.0,2,1.0,401643817,2024
9.0,1.0,0.0,1049.0,-213.0,213.0,10.308985993422082,41.07256951528711,-81.50838375091553,221.10277584482589,0.2593,0.012044444444444413,7.0,0.015717506669959604,0.0,0.0,0.0,0.0,0.0,0.0,1.0,0.0,0.0,0.0,0.0,0.0,0.0,1.0,1.0,0.0,0.0,0.0,0,0.1425666666666666,401644752,2024
9.0,1.0,0.0,1089.0,-371.0,371.0,10.021315031649332,40.21602764466651,-85.41769962206614,340.3157817774536,0.47213333333333335,-0.05118518518518522,8.0,-0.06558827370370764,0.0,0.0,0.0,0.0,0.0,0.0,1.0,0.0,0.0,0.0,0.0,0.0,0.0,1.0,1.0,0.0,0.0,0.0,0,0.6808,401644753,2024
9.0,1.0,0.0,1518.0,108.0,108.0,10.175383172056032,41.65739077895321,-83.61401719150295,31.068782859892792,0.7969157438450337,0.09470774492871403,9.0,-0.04468325969465278,0.0,0.0,0.0,0.0,0.0,0.0,1.0,0.0,0.0,0.0,0.0,0.0,0.0,1.0,1.0,0.0,0.0,0.0,2,1.0,401644754,2024
9.0,1.0,0.0,1242.0,318.0,318.0,10.315630315397533,42.285755487470176,-85.60100421309471,377.9920834817651,0.6249172185430464,-0.052246136865342185,6.0,0.02428023546983488,0.0,0.0,0.0,0.0,0.0,0.0,1.0,0.0,0.0,0.0,0.0,0.0,0.0,1.0,1.0,0.0,0.0,0.0,1,0.7793708609271524,401644756,2024
9.0,0.0,1.0,986.0,251.0,251.0,9.741027444837728,42.377513236004525,-72.53562686052412,730.0812425015952,0.6754509803921569,0.10413725490196069,9.0,-0.07315895868851985,0.0,0.0,0.0,0.0,0.0,1.0,0.0,0.0,0.0,0.0,0.0,0.0,0.0,1.0,1.0,0.0,0.0,0.0,1,0.8455294117647059,401645308,2024
9.0,1.0,0.0,1047.0,-344.0,344.0,10.478498510076376,36.14886067519205,-95.943603515625,785.0875233006817,0.5926720499690507,0.006787744077429547,8.0,0.027937254521592236,0.0,1.0,0.0,0.0,0.0,0.0,0.0,0.0,0.0,0.0,0.0,0.0,0.0,1.0,1.0,0.0,0.0,0.0,0,0.4906589387203871,401645355,2024
9.0,0.0,0.0,1542.0,-36.0,36.0,11.046403766760761,37.87068660370429,-122.2507095336914,748.7208978356297,0.6175486710142386,0.03579890619768167,10.0,0.03311364125947628,1.0,0.0,0.0,0.0,0.0,0.0,0.0,0.0,0.0,0.0,0.0,0.0,0.0,1.0,0.0,0.0,1.0,0.0,0,0.5276081445222188,401635594,2024
9.0,1.0,0.0,1396.0,-693.0,693.0,10.605371456538457,36.14355849696379,-86.80877208709717,1205.930805273827,0.6442269034834092,0.024075450915599483,9.0,0.02824802288919272,0.0,0.0,0.0,0.0,0.0,0.0,0.0,0.0,0.0,1.0,0.0,0.0,0.0,1.0,1.0,0.0,0.0,0.0,1,0.7170755885997522,401628405,2024
9.0,1.0,0.0,1826.0,300.0,300.0,11.087160706070168,25.957933739028963,-80.23884057998657,637.7275717903458,0.7913969935400912,0.07088856912510588,10.0,0.10450230428548328,1.0,0.0,0.0,0.0,0.0,0.0,0.0,0.0,0.0,0.0,0.0,0.0,0.0,1.0,0.0,1.0,0.0,0.0,2,1.0,401635596,2024
9.0,1.0,0.0,1526.0,-15.0,15.0,10.855377061650147,32.228340232071496,-110.94903945922852,2893.520803245775,0.9127617687363687,0.01524579722452768,10.0,-0.007193007575178616,0.0,0.0,1.0,0.0,0.0,0.0,0.0,0.0,0.0,0.0,0.0,0.0,0.0,1.0,1.0,0.0,0.0,0.0,2,0.9628843295825212,401636905,2024
9.0,1.0,0.0,1334.0,-238.0,238.0,10.596659732783579,29.721767963293527,-95.34909841095214,1931.1271095236234,0.8208975000000001,-0.16228083333333332,10.0,0.004289367547884353,0.0,0.0,1.0,0.0,0.0,0.0,0.0,0.0,0.0,0.0,0.0,0.0,0.0,1.0,0.0,1.0,0.0,0.0,1,0.706275,401636908,2024
9.0,1.0,0.0,1287.0,117.0,117.0,10.281307359823968,41.31193599299248,-105.56906461715698,521.8430982815945,0.8036019701486957,0.004412377086377317,11.0,-0.0859859265866517,0.0,0.0,0.0,0.0,0.0,0.0,0.0,1.0,0.0,0.0,0.0,0.0,0.0,1.0,1.0,0.0,0.0,0.0,0,0.6073815153695898,401643745,2024
9.0,1.0,0.0,1283.0,-149.0,149.0,10.34061281337216,35.84899009532366,-90.66769494362912,626.3204266389384,0.584668216853981,0.08762864401670767,9.0,-0.08028710436579502,0.0,0.0,0.0,0.0,0.0,0.0,0.0,0.0,0.0,0.0,1.0,0.0,0.0,1.0,0.0,1.0,0.0,0.0,0,0.5542565560005167,401643818,2024
9.0,1.0,0.0,1771.0,-127.0,127.0,11.539898402471655,30.61009757817476,-96.34072922859283,494.46840795399754,0.9516455277272152,-0.014209001327064708,10.0,0.049237701865978346,0.0,0.0,0.0,0.0,0.0,0.0,0.0,0.0,0.0,1.0,0.0,0.0,0.0,1.0,0.0,1.0,0.0,0.0,2,1.0,401628404,2024
9.0,1.0,0.0,1817.0,361.0,361.0,11.586194513897674,42.26586873251738,-83.7487256526947,79.27785072209765,1.0,0.0,12.0,0.008196119819431136,0.0,0.0,0.0,1.0,0.0,0.0,0.0,0.0,0.0,0.0,0.0,0.0,0.0,1.0,0.0,1.0,0.0,0.0,2,1.0,401628529,2024
9.0,1.0,0.0,1755.0,-142.0,142.0,11.293798835013952,43.06993802646878,-89.41274642944336,987.36068275541,0.9409732086367089,0.007234607501038326,11.0,0.12061086566842523,0.0,0.0,0.0,1.0,0.0,0.0,0.0,0.0,0.0,0.0,0.0,0.0,0.0,1.0,0.0,1.0,0.0,0.0,1,0.9512207268335804,401628531,2024
9.0,1.0,0.0,1559.0,7.0,7.0,11.036404644896228,38.02262168129363,-84.50520515441895,609.2666257418371,0.9865403507641762,0.009487113415897586,12.0,0.036462842034570155,0.0,0.0,0.0,0.0,0.0,0.0,0.0,0.0,0.0,1.0,0.0,0.0,0.0,1.0,0.0,1.0,0.0,0.0,2,0.9760359460808788,401628401,2024
9.0,1.0,0.0,1604.0,-182.0,182.0,10.43240846457121,35.9953166502013,-78.94172430038452,1671.232022842285,0.7292494194471154,0.1040593614766443,11.0,-0.02842580417549525,1.0,0.0,0.0,0.0,0.0,0.0,0.0,0.0,0.0,0.0,0.0,0.0,0.0,1.0,0.0,1.0,0.0,0.0,1,0.8909873014937686,401635595,2024
9.0,1.0,0.0,1799.0,168.0,168.0,10.819798284210286,39.20186361814248,-96.59379243850708,119.3003747857817,1.0,0.0,9.0,0.0463487478302483,0.0,0.0,1.0,0.0,0.0,0.0,0.0,0.0,0.0,0.0,0.0,0.0,0.0,1.0,0.0,1.0,0.0,0.0,2,1.0,401636909,2024
9.0,1.0,0.0,1495.0,-66.0,66.0,10.622107529069105,36.81431969524593,-119.75810156690552,195.4724038908767,0.9769767574110632,0.007165314030854741,9.0,-0.09064495778033724,0.0,0.0,0.0,0.0,0.0,0.0,0.0,1.0,0.0,0.0,0.0,0.0,0.0,1.0,1.0,0.0,0.0,0.0,2,1.0,401643742,2024
9.0,1.0,0.0,1580.0,26.0,26.0,10.823451529776579,40.00939837446321,-105.26688694953918,1777.2739864243863,0.9983504816814902,-0.003299036637019803,9.0,0.05250174702180481,0.0,0.0,1.0,0.0,0.0,0.0,0.0,0.0,0.0,0.0,0.0,0.0,0.0,1.0,0.0,1.0,0.0,0.0,2,1.0,401636907,2024
10.0,1.0,0.0,1602.0,64.0,64.0,10.308985993422082,29.89134454879716,-97.92531180559462,569.7983757746002,0.7597533333333333,0.14232444444444436,10.0,-0.014354689023154102,0.0,0.0,0.0,0.0,0.0,0.0,0.0,0.0,0.0,0.0,1.0,0.0,1.0,0.0,0.0,1.0,0.0,0.0,0,0.5610333333333334,401643820,2024
10.0,1.0,0.0,1415.0,131.0,131.0,9.546884034617925,30.71394673763343,-95.54191589355467,339.8910388778057,0.6514081632653062,0.02152040816326528,7.0,-0.10228915404968784,0.0,0.0,0.0,0.0,1.0,0.0,0.0,0.0,0.0,0.0,0.0,0.0,1.0,0.0,0.0,1.0,0.0,0.0,0,0.652,401641012,2024
10.0,1.0,0.0,1575.0,-67.0,67.0,9.862717639992917,37.354414,-79.175047,713.6359598456145,0.9501325757575757,0.00026672979797981444,11.0,-0.049625861065584934,0.0,0.0,0.0,0.0,1.0,0.0,0.0,0.0,0.0,0.0,0.0,0.0,1.0,0.0,0.0,1.0,0.0,0.0,1,0.94109375,401640994,2024
10.0,1.0,0.0,1496.0,235.0,235.0,10.003966171102347,36.98487662989466,-86.459013971646,369.1454574441006,0.7176271373802238,0.014400779832878574,9.0,-0.12421364504713281,0.0,0.0,0.0,0.0,1.0,0.0,0.0,0.0,0.0,0.0,0.0,0.0,1.0,0.0,0.0,1.0,0.0,0.0,0,0.6578483245149912,401641020,2024
10.0,1.0,0.0,1207.0,-525.0,525.0,9.636588019266876,35.31028067616406,-80.74049377106525,1060.554863868394,0.8554508946062427,0.015495080753994195,8.0,0.003999584903442939,0.0,1.0,0.0,0.0,0.0,0.0,0.0,0.0,0.0,0.0,0.0,0.0,1.0,0.0,0.0,1.0,0.0,0.0,1,0.8010970353924514,401645356,2024
10.0,0.0,0.0,1423.0,139.0,139.0,10.596659732783579,41.75988427820291,-72.61894226074219,730.0812425015952,0.6323833333333334,0.05723333333333336,12.0,-0.01261359889351666,0.0,0.0,0.0,0.0,0.0,1.0,0.0,0.0,0.0,0.0,0.0,1.0,0.0,0.0,0.0,1.0,0.0,0.0,0,0.5507,401629036,2024
10.0,1.0,0.0,1260.0,-66.0,66.0,10.308985993422082,26.3754535636523,-80.10168313980103,296.82775245945885,0.6475407407407408,0.019237037037037052,9.0,-0.05072040169607769,0.0,1.0,0.0,0.0,0.0,0.0,0.0,0.0,0.0,0.0,0.0,1.0,0.0,0.0,0.0,1.0,0.0,0.0,0,0.6703666666666667,401645357,2024
10.0,1.0,0.0,1717.0,362.0,362.0,10.518700218288165,43.6027080538683,-116.19591236114502,730.0812425015952,0.97803003003003,0.0217177177177178,9.0,0.04104562505848638,0.0,0.0,0.0,0.0,0.0,0.0,0.0,1.0,0.0,0.0,0.0,1.0,0.0,0.0,1.0,0.0,0.0,0.0,2,0.9956216216216216,401643747,2024
10.0,1.0,0.0,1573.0,-338.0,338.0,11.184435286790631,36.067850785167344,-94.17879581451416,462.54278635227024,0.9641882716049383,0.03581172839506175,9.0,0.0018205062226418767,0.0,0.0,0.0,0.0,0.0,0.0,0.0,0.0,0.0,1.0,0.0,0.0,0.0,1.0,0.0,0.0,1.0,0.0,2,1.0,401628406,2024
10.0,0.0,1.0,1682.0,947.0,947.0,11.31585162638907,35.20589959488508,-97.44255065917967,730.0812425015952,1.0,0.0,11.0,0.0,0.0,0.0,0.0,0.0,0.0,0.0,0.0,0.0,0.0,1.0,0.0,0.0,0.0,1.0,0.0,0.0,1.0,0.0,2,1.0,401628410,2024
10.0,1.0,0.0,1569.0,-30.0,30.0,11.013221103411352,40.09930573133053,-88.23598623275757,678.7962997252107,0.8524326835188876,0.12089295792938459,11.0,-0.002484935552583683,0.0,0.0,0.0,1.0,0.0,0.0,0.0,0.0,0.0,0.0,0.0,0.0,0.0,1.0,0.0,0.0,1.0,0.0,1,0.9574418987967694,401628533,2024
10.0,1.0,0.0,1212.0,-275.0,275.0,10.94024216782542,40.434323,-86.918485,192.56250147982848,0.9961750483558994,0.0038249516441005715,11.0,-0.04248218130315762,0.0,0.0,0.0,1.0,0.0,0.0,0.0,0.0,0.0,0.0,0.0,0.0,0.0,1.0,0.0,0.0,1.0,0.0,2,1.0,401628538,2024
10.0,1.0,0.0,1918.0,-145.0,145.0,11.576585475330184,40.81215273275043,-77.85620212554932,446.3176331005068,0.9955574208473656,0.004442579152634352,11.0,0.01853071715626761,0.0,0.0,0.0,1.0,0.0,0.0,0.0,0.0,0.0,0.0,0.0,0.0,0.0,1.0,0.0,0.0,1.0,0.0,2,1.0,401628539,2024
10.0,1.0,0.0,1460.0,248.0,248.0,10.961000030318813,35.80075968207897,-78.71948719024658,3846.8300266771585,0.9884688189222514,0.0,11.0,-0.00661367694186881,1.0,0.0,0.0,0.0,0.0,0.0,0.0,0.0,0.0,0.0,0.0,0.0,0.0,1.0,0.0,0.0,1.0,0.0,2,0.9884688189222514,401635516,2024
10.0,1.0,0.0,1848.0,237.0,237.0,11.087160706070168,25.957933739028963,-80.23884057998657,1122.8995054337538,0.8103609032182647,0.08988810432339811,11.0,0.006041257873684972,1.0,0.0,0.0,0.0,0.0,0.0,0.0,0.0,0.0,0.0,0.0,0.0,0.0,1.0,0.0,0.0,1.0,0.0,1,0.9213636224474177,401635601,2024
10.0,1.0,0.0,1360.0,-337.0,337.0,10.804684950962628,43.036132820423234,-76.13651990890503,741.8778365331212,0.7730578680203045,0.05465786802030448,10.0,0.055311107681198304,1.0,0.0,0.0,0.0,0.0,0.0,0.0,0.0,0.0,0.0,0.0,0.0,0.0,1.0,0.0,0.0,1.0,0.0,1,0.7807918781725889,401635604,2024
10.0,0.0,0.0,1649.0,357.0,357.0,10.545367754151743,41.38708043477422,-73.96408081054688,2622.3969193420057,0.727771052631579,-0.03742017543859666,10.0,0.02183687197621903,0.0,1.0,0.0,0.0,0.0,0.0,0.0,0.0,0.0,0.0,0.0,0.0,0.0,1.0,0.0,0.0,1.0,0.0,1,0.7906842105263158,401643746,2024
10.0,1.0,0.0,1059.0,-147.0,147.0,10.308985993422082,41.07256951528711,-81.50838375091553,311.02108738521997,0.24470833333333328,0.005802777777777796,8.0,-0.061461442695674405,0.0,0.0,0.0,0.0,0.0,0.0,1.0,0.0,0.0,0.0,0.0,0.0,0.0,1.0,0.0,0.0,1.0,0.0,0,0.1536666666666666,401644757,2024
10.0,1.0,0.0,1252.0,-220.0,220.0,10.315630315397533,42.2557607087688,-83.64775657653809,66.59416525008481,0.5602317880794703,-0.0040949227373069386,10.0,0.026110971808892436,0.0,0.0,0.0,0.0,0.0,0.0,1.0,0.0,0.0,0.0,0.0,0.0,0.0,1.0,0.0,0.0,1.0,0.0,0,0.4319205298013245,401644758,2024
10.0,1.0,0.0,1381.0,-220.0,220.0,11.082157933374816,29.41693712868156,-98.47890257835388,1019.6025417305847,0.4118700854700854,-0.06476239316239324,9.0,-0.11909673625745658,0.0,1.0,0.0,0.0,0.0,0.0,0.0,0.0,0.0,0.0,0.0,0.0,0.0,1.0,0.0,0.0,1.0,0.0,0,0.2645846153846153,401645359,2024
10.0,1.0,0.0,1585.0,157.0,157.0,11.378845350396778,32.602361666817515,-85.48891067504883,411.9605402826576,0.9771986598209282,0.02280134017907176,12.0,-0.005281028295964615,0.0,0.0,0.0,0.0,0.0,0.0,0.0,0.0,0.0,1.0,0.0,0.0,0.0,1.0,0.0,0.0,1.0,0.0,2,1.0,401628407,2024
10.0,1.0,0.0,1337.0,-157.0,157.0,10.600850832843811,36.21151530169309,-81.68550610542297,486.35918941854686,0.8645605125141074,-0.0002904467901478913,9.0,0.009323987454499985,0.0,0.0,0.0,0.0,0.0,0.0,0.0,0.0,0.0,0.0,1.0,0.0,0.0,1.0,1.0,0.0,0.0,0.0,1,0.8701951802429795,401643821,2024
10.0,1.0,0.0,1465.0,-347.0,347.0,11.225323389318618,42.7281691163326,-84.48487535119057,430.0205283911535,0.9318245450303313,0.005277425949381187,8.0,0.01666570095683025,0.0,0.0,0.0,1.0,0.0,0.0,0.0,0.0,0.0,0.0,0.0,0.0,0.0,1.0,1.0,0.0,0.0,0.0,1,0.9122458502766482,401628534,2024
10.0,1.0,0.0,1808.0,-212.0,212.0,11.586194513897674,42.26586873251738,-83.7487256526947,3165.007740283098,1.0,0.0,13.0,0.0063890303550589046,0.0,0.0,0.0,1.0,0.0,0.0,0.0,0.0,0.0,0.0,0.0,0.0,0.0,1.0,1.0,0.0,0.0,0.0,2,1.0,401628536,2024
10.0,1.0,0.0,1467.0,11.0,11.0,11.37472031017221,40.82048352329494,-96.70571565628052,2026.544036473397,0.9961792837376997,0.0011415262962494177,12.0,0.020895220467862945,0.0,0.0,0.0,1.0,0.0,0.0,0.0,0.0,0.0,0.0,0.0,0.0,0.0,1.0,1.0,0.0,0.0,0.0,2,1.0,401628537,2024
10.0,1.0,0.0,1504.0,-51.0,51.0,11.31813853725963,30.437547584621285,-84.30453398103501,780.2416435549655,0.8375540704738761,-0.1679671931956258,10.0,0.08405249669744029,1.0,0.0,0.0,0.0,0.0,0.0,0.0,0.0,0.0,0.0,0.0,0.0,0.0,1.0,1.0,0.0,0.0,0.0,0,0.6695868772782503,401635602,2024
10.0,1.0,0.0,1338.0,-459.0,459.0,10.596659732783579,29.721767963293527,-95.34909841095214,1060.2632578848752,0.8104772727272728,-0.1310189393939395,11.0,0.027488194997071398,0.0,0.0,1.0,0.0,0.0,0.0,0.0,0.0,0.0,0.0,0.0,0.0,0.0,1.0,1.0,0.0,0.0,0.0,0,0.577125,401636913,2024
10.0,1.0,0.0,1771.0,217.0,217.0,11.026808713825016,42.01400541108485,-93.6358094215393,1182.3523610674606,0.9705382113821137,-0.0034487804878048367,10.0,-0.006857142496721494,0.0,0.0,1.0,0.0,0.0,0.0,0.0,0.0,0.0,0.0,0.0,0.0,0.0,1.0,1.0,0.0,0.0,0.0,2,1.0,401636914,2024
10.0,1.0,0.0,1477.0,-36.0,36.0,11.005743196119036,36.12570866235855,-97.06650495529176,1389.0487137861737,0.8847294224922176,-0.017845766442531552,11.0,0.024819593215096112,0.0,0.0,1.0,0.0,0.0,0.0,0.0,0.0,0.0,0.0,0.0,0.0,0.0,1.0,1.0,0.0,0.0,0.0,1,0.8668836560496861,401636915,2024
10.0,1.0,0.0,1489.0,-29.0,29.0,10.721591972500457,28.607958859227068,-81.1929988861084,2872.2841838108457,0.9671629696341211,-0.010489021896033734,11.0,0.03276403151839899,0.0,0.0,1.0,0.0,0.0,0.0,0.0,0.0,0.0,0.0,0.0,0.0,0.0,1.0,1.0,0.0,0.0,0.0,1,0.9291088409858128,401636916,2024
10.0,1.0,0.0,1162.0,25.0,25.0,10.849356503939038,31.77334530512776,-106.50789678096773,1911.2929724084763,0.380571736785329,0.055907227615965505,9.0,-0.07102318831877738,0.0,0.0,0.0,0.0,1.0,0.0,0.0,0.0,0.0,0.0,0.0,0.0,0.0,1.0,0.0,0.0,1.0,0.0,0,0.2868932038834951,401641026,2024
10.0,1.0,0.0,1417.0,183.0,183.0,10.54586761604242,38.42486536179161,-82.42185831069946,1090.8156827282044,0.6093426970725163,-0.01798048344248926,10.0,-0.02865654562498756,0.0,0.0,0.0,0.0,0.0,0.0,0.0,0.0,0.0,0.0,1.0,0.0,0.0,1.0,1.0,0.0,0.0,0.0,0,0.5649280622846472,401643822,2024
10.0,1.0,0.0,1255.0,-23.0,23.0,10.577069577601234,35.06761048267165,-106.6281028358157,700.4616009729854,0.4157998504317085,0.016707458018899946,9.0,0.02416025326995464,0.0,0.0,0.0,0.0,0.0,0.0,0.0,1.0,0.0,0.0,0.0,0.0,0.0,1.0,1.0,0.0,0.0,0.0,0,0.3835916785641444,401643750,2024
10.0,1.0,0.0,1429.0,27.0,27.0,10.308985993422082,31.799527415252125,-85.95217691586194,684.900391770537,0.8513575757575758,-0.06662424242424225,11.0,0.007799257213489546,0.0,0.0,0.0,0.0,0.0,0.0,0.0,0.0,0.0,0.0,1.0,0.0,0.0,1.0,1.0,0.0,0.0,0.0,1,0.8074333333333333,401643824,2024
10.0,1.0,0.0,1236.0,-328.0,328.0,10.757924157061597,29.71623402909437,-95.40926456451416,2012.156050847104,0.41579690522243706,-0.033704706640876825,11.0,0.050218820697837584,0.0,1.0,0.0,0.0,0.0,0.0,0.0,0.0,0.0,0.0,0.0,0.0,0.0,1.0,1.0,0.0,0.0,0.0,0,0.4521914893617021,401645360,2024
10.0,0.0,0.0,1322.0,297.0,297.0,11.024154831985069,33.456230599072065,-88.79342436790466,1732.406841031256,0.8518566824809386,-0.041660552901728654,12.0,-0.023737668360853517,0.0,0.0,0.0,0.0,0.0,0.0,0.0,0.0,0.0,1.0,0.0,0.0,0.0,1.0,1.0,0.0,0.0,0.0,1,0.7926210933042046,401628409,2024
10.0,1.0,0.0,1559.0,331.0,331.0,10.622107529069105,36.81431969524593,-119.75810156690552,730.0812425015952,0.9792790816699568,0.00486298977196109,10.0,0.007211374330650222,0.0,0.0,0.0,0.0,0.0,0.0,0.0,1.0,0.0,0.0,0.0,0.0,0.0,1.0,1.0,0.0,0.0,0.0,2,1.0,401643749,2024
10.0,1.0,0.0,1744.0,-70.0,70.0,11.292914501973813,33.97259115457693,-81.02021634578705,1486.2084476597236,0.975810818465024,0.013065609364674935,11.0,-0.006553594307210493,0.0,0.0,0.0,0.0,0.0,0.0,0.0,0.0,0.0,1.0,0.0,0.0,0.0,1.0,0.0,1.0,0.0,0.0,2,1.0,401628411,2024
10.0,1.0,0.0,1693.0,-41.0,41.0,11.164587103533947,41.65838893680983,-91.55147552490234,235.5945213100603,0.981086633137352,0.0,12.0,0.029276405902165698,0.0,0.0,0.0,1.0,0.0,0.0,0.0,0.0,0.0,0.0,0.0,0.0,0.0,1.0,0.0,1.0,0.0,0.0,2,0.981086633137352,401628535,2024
10.0,1.0,0.0,1686.0,-90.0,90.0,11.163382173096926,47.65043054401222,-122.30291984739304,1552.90152873753,0.9685145067698259,-0.0015641521598968033,11.0,0.04821953052758443,0.0,0.0,0.0,1.0,0.0,0.0,0.0,0.0,0.0,0.0,0.0,0.0,0.0,1.0,1.0,0.0,0.0,0.0,2,1.0,401628540,2024
10.0,1.0,0.0,1863.0,182.0,182.0,11.308370569092329,34.67874665741346,-82.84317970275879,470.8571425250062,0.9957958728388175,-0.006450269566833922,11.0,-0.0249296720316375,1.0,0.0,0.0,0.0,0.0,0.0,0.0,0.0,0.0,0.0,0.0,0.0,0.0,1.0,0.0,1.0,0.0,0.0,2,0.9870674846625768,401635600,2024
10.0,1.0,0.0,1950.0,424.0,424.0,11.537188717105908,35.95473437262258,-83.92533302307129,235.63424457349817,0.994729393392221,0.0,11.0,0.03973468870860828,0.0,0.0,0.0,0.0,0.0,0.0,0.0,0.0,0.0,1.0,0.0,0.0,0.0,1.0,0.0,1.0,0.0,0.0,2,0.994729393392221,401628412,2024
10.0,1.0,0.0,1779.0,203.0,203.0,10.373522431293592,32.83771580994254,-96.782705783844,1714.4285014312984,0.8060906250000001,0.18528437499999995,10.0,-0.0083613555006742,1.0,0.0,0.0,0.0,0.0,0.0,0.0,0.0,0.0,0.0,0.0,0.0,0.0,1.0,0.0,1.0,0.0,0.0,2,1.0,401635627,2024
10.0,1.0,0.0,1558.0,31.0,31.0,10.717546203426988,31.55866263551169,-97.11560010910034,130.2007257384158,0.9508547481908138,0.006980135873578486,12.0,0.026484431107894862,0.0,0.0,1.0,0.0,0.0,0.0,0.0,0.0,0.0,0.0,0.0,0.0,0.0,1.0,0.0,1.0,0.0,0.0,2,0.9785334514842712,401636912,2024
10.0,1.0,0.0,1206.0,-107.0,107.0,10.308985993422082,39.54692485017159,-119.8175597190857,730.0812425015952,0.59288,0.03222000000000014,10.0,0.08332322679350464,0.0,0.0,0.0,0.0,0.0,0.0,0.0,1.0,0.0,0.0,0.0,0.0,0.0,1.0,1.0,0.0,0.0,0.0,0,0.5339666666666667,401643748,2024
11.0,1.0,0.0,1116.0,-340.0,340.0,10.400802314274172,43.577612282574535,-84.77082967758179,262.0772601972831,0.565347253898265,0.11905799672258532,9.0,-0.019906508109690874,0.0,0.0,0.0,0.0,0.0,0.0,1.0,0.0,0.0,0.0,0.0,0.0,1.0,0.0,0.0,1.0,0.0,0.0,0,0.2381632963357153,401644760,2024
11.0,1.0,0.0,1094.0,-475.0,475.0,10.021315031649332,40.21602764466651,-85.41769962206614,97.0101280683725,0.49531851851851855,0.033244444444444465,9.0,0.016131227800298846,0.0,0.0,0.0,0.0,0.0,0.0,1.0,0.0,0.0,0.0,0.0,0.0,1.0,0.0,0.0,1.0,0.0,0.0,0,0.2849777777777778,401644688,2024
11.0,1.0,0.0,878.0,-585.0,585.0,10.12667110305036,41.13908682549516,-81.31343945860863,212.9602988919065,0.4110571428571429,-0.013643809523809558,7.0,0.02796787355010984,0.0,0.0,0.0,0.0,0.0,0.0,1.0,0.0,0.0,0.0,0.0,0.0,1.0,0.0,0.0,1.0,0.0,0.0,0,0.22648,401644761,2024
11.0,1.0,0.0,1288.0,-167.0,167.0,10.315630315397533,42.285755487470176,-85.60100421309471,264.97805983002894,0.6469820245979186,0.08723431094292011,7.0,-0.026408996507939896,0.0,0.0,0.0,0.0,0.0,0.0,1.0,0.0,0.0,0.0,0.0,0.0,1.0,0.0,0.0,1.0,0.0,0.0,0,0.3425827814569536,401644762,2024
11.0,1.0,0.0,1376.0,17.0,17.0,10.008658050141667,33.792838175224496,-79.01702282805255,362.46540364018534,0.8123689066930728,0.06485724145174121,10.0,0.015259208826831282,0.0,0.0,0.0,0.0,0.0,0.0,0.0,0.0,0.0,0.0,1.0,0.0,1.0,0.0,0.0,1.0,0.0,0.0,1,0.873880361885043,401643825,2024
11.0,1.0,0.0,1328.0,121.0,121.0,10.819798284210286,35.59642579698931,-77.36522912979126,1057.8416096978108,0.747194,0.0642193333333333,10.0,-0.06590968950262349,0.0,1.0,0.0,0.0,0.0,0.0,0.0,0.0,0.0,0.0,0.0,0.0,1.0,0.0,0.0,1.0,0.0,0.0,0,0.61146,401645361,2024
11.0,1.0,0.0,1349.0,-304.0,304.0,10.357774570341576,36.09183481061275,-80.25534152984619,3703.958892485445,0.9690995670995671,0.026254930254930198,11.0,0.030995116908107766,1.0,0.0,0.0,0.0,0.0,0.0,0.0,0.0,0.0,0.0,0.0,1.0,0.0,0.0,0.0,1.0,0.0,0.0,1,0.9033333333333332,401634773,2024
11.0,1.0,0.0,1470.0,-316.0,316.0,11.435428680349185,34.16156958726264,-118.1676149368286,2467.3717192249833,0.5049683146871451,-0.026360403324376502,9.0,0.02170070204348056,0.0,0.0,0.0,1.0,0.0,0.0,0.0,0.0,0.0,0.0,0.0,1.0,0.0,0.0,0.0,1.0,0.0,0.0,0,0.5777592876747855,401628542,2024
11.0,1.0,0.0,1574.0,278.0,278.0,11.041016020812398,35.120856917268995,-89.97805741128388,787.7683278280332,0.4410519105773995,-0.04106259776346344,11.0,-0.12287214916934114,0.0,1.0,0.0,0.0,0.0,0.0,0.0,0.0,0.0,0.0,0.0,1.0,0.0,0.0,0.0,1.0,0.0,0.0,0,0.3798012183392112,401645362,2024
11.0,1.0,0.0,2057.0,422.0,422.0,11.514124745545711,30.28360340206824,-97.73233652114868,1482.4516241291703,0.9972305683509352,0.0027694316490648463,11.0,0.007387478232656508,0.0,0.0,0.0,0.0,0.0,0.0,0.0,0.0,0.0,1.0,0.0,0.0,0.0,1.0,0.0,0.0,1.0,0.0,2,1.0,401628417,2024
11.0,1.0,0.0,1412.0,-200.0,200.0,10.867710938165587,40.51378289308872,-74.46504457087282,1605.93051872094,0.9343961982273646,0.050714565489415886,11.0,0.010951833301224512,0.0,0.0,0.0,1.0,0.0,0.0,0.0,0.0,0.0,0.0,0.0,0.0,0.0,1.0,0.0,0.0,1.0,0.0,1,0.8411179319022382,401628544,2024
11.0,1.0,0.0,2065.0,845.0,845.0,11.561191682379716,40.0016856893694,-83.01972806453705,334.48290522734675,0.9877874260211507,0.008442309202714715,11.0,0.01422528166562615,0.0,0.0,0.0,1.0,0.0,0.0,0.0,0.0,0.0,0.0,0.0,0.0,0.0,1.0,0.0,0.0,1.0,0.0,2,0.9858877115413937,401628545,2024
11.0,1.0,0.0,1428.0,37.0,37.0,10.703266939811954,42.33510834895851,-71.16647243499756,413.58493163286516,0.8618222676200205,0.10289683350357504,11.0,-0.0024501951880032046,1.0,0.0,0.0,0.0,0.0,0.0,0.0,0.0,0.0,0.0,0.0,0.0,0.0,1.0,0.0,0.0,1.0,0.0,2,1.0,401635606,2024
11.0,1.0,0.0,1558.0,-319.0,319.0,10.915106645867503,33.772556921319435,-84.39285278320312,956.5596841467365,0.6607232323232323,0.0006646464646464789,9.0,0.0686370835066471,1.0,0.0,0.0,0.0,0.0,0.0,0.0,0.0,0.0,0.0,0.0,0.0,0.0,1.0,0.0,0.0,1.0,0.0,1,0.8610545454545454,401635609,2024
11.0,1.0,0.0,1536.0,-13.0,13.0,10.596659732783579,39.13128425273405,-84.51626143741578,396.165234488455,0.9522977272727272,-0.0022477272727271513,11.0,-2.8561522512224324e-05,0.0,0.0,1.0,0.0,0.0,0.0,0.0,0.0,0.0,0.0,0.0,0.0,0.0,1.0,0.0,0.0,1.0,0.0,1,0.950175,401636918,2024
11.0,1.0,0.0,1236.0,-350.0,350.0,10.323118516117193,32.53106869451547,-92.06644075067642,629.6205852131267,0.4991224898938443,0.10284286981956808,10.0,-0.08233774574017509,0.0,0.0,0.0,0.0,0.0,0.0,0.0,0.0,0.0,0.0,1.0,0.0,0.0,1.0,0.0,0.0,1.0,0.0,0,0.4509153054852598,401643828,2024
11.0,1.0,0.0,1379.0,-125.0,125.0,11.095256188023157,27.975994470037183,-82.50334918498993,1343.676010292322,0.602519745162137,-0.015141030674686862,7.0,0.04791478127140883,0.0,1.0,0.0,0.0,0.0,0.0,0.0,0.0,0.0,0.0,0.0,0.0,0.0,1.0,0.0,0.0,1.0,0.0,0,0.5176518821082041,401645363,2024
11.0,1.0,0.0,1152.0,-408.0,408.0,10.34177474101152,35.85110908054087,-86.36844992637634,663.3350661841043,0.4288645161290322,-0.024176344086021484,10.0,-0.04759188193934128,0.0,0.0,0.0,0.0,1.0,0.0,0.0,0.0,0.0,0.0,0.0,0.0,0.0,1.0,0.0,0.0,1.0,0.0,0,0.4354838709677419,401640995,2024
11.0,1.0,0.0,1096.0,-319.0,319.0,10.491301994830229,31.32897842661232,-89.33133065700531,1009.1740422788997,0.649475,0.018302777777777668,10.0,0.049605001629132874,0.0,0.0,0.0,0.0,0.0,0.0,0.0,0.0,0.0,0.0,1.0,0.0,0.0,1.0,1.0,0.0,0.0,0.0,0,0.5695,401643829,2024
11.0,1.0,0.0,1960.0,-97.0,97.0,11.01173659154304,34.362154302992906,-89.53414626020904,568.6404989387362,0.9992751883309823,0.000724811669017722,11.0,0.06484999927394867,0.0,0.0,0.0,0.0,0.0,0.0,0.0,0.0,0.0,1.0,0.0,0.0,0.0,1.0,1.0,0.0,0.0,0.0,2,1.0,401628414,2024
11.0,1.0,0.0,1875.0,97.0,97.0,10.87729219061089,39.18090913372923,-86.52557373046875,415.1907857532484,0.8660335868742371,0.10478660736407297,11.0,0.07390114307518716,0.0,0.0,0.0,1.0,0.0,0.0,0.0,0.0,0.0,0.0,0.0,0.0,0.0,1.0,1.0,0.0,0.0,0.0,2,1.0,401628541,2024
11.0,1.0,0.0,1462.0,-192.0,192.0,10.336924443719042,33.20393508408917,-97.15922355651855,2235.369553885847,0.6443824959481361,0.09809184224743372,10.0,-0.02284812062510878,0.0,1.0,0.0,0.0,0.0,0.0,0.0,0.0,0.0,0.0,0.0,0.0,0.0,1.0,1.0,0.0,0.0,0.0,1,0.9244408427876823,401629045,2024
11.0,1.0,0.0,1666.0,-153.0,153.0,11.100949205246406,37.2199742830054,-80.41805505752563,357.0425198816801,0.9827804870683797,0.008150519126920663,10.0,0.0019657345385140266,1.0,0.0,0.0,0.0,0.0,0.0,0.0,0.0,0.0,0.0,0.0,0.0,0.0,1.0,1.0,0.0,0.0,0.0,2,0.99092597345734,401635607,2024
11.0,1.0,0.0,1514.0,-68.0,68.0,10.961000030318813,35.80075968207897,-78.71948719024658,29.474333201507783,0.9884688189222514,0.0,12.0,0.01916144054311847,1.0,0.0,0.0,0.0,0.0,0.0,0.0,0.0,0.0,0.0,0.0,0.0,0.0,1.0,1.0,0.0,0.0,0.0,2,0.9884688189222514,401635608,2024
11.0,0.0,0.0,1467.0,-30.0,30.0,10.729306381246207,44.5594768421455,-123.2814073562622,813.6498245677702,0.8090021376792844,0.03180444812445504,11.0,-0.07170025771879156,0.0,0.0,0.0,0.0,0.0,0.0,0.0,0.0,1.0,0.0,0.0,0.0,0.0,1.0,0.0,0.0,1.0,0.0,1,0.8141831238779175,401643755,2024
11.0,1.0,0.0,1766.0,484.0,484.0,10.121779353119313,38.43508893585215,-78.87340330403673,730.0812425015952,0.9942519495136265,0.005748050486373502,10.0,-0.019520572337498338,0.0,0.0,0.0,0.0,0.0,0.0,0.0,0.0,0.0,0.0,1.0,0.0,0.0,1.0,1.0,0.0,0.0,0.0,2,1.0,401643826,2024
11.0,1.0,0.0,1566.0,-32.0,32.0,11.01638071569648,33.59102829801104,-101.87293767929076,774.8581429513052,0.926788472281555,0.0549571160987149,10.0,0.07664218179267113,0.0,0.0,1.0,0.0,0.0,0.0,0.0,0.0,0.0,0.0,0.0,0.0,0.0,1.0,1.0,0.0,0.0,0.0,2,0.989599421642404,401636921,2024
11.0,1.0,0.0,1147.0,-98.0,98.0,10.849356503939038,31.77334530512776,-106.50789678096773,2055.229014345227,0.3712038834951456,-0.10840776699029131,10.0,-0.11132667861075277,0.0,0.0,0.0,0.0,1.0,0.0,0.0,0.0,0.0,0.0,0.0,0.0,0.0,1.0,1.0,0.0,0.0,0.0,0,0.2859805825242718,401641021,2024
11.0,1.0,0.0,1757.0,667.0,667.0,10.308985993422082,29.945898112528432,-90.11519112306328,1751.4283396189996,0.8033583333333333,-0.0398694444444444,12.0,-0.09557382324826205,0.0,1.0,0.0,0.0,0.0,0.0,0.0,0.0,0.0,0.0,0.0,0.0,0.0,1.0,1.0,0.0,0.0,0.0,2,1.0,401645364,2024
11.0,1.0,0.0,1463.0,-349.0,349.0,10.605371456538457,36.14355849696379,-86.80877208709717,579.4098702764668,0.6515117719950434,0.05688971499380424,10.0,0.004239607557572356,0.0,0.0,0.0,0.0,0.0,0.0,0.0,0.0,0.0,1.0,0.0,0.0,0.0,1.0,1.0,0.0,0.0,0.0,1,0.7170755885997522,401628418,2024
11.0,1.0,0.0,1283.0,-374.0,374.0,10.328787967145063,32.53223809915824,-92.6560188758494,656.8635191085914,0.5220228758169935,0.005123093681917101,10.0,-0.04455248165208379,0.0,0.0,0.0,0.0,1.0,0.0,0.0,0.0,0.0,0.0,0.0,0.0,0.0,1.0,1.0,0.0,0.0,0.0,0,0.5341503267973856,401641004,2024
11.0,1.0,0.0,1554.0,268.0,268.0,10.515993929932415,30.21579609675613,-92.01626413552384,638.8509369945797,0.480834086118639,0.05845227341162296,9.0,-0.0010268492304813595,0.0,0.0,0.0,0.0,0.0,0.0,0.0,0.0,0.0,0.0,1.0,0.0,0.0,1.0,1.0,0.0,0.0,0.0,0,0.4458265582655826,401643827,2024
11.0,1.0,0.0,1115.0,-397.0,397.0,10.320354083368734,32.27974938226407,-106.74113631248474,1923.754348940758,0.4811140771988414,0.03844562355586306,9.0,-0.06388611958376023,0.0,0.0,0.0,0.0,1.0,0.0,0.0,0.0,0.0,0.0,0.0,0.0,0.0,1.0,1.0,0.0,0.0,0.0,0,0.4188775005767393,401641036,2024
11.0,1.0,0.0,1939.0,586.0,586.0,11.537188717105908,35.95473437262258,-83.92533302307129,524.4967689177146,0.994729393392221,0.0,12.0,0.009079735639888984,0.0,0.0,0.0,0.0,0.0,0.0,0.0,0.0,0.0,1.0,0.0,0.0,0.0,1.0,0.0,1.0,0.0,0.0,2,0.994729393392221,401628416,2024
11.0,1.0,0.0,2050.0,562.0,562.0,10.896757843893464,44.058272724266615,-123.0685043334961,3829.8555096132777,0.9853425925925926,0.014657407407407397,12.0,0.015992242661113237,0.0,0.0,0.0,1.0,0.0,0.0,0.0,0.0,0.0,0.0,0.0,0.0,0.0,1.0,1.0,0.0,0.0,0.0,2,1.0,401628543,2024
11.0,1.0,0.0,1563.0,-62.0,62.0,11.180343650832073,33.426364,-111.932616,2966.7925699278226,0.6790656755827035,-0.0029111929266728565,12.0,0.007790350672161495,0.0,0.0,1.0,0.0,0.0,0.0,0.0,0.0,0.0,0.0,0.0,0.0,0.0,1.0,1.0,0.0,0.0,0.0,0,0.6267257970044348,401636917,2024
11.0,1.0,0.0,1526.0,99.0,99.0,10.714439990727769,32.70991596942349,-97.36799597740172,380.8235963991488,0.9825737373737374,-0.009573737373737234,11.0,0.02611150230611628,0.0,0.0,1.0,0.0,0.0,0.0,0.0,0.0,0.0,0.0,0.0,0.0,0.0,1.0,0.0,1.0,0.0,0.0,2,1.0,401636920,2024
11.0,1.0,0.0,1855.0,-203.0,203.0,11.535879982582413,30.4120123982997,-91.183819770813,463.0785966027242,0.9862926920715644,0.006237352266026841,11.0,0.0937239801301428,0.0,0.0,0.0,0.0,0.0,0.0,0.0,0.0,0.0,1.0,0.0,0.0,0.0,1.0,0.0,1.0,0.0,0.0,2,0.9996286197359292,401628413,2024
11.0,0.0,0.0,2069.0,622.0,622.0,11.299682738333281,41.69842312158612,-86.23382449150085,1264.002622498488,0.960727767807414,0.0,10.0,0.11751489205728648,0.0,0.0,0.0,0.0,0.0,1.0,0.0,0.0,0.0,0.0,0.0,0.0,0.0,1.0,0.0,1.0,0.0,0.0,2,0.960727767807414,401628984,2024
11.0,1.0,0.0,1673.0,-15.0,15.0,11.172812609330474,38.93589529672232,-92.33311414718628,614.2247840205023,0.8598070762140287,0.020096813174460437,12.0,0.0688325440015535,0.0,0.0,0.0,0.0,0.0,0.0,0.0,0.0,0.0,1.0,0.0,0.0,0.0,1.0,0.0,1.0,0.0,0.0,1,0.8799038893884892,401628415,2024
11.0,1.0,0.0,1916.0,221.0,221.0,11.576585475330184,40.81215273275043,-77.85620212554932,3570.6171051451374,0.9959276357767518,0.004072364223248193,12.0,0.04460642919848592,0.0,0.0,0.0,1.0,0.0,0.0,0.0,0.0,0.0,0.0,0.0,0.0,0.0,1.0,0.0,1.0,0.0,0.0,2,1.0,401628546,2024
11.0,1.0,0.0,1541.0,182.0,182.0,11.133142723386813,40.44678376501633,-80.01575589179993,298.12233693994455,0.7242317916002127,-0.015284423179160012,11.0,0.04998150971948637,1.0,0.0,0.0,0.0,0.0,0.0,0.0,0.0,0.0,0.0,0.0,0.0,0.0,1.0,0.0,1.0,0.0,0.0,1,0.8288450292397661,401635610,2024
11.0,1.0,0.0,1761.0,585.0,585.0,10.518700218288165,43.6027080538683,-116.19591236114502,542.2209298330333,0.9797891891891892,0.01875135135135131,10.0,-0.03499882951469908,0.0,0.0,0.0,0.0,0.0,0.0,0.0,1.0,0.0,0.0,0.0,0.0,0.0,1.0,1.0,0.0,0.0,0.0,2,1.0,401643752,2024
11.0,1.0,0.0,1287.0,-253.0,253.0,10.7513495394883,38.99690743122685,-104.84368801116943,1329.2427769837427,0.5865173191695937,0.05254290527999084,9.0,-0.0115650633730152,0.0,0.0,0.0,0.0,0.0,0.0,0.0,1.0,0.0,0.0,0.0,0.0,0.0,1.0,0.0,1.0,0.0,0.0,0,0.3168422856163796,401643751,2024
11.0,1.0,0.0,1568.0,-110.0,110.0,10.903825271935897,40.75994782004573,-111.84882402420044,58.23769869060864,0.9674296613413617,0.00728670222813621,11.0,0.02022072893253114,0.0,0.0,1.0,0.0,0.0,0.0,0.0,0.0,0.0,0.0,0.0,0.0,0.0,1.0,0.0,1.0,0.0,0.0,2,1.0,401636922,2024
11.0,0.0,0.0,1597.0,418.0,418.0,10.38124231399123,46.731967978653024,-117.16058578781136,698.36821833161,0.818286405358472,-0.019353138179111995,10.0,-0.09976524261070849,0.0,0.0,0.0,0.0,0.0,0.0,0.0,0.0,1.0,0.0,0.0,0.0,0.0,1.0,0.0,1.0,0.0,0.0,0,0.6205346067973208,401643756,2024
12.0,1.0,0.0,1217.0,102.0,102.0,10.275533751098848,42.99906838239644,-78.7775194644928,632.6140142518597,0.49266535690897184,0.05521547811900407,10.0,-0.0388036433673862,0.0,0.0,0.0,0.0,0.0,0.0,1.0,0.0,0.0,0.0,0.0,0.0,1.0,0.0,0.0,1.0,0.0,0.0,0,0.4380105469961741,401644763,2024
12.0,1.0,0.0,1449.0,177.0,177.0,10.074284623478128,41.37805439803228,-83.62248212099075,192.49747327507282,0.6072238146087412,0.08907529178141216,9.0,-0.05121805670372027,0.0,0.0,0.0,0.0,0.0,0.0,1.0,0.0,0.0,0.0,0.0,0.0,1.0,0.0,0.0,1.0,0.0,0.0,0,0.0487270274827179,401644764,2024
12.0,1.0,0.0,1463.0,340.0,340.0,10.175383172056032,41.65739077895321,-83.61401719150295,233.55405540257718,0.8172241694605302,0.10910672559179135,10.0,-0.03919742977911945,0.0,0.0,0.0,0.0,0.0,0.0,1.0,0.0,0.0,0.0,0.0,0.0,1.0,0.0,0.0,1.0,0.0,0.0,0,0.5585568424260896,401644765,2024
12.0,1.0,0.0,1548.0,717.0,717.0,10.097696506752222,39.51942113142349,-84.73335450140017,341.24658080612187,0.5878283784896648,-0.07691674215597466,9.0,0.03729757616126199,0.0,0.0,0.0,0.0,0.0,0.0,1.0,0.0,0.0,0.0,0.0,0.0,1.0,0.0,0.0,1.0,0.0,0.0,0,0.2193856542864201,401644689,2024
12.0,1.0,0.0,1471.0,423.0,423.0,10.146472946063877,41.934014,-88.778222,612.73785324804,0.4590862745098039,0.1880248366013072,10.0,-0.0925600708125003,0.0,0.0,0.0,0.0,0.0,0.0,1.0,0.0,0.0,0.0,0.0,0.0,1.0,0.0,0.0,1.0,0.0,0.0,0,0.2664705882352941,401644766,2024
12.0,1.0,0.0,1510.0,249.0,249.0,10.085850775128717,39.32130908459409,-82.10343944652357,351.22695320722573,0.8080666666666666,-0.005969444444444361,10.0,0.002472422669630306,0.0,0.0,0.0,0.0,0.0,0.0,1.0,0.0,0.0,0.0,0.0,0.0,1.0,0.0,0.0,1.0,0.0,0.0,0,0.588875,401644767,2024
12.0,1.0,0.0,952.0,-458.0,458.0,10.478498510076376,36.14886067519205,-95.943603515625,1672.5564244320115,0.5813372598303103,0.026741445175973322,9.0,0.0012131455817173914,0.0,1.0,0.0,0.0,0.0,0.0,0.0,0.0,0.0,0.0,0.0,0.0,1.0,0.0,0.0,1.0,0.0,0.0,0,0.5058522311631309,401645365,2024
12.0,1.0,0.0,1408.0,-47.0,47.0,11.082157933374816,29.41693712868156,-98.47890257835388,439.347850197968,0.39714153846153843,-0.09471589743589748,10.0,-0.029913046354266806,0.0,1.0,0.0,0.0,0.0,0.0,0.0,0.0,0.0,0.0,0.0,1.0,0.0,0.0,0.0,1.0,0.0,0.0,0,0.3284615384615384,401645366,2024
12.0,1.0,0.0,1644.0,168.0,168.0,11.163382173096926,47.65043054401222,-122.30291984739304,1539.0295754866454,0.9711382978723404,0.025495271867612357,12.0,0.018760907442167615,0.0,0.0,0.0,1.0,0.0,0.0,0.0,0.0,0.0,0.0,0.0,1.0,0.0,0.0,0.0,1.0,0.0,0.0,2,0.9760425531914894,401628553,2024
12.0,1.0,0.0,1382.0,18.0,18.0,10.855377061650147,32.228340232071496,-110.94903945922852,1511.7063436176304,0.9173183651769281,0.02447005813086378,11.0,-0.019258827452114904,0.0,0.0,1.0,0.0,0.0,0.0,0.0,0.0,0.0,0.0,0.0,1.0,0.0,0.0,0.0,1.0,0.0,0.0,1,0.7438188801605836,401636923,2024
12.0,1.0,0.0,1524.0,-570.0,570.0,11.184435286790631,36.067850785167344,-94.17879581451416,723.074639242248,0.9677694444444445,0.03223055555555554,10.0,0.034619546064499906,0.0,0.0,0.0,0.0,0.0,0.0,0.0,0.0,0.0,1.0,0.0,0.0,0.0,1.0,0.0,0.0,1.0,0.0,2,1.0,401628419,2024
12.0,0.0,0.0,994.0,-574.0,574.0,9.741027444837728,42.377513236004525,-72.53562686052412,795.1638750000117,0.6924588235294118,0.11779607843137252,10.0,-0.04081547734208491,0.0,0.0,0.0,0.0,0.0,1.0,0.0,0.0,0.0,0.0,0.0,0.0,0.0,1.0,0.0,0.0,1.0,0.0,0,0.5361764705882353,401629046,2024
12.0,1.0,0.0,1519.0,-308.0,308.0,11.133142723386813,40.44678376501633,-80.01575589179993,687.9843057280813,0.7329495614035088,0.01623172514619886,12.0,0.002848556231434921,1.0,0.0,0.0,0.0,0.0,0.0,0.0,0.0,0.0,0.0,0.0,0.0,0.0,1.0,0.0,0.0,1.0,0.0,1,0.8577046783625731,401635582,2024
12.0,1.0,0.0,1627.0,55.0,55.0,10.823451529776579,40.00939837446321,-105.26688694953918,563.5525105067117,0.9985154335133413,0.0014845664866587338,10.0,-0.0105746158956012,0.0,0.0,1.0,0.0,0.0,0.0,0.0,0.0,0.0,0.0,0.0,0.0,0.0,1.0,0.0,0.0,1.0,0.0,2,1.0,401636925,2024
12.0,1.0,0.0,1506.0,209.0,209.0,10.003966171102347,36.98487662989466,-86.459013971646,751.7501692309224,0.7116492560937006,-0.012256741886371492,10.0,-0.08942903020164014,0.0,0.0,0.0,0.0,1.0,0.0,0.0,0.0,0.0,0.0,0.0,0.0,0.0,1.0,0.0,0.0,1.0,0.0,0,0.6019988242210464,401641013,2024
12.0,1.0,0.0,1544.0,-263.0,263.0,10.434145214930487,38.98483263543365,-76.5071153640747,1598.8751223923423,0.8909764705882353,0.032131372549019654,10.0,-0.00248413110958309,0.0,1.0,0.0,0.0,0.0,0.0,0.0,0.0,0.0,0.0,0.0,0.0,0.0,1.0,0.0,0.0,1.0,0.0,2,1.0,401645370,2024
12.0,0.0,0.0,1550.0,330.0,330.0,11.378845350396778,32.602361666817515,-85.48891067504883,616.3411002660142,0.9789526090654722,0.021047390934527788,13.0,-0.030407444420863287,0.0,0.0,0.0,0.0,0.0,0.0,0.0,0.0,0.0,1.0,0.0,0.0,0.0,1.0,0.0,0.0,1.0,0.0,2,1.0,401628426,2024
12.0,1.0,0.0,1472.0,69.0,69.0,10.54586761604242,38.42486536179161,-82.42185831069946,598.9154611764613,0.605305003000892,0.010211800001115878,11.0,0.002052201698185994,0.0,0.0,0.0,0.0,0.0,0.0,0.0,0.0,0.0,0.0,1.0,0.0,0.0,1.0,0.0,0.0,1.0,0.0,0,0.635866277387622,401643832,2024
12.0,0.0,1.0,1527.0,792.0,792.0,11.036404644896228,38.02262168129363,-84.50520515441895,730.0812425015952,0.9857323196346919,0.004615491981217579,13.0,0.03445167972764651,0.0,0.0,0.0,0.0,0.0,0.0,0.0,0.0,0.0,1.0,0.0,0.0,0.0,1.0,0.0,0.0,1.0,0.0,1,0.7789928011208993,401628422,2024
12.0,0.0,1.0,2130.0,1395.0,1395.0,11.530981469769799,33.2074899449518,-87.5503921508789,730.0812425015952,0.9828719026526944,0.0,12.0,0.0,0.0,0.0,0.0,0.0,0.0,0.0,0.0,0.0,0.0,1.0,0.0,0.0,0.0,1.0,0.0,0.0,1.0,0.0,2,0.9828719026526944,401628425,2024
12.0,1.0,0.0,1643.0,346.0,346.0,10.085850775128717,33.82031030570401,-85.76646566390991,1036.4731291426633,0.8146083333333334,-0.032233333333333336,10.0,-0.15828736832930368,0.0,0.0,0.0,0.0,1.0,0.0,0.0,0.0,0.0,0.0,0.0,0.0,0.0,1.0,0.0,0.0,1.0,0.0,1,0.737,401640986,2024
12.0,1.0,0.0,1040.0,-85.0,85.0,11.13507066006998,39.900748900488125,-75.16749143600464,1571.8258556089422,0.20086966672503354,0.010029378003463096,11.0,-0.07463772831479557,0.0,1.0,0.0,0.0,0.0,0.0,0.0,0.0,0.0,0.0,0.0,0.0,0.0,1.0,1.0,0.0,0.0,0.0,0,0.1793468744528103,401645369,2024
12.0,1.0,0.0,1556.0,154.0,154.0,11.013221103411352,40.09930573133053,-88.23598623275757,428.0484336681603,0.861183451458711,0.09795615625515086,12.0,0.007285439839494343,0.0,0.0,0.0,1.0,0.0,0.0,0.0,0.0,0.0,0.0,0.0,0.0,0.0,1.0,1.0,0.0,0.0,0.0,1,0.8679742871270809,401628547,2024
12.0,1.0,0.0,1649.0,263.0,263.0,11.046403766760761,37.87068660370429,-122.2507095336914,3894.2668965017597,0.609372259514964,0.03277686539003255,11.0,0.01512829575799464,1.0,0.0,0.0,0.0,0.0,0.0,0.0,0.0,0.0,0.0,0.0,0.0,0.0,1.0,0.0,0.0,1.0,0.0,0,0.5340338345265239,401635581,2024
12.0,1.0,0.0,1227.0,-189.0,189.0,9.309370895439137,34.0234337,-84.6154897,1089.4545212548442,0.8839975845410629,0.0,3.0,-0.08875382627400813,0.0,0.0,0.0,0.0,1.0,0.0,0.0,0.0,0.0,0.0,0.0,0.0,0.0,1.0,1.0,0.0,0.0,0.0,0,0.7007246376811594,401641022,2024
12.0,1.0,0.0,1598.0,-202.0,202.0,11.391311350092442,29.649868677972304,-82.34866619110107,854.5276727774558,0.999565207571035,0.00043479242896504733,10.0,0.04911152620980784,0.0,0.0,0.0,0.0,0.0,0.0,0.0,0.0,0.0,1.0,0.0,0.0,0.0,1.0,1.0,0.0,0.0,0.0,2,1.0,401628420,2024
12.0,1.0,0.0,1192.0,-775.0,775.0,10.94024216782542,40.434323,-86.918485,765.6470808771326,0.9964937943262412,0.003506205673758811,12.0,0.104844673172489,0.0,0.0,0.0,1.0,0.0,0.0,0.0,0.0,0.0,0.0,0.0,0.0,0.0,1.0,1.0,0.0,0.0,0.0,2,1.0,401628552,2024
12.0,0.0,0.0,2133.0,752.0,752.0,11.299682738333281,41.69842312158612,-86.23382449150085,774.4107091206723,0.960727767807414,0.0,11.0,0.05605170171060493,0.0,0.0,0.0,0.0,0.0,1.0,0.0,0.0,0.0,0.0,0.0,0.0,0.0,1.0,1.0,0.0,0.0,0.0,2,0.960727767807414,401628985,2024
12.0,1.0,0.0,1158.0,-567.0,567.0,10.819798284210286,37.43472641329173,-122.1610164642334,3177.9220341548435,0.6124745454545454,-0.08670787878787867,11.0,-0.02261520290943797,1.0,0.0,0.0,0.0,0.0,0.0,0.0,0.0,0.0,0.0,0.0,0.0,0.0,1.0,0.0,0.0,1.0,0.0,0,0.3737,401635517,2024
12.0,1.0,0.0,1814.0,381.0,381.0,10.373522431293592,32.83771580994254,-96.782705783844,2479.0483315121783,0.82371875,0.17628124999999994,11.0,0.003803285371429488,1.0,0.0,0.0,0.0,0.0,0.0,0.0,0.0,0.0,0.0,0.0,0.0,0.0,1.0,1.0,0.0,0.0,0.0,2,1.0,401635580,2024
12.0,0.0,0.0,1316.0,-130.0,130.0,10.7513495394883,38.99690743122685,-104.84368801116943,1644.6361368273838,0.5595498158142722,0.02465447328593051,10.0,0.015534474437833987,0.0,0.0,0.0,0.0,0.0,0.0,0.0,1.0,0.0,0.0,0.0,0.0,0.0,1.0,1.0,0.0,0.0,0.0,0,0.4580013706844855,401643757,2024
12.0,1.0,0.0,1182.0,-157.0,157.0,9.636588019266876,35.31028067616406,-80.74049377106525,832.384807217062,0.8494115769158214,0.08428743488166235,9.0,-0.04152711074332724,0.0,1.0,0.0,0.0,0.0,0.0,0.0,0.0,0.0,0.0,0.0,0.0,0.0,1.0,1.0,0.0,0.0,0.0,2,0.9814548778895128,401645368,2024
12.0,1.0,0.0,1767.0,314.0,314.0,11.446871128898794,34.01400974062912,-118.28789591789246,2044.005983551161,0.7219506699673781,0.03572770878634757,11.0,-0.006826462871688921,0.0,0.0,0.0,1.0,0.0,0.0,0.0,0.0,0.0,0.0,0.0,0.0,0.0,1.0,0.0,0.0,1.0,0.0,1,0.804469751193821,401628549,2024
12.0,1.0,0.0,1561.0,2.0,2.0,11.002116507732017,39.65221992482815,-79.9551753012939,1788.9974284827438,0.8755484848484848,0.024212626262626324,11.0,0.0081994864101982,0.0,0.0,1.0,0.0,0.0,0.0,0.0,0.0,0.0,0.0,0.0,0.0,0.0,1.0,1.0,0.0,0.0,0.0,1,0.8729333333333333,401636929,2024
12.0,1.0,0.0,1397.0,-58.0,58.0,10.098272780745283,32.41221167634779,-81.78317070007324,398.51496833550897,0.8915514403292182,0.011301783264746068,10.0,-0.07405267392675366,0.0,0.0,0.0,0.0,0.0,0.0,0.0,0.0,0.0,0.0,1.0,0.0,0.0,1.0,1.0,0.0,0.0,0.0,1,0.8955555555555555,401643830,2024
12.0,1.0,0.0,1472.0,-322.0,322.0,9.909419921189237,36.88878131523489,-76.30567610263824,283.9704726466669,0.918232428670842,0.034943831394770974,10.0,0.017767859454681643,0.0,0.0,0.0,0.0,0.0,0.0,0.0,0.0,0.0,0.0,1.0,0.0,0.0,1.0,1.0,0.0,0.0,0.0,2,1.0,401643833,2024
12.0,1.0,0.0,1829.0,146.0,146.0,11.292914501973813,33.97259115457693,-81.02021634578705,1151.2849719424858,0.9778265835929387,0.014036344755970931,12.0,0.03683003013963577,0.0,0.0,0.0,0.0,0.0,0.0,0.0,0.0,0.0,1.0,0.0,0.0,0.0,1.0,1.0,0.0,0.0,0.0,2,0.9889221183800624,401628423,2024
12.0,1.0,0.0,1491.0,57.0,57.0,10.855203341628478,38.99120275144426,-76.94731173248788,271.44673229978474,0.7606286115079212,0.014051902757937329,12.0,-0.008309545369670133,0.0,0.0,0.0,1.0,0.0,0.0,0.0,0.0,0.0,0.0,0.0,0.0,0.0,1.0,0.0,1.0,0.0,0.0,0,0.6067912435813289,401628548,2024
12.0,1.0,0.0,1771.0,203.0,203.0,10.819798284210286,39.20186361814248,-96.59379243850708,1514.2910150363293,1.0,0.0,10.0,0.019486423257892654,0.0,0.0,1.0,0.0,0.0,0.0,0.0,0.0,0.0,0.0,0.0,0.0,0.0,1.0,0.0,1.0,0.0,0.0,2,1.0,401636927,2024
12.0,1.0,0.0,1518.0,-223.0,223.0,10.324071131775993,37.320105186690846,-121.86811613079064,847.0554820802396,0.5250985027580772,-0.02941073461168031,10.0,0.03417285062157296,0.0,0.0,0.0,0.0,0.0,0.0,0.0,1.0,0.0,0.0,0.0,0.0,0.0,1.0,1.0,0.0,0.0,0.0,0,0.6736603624901497,401643758,2024
12.0,1.0,0.0,1621.0,3.0,3.0,10.515993929932415,30.21579609675613,-92.01626413552384,730.0812425015952,0.47733333333333333,0.0018265582655826451,10.0,-0.006845131070820822,0.0,0.0,0.0,0.0,0.0,0.0,0.0,0.0,0.0,0.0,1.0,0.0,0.0,1.0,0.0,1.0,0.0,0.0,0,0.4353116531165311,401643834,2024
12.0,1.0,0.0,1602.0,563.0,563.0,10.308985993422082,29.89134454879716,-97.92531180559462,837.5965650081994,0.7416878787878788,0.03628989898989898,11.0,0.02797505128822662,0.0,0.0,0.0,0.0,0.0,0.0,0.0,0.0,0.0,0.0,1.0,0.0,0.0,1.0,1.0,0.0,0.0,0.0,1,0.7539333333333333,401643835,2024
12.0,1.0,0.0,2007.0,77.0,77.0,11.437630634933093,33.949821489498824,-83.37344169616699,228.5384688268793,1.0,0.0,10.0,0.019311504465634104,0.0,0.0,0.0,0.0,0.0,0.0,0.0,0.0,0.0,1.0,0.0,0.0,0.0,1.0,0.0,1.0,0.0,0.0,2,1.0,401628421,2024
12.0,1.0,0.0,1641.0,-406.0,406.0,11.293798835013952,43.06993802646878,-89.41274642944336,2695.0202963240845,0.9418271684864482,0.007766752571971569,12.0,0.005590401560676542,0.0,0.0,0.0,1.0,0.0,0.0,0.0,0.0,0.0,0.0,0.0,0.0,0.0,1.0,0.0,1.0,0.0,0.0,1,0.9499134721928264,401628551,2024
12.0,0.0,0.0,1746.0,625.0,625.0,11.539898402471655,30.61009757817476,-96.34072922859283,1003.5150536731868,0.956041388842923,0.01510063303255349,11.0,0.006114132207519952,0.0,0.0,0.0,0.0,0.0,0.0,0.0,0.0,0.0,1.0,0.0,0.0,0.0,1.0,0.0,1.0,0.0,0.0,2,1.0,401628424,2024
12.0,1.0,0.0,1612.0,259.0,259.0,11.050588372585487,35.90698834747853,-79.04791831970215,110.5457072139528,0.7677768074521012,-0.021428760453053974,12.0,-0.035628823239629404,1.0,0.0,0.0,0.0,0.0,0.0,0.0,0.0,0.0,0.0,0.0,0.0,0.0,1.0,0.0,1.0,0.0,0.0,1,0.7679263258177199,401635583,2024
12.0,1.0,0.0,1728.0,204.0,204.0,11.026808713825016,42.01400541108485,-93.6358094215393,833.7300601211099,0.9732165558019216,0.026783444198078432,11.0,0.046851499388105365,0.0,0.0,1.0,0.0,0.0,0.0,0.0,0.0,0.0,0.0,0.0,0.0,0.0,1.0,0.0,1.0,0.0,0.0,1,0.8598536585365854,401636926,2024
12.0,1.0,0.0,1569.0,372.0,372.0,11.041016020812398,35.120856917268995,-89.97805741128388,730.0812425015952,0.4359476862242171,-0.04436918884257768,12.0,-0.06851821038717731,0.0,1.0,0.0,0.0,0.0,0.0,0.0,0.0,0.0,0.0,0.0,0.0,0.0,1.0,0.0,1.0,0.0,0.0,0,0.3883456235973068,401645367,2024
12.0,0.0,0.0,1263.0,-343.0,343.0,10.577069577601234,35.06761048267165,-106.6281028358157,1567.1988114070684,0.41257903324495204,0.0006543612754096317,10.0,0.007193107828973644,0.0,0.0,0.0,0.0,0.0,0.0,0.0,1.0,0.0,0.0,0.0,0.0,0.0,1.0,0.0,1.0,0.0,0.0,0,0.3586324699163777,401643761,2024
12.0,1.0,0.0,1674.0,10.0,10.0,11.062347921549595,40.25748799746312,-111.65443897247314,1410.9037679900446,0.9816539819537073,0.013721982476788241,10.0,0.04055515435146727,0.0,0.0,1.0,0.0,0.0,0.0,0.0,0.0,0.0,0.0,0.0,0.0,0.0,1.0,0.0,1.0,0.0,0.0,2,0.9839780306002354,401636924,2024
13.0,1.0,0.0,835.0,-220.0,220.0,10.12667110305036,41.13908682549516,-81.31343945860863,17.930043969245407,0.387985,-0.06954500000000002,8.0,-0.10089803876766777,0.0,0.0,0.0,0.0,0.0,0.0,1.0,0.0,0.0,0.0,0.0,0.0,1.0,0.0,0.0,1.0,0.0,0.0,0,0.27072,401644769,2024
13.0,1.0,0.0,1091.0,-158.0,158.0,10.400802314274172,43.577612282574535,-84.77082967758179,158.75142670641534,0.53262885814201,0.04859865186761947,10.0,-0.09023949750543589,0.0,0.0,0.0,0.0,0.0,0.0,1.0,0.0,0.0,0.0,0.0,0.0,1.0,0.0,0.0,1.0,0.0,0.0,0,0.3984187319446556,401644770,2024
13.0,1.0,0.0,1544.0,80.0,80.0,10.097696506752222,39.51942113142349,-84.73335450140017,433.80725889405517,0.5509841060693403,-0.09791100496856897,10.0,-0.06115777733706804,0.0,0.0,0.0,0.0,0.0,0.0,1.0,0.0,0.0,0.0,0.0,0.0,1.0,0.0,0.0,1.0,0.0,0.0,0,0.2425677344972412,401644690,2024
13.0,1.0,0.0,1225.0,8.0,8.0,10.315630315397533,42.2557607087688,-83.64775657653809,406.873203807807,0.5485671282360024,-0.019637768412602785,11.0,-0.06441946509277363,0.0,0.0,0.0,0.0,0.0,0.0,1.0,0.0,0.0,0.0,0.0,0.0,1.0,0.0,0.0,1.0,0.0,0.0,0,0.3974834437086093,401644772,2024
13.0,1.0,0.0,1495.0,-51.0,51.0,10.175383172056032,41.65739077895321,-83.61401719150295,289.4590788237852,0.7937089579119448,0.04363737958678526,11.0,0.006713371909384569,0.0,0.0,0.0,0.0,0.0,0.0,1.0,0.0,0.0,0.0,0.0,0.0,1.0,0.0,0.0,1.0,0.0,0.0,0,0.5540612618104237,401644773,2024
13.0,1.0,0.0,1577.0,78.0,78.0,10.915106645867503,33.772556921319435,-84.39285278320312,564.9380768712908,0.6807563636363636,0.02454060606060604,10.0,-0.016692039574022433,1.0,0.0,0.0,0.0,0.0,0.0,0.0,0.0,0.0,0.0,0.0,0.0,1.0,0.0,0.0,1.0,0.0,0.0,0,0.6289272727272728,401634772,2024
13.0,1.0,0.0,1463.0,421.0,421.0,11.082157933374816,29.41693712868156,-98.47890257835388,2419.4135800297627,0.39089790209790204,-0.08653892773892774,11.0,-0.06310543547993665,0.0,1.0,0.0,0.0,0.0,0.0,0.0,0.0,0.0,0.0,0.0,1.0,0.0,0.0,1.0,0.0,0.0,0.0,0,0.3095538461538462,401645374,2024
13.0,1.0,0.0,1365.0,193.0,193.0,11.225323389318618,42.7281691163326,-84.48487535119057,325.59037330133435,0.9296491345021443,0.00015110103770876737,9.0,0.012433615427250244,0.0,0.0,0.0,1.0,0.0,0.0,0.0,0.0,0.0,0.0,0.0,1.0,0.0,0.0,0.0,1.0,0.0,0.0,1,0.7673888407439504,401628558,2024
13.0,1.0,0.0,1489.0,-176.0,176.0,10.324071131775993,37.320105186690846,-121.86811613079064,730.0812425015952,0.5386041263700838,0.060259808486758826,11.0,-0.03094286496537915,0.0,0.0,0.0,0.0,0.0,0.0,0.0,1.0,0.0,0.0,0.0,1.0,0.0,0.0,0.0,1.0,0.0,0.0,0,0.4488770685579196,401643767,2024
13.0,1.0,0.0,1634.0,-376.0,376.0,11.391311350092442,29.649868677972304,-82.34866619110107,856.0851267251056,0.9996047341554863,0.0003952658445136592,11.0,0.005597308686244085,0.0,0.0,0.0,0.0,0.0,0.0,0.0,0.0,0.0,1.0,0.0,0.0,0.0,1.0,0.0,0.0,1.0,0.0,2,1.0,401628429,2024
13.0,1.0,0.0,1472.0,-121.0,121.0,10.867710938165587,40.51378289308872,-74.46504457087282,1167.4517730486718,0.9266230093669373,0.005527064983922414,12.0,-0.0007141524157706775,0.0,0.0,0.0,1.0,0.0,0.0,0.0,0.0,0.0,0.0,0.0,0.0,0.0,1.0,0.0,0.0,1.0,0.0,1,0.9060128874823656,401628554,2024
13.0,1.0,0.0,2086.0,210.0,210.0,11.561191682379716,40.0016856893694,-83.01972806453705,313.94064240851486,0.9876291164811709,0.007304689485185811,12.0,0.011487930141042626,0.0,0.0,0.0,1.0,0.0,0.0,0.0,0.0,0.0,0.0,0.0,0.0,0.0,1.0,0.0,0.0,1.0,0.0,2,1.0,401628555,2024
13.0,1.0,0.0,1453.0,-327.0,327.0,10.855203341628478,38.99120275144426,-76.94731173248788,1271.3629738410418,0.7487949678212602,-0.016410117815468972,13.0,0.028086985911500537,0.0,0.0,0.0,1.0,0.0,0.0,0.0,0.0,0.0,0.0,0.0,0.0,0.0,1.0,0.0,0.0,1.0,0.0,0,0.5832593336164626,401628556,2024
13.0,0.0,0.0,1425.0,2.0,2.0,10.804684950962628,43.036132820423234,-76.13651990890503,321.7876041909473,0.7737609598523304,0.04653684048607909,11.0,-0.010693160705148077,1.0,0.0,0.0,0.0,0.0,0.0,0.0,0.0,0.0,0.0,0.0,0.0,0.0,1.0,0.0,0.0,1.0,0.0,1,0.7198578680203046,401635518,2024
13.0,1.0,0.0,1441.0,-167.0,167.0,10.703266939811954,42.33510834895851,-71.16647243499756,985.6144132020959,0.8733370786516854,0.09138202247191007,12.0,0.0480496838555737,1.0,0.0,0.0,0.0,0.0,0.0,0.0,0.0,0.0,0.0,0.0,0.0,0.0,1.0,0.0,0.0,1.0,0.0,1,0.8494606741573034,401635612,2024
13.0,1.0,0.0,1858.0,501.0,501.0,11.087160706070168,25.957933739028963,-80.23884057998657,1126.8394772894164,0.8196111298206942,0.1246479196644521,12.0,-0.03205098907910459,1.0,0.0,0.0,0.0,0.0,0.0,0.0,0.0,0.0,0.0,0.0,0.0,0.0,1.0,0.0,0.0,1.0,0.0,2,0.9829164498055905,401635618,2024
13.0,1.0,0.0,1399.0,-407.0,407.0,11.026808713825016,38.03112372855688,-78.51370811462402,1749.4169550971053,0.6765723577235773,-0.0504314363143632,10.0,-0.011138196337118121,1.0,0.0,0.0,0.0,0.0,0.0,0.0,0.0,0.0,0.0,0.0,0.0,0.0,1.0,0.0,0.0,1.0,0.0,0,0.5903252032520325,401635619,2024
13.0,1.0,0.0,1640.0,227.0,227.0,10.085850775128717,33.82031030570401,-85.76646566390991,981.348135810586,0.8075530303030303,-0.0821224747474747,11.0,-0.09925595078355205,0.0,0.0,0.0,0.0,1.0,0.0,0.0,0.0,0.0,0.0,0.0,0.0,0.0,1.0,0.0,0.0,1.0,0.0,0,0.6796666666666666,401641005,2024
13.0,0.0,0.0,2029.0,1012.0,1012.0,11.437630634933093,33.949821489498824,-83.37344169616699,1330.5360332047171,1.0,0.0,11.0,-0.027681881784840236,0.0,0.0,0.0,0.0,0.0,0.0,0.0,0.0,0.0,1.0,0.0,0.0,0.0,1.0,0.0,0.0,1.0,0.0,2,1.0,401628430,2024
13.0,0.0,0.0,1908.0,743.0,743.0,11.537188717105908,35.95473437262258,-83.92533302307129,2131.1066869948854,0.994729393392221,0.0,13.0,-0.09289722091116412,0.0,0.0,0.0,0.0,0.0,0.0,0.0,0.0,0.0,1.0,0.0,0.0,0.0,1.0,0.0,0.0,1.0,0.0,2,0.994729393392221,401628435,2024
13.0,1.0,0.0,1545.0,63.0,63.0,9.862717639992917,37.354414,-79.175047,646.5461344253877,0.9493793402777778,-0.01861545138888898,12.0,-0.0637361611327004,0.0,0.0,0.0,0.0,1.0,0.0,0.0,0.0,0.0,0.0,0.0,0.0,0.0,1.0,0.0,0.0,1.0,0.0,1,0.9338541666666668,401640996,2024
13.0,0.0,1.0,1353.0,618.0,618.0,11.31813853725963,30.437547584621285,-84.30453398103501,730.0812425015952,0.8222843256379101,-0.15269744835965982,11.0,0.0,1.0,0.0,0.0,0.0,0.0,0.0,0.0,0.0,0.0,0.0,0.0,0.0,0.0,1.0,0.0,0.0,1.0,0.0,0,0.5311178614823815,401635616,2024
13.0,1.0,0.0,1115.0,-357.0,357.0,10.021315031649332,40.21602764466651,-85.41769962206614,198.81836602670018,0.47428444444444445,0.0008562962962962439,10.0,-0.04784082169631441,0.0,0.0,0.0,0.0,0.0,0.0,1.0,0.0,0.0,0.0,0.0,0.0,0.0,1.0,0.0,0.0,1.0,0.0,0,0.3162666666666666,401644774,2024
13.0,1.0,0.0,1144.0,47.0,47.0,10.34177474101152,35.85110908054087,-86.36844992637634,1914.3946749639529,0.42946627565982404,-0.011089931573802558,11.0,0.009898580102475657,0.0,0.0,0.0,0.0,1.0,0.0,0.0,0.0,0.0,0.0,0.0,0.0,0.0,1.0,1.0,0.0,0.0,0.0,0,0.3265483870967742,401641027,2024
13.0,1.0,0.0,1332.0,-448.0,448.0,10.600850832843811,36.21151530169309,-81.68550610542297,350.6264824502869,0.8651239792869946,-0.01145937064329805,10.0,0.024878938551845683,0.0,0.0,0.0,0.0,0.0,0.0,0.0,0.0,0.0,0.0,1.0,0.0,0.0,1.0,1.0,0.0,0.0,0.0,1,0.8467436765584545,401643836,2024
13.0,1.0,0.0,1578.0,138.0,138.0,10.714439990727769,32.70991596942349,-97.36799597740172,1274.3331882419286,0.984025925925926,-0.011025925925925772,12.0,0.02568221550172826,0.0,0.0,1.0,0.0,0.0,0.0,0.0,0.0,0.0,0.0,0.0,0.0,0.0,1.0,1.0,0.0,0.0,0.0,1,0.9550444444444444,401636935,2024
13.0,1.0,0.0,1230.0,-70.0,70.0,9.309370895439137,34.0234337,-84.6154897,1006.0448840511671,0.8381793478260869,-0.05394021739130439,4.0,-0.15021946482970666,0.0,0.0,0.0,0.0,1.0,0.0,0.0,0.0,0.0,0.0,0.0,0.0,0.0,1.0,1.0,0.0,0.0,0.0,0,0.5625,401640987,2024
13.0,1.0,0.0,1235.0,69.0,69.0,10.34061281337216,35.84899009532366,-90.66769494362912,390.7100275869788,0.5816270507686345,0.0417312578047625,10.0,-0.025261960885324182,0.0,0.0,0.0,0.0,0.0,0.0,0.0,0.0,0.0,0.0,1.0,0.0,0.0,1.0,1.0,0.0,0.0,0.0,0,0.4530745381733626,401643839,2024
13.0,1.0,0.0,948.0,-673.0,673.0,10.491301994830229,31.32897842661232,-89.33133065700531,730.0812425015952,0.6422045454545454,-0.0025286195286196023,11.0,-0.010362785985418965,0.0,0.0,0.0,0.0,0.0,0.0,0.0,0.0,0.0,0.0,1.0,0.0,0.0,1.0,1.0,0.0,0.0,0.0,0,0.5576111111111111,401643841,2024
13.0,1.0,0.0,1123.0,22.0,22.0,10.308985993422082,26.3754535636523,-80.10168313980103,995.3696846036197,0.6498233333333333,-0.0294011111111111,10.0,-0.013766531960372046,0.0,1.0,0.0,0.0,0.0,0.0,0.0,0.0,0.0,0.0,0.0,0.0,0.0,1.0,1.0,0.0,0.0,0.0,0,0.5022,401645371,2024
13.0,1.0,0.0,2071.0,534.0,534.0,11.514124745545711,30.28360340206824,-97.73233652114868,1488.120340204956,0.9974613543216906,0.0025386456783094147,12.0,0.0331122405905069,0.0,0.0,0.0,0.0,0.0,0.0,0.0,0.0,0.0,1.0,0.0,0.0,0.0,1.0,1.0,0.0,0.0,0.0,2,1.0,401628436,2024
13.0,1.0,0.0,1777.0,291.0,291.0,11.586194513897674,42.26586873251738,-83.7487256526947,325.7736326423233,1.0,0.0,14.0,-0.036693789684750344,0.0,0.0,0.0,1.0,0.0,0.0,0.0,0.0,0.0,0.0,0.0,0.0,0.0,1.0,1.0,0.0,0.0,0.0,2,1.0,401628557,2024
13.0,1.0,0.0,1590.0,-397.0,397.0,10.86906356408504,44.97652496911191,-93.224575817585,1332.2724183255925,0.9168776772965255,0.04556560368078688,13.0,0.09217736473514773,0.0,0.0,0.0,1.0,0.0,0.0,0.0,0.0,0.0,0.0,0.0,0.0,0.0,1.0,1.0,0.0,0.0,0.0,1,0.8427605901951452,401628559,2024
13.0,1.0,0.0,1459.0,-200.0,200.0,11.37472031017221,40.82048352329494,-96.70571565628052,652.681283060244,0.9964731849886459,0.0029335658045857027,13.0,0.025094062201856313,0.0,0.0,0.0,1.0,0.0,0.0,0.0,0.0,0.0,0.0,0.0,0.0,0.0,1.0,1.0,0.0,0.0,0.0,2,0.9980709832244434,401628560,2024
13.0,1.0,0.0,1610.0,442.0,442.0,11.046403766760761,37.87068660370429,-122.2507095336914,49.11544193472181,0.603094057432594,-0.06158218664795834,12.0,-0.005786967324135209,1.0,0.0,0.0,0.0,0.0,0.0,0.0,0.0,0.0,0.0,0.0,0.0,0.0,1.0,0.0,0.0,1.0,0.0,1,0.8359455968876063,401635613,2024
13.0,0.0,1.0,1824.0,1089.0,1089.0,11.308370569092329,34.67874665741346,-82.84317970275879,730.0812425015952,0.9950685071574642,-0.010033742331288287,12.0,0.0,1.0,0.0,0.0,0.0,0.0,0.0,0.0,0.0,0.0,0.0,0.0,0.0,0.0,1.0,1.0,0.0,0.0,0.0,2,0.985276073619632,401635614,2024
13.0,1.0,0.0,1608.0,-59.0,59.0,11.180343650832073,33.426364,-111.932616,759.988311198492,0.6750395310766828,-0.00150686528395505,13.0,0.021343420725813612,0.0,0.0,1.0,0.0,0.0,0.0,0.0,0.0,0.0,0.0,0.0,0.0,0.0,1.0,0.0,0.0,1.0,0.0,1,0.7725992246116085,401636930,2024
13.0,1.0,0.0,1375.0,-162.0,162.0,11.005743196119036,36.12570866235855,-97.06650495529176,521.201169916086,0.8832422752886733,-0.016358619238987182,12.0,-0.0028217057062095183,0.0,0.0,1.0,0.0,0.0,0.0,0.0,0.0,0.0,0.0,0.0,0.0,0.0,1.0,1.0,0.0,0.0,0.0,1,0.8668836560496861,401636934,2024
13.0,1.0,0.0,1529.0,-91.0,91.0,11.002116507732017,39.65221992482815,-79.9551753012939,1233.3006476343182,0.8753305555555556,0.024141666666666617,12.0,0.0011092140887803599,0.0,0.0,1.0,0.0,0.0,0.0,0.0,0.0,0.0,0.0,0.0,0.0,0.0,1.0,1.0,0.0,0.0,0.0,0,0.6787,401636937,2024
13.0,1.0,0.0,1321.0,38.0,38.0,10.146982600098235,41.75153188612883,-111.81210567885644,730.0812425015952,0.7299503085572933,-0.051655582992548466,9.0,0.037695048848929984,0.0,0.0,0.0,0.0,0.0,0.0,0.0,1.0,0.0,0.0,0.0,0.0,0.0,1.0,0.0,0.0,1.0,0.0,0,0.4931995453298318,401643766,2024
13.0,1.0,0.0,1386.0,0.0,0.0,10.008658050141667,33.792838175224496,-79.01702282805255,299.90869614749187,0.81796085716507,0.01892081002672008,11.0,-0.07718860778871764,0.0,0.0,0.0,0.0,0.0,0.0,0.0,0.0,0.0,0.0,1.0,0.0,0.0,1.0,1.0,0.0,0.0,0.0,0,0.6551739658819823,401643837,2024
13.0,1.0,0.0,1400.0,9.0,9.0,10.336924443719042,33.20393508408917,-97.15922355651855,1832.2568236458364,0.6698423456608221,0.08851529885565546,11.0,-0.008374126199394698,0.0,1.0,0.0,0.0,0.0,0.0,0.0,0.0,0.0,0.0,0.0,0.0,0.0,1.0,1.0,0.0,0.0,0.0,0,0.5635980551053484,401645372,2024
13.0,1.0,0.0,1420.0,449.0,449.0,11.095256188023157,27.975994470037183,-82.50334918498993,1556.2710866482714,0.5919112622803954,0.019823253412697195,8.0,-0.03794713529662412,0.0,1.0,0.0,0.0,0.0,0.0,0.0,0.0,0.0,0.0,0.0,0.0,0.0,1.0,1.0,0.0,0.0,0.0,0,0.4194390877203638,401645375,2024
13.0,0.0,0.0,1547.0,226.0,226.0,11.184435286790631,36.067850785167344,-94.17879581451416,417.26693504352187,0.9706994949494949,0.029300505050505077,11.0,-0.09167585260953058,0.0,0.0,0.0,0.0,0.0,0.0,0.0,0.0,0.0,1.0,0.0,0.0,0.0,1.0,1.0,0.0,0.0,0.0,1,0.9172361111111113,401628427,2024
13.0,0.0,1.0,1827.0,1092.0,1092.0,11.292914501973813,33.97259115457693,-81.02021634578705,730.0812425015952,0.9786800862688713,0.01591181404265518,13.0,0.0,0.0,0.0,0.0,0.0,0.0,0.0,0.0,0.0,0.0,1.0,0.0,0.0,0.0,1.0,1.0,0.0,0.0,0.0,2,0.9853956386292836,401628434,2024
13.0,1.0,0.0,1715.0,184.0,184.0,10.915106645867503,38.20542168521144,-85.75810561566809,553.0858514031188,0.9122454545454546,0.03309393939393923,12.0,0.016922485811910068,1.0,0.0,0.0,0.0,0.0,0.0,0.0,0.0,0.0,0.0,0.0,0.0,0.0,1.0,1.0,0.0,0.0,0.0,1,0.8989272727272727,401635617,2024
13.0,1.0,0.0,1362.0,-322.0,322.0,11.024154831985069,33.456230599072065,-88.79342436790466,686.9775113267152,0.847300098698113,-0.04274493623499931,13.0,0.033613218220571756,0.0,0.0,0.0,0.0,0.0,0.0,0.0,0.0,0.0,1.0,0.0,0.0,0.0,1.0,1.0,0.0,0.0,0.0,1,0.7796925183820532,401628432,2024
13.0,1.0,0.0,1618.0,152.0,152.0,10.515993929932415,30.21579609675613,-92.01626413552384,604.0672223084501,0.47351318058635133,-0.0528085735402809,11.0,-0.065379697354188,0.0,0.0,0.0,0.0,0.0,0.0,0.0,0.0,0.0,0.0,1.0,0.0,0.0,1.0,1.0,0.0,0.0,0.0,0,0.4200813008130081,401643840,2024
13.0,1.0,0.0,1356.0,-244.0,244.0,10.729306381246207,44.5594768421455,-123.2814073562622,533.4086084858066,0.8094338865291705,0.05215038460977073,12.0,-0.0004493510657198538,0.0,0.0,0.0,0.0,0.0,0.0,0.0,0.0,1.0,0.0,0.0,0.0,0.0,1.0,1.0,0.0,0.0,0.0,1,0.8321583395367167,401628572,2024
13.0,1.0,0.0,1306.0,-285.0,285.0,10.596659732783579,29.721767963293527,-95.34909841095214,265.0952201147901,0.79103125,-0.15374791666666665,12.0,0.006997859974048238,0.0,0.0,1.0,0.0,0.0,0.0,0.0,0.0,0.0,0.0,0.0,0.0,0.0,1.0,0.0,1.0,0.0,0.0,1,0.85415,401636931,2024
13.0,1.0,0.0,1260.0,-510.0,510.0,10.281307359823968,41.31193599299248,-105.56906461715698,907.5063439911621,0.7872502655837703,-0.05678637926504704,12.0,0.05323768547332288,0.0,0.0,0.0,0.0,0.0,0.0,0.0,1.0,0.0,0.0,0.0,0.0,0.0,1.0,1.0,0.0,0.0,0.0,0,0.6200609985949762,401643764,2024
13.0,1.0,0.0,1693.0,455.0,455.0,10.308985993422082,29.89134454879716,-97.92531180559462,730.0812425015952,0.7427083333333333,0.006724999999999981,12.0,-0.017223424808055443,0.0,0.0,0.0,0.0,0.0,0.0,0.0,0.0,0.0,0.0,1.0,0.0,0.0,1.0,1.0,0.0,0.0,0.0,0,0.6090333333333333,401643842,2024
13.0,1.0,0.0,1604.0,-166.0,166.0,11.378845350396778,32.602361666817515,-85.48891067504883,1050.7661504056118,0.9804559941322243,0.019544005867775716,14.0,-0.0021617691868981437,0.0,0.0,0.0,0.0,0.0,0.0,0.0,0.0,0.0,1.0,0.0,0.0,0.0,1.0,0.0,1.0,0.0,0.0,2,1.0,401628428,2024
13.0,1.0,0.0,1678.0,-435.0,435.0,11.31585162638907,35.20589959488508,-97.44255065917967,935.9743738503943,1.0,0.0,12.0,0.0847919743006119,0.0,0.0,0.0,0.0,0.0,0.0,0.0,0.0,0.0,1.0,0.0,0.0,0.0,1.0,0.0,1.0,0.0,0.0,2,1.0,401628433,2024
13.0,1.0,0.0,1515.0,-231.0,231.0,10.903825271935897,40.75994782004573,-111.84882402420044,1522.9111651086732,0.9701438562295815,0.014109801469821992,12.0,-0.005522804545107661,0.0,0.0,1.0,0.0,0.0,0.0,0.0,0.0,0.0,0.0,0.0,0.0,0.0,1.0,1.0,0.0,0.0,0.0,1,0.9589761506353088,401636936,2024
13.0,1.0,0.0,1486.0,-3.0,3.0,9.909419921189237,36.88878131523489,-76.30567610263824,564.7247361032018,0.92566584424622,0.027510415819392953,11.0,0.031093572824971032,0.0,0.0,0.0,0.0,0.0,0.0,0.0,0.0,0.0,0.0,1.0,0.0,0.0,1.0,0.0,1.0,0.0,0.0,1,0.8988468038572422,401643838,2024
13.0,1.0,0.0,1764.0,318.0,318.0,11.535879982582413,30.4120123982997,-91.183819770813,755.8091608453391,0.9874040193769282,0.011537221098308348,12.0,-0.001770732236585068,0.0,0.0,0.0,0.0,0.0,0.0,0.0,0.0,0.0,1.0,0.0,0.0,0.0,1.0,0.0,1.0,0.0,0.0,2,0.9977033062616668,401628431,2024
13.0,1.0,0.0,1597.0,-61.0,61.0,10.43240846457121,35.9953166502013,-78.94172430038452,189.49176630714456,0.7427275762843366,0.18944884750989444,12.0,0.05055339792830691,1.0,0.0,0.0,0.0,0.0,0.0,0.0,0.0,0.0,0.0,0.0,0.0,0.0,1.0,0.0,1.0,0.0,0.0,0,0.6617954686072891,401635615,2024
13.0,1.0,0.0,1731.0,225.0,225.0,10.819798284210286,39.20186361814248,-96.59379243850708,1040.4731621441622,1.0,0.0,11.0,0.030830059722761205,0.0,0.0,1.0,0.0,0.0,0.0,0.0,0.0,0.0,0.0,0.0,0.0,0.0,1.0,0.0,1.0,0.0,0.0,2,1.0,401636933,2024
13.0,1.0,0.0,1466.0,-295.0,295.0,11.435428680349185,34.16156958726264,-118.1676149368286,19.79672534256614,0.5122474119859091,-0.013266768962561182,10.0,0.046360193050094395,0.0,0.0,0.0,1.0,0.0,0.0,0.0,0.0,0.0,0.0,0.0,0.0,0.0,1.0,0.0,1.0,0.0,0.0,0,0.6426595491776707,401628561,2024
13.0,1.0,0.0,1196.0,-210.0,210.0,10.308985993422082,39.54692485017159,-119.8175597190857,1288.9366227906885,0.5875242424242425,0.03335353535353536,11.0,0.027704912821721557,0.0,0.0,0.0,0.0,0.0,0.0,0.0,1.0,0.0,0.0,0.0,0.0,0.0,1.0,0.0,1.0,0.0,0.0,0,0.4076,401643763,2024
13.0,1.0,0.0,1511.0,145.0,145.0,10.622107529069105,36.81431969524593,-119.75810156690552,730.0812425015952,0.9811628015181426,0.018837198481857387,11.0,0.0655436567776499,0.0,0.0,0.0,0.0,0.0,0.0,0.0,1.0,0.0,0.0,0.0,0.0,0.0,1.0,0.0,1.0,0.0,0.0,2,0.9637347371499598,401643765,2024
14.0,1.0,0.0,1085.0,-374.0,374.0,10.308985993422082,41.07256951528711,-81.50838375091553,187.36262532906778,0.23459259259259252,-0.03210370370370372,9.0,0.010668748800188615,0.0,0.0,0.0,0.0,0.0,0.0,1.0,0.0,0.0,0.0,0.0,0.0,1.0,0.0,0.0,1.0,0.0,0.0,0,0.1572,401644775,2024
14.0,1.0,0.0,1259.0,454.0,454.0,10.275533751098848,42.99906838239644,-78.7775194644928,294.23695898031815,0.4876967378259902,0.03150729714683809,11.0,0.0004120943099431966,0.0,0.0,0.0,0.0,0.0,0.0,1.0,0.0,0.0,0.0,0.0,0.0,1.0,0.0,0.0,1.0,0.0,0.0,0,0.4107124392513701,401644776,2024
14.0,1.0,0.0,1874.0,253.0,253.0,10.308985993422082,29.945898112528432,-90.11519112306328,575.5725358376861,0.8184846153846154,0.00018205128205128762,13.0,-0.1237948585621255,0.0,1.0,0.0,0.0,0.0,0.0,0.0,0.0,0.0,0.0,0.0,0.0,1.0,0.0,0.0,1.0,0.0,0.0,1,0.8340333333333333,401645376,2024
14.0,1.0,0.0,1594.0,-12.0,12.0,11.293798835013952,43.06993802646878,-89.41274642944336,371.19422527532384,0.9424491918484772,0.007040978841628798,13.0,-0.000629288879481154,0.0,0.0,0.0,1.0,0.0,0.0,0.0,0.0,0.0,0.0,0.0,1.0,0.0,0.0,0.0,0.0,1.0,0.0,1,0.9469379116295864,401628568,2024
14.0,1.0,0.0,1641.0,269.0,269.0,10.823451529776579,40.00939837446321,-105.26688694953918,837.2245353861312,0.9986503941030375,0.0013496058969625357,11.0,0.025146475675021422,0.0,0.0,1.0,0.0,0.0,0.0,0.0,0.0,0.0,0.0,0.0,1.0,0.0,0.0,0.0,0.0,1.0,0.0,2,1.0,401636938,2024
14.0,0.0,0.0,1747.0,387.0,387.0,10.518700218288165,43.6027080538683,-116.19591236114502,575.687810964312,0.9816265356265356,0.016914004914004965,11.0,0.0008991094918813988,0.0,0.0,0.0,0.0,0.0,0.0,0.0,1.0,0.0,0.0,0.0,1.0,0.0,0.0,0.0,0.0,1.0,0.0,2,1.0,401643769,2024
14.0,1.0,0.0,1498.0,-60.0,60.0,10.074284623478128,41.37805439803228,-83.62248212099075,227.03762935455538,0.5513741358961389,-0.10775866913954929,10.0,-0.009032324259816668,0.0,0.0,0.0,0.0,0.0,0.0,1.0,0.0,0.0,0.0,0.0,1.0,0.0,0.0,0.0,0.0,1.0,0.0,0,0.3939049064238745,401644691,2024
14.0,1.0,0.0,1582.0,493.0,493.0,10.085850775128717,39.32130908459409,-82.10343944652357,300.20329111892,0.7881401515151516,-0.07361237373737395,11.0,-0.04024465850787816,0.0,0.0,0.0,0.0,0.0,0.0,1.0,0.0,0.0,0.0,0.0,1.0,0.0,0.0,0.0,0.0,1.0,0.0,0,0.4918333333333333,401644777,2024
14.0,1.0,0.0,1418.0,-59.0,59.0,10.819798284210286,35.59642579698931,-77.36522912979126,384.3388505649364,0.7348545454545454,-0.027067878787878752,11.0,0.028945832082074296,0.0,1.0,0.0,0.0,0.0,0.0,0.0,0.0,0.0,0.0,0.0,1.0,0.0,0.0,0.0,0.0,1.0,0.0,1,0.71326,401645379,2024
14.0,1.0,0.0,1977.0,629.0,629.0,11.01173659154304,34.362154302992906,-89.53414626020904,121.73611606818795,0.9993355893034005,0.0006644106965995045,12.0,0.007944768684902861,0.0,0.0,0.0,0.0,0.0,0.0,0.0,0.0,0.0,1.0,0.0,1.0,0.0,0.0,1.0,0.0,0.0,0.0,2,1.0,401628442,2024
14.0,1.0,0.0,1412.0,-164.0,164.0,9.546884034617925,30.71394673763343,-95.54191589355467,1675.9709618862844,0.6514821428571429,0.11142261904761896,8.0,-0.05364513018642843,0.0,0.0,0.0,0.0,1.0,0.0,0.0,0.0,0.0,0.0,0.0,1.0,0.0,0.0,1.0,0.0,0.0,0.0,0,0.6179285714285714,401640997,2024
14.0,0.0,0.0,1481.0,309.0,309.0,10.324071131775993,37.320105186690846,-121.86811613079064,28.849147897517543,0.5311268715524035,0.030218457227913387,12.0,0.020728422317992285,0.0,0.0,0.0,0.0,0.0,0.0,0.0,1.0,0.0,0.0,0.0,1.0,0.0,0.0,0.0,0.0,1.0,0.0,0,0.6276924087207775,401635625,2024
14.0,0.0,0.0,2023.0,448.0,448.0,11.437630634933093,33.949821489498824,-83.37344169616699,96.16866274396394,1.0,0.0,12.0,0.02554132127961871,0.0,0.0,0.0,0.0,0.0,0.0,0.0,0.0,0.0,1.0,0.0,1.0,0.0,0.0,0.0,1.0,0.0,0.0,2,1.0,401628439,2024
14.0,1.0,0.0,1786.0,262.0,262.0,11.164587103533947,41.65838893680983,-91.55147552490234,440.8502396947002,0.981086633137352,0.0,13.0,0.005937186285187056,0.0,0.0,0.0,1.0,0.0,0.0,0.0,0.0,0.0,0.0,0.0,1.0,0.0,0.0,0.0,1.0,0.0,0.0,2,0.981086633137352,401628562,2024
14.0,1.0,0.0,1596.0,72.0,72.0,10.721591972500457,28.607958859227068,-81.1929988861084,3090.1545816396588,0.9639917922467621,-0.030948230846737257,12.0,-0.009234706742016763,0.0,0.0,1.0,0.0,0.0,0.0,0.0,0.0,0.0,0.0,0.0,1.0,0.0,0.0,0.0,1.0,0.0,0.0,1,0.8990358096330782,401636939,2024
14.0,0.0,0.0,1545.0,-222.0,222.0,11.036404644896228,38.02262168129363,-84.50520515441895,111.4795284740156,0.970965211169421,-0.052622295435495015,14.0,-0.0496351207275764,0.0,0.0,0.0,0.0,0.0,0.0,0.0,0.0,0.0,1.0,0.0,0.0,0.0,1.0,0.0,0.0,1.0,0.0,1,0.943938930314206,401628440,2024
14.0,0.0,0.0,1815.0,-13.0,13.0,11.308370569092329,34.67874665741346,-82.84317970275879,184.89866374105395,0.9943152430391694,-0.009260028315243085,13.0,0.011905133688464409,1.0,0.0,0.0,0.0,0.0,0.0,0.0,0.0,0.0,0.0,0.0,0.0,0.0,1.0,0.0,0.0,1.0,0.0,2,1.0,401628444,2024
14.0,1.0,0.0,1453.0,-526.0,526.0,10.605371456538457,36.14355849696379,-86.80877208709717,260.0675143681999,0.6574721189591078,0.0509293680297398,11.0,0.01655271811340066,0.0,0.0,0.0,0.0,0.0,0.0,0.0,0.0,0.0,1.0,0.0,0.0,0.0,1.0,0.0,0.0,1.0,0.0,1,0.7170755885997522,401628446,2024
14.0,1.0,0.0,2120.0,253.0,253.0,11.561191682379716,40.0016856893694,-83.01972806453705,259.0594706557978,0.9885807229056962,0.006353083060660514,13.0,0.08140930183150913,0.0,0.0,0.0,1.0,0.0,0.0,0.0,0.0,0.0,0.0,0.0,0.0,0.0,1.0,0.0,0.0,1.0,0.0,2,1.0,401628566,2024
14.0,1.0,0.0,1023.0,-391.0,391.0,9.741027444837728,42.377513236004525,-72.53562686052412,69.02067506045759,0.6782513368983957,0.09804278074866313,11.0,-0.016094402096007793,0.0,0.0,0.0,0.0,0.0,1.0,0.0,0.0,0.0,0.0,0.0,0.0,0.0,1.0,0.0,0.0,1.0,0.0,0,0.6097058823529412,401629038,2024
14.0,1.0,0.0,1338.0,-261.0,261.0,10.357774570341576,36.09183481061275,-80.25534152984619,118.59151172214933,0.9636190476190475,-0.00048677248677242435,12.0,0.017032391593883082,1.0,0.0,0.0,0.0,0.0,0.0,0.0,0.0,0.0,0.0,0.0,0.0,0.0,1.0,0.0,0.0,1.0,0.0,1,0.7865396825396825,401635622,2024
14.0,1.0,0.0,1588.0,-126.0,126.0,10.717546203426988,31.55866263551169,-97.11560010910034,840.5698225209644,0.9529838792133875,-0.002304511320904701,13.0,0.03630725371758513,0.0,0.0,1.0,0.0,0.0,0.0,0.0,0.0,0.0,0.0,0.0,0.0,0.0,1.0,0.0,0.0,1.0,0.0,1,0.8104785112981834,401636941,2024
14.0,1.0,0.0,1540.0,-13.0,13.0,11.01638071569648,33.59102829801104,-101.87293767929076,2062.5414744325603,0.9324985585870867,0.05710086305531725,11.0,-0.0002612466058694461,0.0,0.0,1.0,0.0,0.0,0.0,0.0,0.0,0.0,0.0,0.0,0.0,0.0,1.0,0.0,0.0,1.0,0.0,1,0.8672899346061582,401636945,2024
14.0,1.0,0.0,1160.0,-492.0,492.0,10.323118516117193,32.53106869451547,-92.06644075067642,257.4906219351415,0.494740018583973,0.12248591014161059,11.0,-0.04069259059127493,0.0,0.0,0.0,0.0,0.0,0.0,0.0,0.0,0.0,0.0,1.0,0.0,0.0,1.0,0.0,0.0,1.0,0.0,0,0.4931803989877411,401643848,2024
14.0,1.0,0.0,1611.0,132.0,132.0,10.545367754151743,41.38708043477422,-73.96408081054688,2576.364426137502,0.7334904306220096,-0.013385167464114778,11.0,0.014942217944566663,0.0,1.0,0.0,0.0,0.0,0.0,0.0,0.0,0.0,0.0,0.0,0.0,0.0,1.0,0.0,0.0,1.0,0.0,0,0.5821052631578948,401645378,2024
14.0,1.0,0.0,1432.0,471.0,471.0,10.308985993422082,31.799527415252125,-85.95217691586194,324.38761118480926,0.8476972222222222,-0.11630833333333324,12.0,0.026008851695380114,0.0,0.0,0.0,0.0,0.0,0.0,0.0,0.0,0.0,0.0,1.0,0.0,0.0,1.0,0.0,0.0,1.0,0.0,0,0.6507,401643849,2024
14.0,1.0,0.0,1215.0,-242.0,242.0,10.757924157061597,29.71623402909437,-95.40926456451416,1271.1087179033987,0.4188297872340425,-0.011964539007092212,12.0,-0.022241509441436276,0.0,1.0,0.0,0.0,0.0,0.0,0.0,0.0,0.0,0.0,0.0,0.0,0.0,1.0,0.0,0.0,1.0,0.0,0,0.3495744680851064,401645382,2024
14.0,1.0,0.0,1506.0,27.0,27.0,10.703266939811954,42.33510834895851,-71.16647243499756,767.0736598879446,0.8715004321521176,0.06623739556323816,13.0,0.013562411630788739,1.0,0.0,0.0,0.0,0.0,0.0,0.0,0.0,0.0,0.0,0.0,0.0,0.0,1.0,1.0,0.0,0.0,0.0,0,0.667505617977528,401635620,2024
14.0,1.0,0.0,1241.0,-232.0,232.0,10.34061281337216,35.84899009532366,-90.66769494362912,1289.8742559159007,0.5699404587145189,-0.003497707993251331,11.0,0.008914063040541332,0.0,0.0,0.0,0.0,0.0,0.0,0.0,0.0,0.0,0.0,1.0,0.0,0.0,1.0,1.0,0.0,0.0,0.0,0,0.4387030099470352,401643847,2024
14.0,1.0,0.0,2011.0,404.0,404.0,11.530981469769799,33.2074899449518,-87.5503921508789,203.8712169185267,0.9828719026526944,0.0,13.0,0.02975323536058908,0.0,0.0,0.0,0.0,0.0,0.0,0.0,0.0,0.0,1.0,0.0,0.0,0.0,1.0,1.0,0.0,0.0,0.0,2,0.9828719026526944,401628437,2024
14.0,1.0,0.0,1698.0,124.0,124.0,11.172812609330474,38.93589529672232,-92.33311414718628,358.0472063632748,0.8613529849197565,0.018550904468732643,13.0,-0.0038793462210846724,0.0,0.0,0.0,0.0,0.0,0.0,0.0,0.0,0.0,1.0,0.0,0.0,0.0,1.0,1.0,0.0,0.0,0.0,1,0.8799038893884892,401628443,2024
14.0,1.0,0.0,1971.0,524.0,524.0,11.576585475330184,40.81215273275043,-77.85620212554932,216.81266222296642,0.9962408945631556,0.0037591054368444343,13.0,0.01580155191058383,0.0,0.0,0.0,1.0,0.0,0.0,0.0,0.0,0.0,0.0,0.0,0.0,0.0,1.0,1.0,0.0,0.0,0.0,2,0.9762789475659648,401628565,2024
14.0,1.0,0.0,1364.0,-104.0,104.0,11.225323389318618,42.7281691163326,-84.48487535119057,867.908489183301,0.913423105126325,-0.04386774215052347,10.0,-0.026500523189285405,0.0,0.0,0.0,1.0,0.0,0.0,0.0,0.0,0.0,0.0,0.0,0.0,0.0,1.0,1.0,0.0,0.0,0.0,0,0.6671288580761282,401628567,2024
14.0,0.0,0.0,1476.0,-35.0,35.0,11.435428680349185,34.16156958726264,-118.1676149368286,328.2304673166326,0.5241030608215238,0.03402910259256553,11.0,-0.04382880964554006,0.0,0.0,0.0,1.0,0.0,0.0,0.0,0.0,0.0,0.0,0.0,0.0,0.0,1.0,0.0,0.0,1.0,0.0,0,0.3784011583929459,401628570,2024
14.0,0.0,0.0,1751.0,-414.0,414.0,11.446871128898794,34.01400974062912,-118.28789591789246,2921.8405903671064,0.7288272600695817,0.03307444956039618,12.0,0.08822351784195351,0.0,0.0,0.0,1.0,0.0,0.0,0.0,0.0,0.0,0.0,0.0,0.0,0.0,1.0,0.0,0.0,1.0,0.0,1,0.7824308011153012,401628571,2024
14.0,1.0,0.0,1830.0,224.0,224.0,10.373522431293592,32.83771580994254,-96.782705783844,2368.430643606031,0.8384088541666667,0.16159114583333334,12.0,0.0202438557220698,1.0,0.0,0.0,0.0,0.0,0.0,0.0,0.0,0.0,0.0,0.0,0.0,0.0,1.0,1.0,0.0,0.0,0.0,2,1.0,401635621,2024
14.0,1.0,0.0,1434.0,-443.0,443.0,10.804684950962628,43.036132820423234,-76.13651990890503,1935.2025069027006,0.7692690355329949,0.02505922165820651,12.0,0.08180650646911371,1.0,0.0,0.0,0.0,0.0,0.0,0.0,0.0,0.0,0.0,0.0,0.0,0.0,1.0,1.0,0.0,0.0,0.0,1,0.8220507614213198,401635623,2024
14.0,1.0,0.0,1543.0,42.0,42.0,11.050588372585487,35.90698834747853,-79.04791831970215,31.86965756027145,0.7677883088648412,-0.0327454381122213,13.0,-0.02171161833617506,1.0,0.0,0.0,0.0,0.0,0.0,0.0,0.0,0.0,0.0,0.0,0.0,0.0,1.0,1.0,0.0,0.0,0.0,1,0.8018418545570022,401635624,2024
14.0,1.0,0.0,1404.0,-211.0,211.0,10.855377061650147,32.228340232071496,-110.94903945922852,161.8378693147436,0.9028600747588994,-0.007619038428133051,12.0,0.017321265118126802,0.0,0.0,1.0,0.0,0.0,0.0,0.0,0.0,0.0,0.0,0.0,0.0,0.0,1.0,0.0,0.0,1.0,0.0,2,0.9614367605334776,401636940,2024
14.0,1.0,0.0,1450.0,356.0,356.0,10.146472946063877,41.934014,-88.778222,374.70610058798104,0.44157575757575757,0.050071301247771816,11.0,-0.07055027224416534,0.0,0.0,0.0,0.0,0.0,0.0,1.0,0.0,0.0,0.0,0.0,0.0,0.0,1.0,1.0,0.0,0.0,0.0,0,0.2291372549019608,401644779,2024
14.0,1.0,0.0,1129.0,-102.0,102.0,9.636588019266876,35.31028067616406,-80.74049377106525,730.0812425015952,0.8626159070131905,0.06490139741413092,10.0,-0.06661674240897122,0.0,1.0,0.0,0.0,0.0,0.0,0.0,0.0,0.0,0.0,0.0,0.0,0.0,1.0,1.0,0.0,0.0,0.0,0,0.52834008097166,401645377,2024
14.0,1.0,0.0,934.0,-161.0,161.0,10.478498510076376,36.14886067519205,-95.943603515625,1852.7964571985478,0.5737887569635923,0.04832029711327457,10.0,-0.06873606875450974,0.0,1.0,0.0,0.0,0.0,0.0,0.0,0.0,0.0,0.0,0.0,0.0,0.0,1.0,1.0,0.0,0.0,0.0,0,0.4288728827865624,401645380,2024
14.0,1.0,0.0,1451.0,-190.0,190.0,10.003966171102347,36.98487662989466,-86.459013971646,357.43473866610645,0.7016810350143683,-0.08994434920360839,11.0,-0.03825471135958646,0.0,0.0,0.0,0.0,1.0,0.0,0.0,0.0,0.0,0.0,0.0,0.0,0.0,1.0,1.0,0.0,0.0,0.0,0,0.2960701849590738,401641006,2024
14.0,1.0,0.0,1294.0,61.0,61.0,10.328787967145063,32.53223809915824,-92.6560188758494,765.3999508048528,0.5231253713606655,-0.01566349772232134,11.0,-0.10697611567077293,0.0,0.0,0.0,0.0,1.0,0.0,0.0,0.0,0.0,0.0,0.0,0.0,0.0,1.0,1.0,0.0,0.0,0.0,0,0.4799346405228758,401641014,2024
14.0,1.0,0.0,1137.0,43.0,43.0,10.320354083368734,32.27974938226407,-106.74113631248474,60.4501730122917,0.4748904195366312,0.0023530962660250343,10.0,-0.08257530747659032,0.0,0.0,0.0,0.0,1.0,0.0,0.0,0.0,0.0,0.0,0.0,0.0,0.0,1.0,1.0,0.0,0.0,0.0,0,0.5061463929077546,401641031,2024
14.0,1.0,0.0,1465.0,-149.0,149.0,10.596659732783579,39.13128425273405,-84.51626143741578,1357.7890897168782,0.9521208333333333,-0.0019458333333333133,12.0,0.026617128017401806,0.0,0.0,1.0,0.0,0.0,0.0,0.0,0.0,0.0,0.0,0.0,0.0,0.0,1.0,1.0,0.0,0.0,0.0,1,0.750525,401636943,2024
14.0,1.0,0.0,1437.0,32.0,32.0,10.098272780745283,32.41221167634779,-81.78317070007324,422.55842182986754,0.8919154508043398,0.01292679885272463,11.0,0.019884433463345175,0.0,0.0,0.0,0.0,0.0,0.0,0.0,0.0,0.0,0.0,1.0,0.0,0.0,1.0,0.0,1.0,0.0,0.0,2,0.9622633744855968,401643844,2024
14.0,0.0,0.0,1596.0,313.0,313.0,10.38124231399123,46.731967978653024,-117.16058578781136,1103.8018669847106,0.8003089691256399,-0.077463107883599,11.0,0.017114200127764802,0.0,0.0,0.0,0.0,0.0,0.0,0.0,0.0,1.0,0.0,0.0,0.0,0.0,1.0,1.0,0.0,0.0,0.0,0,0.529893326717936,401643773,2024
14.0,0.0,0.0,1383.0,-284.0,284.0,11.31813853725963,30.437547584621285,-84.30453398103501,207.63441380394647,0.7980204536249493,-0.17458991494532194,12.0,0.006727757292143414,1.0,0.0,0.0,0.0,0.0,0.0,0.0,0.0,0.0,0.0,0.0,0.0,0.0,1.0,0.0,1.0,0.0,0.0,0,0.6695868772782503,401628438,2024
14.0,1.0,0.0,1757.0,-23.0,23.0,11.535879982582413,30.4120123982997,-91.183819770813,791.0349911442389,0.9881962722142158,0.010559278128985383,13.0,0.06274057764816687,0.0,0.0,0.0,0.0,0.0,0.0,0.0,0.0,0.0,1.0,0.0,0.0,0.0,1.0,0.0,1.0,0.0,0.0,2,0.9711007515563764,401628441,2024
14.0,1.0,0.0,1842.0,669.0,669.0,10.87729219061089,39.18090913372923,-86.52557373046875,143.35689751835048,0.8771974546347173,0.12280254536528268,12.0,-0.005035775491294164,0.0,0.0,0.0,1.0,0.0,0.0,0.0,0.0,0.0,0.0,0.0,0.0,0.0,1.0,0.0,1.0,0.0,0.0,2,1.0,401628564,2024
14.0,1.0,0.0,1767.0,-296.0,296.0,11.539898402471655,30.61009757817476,-96.34072922859283,138.25166437431494,0.9597046064393461,0.021852763960947374,12.0,0.03432092225088186,0.0,0.0,0.0,0.0,0.0,0.0,0.0,0.0,0.0,1.0,0.0,0.0,0.0,1.0,0.0,1.0,0.0,0.0,2,1.0,401628445,2024
14.0,1.0,0.0,2029.0,375.0,375.0,10.896757843893464,44.058272724266615,-123.0685043334961,403.8003174113247,0.9864700854700855,0.013529914529914477,13.0,0.039539671076581205,0.0,0.0,0.0,1.0,0.0,0.0,0.0,0.0,0.0,0.0,0.0,0.0,0.0,1.0,1.0,0.0,0.0,0.0,2,1.0,401628569,2024
14.0,1.0,0.0,1737.0,-35.0,35.0,11.026808713825016,42.01400541108485,-93.6358094215393,400.10622171374314,0.963769647696477,-0.010485094850948506,12.0,0.0014041482246369807,0.0,0.0,1.0,0.0,0.0,0.0,0.0,0.0,0.0,0.0,0.0,0.0,0.0,1.0,0.0,1.0,0.0,0.0,1,0.9142764227642276,401636944,2024
14.0,1.0,0.0,1656.0,281.0,281.0,11.100949205246406,37.2199742830054,-80.41805505752563,190.4219661786722,0.9835209858310126,0.00741002036428795,11.0,0.05044653153954444,1.0,0.0,0.0,0.0,0.0,0.0,0.0,0.0,0.0,0.0,0.0,0.0,0.0,1.0,0.0,1.0,0.0,0.0,2,0.99092597345734,401635640,2024
14.0,1.0,0.0,1707.0,205.0,205.0,10.121779353119313,38.43508893585215,-78.87340330403673,309.07680917752685,0.9947744995578423,0.005225500442157749,11.0,0.023854496173227435,0.0,0.0,0.0,0.0,0.0,0.0,0.0,0.0,0.0,0.0,1.0,0.0,0.0,1.0,0.0,1.0,0.0,0.0,1,0.9382185063107968,401643846,2024
14.0,1.0,0.0,1660.0,351.0,351.0,11.062347921549595,40.25748799746312,-111.65443897247314,1886.3888513680265,0.9818652591033917,0.008170048860515644,11.0,-0.0385389096476436,0.0,0.0,1.0,0.0,0.0,0.0,0.0,0.0,0.0,0.0,0.0,0.0,0.0,1.0,0.0,1.0,0.0,0.0,1,0.9291957630443312,401636942,2024
15.0,1.0,0.0,1638.0,184.0,184.0,10.085850775128717,33.82031030570401,-85.76646566390991,357.43473866610645,0.7968958333333332,-0.0748402777777778,12.0,-0.05971857883923462,0.0,0.0,0.0,0.0,1.0,0.0,0.0,0.0,0.0,0.0,0.0,1.0,0.0,0.0,0.0,1.0,0.0,0.0,0,0.6511666666666667,401673466,2024
15.0,1.0,0.0,1611.0,-218.0,218.0,10.545367754151743,41.38708043477422,-73.96408081054688,1929.8845125570867,0.720875,-0.061138157894736866,12.0,0.008666634942551692,0.0,1.0,0.0,0.0,0.0,0.0,0.0,0.0,0.0,0.0,0.0,1.0,0.0,0.0,0.0,1.0,0.0,0.0,0,0.3688421052631579,401673462,2024
15.0,1.0,0.0,1748.0,63.0,63.0,10.518700218288165,43.6027080538683,-116.19591236114502,730.0812425015952,0.9831576576576576,0.01538288288288292,12.0,-0.03682128425005766,0.0,0.0,0.0,0.0,0.0,0.0,0.0,1.0,0.0,0.0,0.0,1.0,0.0,0.0,1.0,0.0,0.0,0.0,2,0.990891891891892,401673468,2024
15.0,1.0,0.0,1640.0,123.0,123.0,10.515993929932415,30.21579609675613,-92.01626413552384,1267.2025106934607,0.4690605239385727,-0.03532068654019871,12.0,0.014919997348752675,0.0,0.0,0.0,0.0,0.0,0.0,0.0,0.0,0.0,0.0,1.0,0.0,0.0,1.0,0.0,1.0,0.0,0.0,0,0.5438211382113821,401673470,2024
